grid_reference,source_file,column_name,concept_id,concept_name,data_type,latest_sample_value
A-1,usace_2023_entrance_AUTHORITATIVE_v1.0.0,RECID,,UNMAPPED,numeric,"4587, 45002, 23321"
B-2,usace_2023_entrance_AUTHORITATIVE_v1.0.0,Count,CARGO_007,Quantity,numeric,"1, 1, 1"
C-3,usace_2023_entrance_AUTHORITATIVE_v1.0.0,TYPEDOC,VESSEL_003,Vessel Type,text,"Imports, Imports, Imports"
D-4,usace_2023_entrance_AUTHORITATIVE_v1.0.0,Arrival_Date,DOCUMENT_003,Arrival Date,text,"2023-12-16, 2023-11-06, 2023-06-27"
E-5,usace_2023_entrance_AUTHORITATIVE_v1.0.0,PORT,PORT_001,Port Name,numeric,"2160, 2393, 2393"
F-6,usace_2023_entrance_AUTHORITATIVE_v1.0.0,Arrival_Port_Name,PORT_001,Port Name,text,"Canaveral Port District, FL, Beaumont, TX, Beaumont, TX"
G-7,usace_2023_entrance_AUTHORITATIVE_v1.0.0,US_Port_USACE,PORT_001,Port Name,text,"Canaveral Port District, FL, Beaumont, TX, Beaumont, TX"
H-8,usace_2023_entrance_AUTHORITATIVE_v1.0.0,Port_Consolidated,PORT_001,Port Name,text,"North Florida, Sabine River, Sabine River"
I-9,usace_2023_entrance_AUTHORITATIVE_v1.0.0,Port_Coast,PORT_004,Port Coast,text,"East, Gulf, Gulf"
J-10,usace_2023_entrance_AUTHORITATIVE_v1.0.0,Port_Region,PORT_003,Port Region,text,"South Atlantic, North Texas, North Texas"
K-11,usace_2023_entrance_AUTHORITATIVE_v1.0.0,PWW_IND,,UNMAPPED,text,"Port, Port, Port"
L-12,usace_2023_entrance_AUTHORITATIVE_v1.0.0,Vessel,VESSEL_001,Vessel Name,text,"MARDI GRAS, MISS CHARLOTTE, STI ESLES II"
M-13,usace_2023_entrance_AUTHORITATIVE_v1.0.0,IMO,VESSEL_002,IMO Number,numeric,"9837444.0, 8982539.0, 9794434.0"
N-14,usace_2023_entrance_AUTHORITATIVE_v1.0.0,RIG_DESC,,UNMAPPED,text,"Motor, steam dry cargo, Motor, steam dry cargo, Motor, steam tanker"
O-15,usace_2023_entrance_AUTHORITATIVE_v1.0.0,ICST_DESC,VESSEL_003,Vessel Type,text,"CRUISE, TUG/SUPPLY OFFSHORE SUPPORT, CHEMICAL TANKER"
P-16,usace_2023_entrance_AUTHORITATIVE_v1.0.0,FLAG_CTRY,VESSEL_005,Flag Country,text,"Bahamas, United States of America, Marshall Islands"
Q-17,usace_2023_entrance_AUTHORITATIVE_v1.0.0,NRT,VESSEL_010,Net Register Tonnage (NRT),numeric,"0, 75, 13718"
R-18,usace_2023_entrance_AUTHORITATIVE_v1.0.0,GRT,,UNMAPPED,numeric,"181808, 251, 29804"
S-19,usace_2023_entrance_AUTHORITATIVE_v1.0.0,DRAFT_FT,VESSEL_008,Draft,numeric,"28, 5, 30"
T-20,usace_2023_entrance_AUTHORITATIVE_v1.0.0,DRAFT_IN,VESSEL_008,Draft,numeric,"11, 6, 6"
U-21,usace_2023_entrance_AUTHORITATIVE_v1.0.0,CONTAINER,,UNMAPPED,text,"C, C, C"
V-22,usace_2023_entrance_AUTHORITATIVE_v1.0.0,Vessel_Type,VESSEL_003,Vessel Type,text,"Cruise-150,000-199,999gt, Tanker-MR2, LNG-New Panamax"
W-23,usace_2023_entrance_AUTHORITATIVE_v1.0.0,Vessel_DWT,VESSEL_001,Vessel Name,numeric,"17000.0, 100.0, 49990.0"
X-24,usace_2023_entrance_AUTHORITATIVE_v1.0.0,Vessel_Grain,VESSEL_001,Vessel Name,numeric,"0.0, 0.0, 0.0"
Y-25,usace_2023_entrance_AUTHORITATIVE_v1.0.0,Vessel_TPC,VESSEL_001,Vessel Name,numeric,"0.0, 0.0, 52.3"
Z-26,usace_2023_entrance_AUTHORITATIVE_v1.0.0,Vessel_Dwt_Draft_m,VESSEL_001,Vessel Name,numeric,"8.8, 0.0, 13.105"
AA-27,usace_2023_entrance_AUTHORITATIVE_v1.0.0,Vessel_Dwt_Draft_ft,VESSEL_001,Vessel Name,numeric,"28.87, 0.0, 43.0"
AB-28,usace_2023_entrance_AUTHORITATIVE_v1.0.0,Vessel_Match_Method,VESSEL_001,Vessel Name,text,"IMO, IMO, IMO"
AC-29,usace_2023_entrance_AUTHORITATIVE_v1.0.0,Draft_Pct_of_Max,VESSEL_008,Draft,numeric,"100.2, 70.9, 86.4"
AD-30,usace_2023_entrance_AUTHORITATIVE_v1.0.0,Forecasted_Activity,,UNMAPPED,text,"Discharge, Discharge, Discharge"
AE-31,usace_2023_entrance_AUTHORITATIVE_v1.0.0,WHERE_IND,,UNMAPPED,text,"Foreign, Foreign, Foreign"
AF-32,usace_2023_entrance_AUTHORITATIVE_v1.0.0,WHERE_PORT,PORT_001,Port Name,numeric,"2704.0, 2101.0, 5301.0"
AG-33,usace_2023_entrance_AUTHORITATIVE_v1.0.0,Previous_US_Port_USACE,PORT_001,Port Name,text,"Jacksonville, FL, Rochester, NY"
AH-34,usace_2023_entrance_AUTHORITATIVE_v1.0.0,WHERE_SCHEDK,,UNMAPPED,numeric,"21535.0, 99930.0, 20199.0"
AI-35,usace_2023_entrance_AUTHORITATIVE_v1.0.0,Previous_Foreign_Port,PORT_001,Port Name,text,"Roatan Island, High Seas,Gulf of Mexico, Veracruz"
AJ-36,usace_2023_entrance_AUTHORITATIVE_v1.0.0,Previous_Foreign_Country,PORT_005,Port Country,text,"Honduras, Unknown, Mexico"
AK-37,usace_2023_entrance_AUTHORITATIVE_v1.0.0,WHERE_NAME,,UNMAPPED,text,"Isla Roatan, High Seas,Gulf of America, Veracruz"
AL-38,usace_2023_entrance_AUTHORITATIVE_v1.0.0,WHERE_CTRY,,UNMAPPED,text,"Honduras, Unknown, Mexico"
AM-39,usace_2023_entrance_AUTHORITATIVE_v1.0.0,Group,CARGO_008,Cargo Group,text,"Other, Other, Liquid Bulk"
AN-40,usace_2023_entrance_AUTHORITATIVE_v1.0.0,Commodity,CARGO_009,Cargo Commodity,text,"Cruise, Offshore, Parcel"
AO-41,usace_2023_entrance_AUTHORITATIVE_v1.0.0,Tons,CARGO_003,Weight (Metric Tons),numeric,
AP-42,usace_2023_entrance_AUTHORITATIVE_v1.0.0,Carrier_Name,PARTY_003,Carrier,numeric,
AQ-43,usace_2023_entrance_AUTHORITATIVE_v1.0.0,Agency_Fee,,UNMAPPED,text,"$2,500, $0, $3,750"
AR-44,usace_2023_entrance_AUTHORITATIVE_v1.0.0,Agency_Fee_Adj,,UNMAPPED,numeric,
A-1,usace_2023_clearance_AUTHORITATIVE_v1.0.0,RECID,,UNMAPPED,numeric,"1390, 21232, 52387"
B-2,usace_2023_clearance_AUTHORITATIVE_v1.0.0,Count,CARGO_007,Quantity,numeric,"1, 1, 1"
C-3,usace_2023_clearance_AUTHORITATIVE_v1.0.0,TYPEDOC,VESSEL_003,Vessel Type,text,"Exports, Exports, Exports"
D-4,usace_2023_clearance_AUTHORITATIVE_v1.0.0,Clearance_Date,DOCUMENT_004,Clearance Date,text,"2023-12-06, 2023-01-30, 2023-10-23"
E-5,usace_2023_clearance_AUTHORITATIVE_v1.0.0,PORT,PORT_001,Port Name,numeric,"3926, 2408, 4120"
F-6,usace_2023_clearance_AUTHORITATIVE_v1.0.0,Clearance_Port_Name,PORT_001,Port Name,text,"Two Harbors, MN, Port Freeport, TX, Port of Los Angeles, CA"
G-7,usace_2023_clearance_AUTHORITATIVE_v1.0.0,US_Port_USACE,PORT_001,Port Name,text,"Two Harbors, MN, Port Freeport, TX, Port of Los Angeles, CA"
H-8,usace_2023_clearance_AUTHORITATIVE_v1.0.0,PWW_IND,,UNMAPPED,text,"Port, Port, Port"
I-9,usace_2023_clearance_AUTHORITATIVE_v1.0.0,Vessel,VESSEL_001,Vessel Name,text,"EDWIN H. GOTT, STOLT CAPABILITY, NAVIGATOR OF THE SEAS"
J-10,usace_2023_clearance_AUTHORITATIVE_v1.0.0,IMO,VESSEL_002,IMO Number,numeric,"7606061.0, 9102124.0, 9227508.0"
K-11,usace_2023_clearance_AUTHORITATIVE_v1.0.0,RIG_DESC,,UNMAPPED,text,"Motor, steam dry cargo, Motor, steam tanker, Motor, steam dry cargo"
L-12,usace_2023_clearance_AUTHORITATIVE_v1.0.0,ICST_DESC,VESSEL_003,Vessel Type,text,"OTHER LAKERS, CHEMICAL TANKER, CRUISE"
M-13,usace_2023_clearance_AUTHORITATIVE_v1.0.0,FLAG_CTRY,VESSEL_005,Flag Country,text,"United States of America, Liberia, Bahamas"
N-14,usace_2023_clearance_AUTHORITATIVE_v1.0.0,NRT,VESSEL_010,Net Register Tonnage (NRT),numeric,"30690, 11933, 117123"
O-15,usace_2023_clearance_AUTHORITATIVE_v1.0.0,GRT,,UNMAPPED,numeric,"35592, 24625, 139999"
P-16,usace_2023_clearance_AUTHORITATIVE_v1.0.0,DRAFT_FT,VESSEL_008,Draft,numeric,"27, 35, 25"
Q-17,usace_2023_clearance_AUTHORITATIVE_v1.0.0,DRAFT_IN,VESSEL_008,Draft,numeric,"6, 2, 6"
R-18,usace_2023_clearance_AUTHORITATIVE_v1.0.0,CONTAINER,,UNMAPPED,text,"C, C, C"
S-19,usace_2023_clearance_AUTHORITATIVE_v1.0.0,Vessel_Type,VESSEL_003,Vessel Type,text,"Tanker-MR1, Cruise-100,000-149,999gt, Tanker-Suezmax"
T-20,usace_2023_clearance_AUTHORITATIVE_v1.0.0,Vessel_DWT,VESSEL_001,Vessel Name,numeric,"76011.0, 37042.0, 9616.0"
U-21,usace_2023_clearance_AUTHORITATIVE_v1.0.0,Vessel_Grain,VESSEL_001,Vessel Name,numeric,"78300.0, 0.0, 0.0"
V-22,usace_2023_clearance_AUTHORITATIVE_v1.0.0,Vessel_TPC,VESSEL_001,Vessel Name,numeric,"90.4, 48.6, 0.0"
W-23,usace_2023_clearance_AUTHORITATIVE_v1.0.0,Vessel_Dwt_Draft_m,VESSEL_001,Vessel Name,numeric,"9.773, 11.906, 9.1"
X-24,usace_2023_clearance_AUTHORITATIVE_v1.0.0,Vessel_Dwt_Draft_ft,VESSEL_001,Vessel Name,numeric,"32.06, 39.06, 29.86"
Y-25,usace_2023_clearance_AUTHORITATIVE_v1.0.0,Vessel_Match_Method,VESSEL_001,Vessel Name,text,"IMO, IMO, IMO"
Z-26,usace_2023_clearance_AUTHORITATIVE_v1.0.0,Draft_Pct_of_Max,VESSEL_008,Draft,numeric,"85.8, 90.0, 85.4"
AA-27,usace_2023_clearance_AUTHORITATIVE_v1.0.0,Forecasted_Activity,,UNMAPPED,text,"Discharge, Discharge, Discharge"
AB-28,usace_2023_clearance_AUTHORITATIVE_v1.0.0,WHERE_IND,,UNMAPPED,text,"Foreign, Foreign, Foreign"
AC-29,usace_2023_clearance_AUTHORITATIVE_v1.0.0,WHERE_PORT,PORT_001,Port Name,numeric,"5201.0, 1703.0, 2010.0"
AD-30,usace_2023_clearance_AUTHORITATIVE_v1.0.0,Previous_US_Port_USACE,PORT_001,Port Name,text,"Lake Erie, Including Upper Niagara River, Lake Erie, Including Upper Niagara River, Lake Erie, Including Upper Niagara River"
AE-31,usace_2023_clearance_AUTHORITATIVE_v1.0.0,WHERE_SCHEDK,,UNMAPPED,numeric,"6645.0, 22518.0, 20144.0"
AF-32,usace_2023_clearance_AUTHORITATIVE_v1.0.0,Previous_Foreign_Port,PORT_001,Port Name,text,"Nanticoke, ONT, Cristobal, San Lucas"
AG-33,usace_2023_clearance_AUTHORITATIVE_v1.0.0,Previous_Foreign_Country,PORT_005,Port Country,text,"Canada, Panama, Mexico"
AH-34,usace_2023_clearance_AUTHORITATIVE_v1.0.0,WHERE_NAME,,UNMAPPED,text,"Nanticoke, ONT, Cristobal, Cabo San Lucas"
AI-35,usace_2023_clearance_AUTHORITATIVE_v1.0.0,WHERE_CTRY,,UNMAPPED,text,"Canada, Panama, Mexico"
AJ-36,usace_2023_clearance_AUTHORITATIVE_v1.0.0,Group,CARGO_008,Cargo Group,text,"Dry Bulk, Liquid Bulk, Other"
AK-37,usace_2023_clearance_AUTHORITATIVE_v1.0.0,Commodity,CARGO_009,Cargo Commodity,text,"Bulk, Parcel, Cruise"
AL-38,usace_2023_clearance_AUTHORITATIVE_v1.0.0,Port_Consolidated,PORT_001,Port Name,text,"Sabine River, LA-Long Beach, South Carolina Ports"
AM-39,usace_2023_clearance_AUTHORITATIVE_v1.0.0,Port_Coast,PORT_004,Port Coast,text,"Gulf, West, East"
AN-40,usace_2023_clearance_AUTHORITATIVE_v1.0.0,Port_Region,PORT_003,Port Region,text,"North Texas, California, South Atlantic"
A-1,panjiva_imports_2023_AUTHORITATIVE_v1.0.0,Bill of Lading Number,DOCUMENT_001,Bill of Lading,text,"FSHP2307091063, ACLUSA00974315, CCSGVG1757309153"
B-2,panjiva_imports_2023_AUTHORITATIVE_v1.0.0,Arrival Date,DOCUMENT_003,Arrival Date,text,"2023-08-11, 2023-10-08, 2023-03-20"
C-3,panjiva_imports_2023_AUTHORITATIVE_v1.0.0,Consignee,PARTY_002,Consignee,text,"Dr. Jane Reynolds Dba Paws Veterina, Marinemax East Inc., Fruit Imp. Logistic Services Fil"
D-4,panjiva_imports_2023_AUTHORITATIVE_v1.0.0,Consignee (Original Format),PARTY_002,Consignee,text,"DR. JANE REYNOLDS DBA PAWS VETERINA
PO BOX 502235
, MARINEMAX EAST INC
18025 US HWY 19 N
CLEARWATER FL, FRUIT IMPORT LOGISTIC SERVICES, FIL
701 N BROADWAY"
E-5,panjiva_imports_2023_AUTHORITATIVE_v1.0.0,Consignee SIC Codes,PARTY_002,Consignee,text,"5551, 5148, 5051"
F-6,panjiva_imports_2023_AUTHORITATIVE_v1.0.0,Shipper,PARTY_001,Shipper,text,"Pet Products Associates, Saxdor Yachts Oy, Amc South America Ltda"
G-7,panjiva_imports_2023_AUTHORITATIVE_v1.0.0,Shipper (Original Format),PARTY_001,Shipper,text,"PET PRODUCTS ASSOCIATES
PO BOX 2558
GUAYNABO PR 00, SAXDOR YACHTS  OY
VENEENTEKIJANTIE 14
HELSINKI  00, AMC SOUTH AMERICA SPA
AV.LIBERTAD 269 OFICINA 904
"
H-8,panjiva_imports_2023_AUTHORITATIVE_v1.0.0,Shipper SIC Codes,PARTY_001,Shipper,text,"2899, 3469, 5012, 5013, 5169, 5999, 2869, 5012, 5013, 7549"
I-9,panjiva_imports_2023_AUTHORITATIVE_v1.0.0,Notify Party,PARTY_004,Notify Party,text,"DR. JANE REYNOLDS DBA PAWS VETERINA
PO BOX 502235,, HOWARD S REEDER
9627 SOUTH DIXIE HWY 2ND FLOOR, MI, GEODIS USA INC
THE NAVY YARD, 5101 SOUTH BROAD STR"
J-10,panjiva_imports_2023_AUTHORITATIVE_v1.0.0,Carrier,PARTY_003,Carrier,text,"FSHP - Formel, Stevenson Freight Services Llc, ACLU - Atlantic Container Line Ab, CCSG - Cool Carriers Ab"
K-11,panjiva_imports_2023_AUTHORITATIVE_v1.0.0,Origin (F),,UNMAPPED,text,"Puerto Rico, Finland, Chile"
L-12,panjiva_imports_2023_AUTHORITATIVE_v1.0.0,Destination (D),,UNMAPPED,text,"Virgin Islands (U.S.), Port of Virginia, Norfolk, Virginia, Philadelphia Regional Port Authority, Philadelphia"
M-13,panjiva_imports_2023_AUTHORITATIVE_v1.0.0,Port of Discharge (D),PORT_001,Port Name,text,"Cyril E King Airport, Charlotte Amalie, Virgin Isl, Port of Virginia, Norfolk, Virginia, Philadelphia Regional Port Authority, Philadelphia"
N-14,panjiva_imports_2023_AUTHORITATIVE_v1.0.0,Port of Loading (F),PORT_001,Port Name,text,"Charlotte Amalie, St. Th, Virgin Islands (U.S.), Hamburg, Germany, Las Salinas, Chile"
O-15,panjiva_imports_2023_AUTHORITATIVE_v1.0.0,Country of Origin (F),PORT_005,Port Country,text,"Virgin Islands (U.S.), Germany, Chile"
P-16,panjiva_imports_2023_AUTHORITATIVE_v1.0.0,Place of Receipt (F),,UNMAPPED,text,"SAN JUAN, PR, HAMBURG, CHILE"
Q-17,panjiva_imports_2023_AUTHORITATIVE_v1.0.0,Port_Consolidated,PORT_001,Port Name,text,"Virgin Islands, Hampton Roads, Delaware River"
R-18,panjiva_imports_2023_AUTHORITATIVE_v1.0.0,Port_Coast,PORT_004,Port Coast,text,"East, East, East"
S-19,panjiva_imports_2023_AUTHORITATIVE_v1.0.0,Port_Region,PORT_003,Port Region,text,"Caribbean, Mid-Atlantic, Mid-Atlantic"
T-20,panjiva_imports_2023_AUTHORITATIVE_v1.0.0,Port_Code,PORT_002,Port Code,numeric,"5101.0, 1401.0, 1101.0"
U-21,panjiva_imports_2023_AUTHORITATIVE_v1.0.0,Vessel,VESSEL_001,Vessel Name,text,"BONNIE G, ATLANTIC SUN, DITLEV REEFER"
V-22,panjiva_imports_2023_AUTHORITATIVE_v1.0.0,Voyage,DOCUMENT_002,Voyage ID,text,"BG90, ASU19, 23090"
W-23,panjiva_imports_2023_AUTHORITATIVE_v1.0.0,IMO,VESSEL_002,IMO Number,numeric,"8023864.0, 9670614.0, 8819926.0"
X-24,panjiva_imports_2023_AUTHORITATIVE_v1.0.0,Is Containerized,MEASUREMENT_003,Is Containerized,numeric,
Y-25,panjiva_imports_2023_AUTHORITATIVE_v1.0.0,Measurement,MEASUREMENT_001,Measurement Unit,text," CF, 105 X, 2033 CM"
Z-26,panjiva_imports_2023_AUTHORITATIVE_v1.0.0,Kilos,CARGO_004,Weight (Kilograms),numeric,"453.59238, 4600.0, 16560.0"
AA-27,panjiva_imports_2023_AUTHORITATIVE_v1.0.0,Tons,CARGO_003,Weight (Metric Tons),numeric,"0.45, 4.6, 16.56"
AB-28,panjiva_imports_2023_AUTHORITATIVE_v1.0.0,Weight (Original Format),CARGO_005,Weight (Original Format),text,"1000 L, 4600 K, 16560 KG"
AC-29,panjiva_imports_2023_AUTHORITATIVE_v1.0.0,Value,CARGO_006,Value (USD),numeric,"2100.0, 97000.0, 31600.0"
AD-30,panjiva_imports_2023_AUTHORITATIVE_v1.0.0,HS Code Desc.,CARGO_001,HS Code,text,"Classified: 2309.10, Parsed: 8903.99, Classified: 0806.10"
AE-31,panjiva_imports_2023_AUTHORITATIVE_v1.0.0,Goods Shipped,CARGO_002,Goods Description,text,"SEALED PLTS DOG & CAT FOOD, 1 X NEW MOTORBOAT SAXDOR 320 GTO, WITH HULL ID NUM, GRAPES, FRESH"
AF-32,panjiva_imports_2023_AUTHORITATIVE_v1.0.0,Carrier Name,PARTY_003,Carrier,text,"FSHP - Formel, Stevenson Freight Services Llc, ACLU - Atlantic Container Line Ab, CCSG - Cool Carriers Ab"
AG-33,panjiva_imports_2023_AUTHORITATIVE_v1.0.0,Qty,CARGO_005,Weight (Original Format),numeric,"2, 1, 1800"
AH-34,panjiva_imports_2023_AUTHORITATIVE_v1.0.0,Pckg,MEASUREMENT_002,Package Type,text,"PKG, PCS, CAS"
AI-35,panjiva_imports_2023_AUTHORITATIVE_v1.0.0,HS2,CARGO_001,HS Code,numeric,"23.0, 89.0, 8.0"
AJ-36,panjiva_imports_2023_AUTHORITATIVE_v1.0.0,HS4,CARGO_001,HS Code,numeric,"2309.0, 8903.0, 806.0"
AK-37,panjiva_imports_2023_AUTHORITATIVE_v1.0.0,HS6,CARGO_001,HS Code,numeric,"230910.0, 890399.0, 80610.0"
AL-38,panjiva_imports_2023_AUTHORITATIVE_v1.0.0,RAW_REC_ID,,UNMAPPED,text,"PANV-20260112-00106392, PANV-20260112-00439514, PANV-20260112-00822673"
AM-39,panjiva_imports_2023_AUTHORITATIVE_v1.0.0,Count,CARGO_007,Quantity,numeric,"1, 1, 1"
AN-40,panjiva_imports_2023_AUTHORITATIVE_v1.0.0,Group,CARGO_008,Cargo Group,numeric,
AO-41,panjiva_imports_2023_AUTHORITATIVE_v1.0.0,Commodity,CARGO_009,Cargo Commodity,numeric,
AP-42,panjiva_imports_2023_AUTHORITATIVE_v1.0.0,Cargo,CARGO_010,Cargo Type,numeric,
AQ-43,panjiva_imports_2023_AUTHORITATIVE_v1.0.0,Cargo Detail,CARGO_011,Cargo Detail,numeric,
AR-44,panjiva_imports_2023_AUTHORITATIVE_v1.0.0,Report_One,PORT_001,Port Name,numeric,
AS-45,panjiva_imports_2023_AUTHORITATIVE_v1.0.0,Report_Two,PORT_001,Port Name,numeric,
AT-46,panjiva_imports_2023_AUTHORITATIVE_v1.0.0,Report_Three,PORT_001,Port Name,numeric,
AU-47,panjiva_imports_2023_AUTHORITATIVE_v1.0.0,Report_Four,PORT_001,Port Name,numeric,
AV-48,panjiva_imports_2023_AUTHORITATIVE_v1.0.0,Filter,,UNMAPPED,numeric,
AW-49,panjiva_imports_2023_AUTHORITATIVE_v1.0.0,Note,,UNMAPPED,numeric,
AX-50,panjiva_imports_2023_AUTHORITATIVE_v1.0.0,Type,VESSEL_003,Vessel Type,numeric,
AY-51,panjiva_imports_2023_AUTHORITATIVE_v1.0.0,DWT,VESSEL_004,Deadweight Tonnage (DWT),numeric,
A-1,panjiva_imports_2024_AUTHORITATIVE_v1.0.0,Bill of Lading Number,DOCUMENT_001,Bill of Lading,text,"MAETVNL72460901, LDCSOA2024070501, SEUK7KT524082401"
B-2,panjiva_imports_2024_AUTHORITATIVE_v1.0.0,Arrival Date,DOCUMENT_003,Arrival Date,text,"2024-09-01, 2024-09-01, 2024-09-01"
C-3,panjiva_imports_2024_AUTHORITATIVE_v1.0.0,Consignee,PARTY_002,Consignee,text,"Exxonmobil Production Co., Hlj International Trading Co., Suncor Energy Usa Marketing Inc."
D-4,panjiva_imports_2024_AUTHORITATIVE_v1.0.0,Consignee (Original Format),PARTY_002,Consignee,text,"EXXONMOBILE PRODUCTION SOLUTION
COMPANY CARE OF 22, SUNCOR ENERGY USA MARKETING INC
5455 BRIGHTON BLVD, SUNCOR ENERGY USA MARKETING INC
5455 BRIGHTON BLVD"
E-5,panjiva_imports_2024_AUTHORITATIVE_v1.0.0,Consignee SIC Codes,PARTY_002,Consignee,text,"2037, 4222, 2911, 2992, 4212, 4449, 5172, 3531, 5084"
F-6,panjiva_imports_2024_AUTHORITATIVE_v1.0.0,Shipper,PARTY_001,Shipper,text,"Sarnia Chemical Plant Imperial, Suncor Energy Marketing Inc., Suncor Energy Marketing Inc."
G-7,panjiva_imports_2024_AUTHORITATIVE_v1.0.0,Shipper (Original Format),PARTY_001,Shipper,text,"SARNIA CHEMICAL PLANT IMPERIAL
602 S CHRISTINA ST , LONG SON COMPANY LIMITED
THANH HOABRANCH-LONG SON , SUNCOR ENERGY MARKETING INC
PO BOX 2844 150 6 AVEN"
H-8,panjiva_imports_2024_AUTHORITATIVE_v1.0.0,Shipper SIC Codes,PARTY_001,Shipper,text,"4213, 4213, 4213, 4225, 4499, 4731, 6719, 8732"
I-9,panjiva_imports_2024_AUTHORITATIVE_v1.0.0,Notify Party,PARTY_004,Notify Party,text,"EXXON TEAM
BDP INTERNATIONAL INC 4690 WORLD, HOUST, HLJ INTERNATIONAL TRADING
COMPANY LLC   200 NORTH , MERCURIA ENERGY AMERICA LLC
LLC 20 E GREENWAY PLAZ"
J-10,panjiva_imports_2024_AUTHORITATIVE_v1.0.0,Carrier,PARTY_003,Carrier,text,"MAET - Maersk Tankers, LDCS - Louis Dreyfus Company Freight Asia Pte Ltd, SEUK - Shell International Trading And Shipping"
K-11,panjiva_imports_2024_AUTHORITATIVE_v1.0.0,Origin (F),,UNMAPPED,text,"Canada, Vietnam, Canada"
L-12,panjiva_imports_2024_AUTHORITATIVE_v1.0.0,Destination (D),,UNMAPPED,text,"Baton Rouge (BTR) Airport, Baton Rouge, Louisiana, Port of Gramercy, Gramercy, Louisiana, Bangor, Maine"
M-13,panjiva_imports_2024_AUTHORITATIVE_v1.0.0,Port of Discharge (D),PORT_001,Port Name,text,"Baton Rouge (BTR) Airport, Baton Rouge, Louisiana, Port of Gramercy, Gramercy, Louisiana, Bangor, Maine"
N-14,panjiva_imports_2024_AUTHORITATIVE_v1.0.0,Port of Loading (F),PORT_001,Port Name,text,"Sarnia, Ont, Canada, Nha Trang, Vietnam, Montreal, Que, Canada"
O-15,panjiva_imports_2024_AUTHORITATIVE_v1.0.0,Country of Origin (F),PORT_005,Port Country,text,"Canada, Vietnam, Canada"
P-16,panjiva_imports_2024_AUTHORITATIVE_v1.0.0,Place of Receipt (F),,UNMAPPED,text,"SARNIA, NGHISON, MONTREAL"
Q-17,panjiva_imports_2024_AUTHORITATIVE_v1.0.0,Port_Consolidated,PORT_001,Port Name,text,"New Orleans, New Orleans, Boston"
R-18,panjiva_imports_2024_AUTHORITATIVE_v1.0.0,Port_Coast,PORT_004,Port Coast,text,"Gulf, Gulf, East"
S-19,panjiva_imports_2024_AUTHORITATIVE_v1.0.0,Port_Region,PORT_003,Port Region,text,"Gulf East, Gulf East, North Atlantic"
T-20,panjiva_imports_2024_AUTHORITATIVE_v1.0.0,Port_Code,PORT_002,Port Code,numeric,"2004, 2010, 102"
U-21,panjiva_imports_2024_AUTHORITATIVE_v1.0.0,Vessel,VESSEL_001,Vessel Name,text,"YM SATURN, OCEAN AZURE, SILVER ELEANOR"
V-22,panjiva_imports_2024_AUTHORITATIVE_v1.0.0,Voyage,DOCUMENT_002,Voyage ID,text,"24609, 9, 120"
W-23,panjiva_imports_2024_AUTHORITATIVE_v1.0.0,IMO,VESSEL_002,IMO Number,numeric,"9362138.0, 9960150.0, 9692301.0"
X-24,panjiva_imports_2024_AUTHORITATIVE_v1.0.0,Is Containerized,MEASUREMENT_003,Is Containerized,numeric,
Y-25,panjiva_imports_2024_AUTHORITATIVE_v1.0.0,Measurement,MEASUREMENT_001,Measurement Unit,text," ,  ,  "
Z-26,panjiva_imports_2024_AUTHORITATIVE_v1.0.0,Kilos,CARGO_004,Weight (Kilograms),numeric,"8117803.0, 51500000.0, 11028793.0"
AA-27,panjiva_imports_2024_AUTHORITATIVE_v1.0.0,Tons,CARGO_003,Weight (Metric Tons),numeric,"8117.8, 51500.0, 11028.79"
AB-28,panjiva_imports_2024_AUTHORITATIVE_v1.0.0,Weight (Original Format),CARGO_005,Weight (Original Format),text,"8117803 KG, 51500 ET, 11028793 KG"
AC-29,panjiva_imports_2024_AUTHORITATIVE_v1.0.0,Value,CARGO_006,Value (USD),numeric,"128724000.0, 4069000.0, 8250000.0"
AD-30,panjiva_imports_2024_AUTHORITATIVE_v1.0.0,HS Code Desc.,CARGO_001,HS Code,text,"Classified: 8703.90, Classified: 2523.21, Classified: 2710.19"
AE-31,panjiva_imports_2024_AUTHORITATIVE_v1.0.0,Goods Shipped,CARGO_002,Goods Description,text,"BENZENE AND MIXTURES HAVING 10 BENZENE OR MOR MORE, PORTLAND CEMENT ASTM C 150/C150M-20 TYPE I/II IN B, ULTRA LOW SULFUR KEROSENE 84897 BBLS"
AF-32,panjiva_imports_2024_AUTHORITATIVE_v1.0.0,Carrier Name,PARTY_003,Carrier,text,"MAET - Maersk Tankers, LDCS - Louis Dreyfus Company Freight Asia Pte Ltd, SEUK - Shell International Trading And Shipping"
AG-33,panjiva_imports_2024_AUTHORITATIVE_v1.0.0,Qty,CARGO_005,Weight (Original Format),numeric,"1, 1, 1"
AH-34,panjiva_imports_2024_AUTHORITATIVE_v1.0.0,Pckg,MEASUREMENT_002,Package Type,text,"LBK, BLK, LBK"
AI-35,panjiva_imports_2024_AUTHORITATIVE_v1.0.0,HS2,CARGO_001,HS Code,numeric,"87.0, 25.0, 27.0"
AJ-36,panjiva_imports_2024_AUTHORITATIVE_v1.0.0,HS4,CARGO_001,HS Code,numeric,"8703.0, 2523.0, 2710.0"
AK-37,panjiva_imports_2024_AUTHORITATIVE_v1.0.0,HS6,CARGO_001,HS Code,numeric,"870390.0, 252321.0, 271019.0"
AL-38,panjiva_imports_2024_AUTHORITATIVE_v1.0.0,RAW_REC_ID,,UNMAPPED,text,"PANV-20260112-00010001, PANV-20260112-00010002, PANV-20260112-00010003"
AM-39,panjiva_imports_2024_AUTHORITATIVE_v1.0.0,Count,CARGO_007,Quantity,numeric,"1, 1, 1"
AN-40,panjiva_imports_2024_AUTHORITATIVE_v1.0.0,Group,CARGO_008,Cargo Group,numeric,
AO-41,panjiva_imports_2024_AUTHORITATIVE_v1.0.0,Commodity,CARGO_009,Cargo Commodity,numeric,
AP-42,panjiva_imports_2024_AUTHORITATIVE_v1.0.0,Cargo,CARGO_010,Cargo Type,numeric,
AQ-43,panjiva_imports_2024_AUTHORITATIVE_v1.0.0,Cargo Detail,CARGO_011,Cargo Detail,numeric,
AR-44,panjiva_imports_2024_AUTHORITATIVE_v1.0.0,Report_One,PORT_001,Port Name,numeric,
AS-45,panjiva_imports_2024_AUTHORITATIVE_v1.0.0,Report_Two,PORT_001,Port Name,numeric,
AT-46,panjiva_imports_2024_AUTHORITATIVE_v1.0.0,Report_Three,PORT_001,Port Name,numeric,
AU-47,panjiva_imports_2024_AUTHORITATIVE_v1.0.0,Report_Four,PORT_001,Port Name,numeric,
AV-48,panjiva_imports_2024_AUTHORITATIVE_v1.0.0,Filter,,UNMAPPED,numeric,
AW-49,panjiva_imports_2024_AUTHORITATIVE_v1.0.0,Note,,UNMAPPED,numeric,
AX-50,panjiva_imports_2024_AUTHORITATIVE_v1.0.0,Type,VESSEL_003,Vessel Type,numeric,
AY-51,panjiva_imports_2024_AUTHORITATIVE_v1.0.0,DWT,VESSEL_004,Deadweight Tonnage (DWT),numeric,
A-1,panjiva_imports_2025_AUTHORITATIVE_v1.0.0,Bill of Lading Number,DOCUMENT_001,Bill of Lading,text,"BANQ1066022023, BEKD9V2723312251, SYGRCG022725001"
B-2,panjiva_imports_2025_AUTHORITATIVE_v1.0.0,Arrival Date,DOCUMENT_003,Arrival Date,text,"2025-03-12, 2025-03-12, 2025-03-12"
C-3,panjiva_imports_2025_AUTHORITATIVE_v1.0.0,Consignee,PARTY_002,Consignee,text,"Keurig Canada, Inchape Shipping Services Cls Gulf, M T Bluegrass Mariner"
D-4,panjiva_imports_2025_AUTHORITATIVE_v1.0.0,Consignee (Original Format),PARTY_002,Consignee,text,"KEURIG CANADA INC
3700 JEAN-RIVARD
MONTREAL QC H1Z, INCHAPE SHIPPING SERVICES CLS GULF
2450 SEVERN AVE, M/T BLUEGRASS MARINER C/O
INCHCAPE SHIPPING SERVIC"
E-5,panjiva_imports_2025_AUTHORITATIVE_v1.0.0,Consignee SIC Codes,PARTY_002,Consignee,text,"2095, 2911, 4612, 4911, 5171, 5541, 7549, 5088, 7699"
F-6,panjiva_imports_2025_AUTHORITATIVE_v1.0.0,Shipper,PARTY_001,Shipper,text,"Unex (Guatemala) S. A., Epic Salina, M T Clearocean Ginkgo"
G-7,panjiva_imports_2025_AUTHORITATIVE_v1.0.0,Shipper (Original Format),PARTY_001,Shipper,text,"UNEX GUATEMALA, SOCIEDAD ANONIMA
7, Avenida 14-20,, EPIC SALINA
BW EPIC KOSAN MARITIME PTE LTD
10 PASI, M/T CLEAROCEAN GINKGO C/O
SYNERGY GROUP
5415 RIVER"
H-8,panjiva_imports_2025_AUTHORITATIVE_v1.0.0,Shipper SIC Codes,PARTY_001,Shipper,text,"5141, 5149, 2911, 7549, 2892"
I-9,panjiva_imports_2025_AUTHORITATIVE_v1.0.0,Notify Party,PARTY_004,Notify Party,text,"KEURIG CANADA INC
3700 JEAN-RIVARD, MONTREAL QC H1, INCHAPE SHIPPING SERVICES CLS GULF
2450 SEVERN AVE, WILHELMSEN SHIP SERVICE
9400 NEW CENTURY DRIVE, PA"
J-10,panjiva_imports_2025_AUTHORITATIVE_v1.0.0,Carrier,PARTY_003,Carrier,text,"BANQ - Blue Anchor America Line (Blue Anchor Line), BEKD - Bw Epic Kosan Maritime Pte Ltd, SYGR - Synergy Group"
K-11,panjiva_imports_2025_AUTHORITATIVE_v1.0.0,Origin (F),,UNMAPPED,text,"Guatemala, Singapore, Chile"
L-12,panjiva_imports_2025_AUTHORITATIVE_v1.0.0,Destination (D),,UNMAPPED,text,"Canada, Baton Rouge (BTR) Airport, Baton Rouge, Louisiana, Virgin Islands (U.S.)"
M-13,panjiva_imports_2025_AUTHORITATIVE_v1.0.0,Port of Discharge (D),PORT_001,Port Name,text,"Jacksonville, Florida, Baton Rouge (BTR) Airport, Baton Rouge, Louisiana, Houston, Houston, Texas"
N-14,panjiva_imports_2025_AUTHORITATIVE_v1.0.0,Port of Loading (F),PORT_001,Port Name,text,"Puerto Barrios, Guatemala, Limon, Costa Rica, Iquique, Chile"
O-15,panjiva_imports_2025_AUTHORITATIVE_v1.0.0,Country of Origin (F),PORT_005,Port Country,text,"Guatemala, Costa Rica, Chile"
P-16,panjiva_imports_2025_AUTHORITATIVE_v1.0.0,Place of Receipt (F),,UNMAPPED,text,"PUERTO BARRIOS, CRLIM, CHILE"
Q-17,panjiva_imports_2025_AUTHORITATIVE_v1.0.0,Port_Consolidated,PORT_001,Port Name,text,"North Florida, New Orleans, Houston"
R-18,panjiva_imports_2025_AUTHORITATIVE_v1.0.0,Port_Coast,PORT_004,Port Coast,text,"East, Gulf, Gulf"
S-19,panjiva_imports_2025_AUTHORITATIVE_v1.0.0,Port_Region,PORT_003,Port Region,text,"South Atlantic, Gulf East, North Texas"
T-20,panjiva_imports_2025_AUTHORITATIVE_v1.0.0,Port_Code,PORT_002,Port Code,numeric,"1803, 2004, 5301"
U-21,panjiva_imports_2025_AUTHORITATIVE_v1.0.0,Vessel,VESSEL_001,Vessel Name,text,"MSC CANBERRA III, EPIC SALINA, CLEAROCEAN GINKGO"
V-22,panjiva_imports_2025_AUTHORITATIVE_v1.0.0,Voyage,DOCUMENT_002,Voyage ID,text,"CG514, 12025, 39"
W-23,panjiva_imports_2025_AUTHORITATIVE_v1.0.0,IMO,VESSEL_002,IMO Number,numeric,"9993808.0, 9993808.0, 9197375.0"
X-24,panjiva_imports_2025_AUTHORITATIVE_v1.0.0,Is Containerized,MEASUREMENT_003,Is Containerized,numeric,
Y-25,panjiva_imports_2025_AUTHORITATIVE_v1.0.0,Measurement,MEASUREMENT_001,Measurement Unit,text," X,  CM,  "
Z-26,panjiva_imports_2025_AUTHORITATIVE_v1.0.0,Kilos,CARGO_004,Weight (Kilograms),numeric,"20709.0, 71.0, 4.0"
AA-27,panjiva_imports_2025_AUTHORITATIVE_v1.0.0,Tons,CARGO_003,Weight (Metric Tons),numeric,"20.71, 0.07, 0.0"
AB-28,panjiva_imports_2025_AUTHORITATIVE_v1.0.0,Weight (Original Format),CARGO_005,Weight (Original Format),text,"20709 K, 71 K, 4 KG"
AC-29,panjiva_imports_2025_AUTHORITATIVE_v1.0.0,Value,CARGO_006,Value (USD),numeric,"153000.0, 690.0, 280.0"
AD-30,panjiva_imports_2025_AUTHORITATIVE_v1.0.0,HS Code Desc.,CARGO_001,HS Code,text,"Classified: 0901.11, Classified: 3923.21, Classified: 8419.50"
AE-31,panjiva_imports_2025_AUTHORITATIVE_v1.0.0,Goods Shipped,CARGO_002,Goods Description,text,"IN BULK EQUIVALENT TO 300 BAGS OF 69 KGS GUATEMALA, 2 PCS N2 DCP CYLINDERS 68L CAP & 2 PCS DCP N2 PILO, SPARES FOR REMOVAL: 1 BOX @ 4 KG DIM: 330 X 255 X "
AF-32,panjiva_imports_2025_AUTHORITATIVE_v1.0.0,Carrier Name,PARTY_003,Carrier,text,"BANQ - Blue Anchor America Line, BEKD - Bw Epic Kosan Maritime Pte Ltd, SYGR - Synergy Group"
AG-33,panjiva_imports_2025_AUTHORITATIVE_v1.0.0,Qty,CARGO_005,Weight (Original Format),numeric,"1, 4, 1"
AH-34,panjiva_imports_2025_AUTHORITATIVE_v1.0.0,Pckg,MEASUREMENT_002,Package Type,text,"BLK, CYL, BOX"
AI-35,panjiva_imports_2025_AUTHORITATIVE_v1.0.0,HS2,CARGO_001,HS Code,numeric,"9.0, 39.0, 84.0"
AJ-36,panjiva_imports_2025_AUTHORITATIVE_v1.0.0,HS4,CARGO_001,HS Code,numeric,"901.0, 3923.0, 8419.0"
AK-37,panjiva_imports_2025_AUTHORITATIVE_v1.0.0,HS6,CARGO_001,HS Code,numeric,"90111.0, 392321.0, 841950.0"
AL-38,panjiva_imports_2025_AUTHORITATIVE_v1.0.0,RAW_REC_ID,,UNMAPPED,text,"PANV-20260112-00000001, PANV-20260112-00000002, PANV-20260112-00000003"
AM-39,panjiva_imports_2025_AUTHORITATIVE_v1.0.0,Count,CARGO_007,Quantity,numeric,"1, 1, 1"
AN-40,panjiva_imports_2025_AUTHORITATIVE_v1.0.0,Group,CARGO_008,Cargo Group,numeric,
AO-41,panjiva_imports_2025_AUTHORITATIVE_v1.0.0,Commodity,CARGO_009,Cargo Commodity,numeric,
AP-42,panjiva_imports_2025_AUTHORITATIVE_v1.0.0,Cargo,CARGO_010,Cargo Type,numeric,
AQ-43,panjiva_imports_2025_AUTHORITATIVE_v1.0.0,Cargo Detail,CARGO_011,Cargo Detail,numeric,
AR-44,panjiva_imports_2025_AUTHORITATIVE_v1.0.0,Report_One,PORT_001,Port Name,numeric,
AS-45,panjiva_imports_2025_AUTHORITATIVE_v1.0.0,Report_Two,PORT_001,Port Name,numeric,
AT-46,panjiva_imports_2025_AUTHORITATIVE_v1.0.0,Report_Three,PORT_001,Port Name,numeric,
AU-47,panjiva_imports_2025_AUTHORITATIVE_v1.0.0,Report_Four,PORT_001,Port Name,numeric,
AV-48,panjiva_imports_2025_AUTHORITATIVE_v1.0.0,Filter,,UNMAPPED,numeric,
AW-49,panjiva_imports_2025_AUTHORITATIVE_v1.0.0,Note,,UNMAPPED,numeric,
AX-50,panjiva_imports_2025_AUTHORITATIVE_v1.0.0,Type,VESSEL_003,Vessel Type,numeric,
AY-51,panjiva_imports_2025_AUTHORITATIVE_v1.0.0,DWT,VESSEL_004,Deadweight Tonnage (DWT),numeric,
A-1,panjiva_exports_2023_AUTHORITATIVE_v1.0.0,Bill of Lading Number,DOCUMENT_001,Bill of Lading,text,"SMLU7829173A, HMAN1085J003, OOLU2723928520"
B-2,panjiva_exports_2023_AUTHORITATIVE_v1.0.0,Shipment Date,DOCUMENT_005,Shipment Date,text,"2023-11-12, 2023-01-15, 2023-09-01"
C-3,panjiva_exports_2023_AUTHORITATIVE_v1.0.0,Matching Fields,,UNMAPPED,numeric,
D-4,panjiva_exports_2023_AUTHORITATIVE_v1.0.0,Shipper,PARTY_001,Shipper,text,"Prober, Apex Logistics International, Frd Global (Us) Llc"
E-5,panjiva_exports_2023_AUTHORITATIVE_v1.0.0,Shipper Address,PARTY_001,Shipper,text,"18554 S. Susana Road, 2710 Peninsulas Drive, 5001 Executive Pkwy"
F-6,panjiva_exports_2023_AUTHORITATIVE_v1.0.0,Shipper City,PARTY_001,Shipper,text,"Everman, Rancho Dominguez, Missouri City"
G-7,panjiva_exports_2023_AUTHORITATIVE_v1.0.0,Shipper State/Region,PARTY_001,Shipper,text,"Texas, California, Texas"
H-8,panjiva_exports_2023_AUTHORITATIVE_v1.0.0,Shipper Postal Code,PARTY_001,Shipper,text,"76140, 90221, 77459"
I-9,panjiva_exports_2023_AUTHORITATIVE_v1.0.0,Shipper Country,PORT_005,Port Country,text,"United States, United States, United States"
J-10,panjiva_exports_2023_AUTHORITATIVE_v1.0.0,Shipper Full Address,PARTY_001,Shipper,text,"Everman, TX 76140, USA, 18554 S. Susana Road, Rancho Dominguez California , 2710 Peninsulas Dr, Missouri City, TX 77459, USA"
K-11,panjiva_exports_2023_AUTHORITATIVE_v1.0.0,Shipper Email 1,PARTY_001,Shipper,text,"joseph@contamarshipping.com, salasrsalas@livingstonintl.com, mikev@seamates.com"
L-12,panjiva_exports_2023_AUTHORITATIVE_v1.0.0,Shipper Email 2,PARTY_001,Shipper,text,"info@contamarshipping.com, importdocsnola@livingstonintl.com, emmaria@seamates.com"
M-13,panjiva_exports_2023_AUTHORITATIVE_v1.0.0,Shipper Email 3,PARTY_001,Shipper,text,"brian@contamarshipping.com, 99broker@99only.com, mikeb@seamates.com"
N-14,panjiva_exports_2023_AUTHORITATIVE_v1.0.0,Shipper Phone 1,PARTY_001,Shipper,text,"+1 516 821 3360, +1 212 267 5775, +1 954 997 6140"
O-15,panjiva_exports_2023_AUTHORITATIVE_v1.0.0,Shipper Phone 2,PARTY_001,Shipper,text,"+1 212 227 8641, +1 714 634 4148, +1 714 634 4148"
P-16,panjiva_exports_2023_AUTHORITATIVE_v1.0.0,Shipper Phone 3,PARTY_001,Shipper,text,"+1 212 267 5776, +1 516 918 9080, +1 212 267 5776"
Q-17,panjiva_exports_2023_AUTHORITATIVE_v1.0.0,Shipper Fax,PARTY_001,Shipper,text,"+1 713 241 3809, +1 201 896 8076, +1 440 356 8877"
R-18,panjiva_exports_2023_AUTHORITATIVE_v1.0.0,Shipper Website 1,PARTY_001,Shipper,text,unitrans-pra.com
S-19,panjiva_exports_2023_AUTHORITATIVE_v1.0.0,Shipper Website 2,PARTY_001,Shipper,numeric,
T-20,panjiva_exports_2023_AUTHORITATIVE_v1.0.0,Shipper Profile,PARTY_001,Shipper,text,"https://panjiva.com/Prober/143398618, https://panjiva.com/Apex-Logistics-International/2, https://panjiva.com/Frd-Global-US-Llc/144311661"
U-21,panjiva_exports_2023_AUTHORITATIVE_v1.0.0,Shipper SPCIQ ID,PARTY_001,Shipper,numeric,"61106298.0, 653449290.0, 1932440498.0"
V-22,panjiva_exports_2023_AUTHORITATIVE_v1.0.0,Shipper MI Key,PARTY_001,Shipper,numeric,"7238307.0, 19828254.0, 133185910.0"
W-23,panjiva_exports_2023_AUTHORITATIVE_v1.0.0,Shipper D-U-N-S®,PARTY_001,Shipper,numeric,"807368360.0, 131489817.0, 40372427.0"
X-24,panjiva_exports_2023_AUTHORITATIVE_v1.0.0,Shipper Industry,PARTY_001,Shipper,text,"Air Freight and Logistics, Marine, Oil, Gas and Consumable Fuels"
Y-25,panjiva_exports_2023_AUTHORITATIVE_v1.0.0,Shipper Revenue,PARTY_001,Shipper,numeric,"13066447.0, 6010223.0, 9382000000.0"
Z-26,panjiva_exports_2023_AUTHORITATIVE_v1.0.0,Shipper Employees,PARTY_001,Shipper,numeric,"2500.0, 6.0, 80.0"
AA-27,panjiva_exports_2023_AUTHORITATIVE_v1.0.0,Shipper Market Capitalization,PARTY_001,Shipper,numeric,"7424917410.0, 7424917410.0, 279800320652.0"
AB-28,panjiva_exports_2023_AUTHORITATIVE_v1.0.0,Shipper Incorporation Year,PARTY_001,Shipper,numeric,"2001.0, 2010.0, 2019.0"
AC-29,panjiva_exports_2023_AUTHORITATIVE_v1.0.0,Shipper Trade Roles,PARTY_001,Shipper,text,"Manufacturer, Logistics, Logistics, Trading Company"
AD-30,panjiva_exports_2023_AUTHORITATIVE_v1.0.0,Shipper SIC Codes,PARTY_001,Shipper,text,"4731, 4731, 7389, 2869"
AE-31,panjiva_exports_2023_AUTHORITATIVE_v1.0.0,Shipper Stock Tickers,PARTY_001,Shipper,text,"NYSE:EMN, NYSE:EMN, NasdaqGS:CHSC.P, NasdaqGS:CHSC.O, NasdaqGS:CHSC.M,"
AF-32,panjiva_exports_2023_AUTHORITATIVE_v1.0.0,Shipper (Original Format),PARTY_001,Shipper,text,"Prober, Apex Logistics International Inc., Frd Global (Us) Llc"
AG-33,panjiva_exports_2023_AUTHORITATIVE_v1.0.0,Shipper Global HQ,PARTY_001,Shipper,text,"Mainfreight Inc., Valero Energy, O P M International Inc."
AH-34,panjiva_exports_2023_AUTHORITATIVE_v1.0.0,Shipper Global HQ Address,PARTY_001,Shipper,text,"1600 Massachusetts Ave NW, Washington, DC 20036, U, One Valero Way, San Antonio Texas 78249, United St, 808 W Emma Ave, Springdale Arkansas 72764-4424, Un"
AI-35,panjiva_exports_2023_AUTHORITATIVE_v1.0.0,Shipper Global HQ D-U-N-S®,PARTY_001,Shipper,numeric,
AJ-36,panjiva_exports_2023_AUTHORITATIVE_v1.0.0,Shipper Domestic HQ,PARTY_001,Shipper,text,"Shell Petroleum Group, Valero Energy, Louis Dreyfus Commodities"
AK-37,panjiva_exports_2023_AUTHORITATIVE_v1.0.0,Shipper Domestic HQ Address,PARTY_001,Shipper,text,"900 Louisiana Street, South Houston, TX 77587, USA, One Valero Way, San Antonio Texas 78249, United St, 40 Danbury Road, Wilton Connecticut 06897, United "
AL-38,panjiva_exports_2023_AUTHORITATIVE_v1.0.0,Shipper Domestic HQ D-U-N-S®,PARTY_001,Shipper,numeric,"131489817.0, 82686916.0, 79594501.0"
AM-39,panjiva_exports_2023_AUTHORITATIVE_v1.0.0,Shipper Ultimate Parent,PARTY_001,Shipper,text,"Apex Logistics International, Inc., A Shipping, Chevron Trading Llc"
AN-40,panjiva_exports_2023_AUTHORITATIVE_v1.0.0,Shipper Ultimate Parent Website,PARTY_001,Shipper,text,"apexglobe.com, www.a-plus-shipping-center.business.site, www.chevron.com"
AO-41,panjiva_exports_2023_AUTHORITATIVE_v1.0.0,Shipper Ultimate Parent Headquarters Address,PARTY_001,Shipper,text,"18554 S. Susana Road, Rancho Dominguez California , United States, 5001 Executive Pkwy, San Ramon California 94583-50"
AP-42,panjiva_exports_2023_AUTHORITATIVE_v1.0.0,Shipper Ultimate Parent Profile,PARTY_001,Shipper,text,"https://panjiva.com/Apex-Logistics-International-I, https://panjiva.com/A-Shipping/71532603, https://panjiva.com/Chevron-Trading-Llc/220113244"
AQ-43,panjiva_exports_2023_AUTHORITATIVE_v1.0.0,Shipper Ultimate Parent SPCIQ ID,PARTY_001,Shipper,numeric,"61106298.0, 653449290.0, 1932440498.0"
AR-44,panjiva_exports_2023_AUTHORITATIVE_v1.0.0,Shipper Ultimate Parent MI Key,PARTY_001,Shipper,numeric,"7238307.0, 19828254.0, 133185910.0"
AS-45,panjiva_exports_2023_AUTHORITATIVE_v1.0.0,Shipper Ultimate Parent Stock Tickers,PARTY_001,Shipper,text,"BSE:500770, OTCPK:MITS.Y, TSE:8031, BSE:500770"
AT-46,panjiva_exports_2023_AUTHORITATIVE_v1.0.0,Carrier,PARTY_003,Carrier,text,"SMLU - Seaboard Marine Ltd, UALB - Universal Africa Lines B V, OOLU - Orient Overseas Container Line Ltd"
AU-47,panjiva_exports_2023_AUTHORITATIVE_v1.0.0,Shipment Destination,DOCUMENT_005,Shipment Date,text,"Dominican Republic, Gabon, Dominican Republic"
AV-48,panjiva_exports_2023_AUTHORITATIVE_v1.0.0,Port of Lading,PORT_001,Port Name,text,"Port Of Entry-Miami Seaport, Miami, Florida, Houston, Houston, Texas, New York/Newark Area, Newark, New Jersey"
AW-49,panjiva_exports_2023_AUTHORITATIVE_v1.0.0,Port of Lading Region,PORT_003,Port Region,text,"Southeast Region, Southwest Region, New York Region"
AX-50,panjiva_exports_2023_AUTHORITATIVE_v1.0.0,Port of Lading Country,PORT_005,Port Country,text,"United States, United States, United States"
AY-51,panjiva_exports_2023_AUTHORITATIVE_v1.0.0,Port of Unlading,PORT_001,Port Name,text,"Puerto Plata, Dominican Republic, Port Gentil, Gabon, Hong Kong, Hong Kong"
AZ-52,panjiva_exports_2023_AUTHORITATIVE_v1.0.0,Port of Unlading Region,PORT_003,Port Region,text,"Caribbean, Middle Africa, Eastern Asia"
BA-53,panjiva_exports_2023_AUTHORITATIVE_v1.0.0,Port of Unlading Country,PORT_005,Port Country,text,"Dominican Republic, Gabon, Hong Kong"
BB-54,panjiva_exports_2023_AUTHORITATIVE_v1.0.0,Place of Receipt,,UNMAPPED,text,"HOUSTON, HOUSTON, PORTLAND OR"
BC-55,panjiva_exports_2023_AUTHORITATIVE_v1.0.0,Vessel,VESSEL_001,Vessel Name,text,"As Samanta, UAL MANITOBA, Talos"
BD-56,panjiva_exports_2023_AUTHORITATIVE_v1.0.0,Vessel Country,PORT_005,Port Country,text,"Portugal (Mar), MARSHAL, PANAMA"
BE-57,panjiva_exports_2023_AUTHORITATIVE_v1.0.0,Vessel SCAC,VESSEL_001,Vessel Name,text,"SMLU - Seaboard Marine Ltd, UALB - Universal Africa Lines B V, OOLU - Orient Overseas Container Line Ltd"
BF-58,panjiva_exports_2023_AUTHORITATIVE_v1.0.0,Transport Flight Code,PORT_001,Port Name,text,"1085, 031W-E, 71W"
BG-59,panjiva_exports_2023_AUTHORITATIVE_v1.0.0,Is Containerized,MEASUREMENT_003,Is Containerized,numeric,
BH-60,panjiva_exports_2023_AUTHORITATIVE_v1.0.0,Volume (TEU),,UNMAPPED,numeric,
BI-61,panjiva_exports_2023_AUTHORITATIVE_v1.0.0,Item Quantity,CARGO_007,Quantity,text,"See 'Container Quantities' column, 1, 20 PL"
BJ-62,panjiva_exports_2023_AUTHORITATIVE_v1.0.0,Weight (kg),CARGO_005,Weight (Original Format),numeric,"1587.6, 50.0, 3920.0"
BK-63,panjiva_exports_2023_AUTHORITATIVE_v1.0.0,Weight (t),CARGO_005,Weight (Original Format),numeric,"1.5876, 0.05, 3.92"
BL-64,panjiva_exports_2023_AUTHORITATIVE_v1.0.0,Weight (Original Format),CARGO_005,Weight (Original Format),text,"1587.6 kg, 0.05, 3920 KG"
BM-65,panjiva_exports_2023_AUTHORITATIVE_v1.0.0,Value of Goods (USD),CARGO_002,Goods Description,numeric,"15600.0, 1700.0, 383000.0"
BN-66,panjiva_exports_2023_AUTHORITATIVE_v1.0.0,Equipment Type,VESSEL_003,Vessel Type,numeric,
BO-67,panjiva_exports_2023_AUTHORITATIVE_v1.0.0,Equipment Dimensions,,UNMAPPED,text,"L: unknown
H: unknown
W: unknown, L: unknown
H: unknown
W: unknown, L: unknown
H: unknown
W: unknown"
BP-68,panjiva_exports_2023_AUTHORITATIVE_v1.0.0,Industry - GICS,,UNMAPPED,text,"25102010, 20104010, 25201010"
BQ-69,panjiva_exports_2023_AUTHORITATIVE_v1.0.0,Industry - GICS Description,CARGO_002,Goods Description,text,"Automobile Manufacturers, Electrical Components & Equipment, Consumer Electronics"
BR-70,panjiva_exports_2023_AUTHORITATIVE_v1.0.0,Container Number,,UNMAPPED,text,"SIMU2508923, TLLU6175337; TGBU5510403; TGHU5305329; TCNU3955956, SMLU3121446; SMLU3116080; SMLU3115232; SMLU3111767"
BS-71,panjiva_exports_2023_AUTHORITATIVE_v1.0.0,HS Code,CARGO_001,HS Code,text,"Classified: 8703.23, 8507.60, Classified: 8525.89"
BT-72,panjiva_exports_2023_AUTHORITATIVE_v1.0.0,Goods Shipped,CARGO_002,Goods Description,text,"1 2019 LEXUS RX 350L
WHITE
3500 CC
JGZKCA4K2013956, UN3090 LITHIUM BATTERIES, RING CAMERA & ECHO AUCC DEVICE"
BU-73,panjiva_exports_2023_AUTHORITATIVE_v1.0.0,Container Quantities,,UNMAPPED,text," ,  ,  "
BV-74,panjiva_exports_2023_AUTHORITATIVE_v1.0.0,Divided/LCL,,UNMAPPED,numeric,
BW-75,panjiva_exports_2023_AUTHORITATIVE_v1.0.0,RAW_REC_ID,,UNMAPPED,numeric,"90728, 1939, 77968"
BX-76,panjiva_exports_2023_AUTHORITATIVE_v1.0.0,Year,,UNMAPPED,numeric,"2023, 2023, 2023"
BY-77,panjiva_exports_2023_AUTHORITATIVE_v1.0.0,Tons,CARGO_003,Weight (Metric Tons),numeric,"1.5876, 0.05, 3.92"
BZ-78,panjiva_exports_2023_AUTHORITATIVE_v1.0.0,HS2,CARGO_001,HS Code,text,"Cl, 85, Cl"
CA-79,panjiva_exports_2023_AUTHORITATIVE_v1.0.0,HS4,CARGO_001,HS Code,text,"Clas, 8507, Clas"
CB-80,panjiva_exports_2023_AUTHORITATIVE_v1.0.0,HS6,CARGO_001,HS Code,text,"Classi, 850760, Classi"
A-1,usace_2023_entrance_with_panjiva_AUTHORITATIVE_v1.0.0,RECID,,UNMAPPED,numeric,"1, 2, 3"
B-2,usace_2023_entrance_with_panjiva_AUTHORITATIVE_v1.0.0,Count,CARGO_007,Quantity,numeric,"1, 1, 1"
C-3,usace_2023_entrance_with_panjiva_AUTHORITATIVE_v1.0.0,TYPEDOC,VESSEL_003,Vessel Type,text,"Imports, Imports, Imports"
D-4,usace_2023_entrance_with_panjiva_AUTHORITATIVE_v1.0.0,Arrival_Date,DOCUMENT_003,Arrival Date,text,"2023-08-29, 2023-09-15, 2023-04-30"
E-5,usace_2023_entrance_with_panjiva_AUTHORITATIVE_v1.0.0,PORT,PORT_001,Port Name,numeric,"4110, 4110, 4110"
F-6,usace_2023_entrance_with_panjiva_AUTHORITATIVE_v1.0.0,Arrival_Port_Name,PORT_001,Port Name,text,"Port of Long Beach, CA, Port of Long Beach, CA, Port of Long Beach, CA"
G-7,usace_2023_entrance_with_panjiva_AUTHORITATIVE_v1.0.0,US_Port_USACE,PORT_001,Port Name,text,"Port of Long Beach, CA, Port of Long Beach, CA, Port of Long Beach, CA"
H-8,usace_2023_entrance_with_panjiva_AUTHORITATIVE_v1.0.0,PWW_IND,,UNMAPPED,text,"Port, Port, Port"
I-9,usace_2023_entrance_with_panjiva_AUTHORITATIVE_v1.0.0,Vessel,VESSEL_001,Vessel Name,text,"DHT HARRIER, NEW VIGOROUS, NEW VIGOROUS"
J-10,usace_2023_entrance_with_panjiva_AUTHORITATIVE_v1.0.0,IMO,VESSEL_002,IMO Number,numeric,"9762986.0, 9486518.0, 9486518.0"
K-11,usace_2023_entrance_with_panjiva_AUTHORITATIVE_v1.0.0,RIG_DESC,,UNMAPPED,text,"Motor, steam tanker, Motor, steam tanker, Motor, steam tanker"
L-12,usace_2023_entrance_with_panjiva_AUTHORITATIVE_v1.0.0,ICST_DESC,VESSEL_003,Vessel Type,text,"CRUDE OIL TANKER, CRUDE OIL TANKER, CRUDE OIL TANKER"
M-13,usace_2023_entrance_with_panjiva_AUTHORITATIVE_v1.0.0,FLAG_CTRY,VESSEL_005,Flag Country,text,"Unknown, Unknown, Unknown"
N-14,usace_2023_entrance_with_panjiva_AUTHORITATIVE_v1.0.0,NRT,VESSEL_010,Net Register Tonnage (NRT),numeric,"0, 108046, 108046"
O-15,usace_2023_entrance_with_panjiva_AUTHORITATIVE_v1.0.0,GRT,,UNMAPPED,numeric,"0, 164680, 164680"
P-16,usace_2023_entrance_with_panjiva_AUTHORITATIVE_v1.0.0,DRAFT_FT,VESSEL_008,Draft,numeric,"60, 60, 59"
Q-17,usace_2023_entrance_with_panjiva_AUTHORITATIVE_v1.0.0,DRAFT_IN,VESSEL_008,Draft,numeric,"0, 0, 1"
R-18,usace_2023_entrance_with_panjiva_AUTHORITATIVE_v1.0.0,CONTAINER,,UNMAPPED,text,"C, C, C"
S-19,usace_2023_entrance_with_panjiva_AUTHORITATIVE_v1.0.0,Vessel_Type,VESSEL_003,Vessel Type,text,"Tanker-VLCC, Tanker-VLCC, Tanker-VLCC"
T-20,usace_2023_entrance_with_panjiva_AUTHORITATIVE_v1.0.0,Vessel_DWT,VESSEL_001,Vessel Name,numeric,"299985.0, 318506.0, 318506.0"
U-21,usace_2023_entrance_with_panjiva_AUTHORITATIVE_v1.0.0,Vessel_Grain,VESSEL_001,Vessel Name,numeric,"0.0, 0.0, 0.0"
V-22,usace_2023_entrance_with_panjiva_AUTHORITATIVE_v1.0.0,Vessel_TPC,VESSEL_001,Vessel Name,numeric,"178.5, 181.2, 181.2"
W-23,usace_2023_entrance_with_panjiva_AUTHORITATIVE_v1.0.0,Vessel_Dwt_Draft_m,VESSEL_001,Vessel Name,numeric,"21.534, 22.66, 22.66"
X-24,usace_2023_entrance_with_panjiva_AUTHORITATIVE_v1.0.0,Vessel_Dwt_Draft_ft,VESSEL_001,Vessel Name,numeric,"70.65, 74.34, 74.34"
Y-25,usace_2023_entrance_with_panjiva_AUTHORITATIVE_v1.0.0,Vessel_Match_Method,VESSEL_001,Vessel Name,text,"IMO, IMO, IMO"
Z-26,usace_2023_entrance_with_panjiva_AUTHORITATIVE_v1.0.0,Draft_Pct_of_Max,VESSEL_008,Draft,numeric,"84.9, 80.7, 79.5"
AA-27,usace_2023_entrance_with_panjiva_AUTHORITATIVE_v1.0.0,Forecasted_Activity,,UNMAPPED,text,"Discharge, Discharge, Discharge"
AB-28,usace_2023_entrance_with_panjiva_AUTHORITATIVE_v1.0.0,WHERE_IND,,UNMAPPED,text,"Foreign, Foreign, Foreign"
AC-29,usace_2023_entrance_with_panjiva_AUTHORITATIVE_v1.0.0,WHERE_PORT,PORT_001,Port Name,numeric,
AD-30,usace_2023_entrance_with_panjiva_AUTHORITATIVE_v1.0.0,Previous_US_Port_USACE,PORT_001,Port Name,numeric,
AE-31,usace_2023_entrance_with_panjiva_AUTHORITATIVE_v1.0.0,WHERE_SCHEDK,,UNMAPPED,numeric,"50525.0, 50525.0, 51727.0"
AF-32,usace_2023_entrance_with_panjiva_AUTHORITATIVE_v1.0.0,Previous_Foreign_Port,PORT_001,Port Name,text,"Basrah, Basrah, Ras at Tannurah"
AG-33,usace_2023_entrance_with_panjiva_AUTHORITATIVE_v1.0.0,Previous_Foreign_Country,PORT_005,Port Country,text,"Iraq, Iraq, Saudi Arabia"
AH-34,usace_2023_entrance_with_panjiva_AUTHORITATIVE_v1.0.0,WHERE_NAME,,UNMAPPED,text,"Al Basrah, Al Basrah, Ras Tanura"
AI-35,usace_2023_entrance_with_panjiva_AUTHORITATIVE_v1.0.0,WHERE_CTRY,,UNMAPPED,text,"Iraq, Iraq, Saudi Arabia"
AJ-36,usace_2023_entrance_with_panjiva_AUTHORITATIVE_v1.0.0,Group,CARGO_008,Cargo Group,text,"Liquid Bulk, Liquid Bulk, Liquid Bulk"
AK-37,usace_2023_entrance_with_panjiva_AUTHORITATIVE_v1.0.0,Commodity,CARGO_009,Cargo Commodity,text,"Tanker, Tanker, Tanker"
AL-38,usace_2023_entrance_with_panjiva_AUTHORITATIVE_v1.0.0,VOY_RECID,,UNMAPPED,text,"VOY_0008271, VOY_0013465, VOY_0007792"
AM-39,usace_2023_entrance_with_panjiva_AUTHORITATIVE_v1.0.0,Panjiva_Carrier,PARTY_003,Carrier,text,"TGRA - Trafigura Maritime Ventures Ltd, MURG - Mur Shipping Bv, DWCH - De Well Container Shipping Inc"
AN-40,usace_2023_entrance_with_panjiva_AUTHORITATIVE_v1.0.0,Panjiva_Group,CARGO_008,Cargo Group,numeric,
AO-41,usace_2023_entrance_with_panjiva_AUTHORITATIVE_v1.0.0,Panjiva_Commodity,CARGO_009,Cargo Commodity,numeric,
AP-42,usace_2023_entrance_with_panjiva_AUTHORITATIVE_v1.0.0,Panjiva_Tons,CARGO_003,Weight (Metric Tons),numeric,"541772.04, 29542.0, 17.57"
AQ-43,usace_2023_entrance_with_panjiva_AUTHORITATIVE_v1.0.0,Match_Days_Offset,,UNMAPPED,numeric,"0.0, 0.0, 0.0"
AR-44,usace_2023_entrance_with_panjiva_AUTHORITATIVE_v1.0.0,Match_Pass,,UNMAPPED,numeric,"1.0, 1.0, 1.0"
AS-45,usace_2023_entrance_with_panjiva_AUTHORITATIVE_v1.0.0,Match_Method,,UNMAPPED,text,"IMO, IMO, IMO"
AT-46,usace_2023_entrance_with_panjiva_AUTHORITATIVE_v1.0.0,Port_Consolidated,PORT_001,Port Name,text,"LA-Long Beach, LA-Long Beach, LA-Long Beach"
AU-47,usace_2023_entrance_with_panjiva_AUTHORITATIVE_v1.0.0,Port_Coast,PORT_004,Port Coast,text,"West, West, West"
AV-48,usace_2023_entrance_with_panjiva_AUTHORITATIVE_v1.0.0,Port_Region,PORT_003,Port Region,text,"California, California, California"
A-1,usace_2023_clearance_with_panjiva_AUTHORITATIVE_v1.0.0,RECID,,UNMAPPED,numeric,"1, 2, 3"
B-2,usace_2023_clearance_with_panjiva_AUTHORITATIVE_v1.0.0,Count,CARGO_007,Quantity,numeric,"1, 1, 1"
C-3,usace_2023_clearance_with_panjiva_AUTHORITATIVE_v1.0.0,TYPEDOC,VESSEL_003,Vessel Type,text,"Exports, Exports, Exports"
D-4,usace_2023_clearance_with_panjiva_AUTHORITATIVE_v1.0.0,Clearance_Date,DOCUMENT_004,Clearance Date,numeric,"7327, 5303, 3324"
E-5,usace_2023_clearance_with_panjiva_AUTHORITATIVE_v1.0.0,PORT,PORT_001,Port Name,numeric,"2031, 2031, 552"
F-6,usace_2023_clearance_with_panjiva_AUTHORITATIVE_v1.0.0,Clearance_Port_Name,PORT_001,Port Name,text,"Port of Houston Authority of Harris County, TX, Port of Houston Authority of Harris County, TX, Philadelphia Regional Port Authority, PA"
G-7,usace_2023_clearance_with_panjiva_AUTHORITATIVE_v1.0.0,US_Port_USACE,PORT_001,Port Name,text,"Port of Houston Authority of Harris County, TX, Port of Houston Authority of Harris County, TX, Philadelphia Regional Port Authority, PA"
H-8,usace_2023_clearance_with_panjiva_AUTHORITATIVE_v1.0.0,PWW_IND,,UNMAPPED,text,"Port, Port, Port"
I-9,usace_2023_clearance_with_panjiva_AUTHORITATIVE_v1.0.0,Vessel,VESSEL_001,Vessel Name,text,"CLIPPER EIRENE, NAVIGATOR AURORA, NAVIGATOR AURORA"
J-10,usace_2023_clearance_with_panjiva_AUTHORITATIVE_v1.0.0,IMO,VESSEL_002,IMO Number,numeric,"9834715.0, 9726322.0, 9726322.0"
K-11,usace_2023_clearance_with_panjiva_AUTHORITATIVE_v1.0.0,RIG_DESC,,UNMAPPED,text,"Motor, steam tanker, Motor, steam tanker, Motor, steam tanker"
L-12,usace_2023_clearance_with_panjiva_AUTHORITATIVE_v1.0.0,ICST_DESC,VESSEL_003,Vessel Type,text,"LPG CARRIER, LPG CARRIER, LPG CARRIER"
M-13,usace_2023_clearance_with_panjiva_AUTHORITATIVE_v1.0.0,FLAG_CTRY,VESSEL_005,Flag Country,text,"Norway, Liberia, Liberia"
N-14,usace_2023_clearance_with_panjiva_AUTHORITATIVE_v1.0.0,NRT,VESSEL_010,Net Register Tonnage (NRT),numeric,"5738, 8263, 8263"
O-15,usace_2023_clearance_with_panjiva_AUTHORITATIVE_v1.0.0,GRT,,UNMAPPED,numeric,"18898, 27546, 27546"
P-16,usace_2023_clearance_with_panjiva_AUTHORITATIVE_v1.0.0,DRAFT_FT,VESSEL_008,Draft,numeric,"27, 33, 34"
Q-17,usace_2023_clearance_with_panjiva_AUTHORITATIVE_v1.0.0,DRAFT_IN,VESSEL_008,Draft,numeric,"9, 8, 1"
R-18,usace_2023_clearance_with_panjiva_AUTHORITATIVE_v1.0.0,CONTAINER,,UNMAPPED,text,"C, C, C"
S-19,usace_2023_clearance_with_panjiva_AUTHORITATIVE_v1.0.0,Vessel_Type,VESSEL_003,Vessel Type,text,"LPG-Medium Gas Carrier, LPG-Medium Gas Carrier, LPG-Medium Gas Carrier"
T-20,usace_2023_clearance_with_panjiva_AUTHORITATIVE_v1.0.0,Vessel_DWT,VESSEL_001,Vessel Name,numeric,"18063.0, 27037.0, 27037.0"
U-21,usace_2023_clearance_with_panjiva_AUTHORITATIVE_v1.0.0,Vessel_Grain,VESSEL_001,Vessel Name,numeric,"0.0, 0.0, 0.0"
V-22,usace_2023_clearance_with_panjiva_AUTHORITATIVE_v1.0.0,Vessel_TPC,VESSEL_001,Vessel Name,numeric,"35.7, 44.3, 44.3"
W-23,usace_2023_clearance_with_panjiva_AUTHORITATIVE_v1.0.0,Vessel_Dwt_Draft_m,VESSEL_001,Vessel Name,numeric,"9.016, 11.0, 11.0"
X-24,usace_2023_clearance_with_panjiva_AUTHORITATIVE_v1.0.0,Vessel_Dwt_Draft_ft,VESSEL_001,Vessel Name,numeric,"29.58, 36.09, 36.09"
Y-25,usace_2023_clearance_with_panjiva_AUTHORITATIVE_v1.0.0,Vessel_Match_Method,VESSEL_001,Vessel Name,text,"IMO, IMO, IMO"
Z-26,usace_2023_clearance_with_panjiva_AUTHORITATIVE_v1.0.0,Draft_Pct_of_Max,VESSEL_008,Draft,numeric,"93.8, 93.3, 94.4"
AA-27,usace_2023_clearance_with_panjiva_AUTHORITATIVE_v1.0.0,Forecasted_Activity,,UNMAPPED,text,"Discharge, Discharge, Discharge"
AB-28,usace_2023_clearance_with_panjiva_AUTHORITATIVE_v1.0.0,WHERE_IND,,UNMAPPED,text,"Foreign, Foreign, Foreign"
AC-29,usace_2023_clearance_with_panjiva_AUTHORITATIVE_v1.0.0,WHERE_PORT,PORT_001,Port Name,numeric,
AD-30,usace_2023_clearance_with_panjiva_AUTHORITATIVE_v1.0.0,Previous_US_Port_USACE,PORT_001,Port Name,numeric,
AE-31,usace_2023_clearance_with_panjiva_AUTHORITATIVE_v1.0.0,WHERE_SCHEDK,,UNMAPPED,numeric,"40176.0, 40176.0, 40176.0"
AF-32,usace_2023_clearance_with_panjiva_AUTHORITATIVE_v1.0.0,Previous_Foreign_Port,PORT_001,Port Name,text,"Stenungsund, Stenungsund, Stenungsund"
AG-33,usace_2023_clearance_with_panjiva_AUTHORITATIVE_v1.0.0,Previous_Foreign_Country,PORT_005,Port Country,text,"Sweden, Sweden, Sweden"
AH-34,usace_2023_clearance_with_panjiva_AUTHORITATIVE_v1.0.0,WHERE_NAME,,UNMAPPED,text,"Stenungsund, Stenungsund, Stenungsund"
AI-35,usace_2023_clearance_with_panjiva_AUTHORITATIVE_v1.0.0,WHERE_CTRY,,UNMAPPED,text,"Sweden, Sweden, Sweden"
AJ-36,usace_2023_clearance_with_panjiva_AUTHORITATIVE_v1.0.0,Group,CARGO_008,Cargo Group,text,"Liquid Gas, Liquid Gas, Liquid Gas"
AK-37,usace_2023_clearance_with_panjiva_AUTHORITATIVE_v1.0.0,Commodity,CARGO_009,Cargo Commodity,text,"Gas, Gas, Gas"
AL-38,usace_2023_clearance_with_panjiva_AUTHORITATIVE_v1.0.0,Port_Consolidated,PORT_001,Port Name,text,"Houston, Houston, Delaware River"
AM-39,usace_2023_clearance_with_panjiva_AUTHORITATIVE_v1.0.0,Port_Coast,PORT_004,Port Coast,text,"Gulf, Gulf, East"
AN-40,usace_2023_clearance_with_panjiva_AUTHORITATIVE_v1.0.0,Port_Region,PORT_003,Port Region,text,"North Texas, North Texas, Mid-Atlantic"
AO-41,usace_2023_clearance_with_panjiva_AUTHORITATIVE_v1.0.0,VOY_RECID,,UNMAPPED,text,"VOY_EXP_0008499, VOY_EXP_0006656, VOY_EXP_0013653"
AP-42,usace_2023_clearance_with_panjiva_AUTHORITATIVE_v1.0.0,Panjiva_Carrier,PARTY_003,Carrier,text,"SKBK - Solvang Asa, NGML - Navigator Gas, SKBK - Solvang Asa"
AQ-43,usace_2023_clearance_with_panjiva_AUTHORITATIVE_v1.0.0,Panjiva_Shipper,PARTY_001,Shipper,text,"Enterprise Products Oper, Enterprise Products Oper, Enterprise Products Oper"
AR-44,usace_2023_clearance_with_panjiva_AUTHORITATIVE_v1.0.0,Panjiva_Tons,CARGO_003,Weight (Metric Tons),numeric,"11071.01, 19610.02, 11118.01"
AS-45,usace_2023_clearance_with_panjiva_AUTHORITATIVE_v1.0.0,Match_Days_Offset,,UNMAPPED,numeric,"0.0, 0.0, 0.0"
AT-46,usace_2023_clearance_with_panjiva_AUTHORITATIVE_v1.0.0,Match_Pass,,UNMAPPED,numeric,"1.0, 1.0, 1.0"
AU-47,usace_2023_clearance_with_panjiva_AUTHORITATIVE_v1.0.0,Match_Method,,UNMAPPED,text,"Vessel_Name, Vessel_Name, Vessel_Name"
A-1,panjiva_imports_2023_with_portcall_AUTHORITATIVE_v1.0.0,Bill of Lading Number,DOCUMENT_001,Bill of Lading,text,"WLWHDE2319519, WLWHDE2321621, WLWHBE2324894A"
B-2,panjiva_imports_2023_with_portcall_AUTHORITATIVE_v1.0.0,Arrival Date,DOCUMENT_003,Arrival Date,text,"2023-03-12, 2023-03-12, 2023-03-12"
C-3,panjiva_imports_2023_with_portcall_AUTHORITATIVE_v1.0.0,Consignee,PARTY_002,Consignee,text,"Eyachts Nz Ltd., Webbline Agriculture Ltd., Mercedes Benz Australia Pacific P L"
D-4,panjiva_imports_2023_with_portcall_AUTHORITATIVE_v1.0.0,Consignee (Original Format),PARTY_002,Consignee,text,"EYACHTS NZ LIMITED
21 QUEEN STREET
LEVEL 4  ZURICH, WEBBLINE AGRICULTURE LTD
150 INGRAM ROAD
WAIKATO P, MERCEDES BENZ AUSTRALIA   PACIFIC P
P O BOX 4214
M"
E-5,panjiva_imports_2023_with_portcall_AUTHORITATIVE_v1.0.0,Consignee SIC Codes,PARTY_002,Consignee,text,"5012, 5013, 5511, 5531, 5211, 5211"
F-6,panjiva_imports_2023_with_portcall_AUTHORITATIVE_v1.0.0,Shipper,PARTY_001,Shipper,text,"Axopar Boats Oy, Bernard Van Lengerich Maschinenfabr, Mercedes Benz"
G-7,panjiva_imports_2023_with_portcall_AUTHORITATIVE_v1.0.0,Shipper (Original Format),PARTY_001,Shipper,text,"AXOPAR BOATS OY
PIRITAN AUKIO 3 A 10
HELSINKI FI, BERNARD VAN LENGERICH MASCHINENFABR
GRENZSTRASSE 1, MERCEDES BENZ AG
MERCEDESSTRASSE 120
STUTTGART DE"
H-8,panjiva_imports_2023_with_portcall_AUTHORITATIVE_v1.0.0,Shipper SIC Codes,PARTY_001,Shipper,text,"3523, 3552, 3559, 3599, 7389, 8699, 2421, 5031, 5989"
I-9,panjiva_imports_2023_with_portcall_AUTHORITATIVE_v1.0.0,Notify Party,PARTY_004,Notify Party,text,"IYT LOGISTICS PTY LTD
28 34 ROSEBERRY STREET, UNIT, ROMEX
2189 MEMORIAL DR ALEXANDRIA, LOUISIANA 71301, CENTRAL OCEANS USA
698 BERKMAR CIRCLE CHARLOTTESVI"
J-10,panjiva_imports_2023_with_portcall_AUTHORITATIVE_v1.0.0,Carrier,PARTY_003,Carrier,text,"WLWH - Wallenius Wilhelmsen Logistics Americas Llc, WLWH - Wallenius Wilhelmsen Logistics Americas Llc, WLWH - Wallenius Wilhelmsen Logistics Americas Llc"
K-11,panjiva_imports_2023_with_portcall_AUTHORITATIVE_v1.0.0,Origin (F),,UNMAPPED,text,"Finland, Germany, Germany"
L-12,panjiva_imports_2023_with_portcall_AUTHORITATIVE_v1.0.0,Destination (D),,UNMAPPED,text,"New Zealand, New Zealand, Australia"
M-13,panjiva_imports_2023_with_portcall_AUTHORITATIVE_v1.0.0,Port of Discharge (D),PORT_001,Port Name,text,"Baltimore, Maryland, Baltimore, Maryland, Baltimore, Maryland"
N-14,panjiva_imports_2023_with_portcall_AUTHORITATIVE_v1.0.0,Port of Loading (F),PORT_001,Port Name,text,"Bremerhaven, Germany, Bremerhaven, Germany, Zeebrugge, Belgium"
O-15,panjiva_imports_2023_with_portcall_AUTHORITATIVE_v1.0.0,Country of Origin (F),PORT_005,Port Country,text,"Germany, Germany, Belgium"
P-16,panjiva_imports_2023_with_portcall_AUTHORITATIVE_v1.0.0,Place of Receipt (F),,UNMAPPED,text,"BREMERHAVEN, BREMERHAVEN, ZEEBRUGGE"
Q-17,panjiva_imports_2023_with_portcall_AUTHORITATIVE_v1.0.0,Port_Consolidated,PORT_001,Port Name,text,"Baltimore, Baltimore, Baltimore"
R-18,panjiva_imports_2023_with_portcall_AUTHORITATIVE_v1.0.0,Port_Coast,PORT_004,Port Coast,text,"East, East, East"
S-19,panjiva_imports_2023_with_portcall_AUTHORITATIVE_v1.0.0,Port_Region,PORT_003,Port Region,text,"Mid-Atlantic, Mid-Atlantic, Mid-Atlantic"
T-20,panjiva_imports_2023_with_portcall_AUTHORITATIVE_v1.0.0,Port_Code,PORT_002,Port Code,numeric,"1303.0, 1303.0, 1303.0"
U-21,panjiva_imports_2023_with_portcall_AUTHORITATIVE_v1.0.0,Vessel,VESSEL_001,Vessel Name,text,"TONSBERG, TONSBERG, TONSBERG"
V-22,panjiva_imports_2023_with_portcall_AUTHORITATIVE_v1.0.0,Voyage,DOCUMENT_002,Voyage ID,text,"EF304, EF304, EF304"
W-23,panjiva_imports_2023_with_portcall_AUTHORITATIVE_v1.0.0,IMO,VESSEL_002,IMO Number,numeric,"9515383.0, 9515383.0, 9515383.0"
X-24,panjiva_imports_2023_with_portcall_AUTHORITATIVE_v1.0.0,Is Containerized,MEASUREMENT_003,Is Containerized,numeric,
Y-25,panjiva_imports_2023_with_portcall_AUTHORITATIVE_v1.0.0,Measurement,MEASUREMENT_001,Measurement Unit,text,"83 M, 90 M, 40 M"
Z-26,panjiva_imports_2023_with_portcall_AUTHORITATIVE_v1.0.0,Kilos,CARGO_004,Weight (Kilograms),numeric,"3200.0, 12200.0, 5230.0"
AA-27,panjiva_imports_2023_with_portcall_AUTHORITATIVE_v1.0.0,Tons,CARGO_003,Weight (Metric Tons),numeric,"3.2, 12.2, 5.23"
AB-28,panjiva_imports_2023_with_portcall_AUTHORITATIVE_v1.0.0,Weight (Original Format),CARGO_005,Weight (Original Format),text,"3200 K, 12200 K, 5230 K"
AC-29,panjiva_imports_2023_with_portcall_AUTHORITATIVE_v1.0.0,Value,CARGO_006,Value (USD),numeric,"48500.0, 111000.0, 89300.0"
AD-30,panjiva_imports_2023_with_portcall_AUTHORITATIVE_v1.0.0,HS Code Desc.,CARGO_001,HS Code,text,"Classified: 8903.99, Classified: 8436.10, Classified: 8703.23"
AE-31,panjiva_imports_2023_with_portcall_AUTHORITATIVE_v1.0.0,Goods Shipped,CARGO_002,Goods Description,text,"NEW AXOPAR 28 # 230757 BOAT O, NEW BVL VERTICAL MIXER FEEDER, MERCEDES BENZ A CLASS 2023 MERCEDES BENZ CLA CLASS"
AF-32,panjiva_imports_2023_with_portcall_AUTHORITATIVE_v1.0.0,Carrier Name,PARTY_003,Carrier,text,"WLWH - Wallenius Wilhelmsen Logistics Americas Llc, WLWH - Wallenius Wilhelmsen Logistics Americas Llc, WLWH - Wallenius Wilhelmsen Logistics Americas Llc"
AG-33,panjiva_imports_2023_with_portcall_AUTHORITATIVE_v1.0.0,Qty,CARGO_005,Weight (Original Format),numeric,"1, 1, 3"
AH-34,panjiva_imports_2023_with_portcall_AUTHORITATIVE_v1.0.0,Pckg,MEASUREMENT_002,Package Type,text,"UNT, UNT, VEH"
AI-35,panjiva_imports_2023_with_portcall_AUTHORITATIVE_v1.0.0,HS2,CARGO_001,HS Code,numeric,"89.0, 84.0, 87.0"
AJ-36,panjiva_imports_2023_with_portcall_AUTHORITATIVE_v1.0.0,HS4,CARGO_001,HS Code,numeric,"8903.0, 8436.0, 8703.0"
AK-37,panjiva_imports_2023_with_portcall_AUTHORITATIVE_v1.0.0,HS6,CARGO_001,HS Code,numeric,"890399.0, 843610.0, 870323.0"
AL-38,panjiva_imports_2023_with_portcall_AUTHORITATIVE_v1.0.0,RAW_REC_ID,,UNMAPPED,text,"PANV-20260112-00020001, PANV-20260112-00020002, PANV-20260112-00020003"
AM-39,panjiva_imports_2023_with_portcall_AUTHORITATIVE_v1.0.0,VOY_RECID,,UNMAPPED,text,"VOY_0000001, VOY_0000001, VOY_0000001"
AN-40,panjiva_imports_2023_with_portcall_AUTHORITATIVE_v1.0.0,Group_Concat,CARGO_008,Cargo Group,numeric,
AO-41,panjiva_imports_2023_with_portcall_AUTHORITATIVE_v1.0.0,Commodity_Concat,CARGO_009,Cargo Commodity,numeric,
AP-42,panjiva_imports_2023_with_portcall_AUTHORITATIVE_v1.0.0,Count,CARGO_007,Quantity,numeric,"1, 1, 1"
AQ-43,panjiva_imports_2023_with_portcall_AUTHORITATIVE_v1.0.0,Group,CARGO_008,Cargo Group,numeric,
AR-44,panjiva_imports_2023_with_portcall_AUTHORITATIVE_v1.0.0,Commodity,CARGO_009,Cargo Commodity,numeric,
AS-45,panjiva_imports_2023_with_portcall_AUTHORITATIVE_v1.0.0,Cargo,CARGO_010,Cargo Type,numeric,
AT-46,panjiva_imports_2023_with_portcall_AUTHORITATIVE_v1.0.0,Cargo Detail,CARGO_011,Cargo Detail,numeric,
AU-47,panjiva_imports_2023_with_portcall_AUTHORITATIVE_v1.0.0,Report_One,PORT_001,Port Name,numeric,
AV-48,panjiva_imports_2023_with_portcall_AUTHORITATIVE_v1.0.0,Report_Two,PORT_001,Port Name,numeric,
AW-49,panjiva_imports_2023_with_portcall_AUTHORITATIVE_v1.0.0,Report_Three,PORT_001,Port Name,numeric,
AX-50,panjiva_imports_2023_with_portcall_AUTHORITATIVE_v1.0.0,Report_Four,PORT_001,Port Name,numeric,
AY-51,panjiva_imports_2023_with_portcall_AUTHORITATIVE_v1.0.0,Filter,,UNMAPPED,numeric,
AZ-52,panjiva_imports_2023_with_portcall_AUTHORITATIVE_v1.0.0,Note,,UNMAPPED,numeric,
BA-53,panjiva_imports_2023_with_portcall_AUTHORITATIVE_v1.0.0,Type,VESSEL_003,Vessel Type,numeric,
BB-54,panjiva_imports_2023_with_portcall_AUTHORITATIVE_v1.0.0,DWT,VESSEL_004,Deadweight Tonnage (DWT),numeric,
A-1,panjiva_exports_2023_with_portcall_AUTHORITATIVE_v1.0.0,VOY_RECID,,UNMAPPED,text,"VOY_EXP_0000001, VOY_EXP_0000002, VOY_EXP_0000003"
B-2,panjiva_exports_2023_with_portcall_AUTHORITATIVE_v1.0.0,Vessel,VESSEL_001,Vessel Name,text,"SEASPEED, PEPIN EXPRESS, KOKSIJDE"
C-3,panjiva_exports_2023_with_portcall_AUTHORITATIVE_v1.0.0,Port_of_Lading,PORT_001,Port Name,text,"Port Freeport, Freeport, Texas, Port Of Entry-Miami Seaport, Miami, Florida, MARCUS HOOK, Marcus Hook, Pennsylvania"
D-4,panjiva_exports_2023_with_portcall_AUTHORITATIVE_v1.0.0,Shipment_Date,DOCUMENT_005,Shipment Date,text,"2023-01-20, 2023-01-20, 2023-01-20"
E-5,panjiva_exports_2023_with_portcall_AUTHORITATIVE_v1.0.0,Carrier,PARTY_003,Carrier,text,"GACK - Gac Shipping (Usa) Inc., AMLU - Antillean Marine Shipping Corp, HTPE - Host, T Parker Inc"
F-6,panjiva_exports_2023_with_portcall_AUTHORITATIVE_v1.0.0,Shipper,PARTY_001,Shipper,text,"Geogas Trading, Not Specified, Atlantic Trading & Marketing Inc."
G-7,panjiva_exports_2023_with_portcall_AUTHORITATIVE_v1.0.0,Total_Tons,CARGO_003,Weight (Metric Tons),numeric,"21028.02, 3.28, 21639.02"
H-8,panjiva_exports_2023_with_portcall_AUTHORITATIVE_v1.0.0,Port_Consolidated,PORT_001,Port Name,text,"Sabine River, South Florida, San Franciso"
I-9,panjiva_exports_2023_with_portcall_AUTHORITATIVE_v1.0.0,Port_Coast,PORT_004,Port Coast,text,"Gulf, East, West"
J-10,panjiva_exports_2023_with_portcall_AUTHORITATIVE_v1.0.0,Port_Region,PORT_003,Port Region,text,"North Texas, South Atlantic, California"
A-1,usace_2023_entrance_with_import_flags_v2.0.0_20260116_1641,RECID,,UNMAPPED,numeric,"4587, 45002, 23321"
B-2,usace_2023_entrance_with_import_flags_v2.0.0_20260116_1641,Count,CARGO_007,Quantity,numeric,"1, 1, 1"
C-3,usace_2023_entrance_with_import_flags_v2.0.0_20260116_1641,TYPEDOC,VESSEL_003,Vessel Type,text,"Imports, Imports, Imports"
D-4,usace_2023_entrance_with_import_flags_v2.0.0_20260116_1641,Arrival_Date,DOCUMENT_003,Arrival Date,numeric,"12316, 11306, 6327"
E-5,usace_2023_entrance_with_import_flags_v2.0.0_20260116_1641,PORT,PORT_001,Port Name,numeric,"2160, 2393, 2393"
F-6,usace_2023_entrance_with_import_flags_v2.0.0_20260116_1641,Arrival_Port_Name,PORT_001,Port Name,text,"Canaveral Port District, FL, Beaumont, TX, Beaumont, TX"
G-7,usace_2023_entrance_with_import_flags_v2.0.0_20260116_1641,US_Port_USACE,PORT_001,Port Name,text,"Canaveral Port District, FL, Beaumont, TX, Beaumont, TX"
H-8,usace_2023_entrance_with_import_flags_v2.0.0_20260116_1641,Port_Consolidated,PORT_001,Port Name,text,"North Florida, Sabine River, Sabine River"
I-9,usace_2023_entrance_with_import_flags_v2.0.0_20260116_1641,Port_Coast,PORT_004,Port Coast,text,"East, Gulf, Gulf"
J-10,usace_2023_entrance_with_import_flags_v2.0.0_20260116_1641,Port_Region,PORT_003,Port Region,text,"South Atlantic, North Texas, North Texas"
K-11,usace_2023_entrance_with_import_flags_v2.0.0_20260116_1641,PWW_IND,,UNMAPPED,text,"Port, Port, Port"
L-12,usace_2023_entrance_with_import_flags_v2.0.0_20260116_1641,Vessel,VESSEL_001,Vessel Name,text,"MARDI GRAS, MISS CHARLOTTE, STI ESLES II"
M-13,usace_2023_entrance_with_import_flags_v2.0.0_20260116_1641,IMO,VESSEL_002,IMO Number,numeric,"9837444.0, 8982539.0, 9794434.0"
N-14,usace_2023_entrance_with_import_flags_v2.0.0_20260116_1641,RIG_DESC,,UNMAPPED,text,"Motor, steam dry cargo, Motor, steam dry cargo, Motor, steam tanker"
O-15,usace_2023_entrance_with_import_flags_v2.0.0_20260116_1641,ICST_DESC,VESSEL_003,Vessel Type,text,"CRUISE, TUG/SUPPLY OFFSHORE SUPPORT, CHEMICAL TANKER"
P-16,usace_2023_entrance_with_import_flags_v2.0.0_20260116_1641,FLAG_CTRY,VESSEL_005,Flag Country,text,"Bahamas, United States of America, Marshall Islands"
Q-17,usace_2023_entrance_with_import_flags_v2.0.0_20260116_1641,NRT,VESSEL_010,Net Register Tonnage (NRT),numeric,"0, 75, 13718"
R-18,usace_2023_entrance_with_import_flags_v2.0.0_20260116_1641,GRT,,UNMAPPED,numeric,"181808, 251, 29804"
S-19,usace_2023_entrance_with_import_flags_v2.0.0_20260116_1641,DRAFT_FT,VESSEL_008,Draft,numeric,"28, 5, 30"
T-20,usace_2023_entrance_with_import_flags_v2.0.0_20260116_1641,DRAFT_IN,VESSEL_008,Draft,numeric,"11, 6, 6"
U-21,usace_2023_entrance_with_import_flags_v2.0.0_20260116_1641,CONTAINER,,UNMAPPED,text,"C, C, C"
V-22,usace_2023_entrance_with_import_flags_v2.0.0_20260116_1641,Vessel_Type,VESSEL_003,Vessel Type,text,"Cruise-150,000-199,999gt, Tanker-MR2, LNG-New Panamax"
W-23,usace_2023_entrance_with_import_flags_v2.0.0_20260116_1641,Vessel_DWT,VESSEL_001,Vessel Name,numeric,"17000.0, 100.0, 49990.0"
X-24,usace_2023_entrance_with_import_flags_v2.0.0_20260116_1641,Vessel_Grain,VESSEL_001,Vessel Name,numeric,"0.0, 0.0, 0.0"
Y-25,usace_2023_entrance_with_import_flags_v2.0.0_20260116_1641,Vessel_TPC,VESSEL_001,Vessel Name,numeric,"0.0, 0.0, 52.3"
Z-26,usace_2023_entrance_with_import_flags_v2.0.0_20260116_1641,Vessel_Dwt_Draft_m,VESSEL_001,Vessel Name,numeric,"8.8, 0.0, 13.105"
AA-27,usace_2023_entrance_with_import_flags_v2.0.0_20260116_1641,Vessel_Dwt_Draft_ft,VESSEL_001,Vessel Name,numeric,"28.87, 0.0, 43.0"
AB-28,usace_2023_entrance_with_import_flags_v2.0.0_20260116_1641,Vessel_Match_Method,VESSEL_001,Vessel Name,text,"IMO, IMO, IMO"
AC-29,usace_2023_entrance_with_import_flags_v2.0.0_20260116_1641,Draft_Pct_of_Max,VESSEL_008,Draft,numeric,"100.2, 70.9, 86.4"
AD-30,usace_2023_entrance_with_import_flags_v2.0.0_20260116_1641,Forecasted_Activity,,UNMAPPED,text,"Discharge, Discharge, Discharge"
AE-31,usace_2023_entrance_with_import_flags_v2.0.0_20260116_1641,WHERE_IND,,UNMAPPED,text,"Foreign, Foreign, Foreign"
AF-32,usace_2023_entrance_with_import_flags_v2.0.0_20260116_1641,WHERE_PORT,PORT_001,Port Name,numeric,"2704.0, 2101.0, 5301.0"
AG-33,usace_2023_entrance_with_import_flags_v2.0.0_20260116_1641,Previous_US_Port_USACE,PORT_001,Port Name,text,"Jacksonville, FL, Rochester, NY"
AH-34,usace_2023_entrance_with_import_flags_v2.0.0_20260116_1641,WHERE_SCHEDK,,UNMAPPED,numeric,"21535.0, 99930.0, 20199.0"
AI-35,usace_2023_entrance_with_import_flags_v2.0.0_20260116_1641,Previous_Foreign_Port,PORT_001,Port Name,text,"Roatan Island, High Seas,Gulf of Mexico, Veracruz"
AJ-36,usace_2023_entrance_with_import_flags_v2.0.0_20260116_1641,Previous_Foreign_Country,PORT_005,Port Country,text,"Honduras, Unknown, Mexico"
AK-37,usace_2023_entrance_with_import_flags_v2.0.0_20260116_1641,WHERE_NAME,,UNMAPPED,text,"Isla Roatan, High Seas,Gulf of America, Veracruz"
AL-38,usace_2023_entrance_with_import_flags_v2.0.0_20260116_1641,WHERE_CTRY,,UNMAPPED,text,"Honduras, Unknown, Mexico"
AM-39,usace_2023_entrance_with_import_flags_v2.0.0_20260116_1641,Group,CARGO_008,Cargo Group,text,"Other, Other, Liquid Bulk"
AN-40,usace_2023_entrance_with_import_flags_v2.0.0_20260116_1641,Commodity,CARGO_009,Cargo Commodity,text,"Cruise, Offshore, Parcel"
AO-41,usace_2023_entrance_with_import_flags_v2.0.0_20260116_1641,Tons,CARGO_003,Weight (Metric Tons),numeric,
AP-42,usace_2023_entrance_with_import_flags_v2.0.0_20260116_1641,Carrier_Name,PARTY_003,Carrier,numeric,
AQ-43,usace_2023_entrance_with_import_flags_v2.0.0_20260116_1641,Agency_Fee,,UNMAPPED,text,"$2,500, $0, $3,750"
AR-44,usace_2023_entrance_with_import_flags_v2.0.0_20260116_1641,Agency_Fee_Adj,,UNMAPPED,numeric,
AS-45,usace_2023_entrance_with_import_flags_v2.0.0_20260116_1641,Arrival_Date_Parsed,DOCUMENT_003,Arrival Date,text,"1970-01-01 00:00:00.000012316, 1970-01-01 00:00:00.000011306, 1970-01-01 00:00:00.000006327"
AT-46,usace_2023_entrance_with_import_flags_v2.0.0_20260116_1641,Has_Import_Manifest,DOCUMENT_001,Bill of Lading,boolean,"False, False, False"
AU-47,usace_2023_entrance_with_import_flags_v2.0.0_20260116_1641,Import_VOY_RECID,PORT_001,Port Name,numeric,
A-1,usace_2023_entrance_with_import_flags_v2.0.0_20260116_1650,RECID,,UNMAPPED,numeric,"4587, 45002, 23321"
B-2,usace_2023_entrance_with_import_flags_v2.0.0_20260116_1650,Count,CARGO_007,Quantity,numeric,"1, 1, 1"
C-3,usace_2023_entrance_with_import_flags_v2.0.0_20260116_1650,TYPEDOC,VESSEL_003,Vessel Type,text,"Imports, Imports, Imports"
D-4,usace_2023_entrance_with_import_flags_v2.0.0_20260116_1650,Arrival_Date,DOCUMENT_003,Arrival Date,numeric,"12316, 11306, 6327"
E-5,usace_2023_entrance_with_import_flags_v2.0.0_20260116_1650,PORT,PORT_001,Port Name,numeric,"2160, 2393, 2393"
F-6,usace_2023_entrance_with_import_flags_v2.0.0_20260116_1650,Arrival_Port_Name,PORT_001,Port Name,text,"Canaveral Port District, FL, Beaumont, TX, Beaumont, TX"
G-7,usace_2023_entrance_with_import_flags_v2.0.0_20260116_1650,US_Port_USACE,PORT_001,Port Name,text,"Canaveral Port District, FL, Beaumont, TX, Beaumont, TX"
H-8,usace_2023_entrance_with_import_flags_v2.0.0_20260116_1650,Port_Consolidated,PORT_001,Port Name,text,"North Florida, Sabine River, Sabine River"
I-9,usace_2023_entrance_with_import_flags_v2.0.0_20260116_1650,Port_Coast,PORT_004,Port Coast,text,"East, Gulf, Gulf"
J-10,usace_2023_entrance_with_import_flags_v2.0.0_20260116_1650,Port_Region,PORT_003,Port Region,text,"South Atlantic, North Texas, North Texas"
K-11,usace_2023_entrance_with_import_flags_v2.0.0_20260116_1650,PWW_IND,,UNMAPPED,text,"Port, Port, Port"
L-12,usace_2023_entrance_with_import_flags_v2.0.0_20260116_1650,Vessel,VESSEL_001,Vessel Name,text,"MARDI GRAS, MISS CHARLOTTE, STI ESLES II"
M-13,usace_2023_entrance_with_import_flags_v2.0.0_20260116_1650,IMO,VESSEL_002,IMO Number,numeric,"9837444.0, 8982539.0, 9794434.0"
N-14,usace_2023_entrance_with_import_flags_v2.0.0_20260116_1650,RIG_DESC,,UNMAPPED,text,"Motor, steam dry cargo, Motor, steam dry cargo, Motor, steam tanker"
O-15,usace_2023_entrance_with_import_flags_v2.0.0_20260116_1650,ICST_DESC,VESSEL_003,Vessel Type,text,"CRUISE, TUG/SUPPLY OFFSHORE SUPPORT, CHEMICAL TANKER"
P-16,usace_2023_entrance_with_import_flags_v2.0.0_20260116_1650,FLAG_CTRY,VESSEL_005,Flag Country,text,"Bahamas, United States of America, Marshall Islands"
Q-17,usace_2023_entrance_with_import_flags_v2.0.0_20260116_1650,NRT,VESSEL_010,Net Register Tonnage (NRT),numeric,"0, 75, 13718"
R-18,usace_2023_entrance_with_import_flags_v2.0.0_20260116_1650,GRT,,UNMAPPED,numeric,"181808, 251, 29804"
S-19,usace_2023_entrance_with_import_flags_v2.0.0_20260116_1650,DRAFT_FT,VESSEL_008,Draft,numeric,"28, 5, 30"
T-20,usace_2023_entrance_with_import_flags_v2.0.0_20260116_1650,DRAFT_IN,VESSEL_008,Draft,numeric,"11, 6, 6"
U-21,usace_2023_entrance_with_import_flags_v2.0.0_20260116_1650,CONTAINER,,UNMAPPED,text,"C, C, C"
V-22,usace_2023_entrance_with_import_flags_v2.0.0_20260116_1650,Vessel_Type,VESSEL_003,Vessel Type,text,"Cruise-150,000-199,999gt, Tanker-MR2, LNG-New Panamax"
W-23,usace_2023_entrance_with_import_flags_v2.0.0_20260116_1650,Vessel_DWT,VESSEL_001,Vessel Name,numeric,"17000.0, 100.0, 49990.0"
X-24,usace_2023_entrance_with_import_flags_v2.0.0_20260116_1650,Vessel_Grain,VESSEL_001,Vessel Name,numeric,"0.0, 0.0, 0.0"
Y-25,usace_2023_entrance_with_import_flags_v2.0.0_20260116_1650,Vessel_TPC,VESSEL_001,Vessel Name,numeric,"0.0, 0.0, 52.3"
Z-26,usace_2023_entrance_with_import_flags_v2.0.0_20260116_1650,Vessel_Dwt_Draft_m,VESSEL_001,Vessel Name,numeric,"8.8, 0.0, 13.105"
AA-27,usace_2023_entrance_with_import_flags_v2.0.0_20260116_1650,Vessel_Dwt_Draft_ft,VESSEL_001,Vessel Name,numeric,"28.87, 0.0, 43.0"
AB-28,usace_2023_entrance_with_import_flags_v2.0.0_20260116_1650,Vessel_Match_Method,VESSEL_001,Vessel Name,text,"IMO, IMO, IMO"
AC-29,usace_2023_entrance_with_import_flags_v2.0.0_20260116_1650,Draft_Pct_of_Max,VESSEL_008,Draft,numeric,"100.2, 70.9, 86.4"
AD-30,usace_2023_entrance_with_import_flags_v2.0.0_20260116_1650,Forecasted_Activity,,UNMAPPED,text,"Discharge, Discharge, Discharge"
AE-31,usace_2023_entrance_with_import_flags_v2.0.0_20260116_1650,WHERE_IND,,UNMAPPED,text,"Foreign, Foreign, Foreign"
AF-32,usace_2023_entrance_with_import_flags_v2.0.0_20260116_1650,WHERE_PORT,PORT_001,Port Name,numeric,"2704.0, 2101.0, 5301.0"
AG-33,usace_2023_entrance_with_import_flags_v2.0.0_20260116_1650,Previous_US_Port_USACE,PORT_001,Port Name,text,"Jacksonville, FL, Rochester, NY"
AH-34,usace_2023_entrance_with_import_flags_v2.0.0_20260116_1650,WHERE_SCHEDK,,UNMAPPED,numeric,"21535.0, 99930.0, 20199.0"
AI-35,usace_2023_entrance_with_import_flags_v2.0.0_20260116_1650,Previous_Foreign_Port,PORT_001,Port Name,text,"Roatan Island, High Seas,Gulf of Mexico, Veracruz"
AJ-36,usace_2023_entrance_with_import_flags_v2.0.0_20260116_1650,Previous_Foreign_Country,PORT_005,Port Country,text,"Honduras, Unknown, Mexico"
AK-37,usace_2023_entrance_with_import_flags_v2.0.0_20260116_1650,WHERE_NAME,,UNMAPPED,text,"Isla Roatan, High Seas,Gulf of America, Veracruz"
AL-38,usace_2023_entrance_with_import_flags_v2.0.0_20260116_1650,WHERE_CTRY,,UNMAPPED,text,"Honduras, Unknown, Mexico"
AM-39,usace_2023_entrance_with_import_flags_v2.0.0_20260116_1650,Group,CARGO_008,Cargo Group,text,"Other, Other, Liquid Bulk"
AN-40,usace_2023_entrance_with_import_flags_v2.0.0_20260116_1650,Commodity,CARGO_009,Cargo Commodity,text,"Cruise, Offshore, Parcel"
AO-41,usace_2023_entrance_with_import_flags_v2.0.0_20260116_1650,Tons,CARGO_003,Weight (Metric Tons),numeric,
AP-42,usace_2023_entrance_with_import_flags_v2.0.0_20260116_1650,Carrier_Name,PARTY_003,Carrier,numeric,
AQ-43,usace_2023_entrance_with_import_flags_v2.0.0_20260116_1650,Agency_Fee,,UNMAPPED,text,"$2,500, $0, $3,750"
AR-44,usace_2023_entrance_with_import_flags_v2.0.0_20260116_1650,Agency_Fee_Adj,,UNMAPPED,numeric,
AS-45,usace_2023_entrance_with_import_flags_v2.0.0_20260116_1650,Arrival_Date_Parsed,DOCUMENT_003,Arrival Date,text,"1970-01-01 00:00:00.000012316, 1970-01-01 00:00:00.000011306, 1970-01-01 00:00:00.000006327"
AT-46,usace_2023_entrance_with_import_flags_v2.0.0_20260116_1650,Has_Import_Manifest,DOCUMENT_001,Bill of Lading,boolean,"False, False, False"
AU-47,usace_2023_entrance_with_import_flags_v2.0.0_20260116_1650,Import_VOY_RECID,PORT_001,Port Name,numeric,
A-1,usace_2023_entrance_with_import_flags_v2.0.0_20260116_1742,RECID,,UNMAPPED,numeric,"4587, 45002, 23321"
B-2,usace_2023_entrance_with_import_flags_v2.0.0_20260116_1742,Count,CARGO_007,Quantity,numeric,"1, 1, 1"
C-3,usace_2023_entrance_with_import_flags_v2.0.0_20260116_1742,TYPEDOC,VESSEL_003,Vessel Type,text,"Imports, Imports, Imports"
D-4,usace_2023_entrance_with_import_flags_v2.0.0_20260116_1742,Arrival_Date,DOCUMENT_003,Arrival Date,numeric,"12316, 11306, 6327"
E-5,usace_2023_entrance_with_import_flags_v2.0.0_20260116_1742,PORT,PORT_001,Port Name,numeric,"2160, 2393, 2393"
F-6,usace_2023_entrance_with_import_flags_v2.0.0_20260116_1742,Arrival_Port_Name,PORT_001,Port Name,text,"Canaveral Port District, FL, Beaumont, TX, Beaumont, TX"
G-7,usace_2023_entrance_with_import_flags_v2.0.0_20260116_1742,US_Port_USACE,PORT_001,Port Name,text,"Canaveral Port District, FL, Beaumont, TX, Beaumont, TX"
H-8,usace_2023_entrance_with_import_flags_v2.0.0_20260116_1742,Port_Consolidated,PORT_001,Port Name,text,"North Florida, Sabine River, Sabine River"
I-9,usace_2023_entrance_with_import_flags_v2.0.0_20260116_1742,Port_Coast,PORT_004,Port Coast,text,"East, Gulf, Gulf"
J-10,usace_2023_entrance_with_import_flags_v2.0.0_20260116_1742,Port_Region,PORT_003,Port Region,text,"South Atlantic, North Texas, North Texas"
K-11,usace_2023_entrance_with_import_flags_v2.0.0_20260116_1742,PWW_IND,,UNMAPPED,text,"Port, Port, Port"
L-12,usace_2023_entrance_with_import_flags_v2.0.0_20260116_1742,Vessel,VESSEL_001,Vessel Name,text,"MARDI GRAS, MISS CHARLOTTE, STI ESLES II"
M-13,usace_2023_entrance_with_import_flags_v2.0.0_20260116_1742,IMO,VESSEL_002,IMO Number,numeric,"9837444.0, 8982539.0, 9794434.0"
N-14,usace_2023_entrance_with_import_flags_v2.0.0_20260116_1742,RIG_DESC,,UNMAPPED,text,"Motor, steam dry cargo, Motor, steam dry cargo, Motor, steam tanker"
O-15,usace_2023_entrance_with_import_flags_v2.0.0_20260116_1742,ICST_DESC,VESSEL_003,Vessel Type,text,"CRUISE, TUG/SUPPLY OFFSHORE SUPPORT, CHEMICAL TANKER"
P-16,usace_2023_entrance_with_import_flags_v2.0.0_20260116_1742,FLAG_CTRY,VESSEL_005,Flag Country,text,"Bahamas, United States of America, Marshall Islands"
Q-17,usace_2023_entrance_with_import_flags_v2.0.0_20260116_1742,NRT,VESSEL_010,Net Register Tonnage (NRT),numeric,"0, 75, 13718"
R-18,usace_2023_entrance_with_import_flags_v2.0.0_20260116_1742,GRT,,UNMAPPED,numeric,"181808, 251, 29804"
S-19,usace_2023_entrance_with_import_flags_v2.0.0_20260116_1742,DRAFT_FT,VESSEL_008,Draft,numeric,"28, 5, 30"
T-20,usace_2023_entrance_with_import_flags_v2.0.0_20260116_1742,DRAFT_IN,VESSEL_008,Draft,numeric,"11, 6, 6"
U-21,usace_2023_entrance_with_import_flags_v2.0.0_20260116_1742,CONTAINER,,UNMAPPED,text,"C, C, C"
V-22,usace_2023_entrance_with_import_flags_v2.0.0_20260116_1742,Vessel_Type,VESSEL_003,Vessel Type,text,"Cruise-150,000-199,999gt, Tanker-MR2, LNG-New Panamax"
W-23,usace_2023_entrance_with_import_flags_v2.0.0_20260116_1742,Vessel_DWT,VESSEL_001,Vessel Name,numeric,"17000.0, 100.0, 49990.0"
X-24,usace_2023_entrance_with_import_flags_v2.0.0_20260116_1742,Vessel_Grain,VESSEL_001,Vessel Name,numeric,"0.0, 0.0, 0.0"
Y-25,usace_2023_entrance_with_import_flags_v2.0.0_20260116_1742,Vessel_TPC,VESSEL_001,Vessel Name,numeric,"0.0, 0.0, 52.3"
Z-26,usace_2023_entrance_with_import_flags_v2.0.0_20260116_1742,Vessel_Dwt_Draft_m,VESSEL_001,Vessel Name,numeric,"8.8, 0.0, 13.105"
AA-27,usace_2023_entrance_with_import_flags_v2.0.0_20260116_1742,Vessel_Dwt_Draft_ft,VESSEL_001,Vessel Name,numeric,"28.87, 0.0, 43.0"
AB-28,usace_2023_entrance_with_import_flags_v2.0.0_20260116_1742,Vessel_Match_Method,VESSEL_001,Vessel Name,text,"IMO, IMO, IMO"
AC-29,usace_2023_entrance_with_import_flags_v2.0.0_20260116_1742,Draft_Pct_of_Max,VESSEL_008,Draft,numeric,"100.2, 70.9, 86.4"
AD-30,usace_2023_entrance_with_import_flags_v2.0.0_20260116_1742,Forecasted_Activity,,UNMAPPED,text,"Discharge, Discharge, Discharge"
AE-31,usace_2023_entrance_with_import_flags_v2.0.0_20260116_1742,WHERE_IND,,UNMAPPED,text,"Foreign, Foreign, Foreign"
AF-32,usace_2023_entrance_with_import_flags_v2.0.0_20260116_1742,WHERE_PORT,PORT_001,Port Name,numeric,"2704.0, 2101.0, 5301.0"
AG-33,usace_2023_entrance_with_import_flags_v2.0.0_20260116_1742,Previous_US_Port_USACE,PORT_001,Port Name,text,"Jacksonville, FL, Rochester, NY"
AH-34,usace_2023_entrance_with_import_flags_v2.0.0_20260116_1742,WHERE_SCHEDK,,UNMAPPED,numeric,"21535.0, 99930.0, 20199.0"
AI-35,usace_2023_entrance_with_import_flags_v2.0.0_20260116_1742,Previous_Foreign_Port,PORT_001,Port Name,text,"Roatan Island, High Seas,Gulf of Mexico, Veracruz"
AJ-36,usace_2023_entrance_with_import_flags_v2.0.0_20260116_1742,Previous_Foreign_Country,PORT_005,Port Country,text,"Honduras, Unknown, Mexico"
AK-37,usace_2023_entrance_with_import_flags_v2.0.0_20260116_1742,WHERE_NAME,,UNMAPPED,text,"Isla Roatan, High Seas,Gulf of America, Veracruz"
AL-38,usace_2023_entrance_with_import_flags_v2.0.0_20260116_1742,WHERE_CTRY,,UNMAPPED,text,"Honduras, Unknown, Mexico"
AM-39,usace_2023_entrance_with_import_flags_v2.0.0_20260116_1742,Group,CARGO_008,Cargo Group,text,"Other, Other, Liquid Bulk"
AN-40,usace_2023_entrance_with_import_flags_v2.0.0_20260116_1742,Commodity,CARGO_009,Cargo Commodity,text,"Cruise, Offshore, Parcel"
AO-41,usace_2023_entrance_with_import_flags_v2.0.0_20260116_1742,Tons,CARGO_003,Weight (Metric Tons),numeric,
AP-42,usace_2023_entrance_with_import_flags_v2.0.0_20260116_1742,Carrier_Name,PARTY_003,Carrier,numeric,
AQ-43,usace_2023_entrance_with_import_flags_v2.0.0_20260116_1742,Agency_Fee,,UNMAPPED,text,"$2,500, $0, $3,750"
AR-44,usace_2023_entrance_with_import_flags_v2.0.0_20260116_1742,Agency_Fee_Adj,,UNMAPPED,numeric,
AS-45,usace_2023_entrance_with_import_flags_v2.0.0_20260116_1742,Arrival_Date_Parsed,DOCUMENT_003,Arrival Date,text,"1970-01-01 00:00:00.000012316, 1970-01-01 00:00:00.000011306, 1970-01-01 00:00:00.000006327"
AT-46,usace_2023_entrance_with_import_flags_v2.0.0_20260116_1742,Has_Import_Manifest,DOCUMENT_001,Bill of Lading,boolean,"False, False, False"
AU-47,usace_2023_entrance_with_import_flags_v2.0.0_20260116_1742,Import_VOY_RECID,PORT_001,Port Name,numeric,
A-1,usace_2023_clearance_with_export_flags_v2.0.0_20260116_1746,RECID,,UNMAPPED,numeric,"1390, 21232, 52387"
B-2,usace_2023_clearance_with_export_flags_v2.0.0_20260116_1746,Count,CARGO_007,Quantity,numeric,"1, 1, 1"
C-3,usace_2023_clearance_with_export_flags_v2.0.0_20260116_1746,TYPEDOC,VESSEL_003,Vessel Type,text,"Exports, Exports, Exports"
D-4,usace_2023_clearance_with_export_flags_v2.0.0_20260116_1746,Clearance_Date,DOCUMENT_004,Clearance Date,numeric,"12306, 1330, 10323"
E-5,usace_2023_clearance_with_export_flags_v2.0.0_20260116_1746,PORT,PORT_001,Port Name,numeric,"3926, 2408, 4120"
F-6,usace_2023_clearance_with_export_flags_v2.0.0_20260116_1746,Clearance_Port_Name,PORT_001,Port Name,text,"Two Harbors, MN, Port Freeport, TX, Port of Los Angeles, CA"
G-7,usace_2023_clearance_with_export_flags_v2.0.0_20260116_1746,US_Port_USACE,PORT_001,Port Name,text,"Two Harbors, MN, Port Freeport, TX, Port of Los Angeles, CA"
H-8,usace_2023_clearance_with_export_flags_v2.0.0_20260116_1746,PWW_IND,,UNMAPPED,text,"Port, Port, Port"
I-9,usace_2023_clearance_with_export_flags_v2.0.0_20260116_1746,Vessel,VESSEL_001,Vessel Name,text,"EDWIN H. GOTT, STOLT CAPABILITY, NAVIGATOR OF THE SEAS"
J-10,usace_2023_clearance_with_export_flags_v2.0.0_20260116_1746,IMO,VESSEL_002,IMO Number,numeric,"7606061.0, 9102124.0, 9227508.0"
K-11,usace_2023_clearance_with_export_flags_v2.0.0_20260116_1746,RIG_DESC,,UNMAPPED,text,"Motor, steam dry cargo, Motor, steam tanker, Motor, steam dry cargo"
L-12,usace_2023_clearance_with_export_flags_v2.0.0_20260116_1746,ICST_DESC,VESSEL_003,Vessel Type,text,"OTHER LAKERS, CHEMICAL TANKER, CRUISE"
M-13,usace_2023_clearance_with_export_flags_v2.0.0_20260116_1746,FLAG_CTRY,VESSEL_005,Flag Country,text,"United States of America, Liberia, Bahamas"
N-14,usace_2023_clearance_with_export_flags_v2.0.0_20260116_1746,NRT,VESSEL_010,Net Register Tonnage (NRT),numeric,"30690, 11933, 117123"
O-15,usace_2023_clearance_with_export_flags_v2.0.0_20260116_1746,GRT,,UNMAPPED,numeric,"35592, 24625, 139999"
P-16,usace_2023_clearance_with_export_flags_v2.0.0_20260116_1746,DRAFT_FT,VESSEL_008,Draft,numeric,"27, 35, 25"
Q-17,usace_2023_clearance_with_export_flags_v2.0.0_20260116_1746,DRAFT_IN,VESSEL_008,Draft,numeric,"6, 2, 6"
R-18,usace_2023_clearance_with_export_flags_v2.0.0_20260116_1746,CONTAINER,,UNMAPPED,text,"C, C, C"
S-19,usace_2023_clearance_with_export_flags_v2.0.0_20260116_1746,Vessel_Type,VESSEL_003,Vessel Type,text,"Tanker-MR1, Cruise-100,000-149,999gt, Tanker-Suezmax"
T-20,usace_2023_clearance_with_export_flags_v2.0.0_20260116_1746,Vessel_DWT,VESSEL_001,Vessel Name,numeric,"76011.0, 37042.0, 9616.0"
U-21,usace_2023_clearance_with_export_flags_v2.0.0_20260116_1746,Vessel_Grain,VESSEL_001,Vessel Name,numeric,"78300.0, 0.0, 0.0"
V-22,usace_2023_clearance_with_export_flags_v2.0.0_20260116_1746,Vessel_TPC,VESSEL_001,Vessel Name,numeric,"90.4, 48.6, 0.0"
W-23,usace_2023_clearance_with_export_flags_v2.0.0_20260116_1746,Vessel_Dwt_Draft_m,VESSEL_001,Vessel Name,numeric,"9.773, 11.906, 9.1"
X-24,usace_2023_clearance_with_export_flags_v2.0.0_20260116_1746,Vessel_Dwt_Draft_ft,VESSEL_001,Vessel Name,numeric,"32.06, 39.06, 29.86"
Y-25,usace_2023_clearance_with_export_flags_v2.0.0_20260116_1746,Vessel_Match_Method,VESSEL_001,Vessel Name,text,"IMO, IMO, IMO"
Z-26,usace_2023_clearance_with_export_flags_v2.0.0_20260116_1746,Draft_Pct_of_Max,VESSEL_008,Draft,numeric,"85.8, 90.0, 85.4"
AA-27,usace_2023_clearance_with_export_flags_v2.0.0_20260116_1746,Forecasted_Activity,,UNMAPPED,text,"Discharge, Discharge, Discharge"
AB-28,usace_2023_clearance_with_export_flags_v2.0.0_20260116_1746,WHERE_IND,,UNMAPPED,text,"Foreign, Foreign, Foreign"
AC-29,usace_2023_clearance_with_export_flags_v2.0.0_20260116_1746,WHERE_PORT,PORT_001,Port Name,numeric,"5201.0, 1703.0, 2010.0"
AD-30,usace_2023_clearance_with_export_flags_v2.0.0_20260116_1746,Previous_US_Port_USACE,PORT_001,Port Name,text,"Lake Erie, Including Upper Niagara River, Lake Erie, Including Upper Niagara River, Lake Erie, Including Upper Niagara River"
AE-31,usace_2023_clearance_with_export_flags_v2.0.0_20260116_1746,WHERE_SCHEDK,,UNMAPPED,numeric,"6645.0, 22518.0, 20144.0"
AF-32,usace_2023_clearance_with_export_flags_v2.0.0_20260116_1746,Previous_Foreign_Port,PORT_001,Port Name,text,"Nanticoke, ONT, Cristobal, San Lucas"
AG-33,usace_2023_clearance_with_export_flags_v2.0.0_20260116_1746,Previous_Foreign_Country,PORT_005,Port Country,text,"Canada, Panama, Mexico"
AH-34,usace_2023_clearance_with_export_flags_v2.0.0_20260116_1746,WHERE_NAME,,UNMAPPED,text,"Nanticoke, ONT, Cristobal, Cabo San Lucas"
AI-35,usace_2023_clearance_with_export_flags_v2.0.0_20260116_1746,WHERE_CTRY,,UNMAPPED,text,"Canada, Panama, Mexico"
AJ-36,usace_2023_clearance_with_export_flags_v2.0.0_20260116_1746,Group,CARGO_008,Cargo Group,text,"Dry Bulk, Liquid Bulk, Other"
AK-37,usace_2023_clearance_with_export_flags_v2.0.0_20260116_1746,Commodity,CARGO_009,Cargo Commodity,text,"Bulk, Parcel, Cruise"
AL-38,usace_2023_clearance_with_export_flags_v2.0.0_20260116_1746,Port_Consolidated,PORT_001,Port Name,text,"Sabine River, LA-Long Beach, South Carolina Ports"
AM-39,usace_2023_clearance_with_export_flags_v2.0.0_20260116_1746,Port_Coast,PORT_004,Port Coast,text,"Gulf, West, East"
AN-40,usace_2023_clearance_with_export_flags_v2.0.0_20260116_1746,Port_Region,PORT_003,Port Region,text,"North Texas, California, South Atlantic"
AO-41,usace_2023_clearance_with_export_flags_v2.0.0_20260116_1746,Clearance_Date_Parsed,DOCUMENT_004,Clearance Date,text,"1970-01-01 00:00:00.000012306, 1970-01-01 00:00:00.000001330, 1970-01-01 00:00:00.000010323"
AP-42,usace_2023_clearance_with_export_flags_v2.0.0_20260116_1746,Has_Export_Manifest,DOCUMENT_001,Bill of Lading,boolean,"False, False, False"
AQ-43,usace_2023_clearance_with_export_flags_v2.0.0_20260116_1746,Export_VOY_RECID,PORT_001,Port Name,numeric,
A-1,usace_2023_entrance_with_import_flags_v2.0.0_20260116_1752,RECID,,UNMAPPED,numeric,"4587, 45002, 23321"
B-2,usace_2023_entrance_with_import_flags_v2.0.0_20260116_1752,Count,CARGO_007,Quantity,numeric,"1, 1, 1"
C-3,usace_2023_entrance_with_import_flags_v2.0.0_20260116_1752,TYPEDOC,VESSEL_003,Vessel Type,text,"Imports, Imports, Imports"
D-4,usace_2023_entrance_with_import_flags_v2.0.0_20260116_1752,Arrival_Date,DOCUMENT_003,Arrival Date,numeric,"12316, 11306, 6327"
E-5,usace_2023_entrance_with_import_flags_v2.0.0_20260116_1752,PORT,PORT_001,Port Name,numeric,"2160, 2393, 2393"
F-6,usace_2023_entrance_with_import_flags_v2.0.0_20260116_1752,Arrival_Port_Name,PORT_001,Port Name,text,"Canaveral Port District, FL, Beaumont, TX, Beaumont, TX"
G-7,usace_2023_entrance_with_import_flags_v2.0.0_20260116_1752,US_Port_USACE,PORT_001,Port Name,text,"Canaveral Port District, FL, Beaumont, TX, Beaumont, TX"
H-8,usace_2023_entrance_with_import_flags_v2.0.0_20260116_1752,Port_Consolidated,PORT_001,Port Name,text,"North Florida, Sabine River, Sabine River"
I-9,usace_2023_entrance_with_import_flags_v2.0.0_20260116_1752,Port_Coast,PORT_004,Port Coast,text,"East, Gulf, Gulf"
J-10,usace_2023_entrance_with_import_flags_v2.0.0_20260116_1752,Port_Region,PORT_003,Port Region,text,"South Atlantic, North Texas, North Texas"
K-11,usace_2023_entrance_with_import_flags_v2.0.0_20260116_1752,PWW_IND,,UNMAPPED,text,"Port, Port, Port"
L-12,usace_2023_entrance_with_import_flags_v2.0.0_20260116_1752,Vessel,VESSEL_001,Vessel Name,text,"MARDI GRAS, MISS CHARLOTTE, STI ESLES II"
M-13,usace_2023_entrance_with_import_flags_v2.0.0_20260116_1752,IMO,VESSEL_002,IMO Number,numeric,"9837444.0, 8982539.0, 9794434.0"
N-14,usace_2023_entrance_with_import_flags_v2.0.0_20260116_1752,RIG_DESC,,UNMAPPED,text,"Motor, steam dry cargo, Motor, steam dry cargo, Motor, steam tanker"
O-15,usace_2023_entrance_with_import_flags_v2.0.0_20260116_1752,ICST_DESC,VESSEL_003,Vessel Type,text,"CRUISE, TUG/SUPPLY OFFSHORE SUPPORT, CHEMICAL TANKER"
P-16,usace_2023_entrance_with_import_flags_v2.0.0_20260116_1752,FLAG_CTRY,VESSEL_005,Flag Country,text,"Bahamas, United States of America, Marshall Islands"
Q-17,usace_2023_entrance_with_import_flags_v2.0.0_20260116_1752,NRT,VESSEL_010,Net Register Tonnage (NRT),numeric,"0, 75, 13718"
R-18,usace_2023_entrance_with_import_flags_v2.0.0_20260116_1752,GRT,,UNMAPPED,numeric,"181808, 251, 29804"
S-19,usace_2023_entrance_with_import_flags_v2.0.0_20260116_1752,DRAFT_FT,VESSEL_008,Draft,numeric,"28, 5, 30"
T-20,usace_2023_entrance_with_import_flags_v2.0.0_20260116_1752,DRAFT_IN,VESSEL_008,Draft,numeric,"11, 6, 6"
U-21,usace_2023_entrance_with_import_flags_v2.0.0_20260116_1752,CONTAINER,,UNMAPPED,text,"C, C, C"
V-22,usace_2023_entrance_with_import_flags_v2.0.0_20260116_1752,Vessel_Type,VESSEL_003,Vessel Type,text,"Cruise-150,000-199,999gt, Tanker-MR2, LNG-New Panamax"
W-23,usace_2023_entrance_with_import_flags_v2.0.0_20260116_1752,Vessel_DWT,VESSEL_001,Vessel Name,numeric,"17000.0, 100.0, 49990.0"
X-24,usace_2023_entrance_with_import_flags_v2.0.0_20260116_1752,Vessel_Grain,VESSEL_001,Vessel Name,numeric,"0.0, 0.0, 0.0"
Y-25,usace_2023_entrance_with_import_flags_v2.0.0_20260116_1752,Vessel_TPC,VESSEL_001,Vessel Name,numeric,"0.0, 0.0, 52.3"
Z-26,usace_2023_entrance_with_import_flags_v2.0.0_20260116_1752,Vessel_Dwt_Draft_m,VESSEL_001,Vessel Name,numeric,"8.8, 0.0, 13.105"
AA-27,usace_2023_entrance_with_import_flags_v2.0.0_20260116_1752,Vessel_Dwt_Draft_ft,VESSEL_001,Vessel Name,numeric,"28.87, 0.0, 43.0"
AB-28,usace_2023_entrance_with_import_flags_v2.0.0_20260116_1752,Vessel_Match_Method,VESSEL_001,Vessel Name,text,"IMO, IMO, IMO"
AC-29,usace_2023_entrance_with_import_flags_v2.0.0_20260116_1752,Draft_Pct_of_Max,VESSEL_008,Draft,numeric,"100.2, 70.9, 86.4"
AD-30,usace_2023_entrance_with_import_flags_v2.0.0_20260116_1752,Forecasted_Activity,,UNMAPPED,text,"Discharge, Discharge, Discharge"
AE-31,usace_2023_entrance_with_import_flags_v2.0.0_20260116_1752,WHERE_IND,,UNMAPPED,text,"Foreign, Foreign, Foreign"
AF-32,usace_2023_entrance_with_import_flags_v2.0.0_20260116_1752,WHERE_PORT,PORT_001,Port Name,numeric,"2704.0, 2101.0, 5301.0"
AG-33,usace_2023_entrance_with_import_flags_v2.0.0_20260116_1752,Previous_US_Port_USACE,PORT_001,Port Name,text,"Jacksonville, FL, Rochester, NY"
AH-34,usace_2023_entrance_with_import_flags_v2.0.0_20260116_1752,WHERE_SCHEDK,,UNMAPPED,numeric,"21535.0, 99930.0, 20199.0"
AI-35,usace_2023_entrance_with_import_flags_v2.0.0_20260116_1752,Previous_Foreign_Port,PORT_001,Port Name,text,"Roatan Island, High Seas,Gulf of Mexico, Veracruz"
AJ-36,usace_2023_entrance_with_import_flags_v2.0.0_20260116_1752,Previous_Foreign_Country,PORT_005,Port Country,text,"Honduras, Unknown, Mexico"
AK-37,usace_2023_entrance_with_import_flags_v2.0.0_20260116_1752,WHERE_NAME,,UNMAPPED,text,"Isla Roatan, High Seas,Gulf of America, Veracruz"
AL-38,usace_2023_entrance_with_import_flags_v2.0.0_20260116_1752,WHERE_CTRY,,UNMAPPED,text,"Honduras, Unknown, Mexico"
AM-39,usace_2023_entrance_with_import_flags_v2.0.0_20260116_1752,Group,CARGO_008,Cargo Group,text,"Other, Other, Liquid Bulk"
AN-40,usace_2023_entrance_with_import_flags_v2.0.0_20260116_1752,Commodity,CARGO_009,Cargo Commodity,text,"Cruise, Offshore, Parcel"
AO-41,usace_2023_entrance_with_import_flags_v2.0.0_20260116_1752,Tons,CARGO_003,Weight (Metric Tons),numeric,
AP-42,usace_2023_entrance_with_import_flags_v2.0.0_20260116_1752,Carrier_Name,PARTY_003,Carrier,numeric,
AQ-43,usace_2023_entrance_with_import_flags_v2.0.0_20260116_1752,Agency_Fee,,UNMAPPED,text,"$2,500, $0, $3,750"
AR-44,usace_2023_entrance_with_import_flags_v2.0.0_20260116_1752,Agency_Fee_Adj,,UNMAPPED,numeric,
AS-45,usace_2023_entrance_with_import_flags_v2.0.0_20260116_1752,Arrival_Date_Parsed,DOCUMENT_003,Arrival Date,text,"1970-01-01 00:00:00.000012316, 1970-01-01 00:00:00.000011306, 1970-01-01 00:00:00.000006327"
AT-46,usace_2023_entrance_with_import_flags_v2.0.0_20260116_1752,Has_Import_Manifest,DOCUMENT_001,Bill of Lading,boolean,"False, False, False"
AU-47,usace_2023_entrance_with_import_flags_v2.0.0_20260116_1752,Import_VOY_RECID,PORT_001,Port Name,numeric,
A-1,usace_2023_entrance_with_import_flags_v2.0.0_20260116_1759,RECID,,UNMAPPED,numeric,"4587, 45002, 23321"
B-2,usace_2023_entrance_with_import_flags_v2.0.0_20260116_1759,Count,CARGO_007,Quantity,numeric,"1, 1, 1"
C-3,usace_2023_entrance_with_import_flags_v2.0.0_20260116_1759,TYPEDOC,VESSEL_003,Vessel Type,text,"Imports, Imports, Imports"
D-4,usace_2023_entrance_with_import_flags_v2.0.0_20260116_1759,Arrival_Date,DOCUMENT_003,Arrival Date,text,"2023-12-16, 2023-11-06, 2023-06-27"
E-5,usace_2023_entrance_with_import_flags_v2.0.0_20260116_1759,PORT,PORT_001,Port Name,numeric,"2160, 2393, 2393"
F-6,usace_2023_entrance_with_import_flags_v2.0.0_20260116_1759,Arrival_Port_Name,PORT_001,Port Name,text,"Canaveral Port District, FL, Beaumont, TX, Beaumont, TX"
G-7,usace_2023_entrance_with_import_flags_v2.0.0_20260116_1759,US_Port_USACE,PORT_001,Port Name,text,"Canaveral Port District, FL, Beaumont, TX, Beaumont, TX"
H-8,usace_2023_entrance_with_import_flags_v2.0.0_20260116_1759,Port_Consolidated,PORT_001,Port Name,text,"North Florida, Sabine River, Sabine River"
I-9,usace_2023_entrance_with_import_flags_v2.0.0_20260116_1759,Port_Coast,PORT_004,Port Coast,text,"East, Gulf, Gulf"
J-10,usace_2023_entrance_with_import_flags_v2.0.0_20260116_1759,Port_Region,PORT_003,Port Region,text,"South Atlantic, North Texas, North Texas"
K-11,usace_2023_entrance_with_import_flags_v2.0.0_20260116_1759,PWW_IND,,UNMAPPED,text,"Port, Port, Port"
L-12,usace_2023_entrance_with_import_flags_v2.0.0_20260116_1759,Vessel,VESSEL_001,Vessel Name,text,"MARDI GRAS, MISS CHARLOTTE, STI ESLES II"
M-13,usace_2023_entrance_with_import_flags_v2.0.0_20260116_1759,IMO,VESSEL_002,IMO Number,numeric,"9837444.0, 8982539.0, 9794434.0"
N-14,usace_2023_entrance_with_import_flags_v2.0.0_20260116_1759,RIG_DESC,,UNMAPPED,text,"Motor, steam dry cargo, Motor, steam dry cargo, Motor, steam tanker"
O-15,usace_2023_entrance_with_import_flags_v2.0.0_20260116_1759,ICST_DESC,VESSEL_003,Vessel Type,text,"CRUISE, TUG/SUPPLY OFFSHORE SUPPORT, CHEMICAL TANKER"
P-16,usace_2023_entrance_with_import_flags_v2.0.0_20260116_1759,FLAG_CTRY,VESSEL_005,Flag Country,text,"Bahamas, United States of America, Marshall Islands"
Q-17,usace_2023_entrance_with_import_flags_v2.0.0_20260116_1759,NRT,VESSEL_010,Net Register Tonnage (NRT),numeric,"0, 75, 13718"
R-18,usace_2023_entrance_with_import_flags_v2.0.0_20260116_1759,GRT,,UNMAPPED,numeric,"181808, 251, 29804"
S-19,usace_2023_entrance_with_import_flags_v2.0.0_20260116_1759,DRAFT_FT,VESSEL_008,Draft,numeric,"28, 5, 30"
T-20,usace_2023_entrance_with_import_flags_v2.0.0_20260116_1759,DRAFT_IN,VESSEL_008,Draft,numeric,"11, 6, 6"
U-21,usace_2023_entrance_with_import_flags_v2.0.0_20260116_1759,CONTAINER,,UNMAPPED,text,"C, C, C"
V-22,usace_2023_entrance_with_import_flags_v2.0.0_20260116_1759,Vessel_Type,VESSEL_003,Vessel Type,text,"Cruise-150,000-199,999gt, Tanker-MR2, LNG-New Panamax"
W-23,usace_2023_entrance_with_import_flags_v2.0.0_20260116_1759,Vessel_DWT,VESSEL_001,Vessel Name,numeric,"17000.0, 100.0, 49990.0"
X-24,usace_2023_entrance_with_import_flags_v2.0.0_20260116_1759,Vessel_Grain,VESSEL_001,Vessel Name,numeric,"0.0, 0.0, 0.0"
Y-25,usace_2023_entrance_with_import_flags_v2.0.0_20260116_1759,Vessel_TPC,VESSEL_001,Vessel Name,numeric,"0.0, 0.0, 52.3"
Z-26,usace_2023_entrance_with_import_flags_v2.0.0_20260116_1759,Vessel_Dwt_Draft_m,VESSEL_001,Vessel Name,numeric,"8.8, 0.0, 13.105"
AA-27,usace_2023_entrance_with_import_flags_v2.0.0_20260116_1759,Vessel_Dwt_Draft_ft,VESSEL_001,Vessel Name,numeric,"28.87, 0.0, 43.0"
AB-28,usace_2023_entrance_with_import_flags_v2.0.0_20260116_1759,Vessel_Match_Method,VESSEL_001,Vessel Name,text,"IMO, IMO, IMO"
AC-29,usace_2023_entrance_with_import_flags_v2.0.0_20260116_1759,Draft_Pct_of_Max,VESSEL_008,Draft,numeric,"100.2, 70.9, 86.4"
AD-30,usace_2023_entrance_with_import_flags_v2.0.0_20260116_1759,Forecasted_Activity,,UNMAPPED,text,"Discharge, Discharge, Discharge"
AE-31,usace_2023_entrance_with_import_flags_v2.0.0_20260116_1759,WHERE_IND,,UNMAPPED,text,"Foreign, Foreign, Foreign"
AF-32,usace_2023_entrance_with_import_flags_v2.0.0_20260116_1759,WHERE_PORT,PORT_001,Port Name,numeric,"2704.0, 2101.0, 5301.0"
AG-33,usace_2023_entrance_with_import_flags_v2.0.0_20260116_1759,Previous_US_Port_USACE,PORT_001,Port Name,text,"Jacksonville, FL, Rochester, NY"
AH-34,usace_2023_entrance_with_import_flags_v2.0.0_20260116_1759,WHERE_SCHEDK,,UNMAPPED,numeric,"21535.0, 99930.0, 20199.0"
AI-35,usace_2023_entrance_with_import_flags_v2.0.0_20260116_1759,Previous_Foreign_Port,PORT_001,Port Name,text,"Roatan Island, High Seas,Gulf of Mexico, Veracruz"
AJ-36,usace_2023_entrance_with_import_flags_v2.0.0_20260116_1759,Previous_Foreign_Country,PORT_005,Port Country,text,"Honduras, Unknown, Mexico"
AK-37,usace_2023_entrance_with_import_flags_v2.0.0_20260116_1759,WHERE_NAME,,UNMAPPED,text,"Isla Roatan, High Seas,Gulf of America, Veracruz"
AL-38,usace_2023_entrance_with_import_flags_v2.0.0_20260116_1759,WHERE_CTRY,,UNMAPPED,text,"Honduras, Unknown, Mexico"
AM-39,usace_2023_entrance_with_import_flags_v2.0.0_20260116_1759,Group,CARGO_008,Cargo Group,text,"Other, Other, Liquid Bulk"
AN-40,usace_2023_entrance_with_import_flags_v2.0.0_20260116_1759,Commodity,CARGO_009,Cargo Commodity,text,"Cruise, Offshore, Parcel"
AO-41,usace_2023_entrance_with_import_flags_v2.0.0_20260116_1759,Tons,CARGO_003,Weight (Metric Tons),numeric,
AP-42,usace_2023_entrance_with_import_flags_v2.0.0_20260116_1759,Carrier_Name,PARTY_003,Carrier,numeric,
AQ-43,usace_2023_entrance_with_import_flags_v2.0.0_20260116_1759,Agency_Fee,,UNMAPPED,text,"$2,500, $0, $3,750"
AR-44,usace_2023_entrance_with_import_flags_v2.0.0_20260116_1759,Agency_Fee_Adj,,UNMAPPED,numeric,
AS-45,usace_2023_entrance_with_import_flags_v2.0.0_20260116_1759,Arrival_Date_Parsed,DOCUMENT_003,Arrival Date,text,"2023-12-16, 2023-11-06, 2023-06-27"
AT-46,usace_2023_entrance_with_import_flags_v2.0.0_20260116_1759,Has_Import_Manifest,DOCUMENT_001,Bill of Lading,boolean,"True, False, False"
AU-47,usace_2023_entrance_with_import_flags_v2.0.0_20260116_1759,Import_VOY_RECID,PORT_001,Port Name,text,"7e222e41802d2eaf, fb9ab38025bd4451, 695505d6b37ec30d"
A-1,usace_2023_clearance_with_export_flags_v2.0.0_20260116_1803,RECID,,UNMAPPED,numeric,"1390, 21232, 52387"
B-2,usace_2023_clearance_with_export_flags_v2.0.0_20260116_1803,Count,CARGO_007,Quantity,numeric,"1, 1, 1"
C-3,usace_2023_clearance_with_export_flags_v2.0.0_20260116_1803,TYPEDOC,VESSEL_003,Vessel Type,text,"Exports, Exports, Exports"
D-4,usace_2023_clearance_with_export_flags_v2.0.0_20260116_1803,Clearance_Date,DOCUMENT_004,Clearance Date,text,"2023-12-06, 2023-01-30, 2023-10-23"
E-5,usace_2023_clearance_with_export_flags_v2.0.0_20260116_1803,PORT,PORT_001,Port Name,numeric,"3926, 2408, 4120"
F-6,usace_2023_clearance_with_export_flags_v2.0.0_20260116_1803,Clearance_Port_Name,PORT_001,Port Name,text,"Two Harbors, MN, Port Freeport, TX, Port of Los Angeles, CA"
G-7,usace_2023_clearance_with_export_flags_v2.0.0_20260116_1803,US_Port_USACE,PORT_001,Port Name,text,"Two Harbors, MN, Port Freeport, TX, Port of Los Angeles, CA"
H-8,usace_2023_clearance_with_export_flags_v2.0.0_20260116_1803,PWW_IND,,UNMAPPED,text,"Port, Port, Port"
I-9,usace_2023_clearance_with_export_flags_v2.0.0_20260116_1803,Vessel,VESSEL_001,Vessel Name,text,"EDWIN H. GOTT, STOLT CAPABILITY, NAVIGATOR OF THE SEAS"
J-10,usace_2023_clearance_with_export_flags_v2.0.0_20260116_1803,IMO,VESSEL_002,IMO Number,numeric,"7606061.0, 9102124.0, 9227508.0"
K-11,usace_2023_clearance_with_export_flags_v2.0.0_20260116_1803,RIG_DESC,,UNMAPPED,text,"Motor, steam dry cargo, Motor, steam tanker, Motor, steam dry cargo"
L-12,usace_2023_clearance_with_export_flags_v2.0.0_20260116_1803,ICST_DESC,VESSEL_003,Vessel Type,text,"OTHER LAKERS, CHEMICAL TANKER, CRUISE"
M-13,usace_2023_clearance_with_export_flags_v2.0.0_20260116_1803,FLAG_CTRY,VESSEL_005,Flag Country,text,"United States of America, Liberia, Bahamas"
N-14,usace_2023_clearance_with_export_flags_v2.0.0_20260116_1803,NRT,VESSEL_010,Net Register Tonnage (NRT),numeric,"30690, 11933, 117123"
O-15,usace_2023_clearance_with_export_flags_v2.0.0_20260116_1803,GRT,,UNMAPPED,numeric,"35592, 24625, 139999"
P-16,usace_2023_clearance_with_export_flags_v2.0.0_20260116_1803,DRAFT_FT,VESSEL_008,Draft,numeric,"27, 35, 25"
Q-17,usace_2023_clearance_with_export_flags_v2.0.0_20260116_1803,DRAFT_IN,VESSEL_008,Draft,numeric,"6, 2, 6"
R-18,usace_2023_clearance_with_export_flags_v2.0.0_20260116_1803,CONTAINER,,UNMAPPED,text,"C, C, C"
S-19,usace_2023_clearance_with_export_flags_v2.0.0_20260116_1803,Vessel_Type,VESSEL_003,Vessel Type,text,"Tanker-MR1, Cruise-100,000-149,999gt, Tanker-Suezmax"
T-20,usace_2023_clearance_with_export_flags_v2.0.0_20260116_1803,Vessel_DWT,VESSEL_001,Vessel Name,numeric,"76011.0, 37042.0, 9616.0"
U-21,usace_2023_clearance_with_export_flags_v2.0.0_20260116_1803,Vessel_Grain,VESSEL_001,Vessel Name,numeric,"78300.0, 0.0, 0.0"
V-22,usace_2023_clearance_with_export_flags_v2.0.0_20260116_1803,Vessel_TPC,VESSEL_001,Vessel Name,numeric,"90.4, 48.6, 0.0"
W-23,usace_2023_clearance_with_export_flags_v2.0.0_20260116_1803,Vessel_Dwt_Draft_m,VESSEL_001,Vessel Name,numeric,"9.773, 11.906, 9.1"
X-24,usace_2023_clearance_with_export_flags_v2.0.0_20260116_1803,Vessel_Dwt_Draft_ft,VESSEL_001,Vessel Name,numeric,"32.06, 39.06, 29.86"
Y-25,usace_2023_clearance_with_export_flags_v2.0.0_20260116_1803,Vessel_Match_Method,VESSEL_001,Vessel Name,text,"IMO, IMO, IMO"
Z-26,usace_2023_clearance_with_export_flags_v2.0.0_20260116_1803,Draft_Pct_of_Max,VESSEL_008,Draft,numeric,"85.8, 90.0, 85.4"
AA-27,usace_2023_clearance_with_export_flags_v2.0.0_20260116_1803,Forecasted_Activity,,UNMAPPED,text,"Discharge, Discharge, Discharge"
AB-28,usace_2023_clearance_with_export_flags_v2.0.0_20260116_1803,WHERE_IND,,UNMAPPED,text,"Foreign, Foreign, Foreign"
AC-29,usace_2023_clearance_with_export_flags_v2.0.0_20260116_1803,WHERE_PORT,PORT_001,Port Name,numeric,"5201.0, 1703.0, 2010.0"
AD-30,usace_2023_clearance_with_export_flags_v2.0.0_20260116_1803,Previous_US_Port_USACE,PORT_001,Port Name,text,"Lake Erie, Including Upper Niagara River, Lake Erie, Including Upper Niagara River, Lake Erie, Including Upper Niagara River"
AE-31,usace_2023_clearance_with_export_flags_v2.0.0_20260116_1803,WHERE_SCHEDK,,UNMAPPED,numeric,"6645.0, 22518.0, 20144.0"
AF-32,usace_2023_clearance_with_export_flags_v2.0.0_20260116_1803,Previous_Foreign_Port,PORT_001,Port Name,text,"Nanticoke, ONT, Cristobal, San Lucas"
AG-33,usace_2023_clearance_with_export_flags_v2.0.0_20260116_1803,Previous_Foreign_Country,PORT_005,Port Country,text,"Canada, Panama, Mexico"
AH-34,usace_2023_clearance_with_export_flags_v2.0.0_20260116_1803,WHERE_NAME,,UNMAPPED,text,"Nanticoke, ONT, Cristobal, Cabo San Lucas"
AI-35,usace_2023_clearance_with_export_flags_v2.0.0_20260116_1803,WHERE_CTRY,,UNMAPPED,text,"Canada, Panama, Mexico"
AJ-36,usace_2023_clearance_with_export_flags_v2.0.0_20260116_1803,Group,CARGO_008,Cargo Group,text,"Dry Bulk, Liquid Bulk, Other"
AK-37,usace_2023_clearance_with_export_flags_v2.0.0_20260116_1803,Commodity,CARGO_009,Cargo Commodity,text,"Bulk, Parcel, Cruise"
AL-38,usace_2023_clearance_with_export_flags_v2.0.0_20260116_1803,Port_Consolidated,PORT_001,Port Name,text,"Sabine River, LA-Long Beach, South Carolina Ports"
AM-39,usace_2023_clearance_with_export_flags_v2.0.0_20260116_1803,Port_Coast,PORT_004,Port Coast,text,"Gulf, West, East"
AN-40,usace_2023_clearance_with_export_flags_v2.0.0_20260116_1803,Port_Region,PORT_003,Port Region,text,"North Texas, California, South Atlantic"
AO-41,usace_2023_clearance_with_export_flags_v2.0.0_20260116_1803,Clearance_Date_Parsed,DOCUMENT_004,Clearance Date,text,"2023-12-06, 2023-01-30, 2023-10-23"
AP-42,usace_2023_clearance_with_export_flags_v2.0.0_20260116_1803,Has_Export_Manifest,DOCUMENT_001,Bill of Lading,boolean,"False, False, False"
AQ-43,usace_2023_clearance_with_export_flags_v2.0.0_20260116_1803,Export_VOY_RECID,PORT_001,Port Name,text,"0873919599aa401d, 7f8cabe338d2413e, 66892710325368aa"
A-1,usace_2023_portcall_master_v1.5.0_AUTHORITATIVE,PORTCALL_ID,PORT_001,Port Name,text,"PC_000001, PC_000002, PC_000003"
B-2,usace_2023_portcall_master_v1.5.0_AUTHORITATIVE,Record_Type,VESSEL_003,Vessel Type,text,"BOTH, BOTH, BOTH"
C-3,usace_2023_portcall_master_v1.5.0_AUTHORITATIVE,Vessel_Name,VESSEL_001,Vessel Name,text,"ST. MARYS CHALLENGER, ST. MARYS CHALLENGER, ST. MARYS CHALLENGER"
D-4,usace_2023_portcall_master_v1.5.0_AUTHORITATIVE,IMO,VESSEL_002,IMO Number,numeric,"5009984.0, 5009984.0, 5009984.0"
E-5,usace_2023_portcall_master_v1.5.0_AUTHORITATIVE,Flag_Country,VESSEL_005,Flag Country,text,"United States of America, United States of America, United States of America"
F-6,usace_2023_portcall_master_v1.5.0_AUTHORITATIVE,ICST_Vessel_Type,VESSEL_003,Vessel Type,text,"OTHER DRY CARGO BARGE NEI, OTHER DRY CARGO BARGE NEI, OTHER DRY CARGO BARGE NEI"
G-7,usace_2023_portcall_master_v1.5.0_AUTHORITATIVE,Rig_Description,CARGO_002,Goods Description,text,"Barge, Scow, Barge, Scow, Barge, Scow"
H-8,usace_2023_portcall_master_v1.5.0_AUTHORITATIVE,Vessel_Type_Registry,VESSEL_003,Vessel Type,text,"PCC/PCTC => 4,000 cars, PCC/PCTC => 4,000 cars, PCC/PCTC => 4,000 cars"
I-9,usace_2023_portcall_master_v1.5.0_AUTHORITATIVE,DWT,VESSEL_004,Deadweight Tonnage (DWT),numeric,"11543.0, 11543.0, 11543.0"
J-10,usace_2023_portcall_master_v1.5.0_AUTHORITATIVE,NRT,VESSEL_010,Net Register Tonnage (NRT),numeric,"5136.0, 5136.0, 5136.0"
K-11,usace_2023_portcall_master_v1.5.0_AUTHORITATIVE,GRT,,UNMAPPED,numeric,"6969.0, 6969.0, 6969.0"
L-12,usace_2023_portcall_master_v1.5.0_AUTHORITATIVE,Grain_Capacity_m3,,UNMAPPED,numeric,"0.0, 0.0, 0.0"
M-13,usace_2023_portcall_master_v1.5.0_AUTHORITATIVE,TPC,,UNMAPPED,numeric,"0.0, 0.0, 0.0"
N-14,usace_2023_portcall_master_v1.5.0_AUTHORITATIVE,DWT_Draft_m,VESSEL_008,Draft,numeric,"6.471, 6.471, 6.471"
O-15,usace_2023_portcall_master_v1.5.0_AUTHORITATIVE,DWT_Draft_ft,VESSEL_008,Draft,numeric,"21.23, 21.23, 21.23"
P-16,usace_2023_portcall_master_v1.5.0_AUTHORITATIVE,Registry_Match_Method,,UNMAPPED,text,"IMO, IMO, IMO"
Q-17,usace_2023_portcall_master_v1.5.0_AUTHORITATIVE,Arrival_Date,DOCUMENT_003,Arrival Date,text,"2023-05-03, 2023-06-14, 2023-07-25"
R-18,usace_2023_portcall_master_v1.5.0_AUTHORITATIVE,Clearance_Date,DOCUMENT_004,Clearance Date,text,"2023-06-11, 2023-07-22, 2023-08-21"
S-19,usace_2023_portcall_master_v1.5.0_AUTHORITATIVE,Port_Stay_Days,PORT_001,Port Name,numeric,"39.0, 38.0, 27.0"
T-20,usace_2023_portcall_master_v1.5.0_AUTHORITATIVE,Entrance_RECID,,UNMAPPED,numeric,"80588.0, 80589.0, 80590.0"
U-21,usace_2023_portcall_master_v1.5.0_AUTHORITATIVE,Entrance_Port_Name,PORT_001,Port Name,text,"Lake Michigan, Lake Michigan, Lake Michigan"
V-22,usace_2023_portcall_master_v1.5.0_AUTHORITATIVE,Entrance_Port_USACE,PORT_001,Port Name,text,"Lake Michigan, Lake Michigan, Lake Michigan"
W-23,usace_2023_portcall_master_v1.5.0_AUTHORITATIVE,Entrance_Port_Code,PORT_002,Port Code,numeric,"3701.0, 3701.0, 3701.0"
X-24,usace_2023_portcall_master_v1.5.0_AUTHORITATIVE,Entrance_Draft_ft,VESSEL_008,Draft,numeric,"18.0, 16.0, 18.0"
Y-25,usace_2023_portcall_master_v1.5.0_AUTHORITATIVE,Entrance_Draft_in,VESSEL_008,Draft,numeric,"0.0, 0.0, 0.0"
Z-26,usace_2023_portcall_master_v1.5.0_AUTHORITATIVE,Entrance_Draft_Pct_Max,VESSEL_008,Draft,numeric,"84.8, 75.4, 84.8"
AA-27,usace_2023_portcall_master_v1.5.0_AUTHORITATIVE,Entrance_Activity,,UNMAPPED,text,"Discharge, Discharge, Discharge"
AB-28,usace_2023_portcall_master_v1.5.0_AUTHORITATIVE,Entrance_Origin,,UNMAPPED,text,"Foreign, Foreign, Foreign"
AC-29,usace_2023_portcall_master_v1.5.0_AUTHORITATIVE,Entrance_Previous_Port,PORT_001,Port Name,text,"Owen Sound, ONT, Owen Sound, ONT, Owen Sound, ONT"
AD-30,usace_2023_portcall_master_v1.5.0_AUTHORITATIVE,Entrance_Previous_Country,PORT_005,Port Country,text,"Canada, Canada, Canada"
AE-31,usace_2023_portcall_master_v1.5.0_AUTHORITATIVE,Clearance_RECID,DOCUMENT_004,Clearance Date,numeric,"81529.0, 81523.0, 81528.0"
AF-32,usace_2023_portcall_master_v1.5.0_AUTHORITATIVE,Clearance_Port_Name,PORT_001,Port Name,text,"Lake Michigan, Lake Michigan, Lake Michigan"
AG-33,usace_2023_portcall_master_v1.5.0_AUTHORITATIVE,Clearance_Port_USACE,DOCUMENT_004,Clearance Date,text,"Lake Michigan, Lake Michigan, Lake Michigan"
AH-34,usace_2023_portcall_master_v1.5.0_AUTHORITATIVE,Clearance_Port_Code,PORT_002,Port Code,numeric,"3701.0, 3701.0, 3701.0"
AI-35,usace_2023_portcall_master_v1.5.0_AUTHORITATIVE,Clearance_Draft_ft,DOCUMENT_004,Clearance Date,numeric,"18.0, 18.0, 18.0"
AJ-36,usace_2023_portcall_master_v1.5.0_AUTHORITATIVE,Clearance_Draft_in,DOCUMENT_004,Clearance Date,numeric,"0.0, 0.0, 0.0"
AK-37,usace_2023_portcall_master_v1.5.0_AUTHORITATIVE,Clearance_Draft_Pct_Max,DOCUMENT_004,Clearance Date,numeric,"84.8, 84.8, 84.8"
AL-38,usace_2023_portcall_master_v1.5.0_AUTHORITATIVE,Clearance_Activity,DOCUMENT_004,Clearance Date,text,"Discharge, Discharge, Discharge"
AM-39,usace_2023_portcall_master_v1.5.0_AUTHORITATIVE,Clearance_Destination,DOCUMENT_004,Clearance Date,text,"Foreign, Foreign, Foreign"
AN-40,usace_2023_portcall_master_v1.5.0_AUTHORITATIVE,Clearance_Next_Port,DOCUMENT_004,Clearance Date,text,"Owen Sound, ONT, Owen Sound, ONT, Owen Sound, ONT"
AO-41,usace_2023_portcall_master_v1.5.0_AUTHORITATIVE,Clearance_Next_Country,DOCUMENT_004,Clearance Date,text,"Canada, Canada, Canada"
AP-42,usace_2023_portcall_master_v1.5.0_AUTHORITATIVE,Port_Consolidated,PORT_001,Port Name,text,"Detroit-Milwaukee, Seattle-Tacoma, Seattle-Tacoma"
AQ-43,usace_2023_portcall_master_v1.5.0_AUTHORITATIVE,Port_Coast,PORT_004,Port Coast,text,"Great Lakes, West, West"
AR-44,usace_2023_portcall_master_v1.5.0_AUTHORITATIVE,Port_Region,PORT_003,Port Region,text,"Great Lakes, Pacific Northwest, Pacific Northwest"
AS-45,usace_2023_portcall_master_v1.5.0_AUTHORITATIVE,Import_VOY_RECID,PORT_001,Port Name,text,"VOY_0004994, VOY_0008440, VOY_0009377"
AT-46,usace_2023_portcall_master_v1.5.0_AUTHORITATIVE,Import_Carrier,PARTY_003,Carrier,text,"ALOM - Algoma Central Corporation, LLKT - Lower Lakes Towing Ltd, ALOM - Algoma Central Corporation"
AU-47,usace_2023_portcall_master_v1.5.0_AUTHORITATIVE,Import_Cargo_Group,CARGO_008,Cargo Group,numeric,
AV-48,usace_2023_portcall_master_v1.5.0_AUTHORITATIVE,Import_Cargo_Commodity,CARGO_009,Cargo Commodity,numeric,
AW-49,usace_2023_portcall_master_v1.5.0_AUTHORITATIVE,Import_Tons,PORT_001,Port Name,numeric,"17000.0, 21000.0, 73580.0"
AX-50,usace_2023_portcall_master_v1.5.0_AUTHORITATIVE,Import_Match_Days_Offset,PORT_001,Port Name,numeric,"0.0, 0.0, 0.0"
AY-51,usace_2023_portcall_master_v1.5.0_AUTHORITATIVE,Import_Match_Pass,PORT_001,Port Name,numeric,"1.0, 1.0, 1.0"
AZ-52,usace_2023_portcall_master_v1.5.0_AUTHORITATIVE,Import_Match_Method,PORT_001,Port Name,text,"IMO, IMO, IMO"
BA-53,usace_2023_portcall_master_v1.5.0_AUTHORITATIVE,Export_VOY_RECID,PORT_001,Port Name,text,"VOY_EXP_0000351, VOY_EXP_0000193, VOY_EXP_0013478"
BB-54,usace_2023_portcall_master_v1.5.0_AUTHORITATIVE,Export_Shipper,PARTY_001,Shipper,text,"Us Steel, Us Steel, Bryant Church Hardwoods Inc."
BC-55,usace_2023_portcall_master_v1.5.0_AUTHORITATIVE,Export_Cargo_Group,CARGO_008,Cargo Group,text,"Dry Bulk, Dry Bulk, Dry Bulk"
BD-56,usace_2023_portcall_master_v1.5.0_AUTHORITATIVE,Export_Cargo_Commodity,CARGO_009,Cargo Commodity,text,"Barge, Barge, Barge"
BE-57,usace_2023_portcall_master_v1.5.0_AUTHORITATIVE,Export_Tons,PORT_001,Port Name,numeric,"16025.01, 16107.01, 27.06993904923"
BF-58,usace_2023_portcall_master_v1.5.0_AUTHORITATIVE,Export_Match_Days_Offset,PORT_001,Port Name,numeric,"3.0, 0.0, 1.0"
BG-59,usace_2023_portcall_master_v1.5.0_AUTHORITATIVE,Export_Match_Pass,PORT_001,Port Name,numeric,"2.0, 1.0, 1.0"
BH-60,usace_2023_portcall_master_v1.5.0_AUTHORITATIVE,Export_Match_Method,PORT_001,Port Name,text,"Vessel_Name, Vessel_Name, Vessel_Name"
BI-61,usace_2023_portcall_master_v1.5.0_AUTHORITATIVE,Grain_Export,PORT_001,Port Name,boolean,"False, False, False"
BJ-62,usace_2023_portcall_master_v1.5.0_AUTHORITATIVE,FGIS_RECID,,UNMAPPED,numeric,
BK-63,usace_2023_portcall_master_v1.5.0_AUTHORITATIVE,Grain_Type,VESSEL_003,Vessel Type,numeric,
BL-64,usace_2023_portcall_master_v1.5.0_AUTHORITATIVE,Grain_Detail,,UNMAPPED,numeric,
BM-65,usace_2023_portcall_master_v1.5.0_AUTHORITATIVE,Grain_MT,,UNMAPPED,numeric,
BN-66,usace_2023_portcall_master_v1.5.0_AUTHORITATIVE,Grain_Pounds,,UNMAPPED,numeric,
BO-67,usace_2023_portcall_master_v1.5.0_AUTHORITATIVE,Grain_Match_Quality,,UNMAPPED,numeric,
BP-68,usace_2023_portcall_master_v1.5.0_AUTHORITATIVE,Match_Score,,UNMAPPED,numeric,"0.8, 0.8, 0.8"
BQ-69,usace_2023_portcall_master_v1.5.0_AUTHORITATIVE,Match_Method,,UNMAPPED,text,"IMO, IMO, IMO"
BR-70,usace_2023_portcall_master_v1.5.0_AUTHORITATIVE,Tug_Barge_Pair_ID,,UNMAPPED,text,"TB_ENT_27, TB_ENT_110, TB_ENT_216"
BS-71,usace_2023_portcall_master_v1.5.0_AUTHORITATIVE,Tug_Barge_Confidence,,UNMAPPED,text,"HIST_1X, SINGLE, SINGLE"
BT-72,usace_2023_portcall_master_v1.5.0_AUTHORITATIVE,USFlag_CG_Number,VESSEL_005,Flag Country,numeric,"202859.0, 202859.0, 202859.0"
BU-73,usace_2023_portcall_master_v1.5.0_AUTHORITATIVE,USFlag_ICST_Code,VESSEL_003,Vessel Type,numeric,"229.0, 229.0, 229.0"
BV-74,usace_2023_portcall_master_v1.5.0_AUTHORITATIVE,USFlag_ICST_Description,CARGO_002,Goods Description,text,"Push Boat, Push Boat, Push Boat"
BW-75,usace_2023_portcall_master_v1.5.0_AUTHORITATIVE,USFlag_HP,VESSEL_005,Flag Country,numeric,"3000.0, 3000.0, 3000.0"
BX-76,usace_2023_portcall_master_v1.5.0_AUTHORITATIVE,USFlag_Length_ft,VESSEL_006,Length Overall (LOA),numeric,"530.0, 530.0, 530.0"
BY-77,usace_2023_portcall_master_v1.5.0_AUTHORITATIVE,USFlag_Beam_ft,VESSEL_005,Flag Country,numeric,"56.2, 56.2, 56.2"
BZ-78,usace_2023_portcall_master_v1.5.0_AUTHORITATIVE,USFlag_Capacity_Tons,VESSEL_005,Flag Country,numeric,"10250.0, 10250.0, 10250.0"
CA-79,usace_2023_portcall_master_v1.5.0_AUTHORITATIVE,USFlag_Year_Built,VESSEL_005,Flag Country,numeric,"1906.0, 1906.0, 1906.0"
CB-80,usace_2023_portcall_master_v1.5.0_AUTHORITATIVE,USFlag_Base_Port,VESSEL_005,Flag Country,text,"MUSKEGON, MUSKEGON, MUSKEGON"
CC-81,usace_2023_portcall_master_v1.5.0_AUTHORITATIVE,USFlag_State,VESSEL_005,Flag Country,text,"MI, MI, MI"
CD-82,usace_2023_portcall_master_v1.5.0_AUTHORITATIVE,USFlag_Match_Quality,VESSEL_005,Flag Country,text,"EXACT_MATCH, EXACT_MATCH, EXACT_MATCH"
CE-83,usace_2023_portcall_master_v1.5.0_AUTHORITATIVE,Agency_Fee_Default,,UNMAPPED,numeric,"2000, 2000, 2000"
CF-84,usace_2023_portcall_master_v1.5.0_AUTHORITATIVE,Agency_Fee_Adjusted,,UNMAPPED,numeric,"2000, 2000, 2000"
CG-85,usace_2023_portcall_master_v1.5.0_AUTHORITATIVE,User_Notes,,UNMAPPED,numeric,
A-1,usace_2023_portcall_master_v1.5.0_ABRIDGED,PORTCALL_ID,PORT_001,Port Name,text,"PC_000001, PC_000002, PC_000003"
B-2,usace_2023_portcall_master_v1.5.0_ABRIDGED,Record_Type,VESSEL_003,Vessel Type,text,"BOTH, BOTH, BOTH"
C-3,usace_2023_portcall_master_v1.5.0_ABRIDGED,Vessel_Name,VESSEL_001,Vessel Name,text,"ST. MARYS CHALLENGER, ST. MARYS CHALLENGER, ST. MARYS CHALLENGER"
D-4,usace_2023_portcall_master_v1.5.0_ABRIDGED,IMO,VESSEL_002,IMO Number,numeric,"5009984.0, 5009984.0, 5009984.0"
E-5,usace_2023_portcall_master_v1.5.0_ABRIDGED,Flag_Country,VESSEL_005,Flag Country,text,"United States of America, United States of America, United States of America"
F-6,usace_2023_portcall_master_v1.5.0_ABRIDGED,ICST_Vessel_Type,VESSEL_003,Vessel Type,text,"OTHER DRY CARGO BARGE NEI, OTHER DRY CARGO BARGE NEI, OTHER DRY CARGO BARGE NEI"
G-7,usace_2023_portcall_master_v1.5.0_ABRIDGED,Rig_Description,CARGO_002,Goods Description,text,"Barge, Scow, Barge, Scow, Barge, Scow"
H-8,usace_2023_portcall_master_v1.5.0_ABRIDGED,Vessel_Type_Registry,VESSEL_003,Vessel Type,text,"PCC/PCTC => 4,000 cars, PCC/PCTC => 4,000 cars, PCC/PCTC => 4,000 cars"
I-9,usace_2023_portcall_master_v1.5.0_ABRIDGED,DWT,VESSEL_004,Deadweight Tonnage (DWT),numeric,"11543.0, 11543.0, 11543.0"
J-10,usace_2023_portcall_master_v1.5.0_ABRIDGED,Grain_Capacity_m3,,UNMAPPED,numeric,"0.0, 0.0, 0.0"
K-11,usace_2023_portcall_master_v1.5.0_ABRIDGED,TPC,,UNMAPPED,numeric,"0.0, 0.0, 0.0"
L-12,usace_2023_portcall_master_v1.5.0_ABRIDGED,DWT_Draft_ft,VESSEL_008,Draft,numeric,"21.23, 21.23, 21.23"
M-13,usace_2023_portcall_master_v1.5.0_ABRIDGED,Arrival_Date,DOCUMENT_003,Arrival Date,text,"2023-05-03, 2023-06-14, 2023-07-25"
N-14,usace_2023_portcall_master_v1.5.0_ABRIDGED,Clearance_Date,DOCUMENT_004,Clearance Date,text,"2023-06-11, 2023-07-22, 2023-08-21"
O-15,usace_2023_portcall_master_v1.5.0_ABRIDGED,Port_Stay_Days,PORT_001,Port Name,numeric,"39.0, 38.0, 27.0"
P-16,usace_2023_portcall_master_v1.5.0_ABRIDGED,Entrance_Port_USACE,PORT_001,Port Name,text,"Lake Michigan, Lake Michigan, Lake Michigan"
Q-17,usace_2023_portcall_master_v1.5.0_ABRIDGED,Entrance_Draft_ft,VESSEL_008,Draft,numeric,"18.0, 16.0, 18.0"
R-18,usace_2023_portcall_master_v1.5.0_ABRIDGED,Entrance_Draft_in,VESSEL_008,Draft,numeric,"0.0, 0.0, 0.0"
S-19,usace_2023_portcall_master_v1.5.0_ABRIDGED,Entrance_Draft_Pct_Max,VESSEL_008,Draft,numeric,"84.8, 75.4, 84.8"
T-20,usace_2023_portcall_master_v1.5.0_ABRIDGED,Entrance_Activity,,UNMAPPED,text,"Discharge, Discharge, Discharge"
U-21,usace_2023_portcall_master_v1.5.0_ABRIDGED,Entrance_Origin,,UNMAPPED,text,"Foreign, Foreign, Foreign"
V-22,usace_2023_portcall_master_v1.5.0_ABRIDGED,Entrance_Previous_Port,PORT_001,Port Name,text,"Owen Sound, ONT, Owen Sound, ONT, Owen Sound, ONT"
W-23,usace_2023_portcall_master_v1.5.0_ABRIDGED,Entrance_Previous_Country,PORT_005,Port Country,text,"Canada, Canada, Canada"
X-24,usace_2023_portcall_master_v1.5.0_ABRIDGED,Clearance_Port_USACE,DOCUMENT_004,Clearance Date,text,"Lake Michigan, Lake Michigan, Lake Michigan"
Y-25,usace_2023_portcall_master_v1.5.0_ABRIDGED,Clearance_Draft_ft,DOCUMENT_004,Clearance Date,numeric,"18.0, 18.0, 18.0"
Z-26,usace_2023_portcall_master_v1.5.0_ABRIDGED,Clearance_Draft_in,DOCUMENT_004,Clearance Date,numeric,"0.0, 0.0, 0.0"
AA-27,usace_2023_portcall_master_v1.5.0_ABRIDGED,Clearance_Draft_Pct_Max,DOCUMENT_004,Clearance Date,numeric,"84.8, 84.8, 84.8"
AB-28,usace_2023_portcall_master_v1.5.0_ABRIDGED,Clearance_Activity,DOCUMENT_004,Clearance Date,text,"Discharge, Discharge, Discharge"
AC-29,usace_2023_portcall_master_v1.5.0_ABRIDGED,Clearance_Destination,DOCUMENT_004,Clearance Date,text,"Foreign, Foreign, Foreign"
AD-30,usace_2023_portcall_master_v1.5.0_ABRIDGED,Clearance_Next_Port,DOCUMENT_004,Clearance Date,text,"Owen Sound, ONT, Owen Sound, ONT, Owen Sound, ONT"
AE-31,usace_2023_portcall_master_v1.5.0_ABRIDGED,Clearance_Next_Country,DOCUMENT_004,Clearance Date,text,"Canada, Canada, Canada"
AF-32,usace_2023_portcall_master_v1.5.0_ABRIDGED,Port_Consolidated,PORT_001,Port Name,text,"Detroit-Milwaukee, Seattle-Tacoma, Seattle-Tacoma"
AG-33,usace_2023_portcall_master_v1.5.0_ABRIDGED,Port_Coast,PORT_004,Port Coast,text,"Great Lakes, West, West"
AH-34,usace_2023_portcall_master_v1.5.0_ABRIDGED,Port_Region,PORT_003,Port Region,text,"Great Lakes, Pacific Northwest, Pacific Northwest"
AI-35,usace_2023_portcall_master_v1.5.0_ABRIDGED,Import_Carrier,PARTY_003,Carrier,text,"ALOM - Algoma Central Corporation, LLKT - Lower Lakes Towing Ltd, ALOM - Algoma Central Corporation"
AJ-36,usace_2023_portcall_master_v1.5.0_ABRIDGED,Import_Cargo_Group,CARGO_008,Cargo Group,numeric,
AK-37,usace_2023_portcall_master_v1.5.0_ABRIDGED,Import_Cargo_Commodity,CARGO_009,Cargo Commodity,numeric,
AL-38,usace_2023_portcall_master_v1.5.0_ABRIDGED,Import_Tons,PORT_001,Port Name,numeric,"17000.0, 21000.0, 73580.0"
AM-39,usace_2023_portcall_master_v1.5.0_ABRIDGED,Export_Shipper,PARTY_001,Shipper,text,"Us Steel, Us Steel, Bryant Church Hardwoods Inc."
AN-40,usace_2023_portcall_master_v1.5.0_ABRIDGED,Export_Cargo_Group,CARGO_008,Cargo Group,text,"Dry Bulk, Dry Bulk, Dry Bulk"
AO-41,usace_2023_portcall_master_v1.5.0_ABRIDGED,Export_Cargo_Commodity,CARGO_009,Cargo Commodity,text,"Barge, Barge, Barge"
AP-42,usace_2023_portcall_master_v1.5.0_ABRIDGED,Export_Tons,PORT_001,Port Name,numeric,"16025.01, 16107.01, 27.06993904923"
AQ-43,usace_2023_portcall_master_v1.5.0_ABRIDGED,Grain_Export,PORT_001,Port Name,boolean,"False, False, False"
AR-44,usace_2023_portcall_master_v1.5.0_ABRIDGED,Agency_Fee_Default,,UNMAPPED,numeric,"2000, 2000, 2000"
AS-45,usace_2023_portcall_master_v1.5.0_ABRIDGED,Agency_Fee_Adjusted,,UNMAPPED,numeric,"2000, 2000, 2000"
AT-46,usace_2023_portcall_master_v1.5.0_ABRIDGED,User_Notes,,UNMAPPED,numeric,
A-1,usace_2023_portcall_master_SIMPLE_v2.0.0_20260116_1747,PORTCALL_ID,PORT_001,Port Name,text,"PC_000000, PC_000001, PC_000002"
B-2,usace_2023_portcall_master_SIMPLE_v2.0.0_20260116_1747,Record_Type,VESSEL_003,Vessel Type,text,"ENTRANCE_ONLY, ENTRANCE_ONLY, ENTRANCE_ONLY"
C-3,usace_2023_portcall_master_SIMPLE_v2.0.0_20260116_1747,Vessel_Name,VESSEL_001,Vessel Name,text,"ST. MARYS CHALLENGER, ST. MARYS CHALLENGER, ST. MARYS CONQUEST"
D-4,usace_2023_portcall_master_SIMPLE_v2.0.0_20260116_1747,IMO,VESSEL_002,IMO Number,numeric,"5009984, 5009984, 5015012"
E-5,usace_2023_portcall_master_SIMPLE_v2.0.0_20260116_1747,Arrival_Date,DOCUMENT_003,Arrival Date,numeric,"7325.0, 12305.0, 10305.0"
F-6,usace_2023_portcall_master_SIMPLE_v2.0.0_20260116_1747,Entrance_Port,PORT_001,Port Name,numeric,"3701, 3701, 3701"
G-7,usace_2023_portcall_master_SIMPLE_v2.0.0_20260116_1747,Has_Import_Manifest,DOCUMENT_001,Bill of Lading,boolean,"False, False, False"
H-8,usace_2023_portcall_master_SIMPLE_v2.0.0_20260116_1747,Import_VOY_RECID,PORT_001,Port Name,numeric,
I-9,usace_2023_portcall_master_SIMPLE_v2.0.0_20260116_1747,Clearance_Date,DOCUMENT_004,Clearance Date,numeric,"9308.0, 6323.0, 11312.0"
J-10,usace_2023_portcall_master_SIMPLE_v2.0.0_20260116_1747,Clearance_Port,DOCUMENT_004,Clearance Date,numeric,"3198.0, 3213.0, 3627.0"
K-11,usace_2023_portcall_master_SIMPLE_v2.0.0_20260116_1747,Has_Export_Manifest,DOCUMENT_001,Bill of Lading,boolean,"False, False, False"
L-12,usace_2023_portcall_master_SIMPLE_v2.0.0_20260116_1747,Export_VOY_RECID,PORT_001,Port Name,numeric,
M-13,usace_2023_portcall_master_SIMPLE_v2.0.0_20260116_1747,Port_Stay_Days,PORT_001,Port Name,numeric,"0.0, 0.0, 0.0"
A-1,usace_2023_portcall_master_SIMPLE_v2.0.0_20260116_1804,PORTCALL_ID,PORT_001,Port Name,text,"PC_000000, PC_000001, PC_000002"
B-2,usace_2023_portcall_master_SIMPLE_v2.0.0_20260116_1804,Record_Type,VESSEL_003,Vessel Type,text,"ENTRANCE_ONLY, ENTRANCE_ONLY, ENTRANCE_ONLY"
C-3,usace_2023_portcall_master_SIMPLE_v2.0.0_20260116_1804,Vessel_Name,VESSEL_001,Vessel Name,text,"ST. MARYS CHALLENGER, ST. MARYS CHALLENGER, ST. MARYS CONQUEST"
D-4,usace_2023_portcall_master_SIMPLE_v2.0.0_20260116_1804,IMO,VESSEL_002,IMO Number,numeric,"5009984, 5009984, 5015012"
E-5,usace_2023_portcall_master_SIMPLE_v2.0.0_20260116_1804,Arrival_Date,DOCUMENT_003,Arrival Date,text,"2023-07-25, 2023-12-05, 2023-10-05"
F-6,usace_2023_portcall_master_SIMPLE_v2.0.0_20260116_1804,Entrance_Port,PORT_001,Port Name,numeric,"3701, 3701, 3701"
G-7,usace_2023_portcall_master_SIMPLE_v2.0.0_20260116_1804,Has_Import_Manifest,DOCUMENT_001,Bill of Lading,boolean,"False, False, False"
H-8,usace_2023_portcall_master_SIMPLE_v2.0.0_20260116_1804,Import_VOY_RECID,PORT_001,Port Name,text,"3d95172bf14ee595, 1a79944916ac86c3, 018b245a0b084af8"
I-9,usace_2023_portcall_master_SIMPLE_v2.0.0_20260116_1804,Clearance_Date,DOCUMENT_004,Clearance Date,text,"2023-09-08, 2023-06-23, 2023-11-12"
J-10,usace_2023_portcall_master_SIMPLE_v2.0.0_20260116_1804,Clearance_Port,DOCUMENT_004,Clearance Date,numeric,"3198.0, 3213.0, 3627.0"
K-11,usace_2023_portcall_master_SIMPLE_v2.0.0_20260116_1804,Has_Export_Manifest,DOCUMENT_001,Bill of Lading,boolean,"False, False, False"
L-12,usace_2023_portcall_master_SIMPLE_v2.0.0_20260116_1804,Export_VOY_RECID,PORT_001,Port Name,text,"debca01f298238ff, f73d6e15e6ac2132"
M-13,usace_2023_portcall_master_SIMPLE_v2.0.0_20260116_1804,Port_Stay_Days,PORT_001,Port Name,numeric,"22.0, 1.0, 0.0"
A-1,cargo_classification_dictionary_CURRENT_v3.6.0,Rule_ID,,UNMAPPED,text,"HS4-1001, HS4-1002, HS4-1003"
B-2,cargo_classification_dictionary_CURRENT_v3.6.0,Phase,,UNMAPPED,numeric,"2, 2, 2"
C-3,cargo_classification_dictionary_CURRENT_v3.6.0,Tier,,UNMAPPED,numeric,"1.0, 1.0, 1.0"
D-4,cargo_classification_dictionary_CURRENT_v3.6.0,Active,,UNMAPPED,boolean,"True, True, True"
E-5,cargo_classification_dictionary_CURRENT_v3.6.0,Lock_Classification,,UNMAPPED,text,"True, False, True"
F-6,cargo_classification_dictionary_CURRENT_v3.6.0,Override_HS,CARGO_001,HS Code,text,"True, True, True"
G-7,cargo_classification_dictionary_CURRENT_v3.6.0,Carrier_SCAC,PARTY_003,Carrier,text,"ACLU, AETK, AMQK"
H-8,cargo_classification_dictionary_CURRENT_v3.6.0,Carrier_Name,PARTY_003,Carrier,text,"Atlantic Container Line Ab, Aet Inc Pte Ltd, Associated Maritime Company (Hong Kong) Limited"
I-9,cargo_classification_dictionary_CURRENT_v3.6.0,Package_Type,MEASUREMENT_002,Package Type,text,"DBK, BLK, BGS, LBK, LBK"
J-10,cargo_classification_dictionary_CURRENT_v3.6.0,Vessel_Type,VESSEL_003,Vessel Type,numeric,
K-11,cargo_classification_dictionary_CURRENT_v3.6.0,Exclude_Groups,CARGO_008,Cargo Group,text,"Liquid Bulk;LPG/LNG, Dry Bulk;LPG/LNG;Ro/Ro;Reefer;Break-Bulk, Dry Bulk;LPG/LNG;Ro/Ro;Reefer;Break-Bulk"
L-12,cargo_classification_dictionary_CURRENT_v3.6.0,HS2,CARGO_001,HS Code,numeric,"10.0, 10.0, 10.0"
M-13,cargo_classification_dictionary_CURRENT_v3.6.0,HS4,CARGO_001,HS Code,numeric,"1001.0, 1002.0, 1003.0"
N-14,cargo_classification_dictionary_CURRENT_v3.6.0,HS6,CARGO_001,HS Code,numeric,"250300.0, 250760.0, 250850.0"
O-15,cargo_classification_dictionary_CURRENT_v3.6.0,Keywords,,UNMAPPED,text,"PRILLED, QUANTITY, SULPHUR, ANDALUSITE, CLAY, KAOLIN, ANDALUSITE, CLAY, KAOLIN"
P-16,cargo_classification_dictionary_CURRENT_v3.6.0,Key_Phrases,,UNMAPPED,text,"PULP, WHEAT, BARLEY, WHEAT, CORN"
Q-17,cargo_classification_dictionary_CURRENT_v3.6.0,Primary_Keywords,,UNMAPPED,text,"WESTERN, WHEAT, SPRING, CANADA, RED, PREPAID, CONT, RYE, ANIMAL, FEED, CERS, PREPAID, SHIPPERS, COUNT,, GENERATOR, PREPAID, PARA, POSTAL, PEDIDO, ESO, INC"
R-18,cargo_classification_dictionary_CURRENT_v3.6.0,Descriptor_Keywords,,UNMAPPED,text,"BULK, PACKED, GRADE, BULK, BULK, PACKED"
S-19,cargo_classification_dictionary_CURRENT_v3.6.0,Match_Strategy,,UNMAPPED,text,"PRIMARY_SUFFICIENT, PRIMARY_SUFFICIENT, PRIMARY_SUFFICIENT"
T-20,cargo_classification_dictionary_CURRENT_v3.6.0,Exclude_Keywords,,UNMAPPED,numeric,
U-21,cargo_classification_dictionary_CURRENT_v3.6.0,Min_Tons,CARGO_003,Weight (Metric Tons),numeric,"2500.0, 250.0, 250.0"
V-22,cargo_classification_dictionary_CURRENT_v3.6.0,Max_Tons,CARGO_003,Weight (Metric Tons),numeric,"75000.0, 18000.0, 18000.0"
W-23,cargo_classification_dictionary_CURRENT_v3.6.0,Port_Filter,PORT_001,Port Name,numeric,
X-24,cargo_classification_dictionary_CURRENT_v3.6.0,Country_Filter,PORT_005,Port Country,numeric,
Y-25,cargo_classification_dictionary_CURRENT_v3.6.0,Lock_Group,CARGO_008,Cargo Group,boolean,"True, True, True"
Z-26,cargo_classification_dictionary_CURRENT_v3.6.0,Lock_Commodity,CARGO_009,Cargo Commodity,boolean,"True, True, True"
AA-27,cargo_classification_dictionary_CURRENT_v3.6.0,Lock_Cargo,CARGO_010,Cargo Type,boolean,"True, True, True"
AB-28,cargo_classification_dictionary_CURRENT_v3.6.0,Lock_Cargo_Detail,CARGO_011,Cargo Detail,boolean,"True, True, True"
AC-29,cargo_classification_dictionary_CURRENT_v3.6.0,Group,CARGO_008,Cargo Group,text,"Dry Bulk, Dry Bulk, Dry Bulk"
AD-30,cargo_classification_dictionary_CURRENT_v3.6.0,Commodity,CARGO_009,Cargo Commodity,text,"Agricultural Products, Agricultural Products, Agricultural Products"
AE-31,cargo_classification_dictionary_CURRENT_v3.6.0,Cargo,CARGO_010,Cargo Type,text,"Grain, Grain, Grain"
AF-32,cargo_classification_dictionary_CURRENT_v3.6.0,Cargo_Detail,CARGO_011,Cargo Detail,text,"Wheat, Rye, Barley"
AG-33,cargo_classification_dictionary_CURRENT_v3.6.0,Filter,,UNMAPPED,numeric,
AH-34,cargo_classification_dictionary_CURRENT_v3.6.0,Note,,UNMAPPED,text,"AUTHORITATIVE - Phase 2 HS4 Broad (no tonnage filt, AUTHORITATIVE - Phase 2 HS4 Broad (no tonnage filt, AUTHORITATIVE - Phase 2 HS4 Broad (no tonnage filt"
AI-35,cargo_classification_dictionary_CURRENT_v3.6.0,Accuracy_Est,,UNMAPPED,text,"100%, 100%, 100%"
AJ-36,cargo_classification_dictionary_CURRENT_v3.6.0,Tonnage_Impact,,UNMAPPED,text,"Very High, Very High, High"
AK-37,cargo_classification_dictionary_CURRENT_v3.6.0,Date_Added,,UNMAPPED,text,"01/14/2026, 01/14/2026, 01/14/2026"
AL-38,cargo_classification_dictionary_CURRENT_v3.6.0,Last_Modified,,UNMAPPED,text,"1/14/2026, 1/14/2026, 1/14/2026"
AM-39,cargo_classification_dictionary_CURRENT_v3.6.0,Priority,,UNMAPPED,numeric,"1, 1, 1"
AN-40,cargo_classification_dictionary_CURRENT_v3.6.0,Public,,UNMAPPED,text,"False, False, False"
AO-41,cargo_classification_dictionary_CURRENT_v3.6.0,Private,,UNMAPPED,text,"False, False, False"
AP-42,cargo_classification_dictionary_CURRENT_v3.6.0,Source,,UNMAPPED,text,"user_notes - Phase 2 HS4 broad strokes, user_notes - Phase 2 HS4 broad strokes, user_notes - Phase 2 HS4 broad strokes"
AQ-43,cargo_classification_dictionary_CURRENT_v3.6.0,HS4_Description,CARGO_002,Goods Description,text,"Wheat and meslin, Barley, Oats"
A-1,us_port_dictionary,Code,,UNMAPPED,numeric,"1103, 1307, 1001"
B-2,us_port_dictionary,Sked_D_E,,UNMAPPED,text,"Wilmington, Delaware, Dover, Delaware, New York, New York"
C-3,us_port_dictionary,Port_Consolidated,PORT_001,Port Name,text,"Delaware River, Land Ports, New York "
D-4,us_port_dictionary,Port_Coast,PORT_004,Port Coast,text,"East, Land  Ports, East"
E-5,us_port_dictionary,Port_Region,PORT_003,Port Region,text,"Mid-Atlantic, Land Ports, North Atlantic"
F-6,us_port_dictionary, Action ,,UNMAPPED,numeric,"1.0, 1.0, 1.0"
G-7,us_port_dictionary,Note,,UNMAPPED,text,"Added from CBP PDF - unmatched ports, Added from CBP PDF - unmatched ports, Added from CBP PDF - unmatched ports"
H-8,us_port_dictionary,Sked_D,,UNMAPPED,text,"WILMINGTON, DE, NEW YORK, NY, ALBANY, NY"
I-9,us_port_dictionary,Action,,UNMAPPED,numeric,"1.0, 1.0, 1.0"
A-1,usace_to_census_port_mapping,USACE_PORT,PORT_001,Port Name,numeric,"2, 77, 78"
B-2,usace_to_census_port_mapping,USACE_PORT_NAME,PORT_001,Port Name,text,"Lubec Channel, ME, Searsport, ME, Portsmouth, NH"
C-3,usace_to_census_port_mapping,Census_Code,,UNMAPPED,numeric,"152.0, 131.0, 401.0"
D-4,usace_to_census_port_mapping,Census_Sked_D_E,,UNMAPPED,text,"Searsport, Maine, Portsmouth, New Hampshire, Boston, Massachusetts"
E-5,usace_to_census_port_mapping,Port_Consolidated,PORT_001,Port Name,text,"Boston, Boston, New York "
F-6,usace_to_census_port_mapping,Port_Coast,PORT_004,Port Coast,text,"East, East, East"
G-7,usace_to_census_port_mapping,Port_Region,PORT_003,Port Region,text,"North Atlantic, North Atlantic, North Atlantic"
H-8,usace_to_census_port_mapping,Match_Type,VESSEL_003,Vessel Type,text,"State Fallback, City+State Exact, City+State Exact"
A-1,01_ships_register,IMO,VESSEL_002,IMO Number,numeric,"1004156, 1004338, 1006025"
B-2,01_ships_register,Vessel,VESSEL_001,Vessel Name,text,"SUMURUN, MAKAI, ARRIVEDERCI IV"
C-3,01_ships_register,Design,,UNMAPPED,text,"CIMC ORIC 11500, CIMC ORIC 11500, Imabari 211"
D-4,01_ships_register,Type,VESSEL_003,Vessel Type,text,"Containership-Sub New Panamax, Containership-Sub New Panamax, Tanker-7,500-9,999dwt"
E-5,01_ships_register,DWT,VESSEL_004,Deadweight Tonnage (DWT),numeric,"0, 0, 0"
F-6,01_ships_register,LOA,VESSEL_006,Length Overall (LOA),numeric,"0.0, 0.0, 0.0"
G-7,01_ships_register,Beam,VESSEL_007,Beam,numeric,"5.06, 6.1, 7.45"
H-8,01_ships_register,Depth(m),,UNMAPPED,numeric,"3.35, 0.0, 3.76"
I-9,01_ships_register,GT,VESSEL_009,Gross Tonnage (GT),numeric,"50, 118, 223"
J-10,01_ships_register,NRT,VESSEL_010,Net Register Tonnage (NRT),numeric,"46, 35, 66"
K-11,01_ships_register,Grain,,UNMAPPED,numeric,"0, 0, 0"
L-12,01_ships_register,TPC,,UNMAPPED,numeric,"0.0, 0.0, 0.0"
M-13,01_ships_register,Dwt_Draft(m),VESSEL_008,Draft,numeric,"3.32, 1.52, 1.2"
N-14,01_ships_register,Source_File,,UNMAPPED,text,"Ship Results (61).xlsx, Ship Results (61).xlsx, Ship Results (61).xlsx"
A-1,carrier_scac_mappings,Carrier,PARTY_003,Carrier,text,"WLWH, KKLU, MOLU"
B-2,carrier_scac_mappings,Carrier Name,PARTY_003,Carrier,text,"Wallenius Wilhelmsen Logistics Americas Llc, Kawasaki Kisen Kaisha Ltd, Mitsui O S K Lines Ltd"
C-3,carrier_scac_mappings,action,,UNMAPPED,text,"on match condition Carrier_Code , enter values and, on match condition Carrier_Code , enter values and, on match condition Carrier_Code , enter values and"
D-4,carrier_scac_mappings,Group,CARGO_008,Cargo Group,text,"Break Bulk, Break Bulk, Break Bulk"
E-5,carrier_scac_mappings,Commodity,CARGO_009,Cargo Commodity,text,"General Cargo, General Cargo, General Cargo"
F-6,carrier_scac_mappings,Cargo,CARGO_010,Cargo Type,text,"Machinery & Vehicles, Vehicles & Machinery, Vehicles & Machinery"
G-7,carrier_scac_mappings,CargoDetail,CARGO_010,Cargo Type,text,"Machinery & Vehicles, Vehicles & Machinery, Vehicles & Machinery"
A-1,hs2_lookup,HS2,CARGO_001,HS Code,numeric,"1, 2, 3"
B-2,hs2_lookup,Description,CARGO_002,Goods Description,text,"HORSES, CARCASSES AND HALF-CARCASSES OF VEAL, KOI (COMMON) CARP (CYPRINUS CARPIO)"
A-1,hs4_lookup,HS4,CARGO_001,HS Code,numeric,"101, 102, 103"
B-2,hs4_lookup,HS2,CARGO_001,HS Code,numeric,"1, 1, 1"
C-3,hs4_lookup,Description,CARGO_002,Goods Description,text,"HORSES, CATTLE, SWINE"
A-1,hs6_lookup,HS6,CARGO_001,HS Code,numeric,"10121, 10129, 10130"
B-2,hs6_lookup,HS4,CARGO_001,HS Code,numeric,"101, 101, 101"
C-3,hs6_lookup,HS2,CARGO_001,HS Code,numeric,"1, 1, 1"
D-4,hs6_lookup,Description,CARGO_002,Goods Description,text,"HORSES, LIVE, PUREBRED BREEDING MALE, HORSES, LIVE, IMPORTED FOR IMMEDIATE SLAUGHTER, ASSES, LIVE"
