Party_Name,Total_Tons,Record_Count
Ril Usa Inc.,1805557.31,80
Wilmar Oleo Quimico S.De.Rl.De.C.V.,1770293.6400000001,12
Carver Sand & Gravel Se Llc,1602948.05,40
Eurochem North America Corp.,1537831.19,96
Freepoint Commodities,1527977.84,97
Volkswagen Grp Of America,1504034.53,1704
Csc Sugar Llc,1503712.27,134
Host Agency,1361039.1300000001,213
Puerto Rico Electric Power Authorit,1349535.85,58
Naturgy Aprovisionamientos Sa,1339776.82,47
Iig Capital,1338870.51,54
Hunt Crude Oil Supply Co.,1331520.51,31
Ubs Switzerland Ag,1295481.18,86
California Steel Industries Inc.,1266493.1400000001,47
On Site Concrete Solutions,1208244.79,58
Mitsui & Co Usa Inc.,1183008.86,381
Eco Fertilizers Inc.,1077556.99,47
Subaru Ofamerica Inc.,1062708.82,1104
Neste Us Inc.,1055022.47,102
Ups Supply Chain Solutions,1027879.43,192
Ing Bank N.V. Amsterdam,978278.29,92
Ergon Oil Purchasing Inc.,976432.73,14
Hyundai Motor America,957958.5,1801
North American Fuel Corp.,936636.37,28
Dow Europe Gmb H Plant F412,925952.1000000001,4
Total Specialties Usa Inc.,916462.95,35
Mcinnis Usa Inc.,914706.33,64
Totalenergies Petro Chemicals,911984.62,4
Ukt Chicago Inc.,909158.13,51
Unipec America,870794.63,16
Jaime Maduro Customs Broker,867530.0,3
Metsae Board Americas Corp.,863374.16,453
Perstorp Polyols Inc.,818894.64,27
Two Rivers Cement,809367.0,30
Halliburton Energy Services,805335.15,48
Am/Ns Calvert Llc,801483.05,27
Riverside Construction Materials,796262.0,17
Green America Biofuels Llc,788708.63,85
Helm Fertilizer Corp,778613.67,74
Global Companies Llc,778506.98,49
Nlmk Pennsylvania Corp.,775034.51,16
Kia America Inc.,767178.96,585
The Essex Cement Co. Llc,766420.48,19
Upm Naperville,764172.66,12604
Hartree Partners Lp,763283.34,54
Scl Rotterdam,754777.34,85
Trade Zone Operations,749298.96,1784
Holcim ( Us ) Inc.,726148.8,21
Ferrosource,725838.98,42
Puraglobe Syntaincis Llc,721367.91,31
American Sugar Refining,705052.88,110
Best Petroleum Corp.,698021.01,65
Titan Florida Llc,682751.06,22
Circon Enviromental,682489.0,53
Chs Inc.,675592.94,25
Verplank's Trucking,660216.97,32
Schnitzer Steel Industries In,658442.2,121
Sk Enmove Americas Inc.,639383.0,137
George E Warren Corp,618424.75,59
O Zf North America Inc.,617317.0,28
Thyssenkrupp Stainless Usa Llc,608042.02,3020
Marathon Petroluem,602657.76,9
Citrus Products Inc.,600373.03,61
Cmpc Usa,594031.32,90
Roanoke Cement Co. Llc,592903.0,15
United States Gypsum Co.,587082.0,12
Hm Northwest Cement Co.,580530.31,94
Mieco Inc.,571375.94,182
Reliance International Ltd.,564779.9,26
Hawaiian Cement Cement Division,560800.0,16
Belfius Bank Brussels,560708.1599999999,4
Phillips 66 International Trading,556562.71,182
Mineral Resource Technolgy,552200.43,47
Dunham Price Group Llc,550705.0,13
Tartan Oil Llc,547623.59,37
Jaguar Land Rover North America,545202.23,1179
Macrosource Llc,543950.63,56
Total Energies Marketing Puerto,543575.52,65
Pusan Pipe America Inc.,540537.96,2924
Sherwood Lumber Corp.,534270.91,92
Koch Fertilizer Llc,532496.61,27
Citrosuco N.A. Inc.,532268.05,58
Tronox Llc,531132.16,37
Pennzoil Quaker State Co. Dba Sopus Products,529272.68,63
Texan Cement,524855.15,13
Coastal Cement Corp.,517120.4,25
Trans American Chb Inc.,515519.0,11
Pacifica Piling Ltd. Partnership,512905.24,80
Ceva Freight Llc,512401.46,6451
Oxbow Calcining International Llc,509411.83,36
Lanxess Deutschland G,506217.98,16
Sony Puerto Rico Inc.,495433.89,168
Cascadia Metals,494879.47,328
Shell International Eastern Trading,494070.33999999997,22
Tenaris Global Services Usa,489523.63,1793
The Chemours Co.,488514.91000000003,49
Eneos America Inc.,487157.56,40
Bdp International Airport,486470.02,4
Bmo Harris Bank N.A.,485779.17,462
Hlj International Trading Co.,485249.0,17
Wind Turbine And Energy Cables Corp.,482413.17000000004,57
"Brb Singapore Pte., Ltd.",480602.0,18
Atlantic Trading & Marketing Inc.,480257.47000000003,20
Volvo Car Usa Llc,480052.86,799
Aldarra Overseas Group Inc.,478279.59,26
Inpex Energy Trading Ltd.,477920.0,20
Ees Coke Battery L.L.C.,476000.0,20
Sol Petroleum Usvi Ltd.,472984.26999999996,31
Levy Docks Brennan Ave,472171.0,27
Tenaris Bay City,468061.76,106
Charter Brokerage Cw Logistics,463580.49,432
Puerto Rico Steel Products Corp.,463168.09,11
Argos Puerto Rico,461186.79,63
Steel Dynamics Columbus Llc,453528.76,40
Scb Minerals Llc,451923.49,18
Ceva Logistics,444198.73,13341
Edward C Levy Co.,440327.16,30
Geodis Usa Inc.,440208.07,507
Ngb Express Lines S.A.P.I De C.V.,439822.08,14
"Meglobal Eg Singapore Pte., Ltd.",436979.82,56
Reg Marketing & Logistics Llc,432508.87,37
Lehigh White Cement Co. Llc,426944.0,13
Binderholz Timber Inc.,426471.12,228
Adnoc Trading Ltd.,426136.0,14
Petrorio Luxembourg Holding Sari,425619.15,9
Banque De Commerce Et De Placements,423280.47,13
Lanxess Corporation,420764.08,31
Sulphuric Acid,420259.46,26
Cimsa Americas Cement,416203.58,39
Southport Forest Products,415439.98,147
China Offshore,411166.70999999996,4
Raiffeisen Bank International Ag,402136.96,11
Eldorado Usa Inc.,400860.0,66
Emprade Mines & Min,400185.0,32
Eramet Marietta Inc.,399152.54,139
Kronospan Llc,397477.89,48
Nevada Cement Co.,397345.0,12
Ampol Us Trading Llc,395612.7,25
Raizen Trading,395468.48,25
Stemcor Usa Inc.,388055.96,106
Us Sugar Savannah Refinery Llc,384203.36,71
Icof America Inc.,383035.22000000003,432
Dole Europe Gmb H,382657.3,856
Fca Usa ( Low Sulphur Surcharge),375925.35,541
"China Zhenhua Oil Co., Ltd.",370897.82,12
Fertistream Dmcc,370348.15,14
Ca Indosuez (Switzerland) Sa,368597.36,38
Chicago Port Railroad,367225.48,22
Univar Solution Usa Inc.,365894.64,68
North East Offshore Llc Delaware,361571.7,36
Pbf Energy Ltd.,359027.12,9
Cenibra Inc.,358192.0,57
Surface Deployment And Distribution,357587.42,612
Penthol Llc,354255.13,79
National Gypsum Co.,349000.0,9
Pabco Gypsum Co.,348600.0,17
Warrick Newco Llc,348504.61,11
Leed Group Inc. Dba Leed Salt,346200.0,7
China Shougang Internatio,335966.92,6
Us Energy,332607.53,48
Vida Wood Us,329473.31,47
Expeditors International Ph 310 343 6263,328898.44,2405
Empire Gas Co. Inc.,325467.62,252
Dbs Bank Ltd. London,323734.12,12
Sca Logistics Ab,322489.43,94
Keytrade North America,317216.73,19
Deer Park Refining Ltd.,316593.32,4
Totsa Total Oil Trading Sa,315571.92,7
Macsteel International Usa Corp.,313596.79,204
Verplank Dock Co.,309900.52,16
"Wanhua Chemical (America) Co., Ltd.",309720.25,106
Martin Operating Partnership,309348.21,17
Lyondell Chemical Co.,308031.01,32
Warner Petroleum,307605.22000000003,57
Bunge Loders Croklaan,307068.65,207
Pan American Grain Mfg. Co. Inc.,306197.73,43
Ineos Pigments Usa Inc.,305908.08,35
Cellulose Eldorado Usa Inc.,305684.0,40
Mufg Bank Ltd.,305220.9,205
Bitumar Usa Inc.,302034.0,43
Innophos Inc. (Geismar Plant),300760.94,36
Petrorio Luxembourg Sarl,297266.0,8
Gardau Metaldom Sa,295780.0,1
Interoceanic Corp.,293567.12,18
Kp Wood Ltd.,292290.54,111
Boscus Canada Inc.,290762.92,170
Imerys Perlite Usa Inc.,289178.0,32
Alpek Polyester Usa Llc,284052.14,32
Mercer Timber Products Llc,283857.91,92
Southern Ionics,279713.94,14
Superior Asphalt,277894.44,7
Tupras Trading Uk,276759.0,14
Parkland Us Supply Corp.,271931.94,15
Greenland Developers Inc.,268394.42,6
Husteel Usa Inc.,267777.74,591
Kg Steel Usa Inc.,266612.09,1605
Royal Petroleum Corp.,263300.04,8
Green America Biofuels,263196.78,9
Constellation Energy Commodities,263148.05,7
Duferco Steel Llc.,262118.89,276
Peerless Oil & Chemicals Inc.,261001.5,21
Sathi Llc,257557.0,5
Dongkuk International Inc.,253853.53,1608
Cemtech Usa Llc,252406.44,10
James Worldwide Inc.,251256.54,135
Sea Cliff Agency,251195.52000000002,6
Ameropa North America,247500.0,7
Komatsu America Corp.,243898.2,5709
Mitsubishi Corporation,243302.0,24
Riverside Constructions,242796.0,5
Pt Sumber Indah Perkasa,242558.65,205
Greenamerica,238525.52,7
Global Prime Wood Llc,232857.87,484
Cliffs Michigan Mining Co.,229469.6,18
Holcim (Us) Inc.,227750.63,7
Bnp Paribas Singapore,226845.0,6
Fortress Cement Inc.,225556.0,14
Cgb Enterprises,225500.0,5
Expeditors International,225145.48,720
Gma Garnet (Usa) Corp.,224720.0,9
Mitsubishi Internatio,224140.49,328
Hitachi Construction Machinery,221814.45,715
Molinos De Puerto Rico,221750.13,33
Sasol Chemicals (Usa) Llc,221409.92,375
Hydro Aluminium A.S.,220433.84,37
Parkland (Us.) Supply Corp.,220209.6,20
Wirt Saginaw Stone Dock,219962.0,20
Harmer Steel Products Co.,217929.11,17
World Fuel Services,217335.83000000002,16
Mid Ship Logistics,217128.02,409
Alcoa Usa Corp.,214574.0,10
C.Steinweg (Handelsveem Bv),213578.28,18
General Mills,212800.0,9
Jp Morgan Chase & Co.,211378.14,177
Stora Enso North American Sales,210678.82,1061
Freepoint Commodities Llc58 Commerc,210545.0,5
Expeditors International Ph 310 343 6200,210405.16,837
Hyundai Auto Canada Corp.,210283.76,231
"Aramco Trading Singapore Pte., Ltd.",210242.0,7
Rukert Terminals Corp.,210236.46,144
Hm Pacific Northwest Inc.,210000.0,30
Cimbar Resources Inc.,208487.23,42
Bluescope Steel Americas Llc,208140.91,53
Alcoa Carbon Products,207469.19999999998,14
Shell Chemical Lp,207365.86000000002,18
Cali America Logistics Inc.,206993.0,1776
Waste Management,206516.12,380
Natixis Finance,206137.36,42
Petco Trading (Uk) Ltd.,205413.31,4
North Coast Commodities Dmcc,204742.0,4
High Bridge Stone Co. Inc.,204600.0,22
Intl Materials. Inc.,204148.0,6
Ies Downstream Llc,204094.41999999998,7
Par Pacific,203048.24,4
Southwire Co.,202462.04,377
Volkswagen De Mexico S.A. De C.V.,202378.65,1232
J.A. Jack & Sons Inc.,201950.0,26
Petro Air Corp.,201467.86,8
Sodra Usa,200515.0,26
Centennial Rock Products,200100.0,32
Oakley Fertilizer Inc.,198926.86,35
Grjoca Llc,198853.41999999998,5
Feed Products South Inc.,198680.18,26
Anchorage Fueling And Service Co.,197819.90000000002,8
"Ford Trading Co., Llc",196912.66,501
Puma Energy Caribe Llc,195671.52,12
Upm Pulp Inc.,195625.07,48
Idemitsu International (Asia) Pte,195486.0,14
Honeywell International Inc.,195104.0,13
Tms International Llc,194933.34,25
Fornaroli Carta Usa Inc.,193966.77,29
Audi Ag,192985.85,105
Del Monte Fresh Produce N A Inc.,192135.62,623
Toyota Canada,190050.95,148
Prayon Inc.,188724.88999999998,37
Suncor Reffinerie De Montreal,188363.04,30
Castleton Commodities,187010.03999999998,11
Sonangol Ep,186898.01,2
Mitsubishi Motors North America,186764.9,736
Hansen Mueller,186000.0,14
Mitsubishi Gas Chemical America Inc.,185874.0,16
Growmark Inc.,185109.85,29
Sumitomo Mitsui Banking Corp.,185030.85,211
Maersk Oil Trading Inc.,183769.58,10
Aluar Aluminio Argentino Saic,183609.46,364
Geo Wm Rueff Inc.,183515.03,80
Univar Solutions Inc.,183023.6,26
Voest Alpine Tubular Corp.,182486.71,559
Korea Gs E&P Sdpp,181856.0,2
Societe Generale,179959.96000000002,63
Tidewater Global Llc,179382.0,7
Qp Timber Us Llc,179287.31,66
Hyundai Corp. (Usa) 12141 W,179019.74,385
Goodyear Tire & Rubber Co.,178573.38999999998,1137
Primetrade Inc.,178232.68,19
Nippon Steel Trading Americas Inc.,177646.52,107
Raizen Energia S A,177422.0,14
Hf Sinclair Refining & Marketing,176457.06,3
Outokumpu Stainless Usa Llc,173168.73,50
Del Monte Fresh Produce N. A. Inc.,173047.6,783
Socar Trading Sa,172645.6,7
Northstar Chemical Inc.,169797.61000000002,37
Banque Internationale De,169072.63,12
Gs Global Usa Inc.,168990.22,535
Stemcor London Ltd.,168934.0,6
Gamechanga Solar Corp.,168721.38,208
Voestalpine Usa Corp.,168340.52,483
Rw Smith,167895.94,264
Bp North America Petroleum,167554.0,9
Kolmar Americas Inc.,167159.19,35
Vestas American Wind,167048.42,108
Thomas Kowal Llc,165862.0,9
United States Steel Corp.,165449.74,7
Utc Overseas Inc.,164814.66,2027
Element Americas Inc.,162655.94,6
Sodra Cell Usa Inc.,161610.0,65
The Gas Co. Llc,161515.0,94
Raizen Trading S.A.,161382.72,7
Socar Trading North America,160966.0,2
Oakley International,158459.0,13
Methanex Trinidad Unlimited,157216.61,38
Pt Ivo Mas Tunggal,157034.17,110
Laxfuel Corp,155945.52000000002,4
Gt Commodities Llc,155617.92,142
Aramco Trading,154685.18,6
Musket Corp.,153936.54,7
Optima Steel International Llc,153661.14,667
Eni Trading & Shipping Inc.,151367.74,6
Emprada Mines And Minerals Llc,151143.0,6
Sultan Cement Llc,151035.64,8
Count Energy Trading Americas Llc,150791.91,34
Gea International Usa Llc,150323.45,4
North American Salt Co.,150000.0,5
Bp North America,149917.0,4
Delta Western Inc.,149316.4,13
Chalmette Refining Llc,149249.94,5
Volvo Construction Equipment,148525.58,3289
Chicago Port Railroad Co.,148061.0,5
Kuehne And Nagel Inc.,147778.55,22
Lkab Minerals Inc.,147748.0,12
Shima American Corp,147314.48,1429
Bmw Of North America Llc,146266.24,308
Prosperity Usa Corp.,145586.11,748
Jcb Inc. Sales,145300.7,399
Xiamen C And D Commodity Trading,144530.0,30
The Same And Page And Jones Inc.,144406.39,56
Hess Guyana Exploration Ltd.,144126.03,4
Phillips 66 Ltd.,143260.0,6
Biosphere Fuels Llc,142676.03,26
Okaya (Usa.) Inc.,141952.98,569
Cepsa,141945.44,9
Hess,141853.86,3
Intermetal International Metal,141374.76,50
Aloha Petroleum Ltd.,141369.66,24
Credit Suisse Ag,140056.39,73
Bjb Llc Dba Agri Trading,139990.12,14
Twin Rivers Technologies,139826.88,54
Natixis Prais,139272.48,1
Mashreq Bank Of Psc Dubai,139130.0,4
Wirt Stone Dock,138900.0,20
Ineos Nitriles Usa Llc,138600.3,20
Marathon,138300.0,2
Intl Resources Llc,137690.0,4
Osborne Concrete And Stone,136912.34,14
Cape Shipping Agencies,136235.41999999998,8
Penny Newman Grain Co.,136162.57,13
Motor City Materials,136000.0,8
Etimine Usa Inc.,135463.05,26
Atlantic Trading An,134895.31,11
Brown Brothers Harriman And Co.,134701.26,155
Natixis Paris Tour Bpce Quest,134635.36,1
Jsw Steel Usa,134417.46,6
China Offshore Oil (Singapore),134335.01,1
Litasco Middle East,134307.01,1
Banque Cantonale Vaudoise,134015.28,55
Usg Corp.,134000.0,3
Mazda Canada,133812.25,152
Credit Agricole Cib Singapore,133208.0,4
Kronos (Us) Inc.,132328.2,11
Sol Puerto Rico,131690.0,11
Americarb Inc.,130610.0,12
American Cement Advisors,130216.67,3
Salzgitter Mannesmann International,130183.92,537
Societe Generale Paris Zurich,129257.54,13
Mid American Salt Llc,129060.0,7
Pt Intibenua,128400.0,95
Asi,128007.5,210
Ed & F Man Liquid Products Corp.,127829.41,20
Guararapes Usa Inc.,127606.24,722
Meekhoffs Lakeside Dock,127000.0,6
Darlene Johnson Imp. Manager D J,124528.01,138
Dirt Rocks Llc,124336.4,4
Giant Cement Co.,123153.82,3
Barclays Bank London Branch,122900.0,4
Westlake Us 2 Llc,122764.59,12
Blackline Marketing Llc,122746.36,13
Ardent Mills Llc,122218.42,6
Fex Services Group Llc,122200.0,4
Htp Energy,121545.59999999999,26
Rain Cii Carbon Llc,121053.24,10
Tampa Port Services Llc,120797.6,8
Jea Northside Generating Station,120154.35,4
Credit Europe Bank,120135.94,21
Raizen Trad Sa,120068.9,2
Pernod Ricard Usa,119712.87,9
Cuyahoga Road Products,119707.79999999999,10
Seaonus Stevedoring,119656.42,66
Global Oil Terminals Llc,119545.0,12
Wilmar Oils And Fats (Stockton) Llc,118452.67,29
Siemens Gamesa Renewable Energy Inc.,117948.81999999999,24
Nfe North Trading Llc,117773.38,6
Royal Caribbean Cruise,117433.98000000001,12452
Inv Nylon Chemicals Americas Lld,117183.16,28
Volkswagen Ag,116472.71,121
Gimpex Ltd.,116410.0,4
Bwc Terminals Llc,116278.04,17
D J Powers Co Inc.,115613.6,847
Ge Renewables North America,115581.44,1206
Coastal Pedroleum Dominicana,115562.0,14
Virginia Electric Power Co.,115532.6,16
Oci Clean Ammonia Llc,115049.47,35
Hyundai Corp. (Usa) Houston,114146.6,297
Geodis Usa Llc,113942.34,830
Mitsubishi Motors North Amarica I,113341.11,319
Usalco Baltimore Plant Llc,111931.57,12
Marubeni Itochu Steel America Inc.,111928.70999999999,515
Repsol Petroleo,111886.0,4
Pt Pacrim Nusantara,110948.0,72
Godfrey Alloys Llc,110160.02,36
Lti Inc.,110100.0,2
Tianjin Sunward Building,110000.0,2
Ag Royce Metal Marketing,109818.01,9
Ing Bank N.V. Amsterdam Geneva Br Switzerland,109800.0,4
Avondale Marine,109782.25,12
Minerais Us Llc,109281.74,41
Samsung America Inc.,108792.72,392
Adm Toledo,108000.0,4
Midwest Terminals Of Toledo,107492.22,18
States Gypsum Co.,107260.01000000001,3
Gulf Inland Marine Services Inc.,107038.64,4
Cleveland Cliffs Indiana Harbor,106190.0,4
Rio Energy International,106103.41,6
Globe Coco Products Mfg.,106005.14,12
Minerva Bunkering Usa Llc,105944.3,10
Great Southern Wood Preserving,105607.87,223
Vallourec Deutschland Gmb H,104307.14,4
Societe General Paris,104262.3,3
Deme Offshore Us Llc,104065.24,75
Vallourec Usa Corp,104020.15,1223
Chemours International Operations Geneva Switzerland,103984.6,12
Tropigas De Puerto Rico Inc.,103787.59,122
Pt Sari Dumai Sejati,103159.29000000001,52
Universal Alloys Inc.,103005.15000000001,8
Metroplex,102913.12,8
Dreymoor America Llc,102748.75,6
Cargill Inc.,102595.27,57
Sc Marketing Us Inc.,102536.0,40
Reliance Inter,101931.0,6
American Airlines,101790.24,10
Hyundai Construction Equipment Americas Inc.,101753.85,1023
All States Asphalt Llc,101611.17,23
Ajax Materials Corp.,101359.62,29
Calamco,101109.9,14
Wholesome Sweeteners,100716.88,8
Steel Dynamics Southwest Llc,100679.51000000001,5
John Deere Construction & Forestry,100574.47,1152
Galtrade Ltd.,100372.76,6
Harmer Steel Ltd. Attn Summer,100359.0,2
Petrorio Luxemborg Holdings S.A.R.L,100127.98,2
National Material Trading Llc,100106.0,17
Jfe Shoji Trade America Inc.,99985.8,358
Pt Sinar Mas Agro,99480.58,105
Bayway Refinery,99332.0,2
Quality Liquid Feeds,99074.32,19
Koch Nitrogen Co.,99000.0,2
Norfalco Llc,98879.29,18
Fca Us Llc,98721.0,720
Grajoca Llc,98600.0,2
Mauser Usa Llc,98137.34,8
Evonik Corp.,97864.72,14
Corvi Acero S. A.,97862.0,1
Kobelco Construction Machinery Us.,97758.24,606
M 1 Llc,96980.0,4
Cargill Salt Tampa,96951.92,4
Siemens Gamesa Renewable Energy,96718.73,52
Industrializadora Oleofinos Sa De Cv,96543.4,44
Venator Materials Llc,96518.73,8
Mitsubishi Motors Sales Of Canada,95846.37,118
Indagro Usa Inc.,95701.48,6
Repsol,95307.0,1
Nuh Cimento Sanayi A.S.,95021.0,3
Sonangol Gas E Enrgias,94596.0,8
"Rongsheng Petrochemical Pte., Ltd.",94258.0,4
Tengizchevroil Llp,93938.0,3
Raizen Trading Llp,93510.0,18
Harbor Bunkering Corp.,92435.9,15
Iquisa Noreste S.A. De C.V.,92400.0,2
Bmo Bank N.A. Chicago,92176.35,136
Respol Trading S.A.,92068.49,1
Covestro Llc,91691.42,24
Shell Lubricants Supply,91074.98,6
Gcnc Port Operations I Llc,91000.0,2
Jp Morgan Chase Bank Na,90094.41,16
Marathon Internatoinal Products,90017.86,6
Gaetano Cacciatore Inc.,90000.0,2
Road And Highway Builders,90000.0,2
Tampa Bay Ship Services,90000.0,2
Rh Texas Inc.,89805.44,14
Great Lakes Calcium (Green Bay),89000.0,3
Isuzu North America Corp.,88279.65,238
American Borate Co.,88029.46,33
Texas Lehigh Cement,88000.0,2
Bpna,87903.1,6
Tata Steel Int (Americas) Inc.,87138.7,209
Ing Bank N.V,87074.0,14
Kia Canada Inc.,86972.6,78
Mining Mineral Commodity Trading,86742.0,6
Aramco Trading Ltd.,86553.86,4
Davao Bay Coconut Oil Mills Inc.,86549.98,66
The Andersons,86432.84,13
Kinder Morgan Terminals,86000.0,2
Ineos Us Chemicals Co.,85593.65,12
Doug Wirtenterprises,85420.5,12
Superior Weighting Products Llc,85250.0,3
Lbx,85169.47,391
Intl Matex Tank Terminals,84842.4,32
Sopus Oil Products,84632.46,2
Eastman Chemical Co.,84457.36,9
Seacliff Agency,84332.78,2
Galp Trading Sa,83741.0,3
Mieco Llc,83670.18000000001,10
New England Salt Co.,83668.0,2
Litasco Sa,83506.28,4
Del Monte Fresh Produce Co.,83292.23,320
Separation Technologies Llc,83000.6,5
Border Brokers,82872.17,117
Wirtgen America,82419.02,1224
Adm Milling,82400.0,5
Aak Usa Inc.,82251.75,126
Midwest Ironville Terminal,81864.0,5
Central National Gottesman Inc.,81703.41,30
Hengyi Industries International Pte,81684.0,2
Parque Industrial Luchetti,81469.96,3
Tricon,81454.0,16
Tupras Turkish Petroleum,81242.0,4
Sesacem Cement Llc,80959.66,4
Natixis,80746.14,25
J. Aron & Co.,80679.92,22
Sumitomo Corp. Of America,80639.52,64
Levy International Materials,80622.43,11
"Nexteel Co., Ltd.",80537.96,208
Tupras,80247.0,3
Master C S Rene Descartes,79992.91,20
Kinder Morgan Terminal,79883.63,13
Phillips 66 Co. Sweeny Refinery,79847.42,2
Eni Trading And Bio,79556.0,4
Seah Steel America Inc.,79547.76,210
"Emprada Mines And Minerals Pvt., Ltd.",78915.0,6
Cssa Chartering,78614.0,2
Marathon Oil Co.,78418.8,5
Associated Asphalt Distribution Llc,78265.96,9
Icl Specialty Products Inc.,77704.62,12
Sunrise Foods International Inc.,77339.76,23
Lone Star Industries Inc.,77002.92,2
Century Aluminum Of Sc Inc.,76907.55,6
Bank Of China,76619.48,1
Us. Minerals Inc.,76172.94,2
Mercuria Energy America,75912.9,40
Inv Nylon Chemical,75507.63,9
Billerudkorsnas Usa Llc,75338.94,52
Incoa Performance Minerals,75245.52,2
Merichem Co.,75144.82,34
Tadano America Corporation,75081.08,401
Toyota De Puerto Rico Corp.,75065.06,231
Arab Bank,74018.83,33
Totsa Total Oil Trading,73886.0,4
Kataman Metals Llc,73755.32,86
Huber Carbonates Llc,73746.55,2
Barclays Bank Plc,73114.0,2
Outokumpu Mexinox S.A. De C.V.,73063.45999999999,21
S K Energy,72910.0,6
Deer Park Refinery,72753.07,1
Ixm Sa,72714.87,94
M I Llc,72580.0,4
Sprague Operating Resources Llc,72480.04,2
Bdp Imp. Chemours,72183.33,7
Jsw Steel (Usa) Inc. 5200 East Mcki,72164.0,5
Kerneos Inc.,72054.12,5
Gm Corporate Material Brokering,71924.3,69
Marathon Los Angeles Refinery,71835.73,1
Parkland (Us) Supply Corp.,71667.09,17
Chemours International Operations Sarl Geneva Switzerland,71032.0,8
Utc Overseas S.A. Rut 99.540.78 9,70870.0,1
Bayerische Motoren Werke Ag,70471.92,116
Cargill De Mexico S.A De C.V,70450.38,16
R W Smith And Co Inc.,70307.26,187
Industrial Azucarera,70284.0,4
Scan Global Logistics,70078.68,165
British Steel America Inc.,70020.02,213
Bredero Shaw Mexico S.A. De C.V.,70000.02,2
Copersucar S.A.,70000.0,2
Tupras Trading Ltd.,69973.0,3
Nippon Steel Trading Americas,69797.82,69
Nevada Cement,69566.44,4
Helm Fertilizer Corperation,69459.78,7
Cooperatieve Rabobank U.A.,69272.13,25
Adnoc Global Trad Ltd.,69200.94,4
Peter Cremer Na Lp,69021.0,13
Entergy,68446.27,1
Crc Rota Sanayi Ve Dis,68233.4,4
Viterra Polska Sp.Z.O.O.,68213.93000000001,2
Asr Group Commodities (Us) Llc,68000.0,2
Clm Enterprises Inc.,67376.64,368
Medtrade Inc.,67216.98,10
Steel Dynamics Inc.,67215.82,22
Koch Taft,67201.84,4
Gma Garnet Usa Corp.,67200.0,2
Asphaltos Trade Sa,66990.24,7
Bekaert Corp,66751.82,82
Cambria,66514.68,14
Sol Petroleum,66386.0,2
Petroleum Product Supply Llc,66285.04000000001,10
Saint Bernard Renewables Llc,66097.51,8
Southern States Chemical,66067.12,6
Kinder Morgan,66000.0,2
Hij Internationl Trading Co. Llc,66000.0,2
Sargents Dock,66000.0,4
Cementos Progreso S.A.,65997.0,4
Barclays Bank Plc London,65995.0,1
Cemeco Trading Llc,65901.0,3
Global Compaines Llc,65899.47,4
Methanex Methanol Co.,65318.0,15
N 7 Llc,65100.0,2
T O Totalenergies Gas & Power Ltd.,65072.0,1
Valls International Inc.,65000.47,22
Emprada Llc,65000.0,3
Ardent Mills Port Redwing,64776.0,2
Cargill Salt,64448.0,2
Chemium International Corp,64322.7,20
Doug Wirt Enterprises Inc. (Sag),64300.0,4
Ameropa Ag,64050.0,2
Aluminium Bahrain Us Inc.,64007.32,78
Pantaleon Commodities Corp.,63154.99,17
Stonepeak Ceramics Inc.,63119.94,8
Smbc Bank Inter,63016.0,8
American Plant Good Corp.,63000.0,2
Rta Holdco Australia 5 (Pty) ) Ltd.,63000.0,4
Eto Ubs Switzerland Ag,62746.0,4
Hsbc Bank Plc,62455.0,16
Monjasa Inc.,62421.44,8
Sucro Can Sourcing Llc,61548.24,20
John S James Co. 4500 Leeds,60998.0,9
Traxys Cometals Usa Llc,60793.46,13
Aaa Salt Llc,60720.0,4
Midwest Terminals Of Toledo International Inc.,60599.939999999995,6
Subaru Canada Inc.,60490.36,62
Reith Riley Construction Co. Inc.,60237.08,4
Kuehne Nagel Atl .,60044.7,6
E.C. Levy Co.,60000.0,7
Alcoa Material Management,59928.020000000004,8
Bacardi Corp,59805.53,15
Petro Trading (Uk) Ltd.,59546.0,1
Cf Industries Sales Llc,59399.92,2
Stolthaven Terminals N555,59294.979999999996,38
Peerless Oil Chemicals,59204.99,11
Dal Tile Corporation,59198.84,5
Vopak Terminal Savannah Inc.,59168.44,27
Kiswire Pine Bluff Inc.,59124.5,116
Coastal Virginia Offshore Wind,58933.2,4
Fuji Vegetable Oil Inc.,58844.38,43
Ubs Switzerland Ag Switzerland,58500.0,6
Ing Bank,58418.19,4
Unipec Canada Ltd.,58400.64,1
Refineria Dominicana De Petroleo Sa,58326.0,7
Hyundai Glovis Mexico S De Rl De Cv,58265.93,98
Canusa Paper And Packaging,58125.25,63
Agco Corporation,58108.4,440
Cleveland Cliffs Marquette,57676.240000000005,4
Target Steel Inc.,57514.83,137
Excelerate Gas Marketing Lp,57318.99,1
Hanwa American Corp.,57191.16,301
Innovative Municipal Products (Us),57153.09,6
Gold Bonk Building Products Llc,57080.0,2
Natixis Bank,57066.159999999996,224
Link Metals Llc,57000.1,20
Imi Fabi Llc,56988.94,3
Itochu Chemicals America Inc.,56926.72,55
Bayer Cropscience Lp,56594.24,22
Pt Sinar Mas Agro Resources An,55893.89,42
Geo.Wm. Rueff Inc.,55808.4,6
Aceros Y Overollings De Mexico,55806.4,27
Roehm America Llc,55752.38,45
Cremer Erzkontor N.A. Inc.,55547.8,83
Blg Auto Tec,55497.44,46
Ca Indosuez,55303.0,1
Continental Tire The Americas Llc,55231.61,587
Garantibank International Nv,55022.92,15
Traxys North America,55000.0,1
Ing Bank N. V. Amsterdam Lancy,54876.0,1
Sumitomo Corporation Of America,54636.04,351
Great Lakes Minerals,54408.98,26
Jsw Steel Usa Ohio Inc.,54254.0,4
Cargill Inc. Care Off,54239.96,36
Olympic Industries Ulc,53987.96,65
Moran Shipping Agencies Inc.,53941.21,25
Meherrin Fertilizer Inc.,53719.93,5
Univar Canada,53556.909999999996,5
United Riverhead Terminal,53282.5,8
J Global Energy Inc.,53266.38,2
Hanmi Bank,53221.77,340
Continental Cement Co. Llc,53150.0,1
Dragon Products Ltd.,53025.0,2
Nouma Trading S.A.,53003.28,4
Qq Trading Us Inc.,52972.0,16
Volvo Ce Na Division Of Volvo Group,52407.42,1671
Hyundai Motor De Mexico S. De R.L.,52318.47,516
Superior Weighting Products,52286.62,1
Bnp Paribas,52045.74,13
Tacloban Oil Mills Inc.,52000.82,6
Pt Smart Tbk,51851.91,37
Adm Biodiesel Department,51782.82,12
"Sumitomo Forestry Co., Ltd.",51764.4,30
Best Petroleum,51753.5,4
Transportacion Maritime Mexicana,51735.0,2
Indagro Sa,51585.0,2
Societe General Ny,51490.35,76
Pompeian Inc.,51151.69,117
Entertainment Cruise Productions,51074.36,9
Nyrstar Clarksville,51063.02,10
Heidtman Steel Products,50968.770000000004,101
Larpen Metallurgical Service,50950.4,97
Pluspetrol Ecuador B.V.,50871.1,2
Eastern Minerals Inc.,50766.05,2
Destileria Serralles Inc.,50547.240000000005,9
Canadian Wood Products,50501.27,59
Tenaris Bay City Inc. 2200 West,50340.96,20
Circon Environmental,50283.079999999994,64
Calucem Inc.,50043.26,10
Hyster Yale Group Inc.,50041.45,1834
General Mills Corp. Ltd.,50004.0,8
Kuhlman Dock,50000.0,4
Conexus Metals,49992.4,10
Cleveland Cliffs Burns Harbor Llc,49930.54,4
Ge Marshalling Harbour,49647.39,45
Charah,49500.0,1
Gonvauto Puebla Sa De Cv,49488.3,157
Hd Hyundai Infracore North America,49474.909999999996,295
Shell International,49444.0,3
"Uti Worldwide (Singapore) Pte., Ltd.",49246.26,4
Amalgamated Trading East,49242.1,4
Seagate Terminals Llc,49100.25,10
Suwannee American Co.,49020.0,1
Kloeckner Metals Service Centers De,49015.64,194
Borusan Pipe Us. Inc.,48945.62,18
Essix Resources Inc.,48816.1,12
Nutrimix Feed Co. Inc.,48742.94,10
Sherwood Lumber,48590.45,45
Magellan Corporation,48570.55,369
Berg Minerals Canada Inc.,48494.0,4
Koppers Inc.,48441.47,10
Nkt Inc.,48224.36,26
Intl Forest Products,48160.46,52
Mizuho Bank Ltd.,48051.53,278
Cleveland Clifs,48000.0,2
Evonik Oxeno Llc,47998.3,25
Pcs Sales (Usa) Inc.,47953.42,9
Northern Gravel & Trucking Llc,47502.0,2
Venture Global Commodities Llc,47140.72,1
Cooperative,46683.94,14
Carolina Marine Terminal,46625.6,2
Garantibank International N.V.,46620.0,8
Mississippi Lime Co.,46520.37,1
Univar Solutions Usa Inc.,46517.68,9
Fortis Alliance,46512.729999999996,90
Tengizchevroil,46231.36,1
Rio Tinto Alcan Inc.,46086.26,3
Unicredit Bank,46074.72,6
Fca International Operations Llc,46074.130000000005,159
Stellar Drilling Fluids Llc,46028.0,4
Trans Carolina Products Llc,46001.0,2
Eg Trading Group Inc.,46000.0,2
Meherrin,45999.77,9
Pike Industries,45896.39,4
Kao Specialities Americas Llc,45820.29,50
Reith Riley Construction,45540.68,6
Haven Salt Co.,45400.0,1
V Alexander & Co Inc.,45345.36,330
Keb Hana Bank,45248.85,7
Vestas Canadian Wind Technology Inc.,45064.33,27
Rottneros Ab,45063.48,26
Ptt International Trading Usa,45062.43,9
Mohawk Global Logistics,44973.85,34
Prime Wheel Corp Mex S De Rl De Cv,44766.99,17
Earthcore Industries Inc.,44746.12,5
Tricon Energy Ltd.,44422.27,9
Stamford Metal Group,44410.74,6
"Chbp Singapore Pte., Ltd.",44294.0,2
Citibank N.A.,44268.99,8
Charter Brokerage Llc,44155.58,51
Expeditors Atl,44098.65,156
Chs Inc. 5500 Cenex Drive,44093.5,1
Intercoast Materials Llc,44039.15,2
Philippine Associated Smelting And,43908.0,4
Marian Shipping Ltd.,43752.25,17
Bmo Bank N.A.,43707.82,120
Wanli Energy Services Llc,43690.01,17
Mitsubishi,43642.78,58
Oci International Inc.,43609.22,27
Hawaii Gas,43600.0,32
Manuchar Nv,43501.44,60
Walan Scp,43457.54,2
Petroleum Supply Llc,43360.0,6
Sohar Steel Llc,43335.0,6
Jebsen & Jessen,43029.24,48
Trade Finance Operations,42893.27,1
Terminal Ready Mix,42836.0,2
Itochu Kenzai,42743.34,24
Bechtel Energy Inc.,42707.24,79
Braeburn Group,42435.8,2
Shrieve Chemical Products,42372.5,7
Sierra Pacific Industries,42269.51,14
Renkert Oil Llc,42227.92,15
Terex Usa Llc,42104.09,1235
Marubeni America Corp. Los,42073.88,33
Ratner Steel Supply Co Inc.,42023.85,21
Ado Industries Inc.,42000.0,2
Gamechange Solar,41937.840000000004,58
Brunet Trading Ltd.,41636.46,3
Powin Corp,41604.5,20
T O Sinochem International Oil,41550.0,1
"To Ore & Metal Co., Ltd.",41513.36,2
Mondi Paper Sales Gmb H,41462.12,120
Expeditors St Louis Branch,41314.5,13
Ioi Global Serv,41288.0,22
Worldventure Commodities Inc.,41268.62,35
Tereftalatos Mexicanos S.A. De C.V.,41236.0,6
Adm Southport,41225.0,4
Macquarie Bank Ltd.,41181.32,58
Texas Lehigh Cement Co.,41040.0,1
Louis Dreyfus Co. Juices Na Llc,41017.6,12
Fertistream Dmcc Uae,41002.0,7
Someco America Corp.,40985.53,18
Tandem Global Logistics,40775.16,509
Hrfs Finacial Services S.A.,40608.0,2
Ton Dong A Corp.,40566.5,111
James Lyons,40447.11,18
Amd Oil Sales Llc,40402.14,130
Brown Brothers Ha,40262.38,112
Deutsche Bank Ag,40199.3,347
Phillips 66 Ferndale Refinery,40164.0,2
Sinopec (Hk),40102.0,1
Eion Corp.,40001.9,2
Ozinga South Chicago Terminal,40000.0,2
Associated Asphalt,39999.729999999996,2
Shell Lubricants,39948.25,4
Phelps Dodge Refining Corp.,39899.92999999999,2
American Chrome And Chemicals,39898.58,2
Asbestos Y Aceros Recubiertos Sa De,39799.27,54
Formosa Chemicals,39790.0,6
Raizen Centro Sul S.A.,39688.0,2
Ineos Automotive Americas Llc,39660.39,202
Natixis 3 Rue Necker,39515.0,1
Grant Prideco Lp,39511.11,113
Chemtrade,39477.97,7
Iljin Steel America Inc.,39396.0,77
"Shin Yang Steel Co., Ltd.",39320.49,30
George,39246.0,10
Ge Vernova Operations Llc,39035.89,258
Oversea Chinese Bankin,38774.0,1
Barthco International Inc.,38674.8,22
Orlen Trading Switzerland Gmb H,38650.0,1
Cemco Trading Llc,38585.0,1
Antilles Trading Co. Sezc,38507.0,2
Rukerts Terminals Corp. Acting,38496.61,25
Jfe Shoji Steel De Mexico,38283.47,52
Mitsui & Co (Canada) Ltd.,38191.73,212
Grove Us. L.L.C.,38163.96,534
Calamco Port Of Stockton Berth 8,38092.0,6
Bmw De Mexico S.A. De C.V.,38069.42,90
Industries Chimiqu,38049.07,5
Coromandel International Ltd.,38035.0,4
Ixm S.A.,37979.4,4
Eurochem Trading Usa Corp.,37900.0,3
Us Sugar,37756.58,6
Doug Wirt Stone,37737.97,8
Sucden Do Brasil Ltda,37678.0,2
Minerals Us Llc,37657.0,9
Bacardi Corp.,37574.0,4
Sennebogen Llc,37527.27,740
Teck Coal Ltd.,37305.0,1
Aa Alfredo Valdez Gomez,37176.23,42
Jpmorgan Chase Bank N.A.,37169.51,7
Scan Global Logistics A S,37042.68000000001,4
Bysco International Llc,36999.0,1
The Chemours Co. Fc Llc,36782.020000000004,11
Shell,36617.12,2
Totsa Total Oil Tradin,36512.0,2
Otis Mc Allister Inc.,36413.76,14
Air Tiger Express (Usa) Inc.,36329.17,7
Ngb Express Line,36302.0,1
Mid Continent Coal And Coke Co.,36223.19,2
Tsrc Specialty Materials Llc,36100.48,36
Serviacero Comercial S.A. De C.V.,36084.59,51
Natixis Sa,36076.24,32
Exxon Oil Corp.,36066.0,4
Wartsila North America Inc.,36037.81,341
Qssc S.A. De C.V.,36020.57,127
Mitsubishi Cement Corp.,36000.0,1
Levy Brennan Street Dock,36000.0,2
Core Industries,36000.0,2
Briess Malt&Ingredients Co.,36000.0,3
Thb Transport Und Handelsberatungs,35920.0,1
Ssab Inc.,35899.9,683
The Chemours Co. 1007 Market,35885.0,4
M I L.L.C. 300 Industrial Road,35850.0,1
"Korea Z Inc. Co., Ltd.",35803.0,5
Perdue Agribusiness,35757.170000000006,2
Aramco Asia Singapore Ltd.,35682.0,1
Geodis Usa,35658.84,28
Centurion Lumber Ltd.,35618.08,23
Magnesita Refractories Co.,35521.73,6
Xing Qiao Unipec Ameica Inc.,35463.18,2
Inchcape Shipping Services,35403.99,64
Ardent Mills,35399.29,1
General Electric Co.,35316.33,329
Tribute Energy Inc.,35216.479999999996,30
Totsa Totalenergi,35215.9,1
Certainteed Gyp Opco Llc,35211.81,3
Fabrica De Jabon La Corona S.A. De,35173.87,12
Citrosuco Gmb H,35145.86,12
Iat International,35056.369999999995,5
Asociacion De Azucareros De,35000.0,6
To Orderameropa North America Inc.,35000.0,1
Xiamen C And D Inc.,34971.0,12
Bekaer Corp.,34873.38,66
Michelin North America Inc.,34864.27,465
Volkswagen Group Australia (Pty) ) Ltd.,34764.42,242
Trinity Av. Perimetral,34640.7,206
"C&D Logistics (Shanghai) Co., Ltd.",34527.1,7
Benteler Steel & Tube Corp.,34465.01,911
Shell Offshore Inc.,34354.14,155
Oq,34311.0,10
Icl Ip America,34279.15,9
Tubos De Acero De Mexico S.A.,34223.72,63
Nissan North America,34101.25,179
Apical Resources America Llc.,34057.81,21
Cwp Canadia Wood Products,34048.270000000004,50
Seattle Iron & Metals,34000.0,8
Pt Kreasijaya,34000.0,16
Gm Dock,34000.0,2
Amcor Marine,34000.0,2
Wirt Dock (Old North Star Dock),34000.0,2
Bb Energy Usa Llc,33959.57,2
Mallory Alexander International Logistics,33905.94,36
Brunswick Valley Lumber Inc.,33902.4,28
Oxbox Calcining International Llc,33775.0,2
Gm Corp. Material Brokering,33745.17,29
Artemyn Usa Llc,33689.0,4
Banque De Commerce Et De,33653.67,57
Spc Samlip,33650.0,3
Wilmar Sugar Australia Trading,33600.0,2
Metsa Wood Usa Inc.,33594.12,128
Borusan Berg Pipe,33476.05,5
Gmb North America Inc.,33351.17,9
Saga Welco,33279.66,247
Witspa,33034.5,3
Asher Materials Llc,33000.990000000005,2
Kock Fertilizer Llc,33000.0,1
Marathon Ashland Petroleum,32948.68,1
Ag Royce Metal Marketing Llc,32853.79,2
Grupo Clavero Sa De Cv,32841.380000000005,8
Cementco Usa Llc,32808.0,4
Ford Motor Co.,32775.27,111
Hartree,32767.0,1
Cj International Inc.,32677.510000000002,18
Nsovena Usa,32636.47,50
Ame Salt Llc,32620.56,5
Raizen Centro Sul Sa,32576.0,6
Marathon Anacortes Refinery,32519.07,1
Rbc Europe Ltd.,32330.620000000003,16
Steel Pro Trading Inc.,32308.11,112
Bmw (Uk) Ltd.,32224.82,60
Minteq International Inc.,32200.0,9
Saudi Aramco,32092.16,4
Hiedelberg Materials Us Cement Llc,32060.0,2
California Bees Inc.,31983.780000000002,22
Scott Macgregor,31918.06,26
Wilmington Vopak Terminal,31842.38,6
"J.W. Allen & Co., Inc.",31791.0,2
Jsw Steel Usa Inc.,31453.48,1
Nissan Canada Inc.,31362.06,173
Ofantilles Trading,31300.0,2
Marinemax East Inc.,31244.6,420
Coastal Petroleum,31218.0,2
Mitsubishi Logistics America,31160.43,56
Drs Land System,30844.8,1
Norcell Inc.,30825.21,15
Eneos Americas Inc.,30793.690000000002,3
Viking Life Saving Equipment Inc.,30621.75,666
Wilmar Edible Oils Philippines Inc.,30603.35,22
Revelle Shipping Agency,30517.94,14
Usg Corg,30440.0,1
Ineos Phenol A Division Of Ineos Americas Llc,30420.24,16
Peter Cremer North America,30408.559999999998,26
Banque Cantonale De Geneve,30407.14,17
Ups Supply Chain So,30303.02,1
Bdp Logistics Korea,30291.41,56
Industeel Usa Llc,30182.58,670
Psa Chile S A,30085.16,60
Osborne Dock East Fairport,30000.0,2
Old World Cobble Llc,30000.0,7
Great Lakes Calcium,30000.0,1
Bunge Italia Sp A .,29999.04,3
Fillete Green Shipping Services,29977.84,10
Gt Commadities Llc,29977.66,2
Harold Ten Tenco Imi,29976.04,2
Parrish & Heimbecker Ltd.,29954.45,3
Headwin Global Logistics (Usa) Inc.,29926.55,10
Shipper General Mills,29912.0,4
R. Markey & Sons Inc.,29875.0,133
Xiamen C&D Liangyuan,29872.06,8
Holmen Iggesund Paperboard,29806.72,24
Deutsche,29716.96,1
Far East American Inc.,29714.27,199
Sasol Chemicals Na Llc,29608.03,20
Ticona Polymers,29564.0,15
Hanwa Steel Service Mexicana,29387.31,113
Sk Gas Trading Llc,29254.0,36
Imr Metallurgical Resources Ag,29200.0,4
Synthomer Jefferson Hills Llc,29166.94,22
84 Lumber,29106.760000000002,20
Doug Wirt Enterprises,29029.9,4
Palabora Global Ltd.,29007.44,6
Alcoa World Alumina Llc,29005.559999999998,12
Verplank,29000.0,1
"Xiamen Xiangyu New Energy Co., Ltd.",28998.0,2
Servilamina Summit Mexicana,28989.08,102
Kenwal Steel Corp.,28976.620000000003,45
Grupo Cabezut S.A. De C.V.,28885.16,21
Imtt Bayonne Chem South,28824.24,32
Co Durocher Dock & Dredge,28797.67,3
Imtt Bayonne,28520.46,24
Ed&F Man Liquid Products Llc,28501.92,5
United Bank Ltd.,28365.0,1
Siemens Gamesa Renewable Energy Ltd.,28093.1,36
Punda Mercantile Inc.,28009.92,4
Kinder Morgan Bulk Terminals,28000.0,6
"C&D Logistics (Qingdao) Co., Ltd.",28000.0,2
Dock 63,27972.0,2
Olympic Steel Corp.,27929.71,55
Hug Steel Group Buena Park,27895.77,187
Gas Natural Aprovisionamientos Sdg,27881.0,1
Stericycle Inc.,27803.68,1092
Raizen Argentina S.A.U,27765.449999999997,2
"Hsbc Bank Usa, N.A.",27750.52,24
Idemitsu Internationa,27732.0,6
Pipe And Piling Supplies Ltd.,27707.85,54
Aramco Services Co.,27660.0,2
Fiji Sugar Corp Ltd.,27652.9,2
Mitsubishi Motor Sales Of,27647.48,130
Port Angeles Hardwoods Llc,27631.739999999998,31
Zona Franca,27595.2,1
Carmeuse Americas Erie Sand & Gr,27580.04,2
Salzgitter Mannesmann,27528.86,134
Hawaiian Cement,27500.0,1
Colaske,27500.0,1
Natlantic Trading And Marketing In,27488.760000000002,4
Chemtall Oc,27390.559999999998,9
Mitsui & Co. (Usa) Inc.,27366.88,147
Tesla Motors Canada Ulc,27305.54,8
"Amarus International Pte., Ltd.",27305.0,14
Center Steel Sales Inc.,27290.65,45
Transalta Centralia Generation Llc,27246.0,4
Billerud Us Production Holding Llc,27153.06,42
Secureglobal Logistics,27146.239999999998,10
Boscus Canada,27130.87,69
Unimacts Mfg. Mx Llc,27088.059999999998,20
Mitsubishi International Corp.,27035.5,8
Kukdo Chemical America Inc.,27007.22,10
Pt . Pacrim Nusantara Lesta,27000.0,16
Southwest Sales West Windsor,27000.0,1
Secure Global Logistics,26951.219999999998,13
Summit Global Trading,26846.27,347
Giant Cement Co. 654 Judge St.,26833.0,1
Specgx Llc,26738.28,10
Servco Pacific Inc.,26694.03,122
Nissan Mexicana S.A. De C.V.,26596.2,79
The Folger Coffee Co.,26487.739999999998,244
Shougang Holding Trade (Hk),26454.85,3
Central Steel And Wire Co.,26452.44,23
Motorambar Inc.,26409.05,221
Amarus International Pte,26327.64,15
Mufg,26251.989999999998,3
Asr Group Commodities Us Llc,26250.0,5
J M Huber Corp.,26215.78,4
Golden Peanut Co.,26202.98,6
Inv Nylon Chemicals Americas Llc,26200.47,3
Farabi Petrochemicals Co.,26128.33,10
Mill Steel Co. Of Canada,26085.89,42
Oq Chemicals Corp.,26045.32,18
Snt Steel Inc.,26008.93,116
Rr Stone Products Llc,26000.0,1
Celebrity Cruises Ltd.,25890.260000000002,2064
Trimark Tubulars Ltd.,25887.33,38
Artemyn Canada Ulc.,25857.0,3
Global Trade Distribution Inc.,25803.34,60
Anthony Genaro Dba Gulf Continental,25761.75,2
R.W Smith And Co. Inc. P.O. Box 60,25617.64,44
Ge Co.,25611.12,269
Manuchar Steel Nv,25577.09,11
Sojitz Corporation Of America,25420.0,2
All States Asphalt,25401.2,2
Western Carriers Warehouse,25379.33,35
Cascadia Metals Inc.,25351.64,22
Mts Logistics Inc.,25314.98,6
Bpwood Ltd.,25266.77,56
Chs (Cenex Harvest States),25189.84,8
Buckmans,25168.0,4
Edgen Murray Corp.,25143.77,74
Granit Cement Llc,25098.1,1
Negotiable,25084.739999999998,8
E.C. Levy Co. (Burroughs),25000.0,2
Terminal Acquisition,24991.0,21
Itochu Kenzai Corp.,24990.0,10
Bluescope Steel America Llc,24989.65,5
American Heavy Plates,24940.3,2
Count Energy Trading,24920.0,8
Wirth Steel,24784.02,151
Jol Tubular Inc.,24742.23,32
American Pacific Honduras,24736.74,2
Marubeni Itochu Steel Mexico Sa De,24726.29,77
William H. Kopke Jr. Inc.,24702.32,361
Eurochem North,24700.0,2
Greystones Maritime International,24689.14,9
Hyundai Canada Inc.,24676.55,143
Cit Northbridge Credit Llc,24673.16,12
Citi Bank Na London,24605.62,8
Novelis Corporation,24484.62,18
Steel Warehouse,24370.47,96
Asia Minerals North America Llc,24249.06,18
Ecogreen Oleochemicals Inc.,24217.57,24
Macrocsource Llc,24207.58,2
Nordex Usa Inc.,24164.01,72
Waxian International Llc,24072.120000000003,10
Dominion Energy Virginia,24062.589999999997,4
Burnswick Valley Lumber Inc.,24036.66,19
Maritime & Transport Services Ltd.,24028.6,92
As In Venator Materials Llc,24012.4,4
"Eton Petrochemical Co., Ltd.",24005.0,4
Inv Nylon,24003.25,5
Industries Chimiques Du Fluor,24000.0,2
Reith Riley (Luddington),24000.0,1
Bnsf Logistics Internatioal,23958.0,2
Samsung C And T Corp.,23908.78,115
Chicago Reserve Marine Terminal,23900.0,5
Indorama Ventures Oxides Llc.,23761.43,13
C & S Chemicals Inc.,23712.16,5
Colonial Terminal,23682.16,7
Bwc Texas Terminals Llc,23613.72,14
Conservas La Costena S.A. De C.V.,23519.120000000003,19
Southwire Co. One Southwire,23508.12,34
Pt Sumber Indah,23500.0,8
Ingenio Panuco S.A.P.I.,23500.0,2
Clear Freight Inc.,23418.579999999998,11
Sterling Pipe & Tube Inc.,23402.37,29
Acero Prime S De Rl De Cv,23334.39,97
Aluminium Dynamics,23207.670000000002,116
The Sweets Mix Co.,23200.0,3
Ajubesteel Usa Inc.,23189.29,52
Konecranes Inc.,23082.6,240
Socar Trading Middle East Dmcc,23036.0,4
Dufmex S De Rl De Cv,22975.1,14
Pt Multimas Nabati,22957.84,6
Sasol Chemcials (Usa) Llc,22957.61,18
Trek Metals Inc.,22915.64,53
Shape Corporation,22893.48,53
Blank Endorsed,22802.9,20
Citi Bank N.A. London,22798.0,7
Martin Product Sales,22760.0,2
Ssab Emea Ab Sucursal Del Peru,22733.890000000003,3
Aluchem Of Little Rock Llc,22647.98,4
Penn Warehousing And Distrib.,22639.15,19
Gulf Transport And Trading Ltd.,22592.0,2
Newcrest Red Chris Mining Ltd.,22532.41,3
Cargill Nv Bedrijvenlaan,22510.95,12
Soc Chimica Emilio Fedeli Sp A,22502.68,4
Ingenio El Angel S.A. De C.V.,22425.0,1
Cns Shipping Gmb H,22370.5,2
Bv Dock,22364.0,2
B&L Pipeco Services,22357.59,47
Denizbank,22351.19,1
Apical Resources America Llc,22308.84,14
Cargill International Trading Pte L,22186.0,20
Rabobank,22099.47,2
Mazak Corp.,22035.77,1185
Red Star Yeast Lesaffre Yeast,22008.0,2
Kinder Morgan Dry Bulk Terminal,22000.0,6
The Scoular Grain Inc.,21999.97,2
American Piping Products,21973.87,142
Modern American Recycling Services,21957.86,1
Scotwood Industries Inc.,21897.0,3
Michigan Paving And Materials,21826.9,6
Jan De Nul Us Llc,21771.56,4
Suzuki Motor De Mexico S.A. De C.V.,21744.06,57
Puerto Rico Asphalt,21658.63,6
Associated Asphalt Partners Llc,21644.0,2
Vineyard Wind 1 Llc,21583.32,9
Russell A. Farrow (Us.) Inc.,21571.46,14
Aramco Trading Singapo,21358.0,2
Calcean Minerals And Materials Llc,21281.52,2
Okuma America Corporation,21242.06,1319
Jfe Shoji Power Canada,21118.22,35
Equistar Chemicals Lp,21070.72,12
Conestoga Supply Corp.,21050.02,30
Kemira Water Solutions Inc.,21000.0,5
Olin Corp. (Ocap),20994.32,4
Wuchan Zhongda International Group,20982.0,2
Papalotes Felizardo Elizondo,20906.98,12
Russel Standard Corp.,20904.0,2
Gelncore Energy Uk,20896.76,1
Ls Mnm Inc.,20884.0,2
Cliffs Marquette,20865.28,1
Valaris Rig 75,20787.58,26
"Yunnan Tin Co., Ltd.",20712.42,2
Mitsui De Mexico S.De R.L De C.V,20703.78,43
Ocp Nutricrops S.A.,20700.0,1
Pt . Pelita Agung,20700.0,13
Viterra Argentina S.A.,20500.0,4
Seaboard International Forest,20454.26,98
Florida Power & Light Co.,20423.86,14
Osborne Stone,20411.68,1
1 Stamford Steel Corp. 8 Wright,20402.0,4
Tallaboa Pr Llc,20399.0,3
Crown Cork Seal (Aurora),20352.65,195
Universal Steel Co.,20237.96,43
Project Vesta Pbc,20207.72,2
First Bauxite Us Inc.,20163.9,4
Centurion Lumber Ltd. Centurion Lumber Ltd.,20139.829999999998,17
Amalie Oil,20138.010000000002,4
Vestas Nacelles America Inc.,20099.18,43
Commonwealth Bank,20094.17,1
Martin Collee Manager Logistics F,20041.57,1
Metalurgica Met Mex Peñoles S.A. De C.V.,20010.94,4
Aceitera General Deheza S.A.,20000.0,2
American Metal Chemical Corp.,20000.0,2
Verplanks Cobb Dock,20000.0,1
Trans Carolina Product,20000.0,1
Bering Marine Corp.,20000.0,2
Bunge Oils Inc.,20000.0,4
B&B Granite Block Sales Llc,20000.0,1
Hrfs Financial Services S.A.,19987.69,2
Grey Rock Gathering & Marketing Ll,19984.0,4
Mitsubishi Materials Corp.,19978.0,2
Akra Polyester S.A. De C.V.,19861.46,2
Meever Usa Inc.,19838.3,20
Virgin Island Paving Inc.,19832.73,3
Metales S.A.,19701.52,32
Stolthaven New Orleans Llc,19659.38,11
Volvo Car Mexico S.A. De C.V.,19576.26,95
Nyrstar Sales & Mkting,19540.0,6
Ge Renewables North America Llc,19404.920000000002,46
Oswego Harbor Power Llc,19377.0,3
Phillips,19312.0,11
Century Metals & Supplies,19234.8,36
Motorworld,19230.679999999997,134
Fortacero,19223.71,45
Hercules Drawn Steel Corp.,19105.18,377
Molinos De Puerto Rico Llc,19095.39,3
Taiga International Sales,19084.08,17
Olam Americas Llc,19057.68,35
Thyssenkrupp Materials De Mexico,19026.06,74
Osbourne Dock,19010.0,3
Sulfuric Acid Trading Co. Inc.,19001.52,1
Carver Marine,19000.0,4
Bank Of Nova,18944.2,80
Aarhuskarlshamn Usa Inc. 499,18926.5,8
Redpath Sugar,18925.7,3
Xiamen Itg Agricultural Products Co.,18899.559999999998,4
Pencco Inc.,18898.98,2
Kumkang Kind Usa Inc.,18889.08,40
Oec Freight (New York) Inc.,18842.97,42
Bank Of Montreal,18842.6,32
Peterson Chemical Technology Inc.,18814.02,12
Algoma Tubes Inc.,18732.36,22
Belfius Bank,18700.71,19
Nitron International Corporation,18622.7,3
Magni America Llc,18575.54,62
Mitsui & Co. (Canada) Ltd.,18549.82,17
Monomeros Colombo,18500.0,4
Bmo Bank,18433.89,56
Mitsui & Co (Usa) Inc.,18412.7,79
Steel Warehouse Of Ohio,18384.72,56
Indorama Ventures Oxides Llc,18377.45,6
Steel Hub Puerto Rico Inc.,18345.94,14
Hyosung Holdings Usa Inc.,18338.32,33
John Deere Dubuque Tractor Works,18337.02,136
Us Sugar Savvanah Refinery,18311.16,19
Ford Motor Co. Sa De Cv Calle,18283.24,46
Hoa Sen Group No.9,18243.84,42
"Asia Pte., Ltd.",18080.0,1
Coastal Petroleum Dominicana S.A,18080.0,4
Gulf (Val Gbl Glf),18055.81,1
The International Group Inc.,18055.06,14
Unimacts Global Llc,18049.84,18
Industrias La Victoria S.A.S,18022.0,4
Leelynn Logistics Llc,18018.46,6
Consorcio Azucarero,18000.0,1
Wirt Dock,18000.0,2
Srm Concrete,18000.0,3
Chemlube International Inc.,17999.66,14
Usp Holdings Inc.,17894.45,131
Jcb Inc.,17885.11,125
Pacific Metals Trading Inc.,17765.670000000002,86
Thyssenkrupp,17757.260000000002,27
Revelle Shipping,17737.44,12
Sonoco Metal Packaging (Milwaukee),17710.65,20
Polestar Automotive Usa Inc.,17700.08,47
Bic Australia (Pty) Ltd.,17681.420000000002,307
Tpc Group Llc,17668.42,5
Chemtrade Solutions Llc,17621.4,4
Conduit S.A. De C.V.,17618.4,16
Rio Tinto Iron & Titanium America,17608.84,11
Arkema Inc. Fluorochemicals 04,17554.62,14
Neste Reneawable Products Inc.,17537.0,4
Total Energies Marketing Pr Corp.,17480.16,2
Totsa,17374.28,4
Nippon Steel Trading Mexico S.A. D,17286.62,20
Dominion Pipe And Piling A,17281.93,19
Bmw Do Brasil Ltda,17230.49,601
Pcs Nitrogen Fertilizer Lp,17225.73,4
Dongkuk Steel Mexico S.A. De C.V.,17187.87,69
Knife River Corp.,17174.78,2
Sumisho Global Logistics,17171.75,58
Autlan Metal Services S.A. De C.V.,17130.0,2
American Colloid Co.,17126.0,4
Mufg Bank Ltd. Attn Hirono Ota,17120.44,2
Ingenio Tala Sa De Cv,17101.0,2
Thyssenkrupp Materials Na,17082.86,208
Belize Sugar Industries,17047.0,2
Energy Transfer Partners,17044.0,2
Innospec Fuel Specialties Llc,17041.82,23
George William Rueff Inc.,16992.87,27
Univar Soluitons Inc.,16887.82,2
Inovyn Americas Inc.,16865.02,12
Inv Nylon Chemicals,16852.84,3
Toyota Tsusho Processing De Mexico Sa De Cv,16831.29,41
Waterway Ag Inc.,16794.73,4
Alta Forest Products,16781.09,11
Oro Allado Commodities Inc.,16778.67,1
Link Belt Cranes,16701.7,85
Meezan Bank Ltd.,16700.0,4
Lisane S Marine Transport,16608.0,4
Sinarmas Cepsa Deutschland Gmb H,16580.76,14
American Global Logistics Llc,16572.47,102
Cokinos Energy Corp.,16531.0,2
Tampa International Forest,16431.9,10
"Bermuda Electric Light Co., Ltd.",16420.4,1
Cimsa Americas Cement Mfg.,16401.0,2
Seah Global Inc.,16394.03,419
John S. Connor Inc.,16387.19,67
"Liebherr Japan Co., Ltd.",16380.9,79
Asi Co Voss Clark Indiana,16359.29,15
Raizen Trading Netherlands,16326.0,2
Southwire Co. One,16288.38,35
Operadora De Pytsa Industrial S A,16285.34,3
Archer,16282.0,3
Procter & Gamble Manf. Mexico S De,16274.23,6
Louis Dreyfus Coffee,16248.32,99
Valls International Houstion Inc.,16197.480000000001,6
Phillips 66,16140.6,4
St.Bernard Renewables Llc,16110.1,10
Sitka Forest Products,16055.07,12
Acidchem (Usa) Inc.,16013.61,35
Proctor & Gamble Mfg. Co.,16000.4,2
Burrough's North First Street Dock,16000.0,2
Mouth Of Belle River Levy Dock,16000.0,2
Pt Pacrim,16000.0,8
North Star Dock,16000.0,2
Caribbean Trading Systems Inc.,15977.130000000001,96
Basf Intertrade,15964.74,4
Totalenergies Trading,15961.75,3
Iberg Minerals Canada Inc.,15911.0,1
Doosan Bobcat North America Inc.,15875.63,136
Bentley Motors Inc.,15871.69,264
Serviacero Comerical Sa De Cv,15850.81,42
American Tissue Industries Llc,15816.74,4
Richard Murray & Co.,15751.53,40
Hengyi Industries Sdn Bhd,15728.0,1
Upm Kymmene,15727.02,3
Trinity,15705.210000000001,68
Aceros Y Galvanizados De Celaya Sa,15683.67,34
Boscus Canada Inc.C O Nasco,15682.06,2
Zhixin Electromagnetic,15679.88,1
Mitsui & Co Usa,15618.95,26
Hankook Tire Mfg.,15566.210000000001,107
Pnc Bank Na,15526.04,334
Sunrise Foods I,15500.0,2
North American Stainless,15493.35,38
Utc,15432.99,39
Caterpillar Japan Ltd.,15401.72,628
Serviacero Planos S De Rl De Cv,15399.720000000001,66
Callan Marine,15381.26,10
Nooter/Eriksen,15349.08,30
Gantrade Corporation,15332.18,10
Logicentro Sas,15323.77,102
"Tempel De Mexico, S. De R.L. De C.V.",15172.99,36
Windarmex Sa De Cv,15125.24,3
Bmw Belgium Luxemburg Nv,15123.54,62
Bekaert Corp.,15116.689999999999,10
Lgs Specialty Sales Ltd.,15106.67,142
Comercio Para El Desarrrollo,15096.859999999999,4
"Hansol Paper Co., Ltd.",15039.539999999999,12
Shinsho American Corp.,15016.85,537
Diamond Green,15014.78,3
Pt Musim Mas,15010.52,19
Emd Acquisition Llc,15000.0,5
Pt . Permata Agro Persada Jl,15000.0,1
Cerveceria Modelo S.A. De C.V.,15000.0,2
Compania Cervecera Del Tropico Sa,15000.0,2
Santa Rosalia De La Chontalpa S.A.,15000.0,1
Gonvauto Puebla S.A. De C.V.,14986.57,107
Polymetcore Trading Us Llc,14947.94,1
Clm Enterprises Inc. Dba West Coas,14934.53,107
Fertiglobe International Trading,14929.0,1
Bell Trucks America,14755.25,220
Anglo American,14717.32,32
Llog,14697.119999999999,25
Tw Metals Ltd.,14649.609999999999,5
Destileria Serralles Care Off,14629.16,4
Moly Cop Canada,14608.35,4
Diageo Usvi Care Off,14604.4,2
Okaya Mexico Sa De Cv,14583.160000000002,3
Sdb Steel & Pipe,14566.05,24
Hawkron Inc.,14560.0,1
Isky North America Inc.,14523.68,52
Jp Morgan Chase Bank,14505.43,3
Ajmal Steel Tubes And Pipes,14502.58,40
Advansix Inc.,14500.15,1
Tessenderlo,14454.0,1
"Cliff Berry, Inc.",14441.26,807
Steel Technologies De Mexico S.A.,14439.91,58
Allchem Industries,14437.72,12
Ton Yi Industries Corp.,14424.24,34
Zachry Caddel Joint Venture 527,14412.42,39
Al Ghurair Resources Oils And,14369.04,2
Consorcio Azucarero De Empresas Industriales Caei S.A.,14333.0,3
National Tube Supply (M20),14332.51,75
Compania Azucarera Salvadorena S.A,14314.0,2
Agente Aduanal Alfredo Ruelas Solis,14253.48,14
Psa Bdp Int Imp. Team,14250.0,1
Gci Communcation Corp.,14240.0,3
Industrias Correagua Sa,14204.619999999999,10
Banco De Reservas,14201.12,175
Ssab Detroit Sales Office,14111.61,347
"Moore Sales Co., Ltd.",14083.14,167
Doug Wirt Stone Products Lcc (Bci),14071.84,3
Linde Engineering North America,14034.869999999999,47
Universal Minerals International In,14030.0,2
Gm Overseas Distribution,14029.41,439
Benteler Steel Tube Mfg.,14024.37,11
Pollmeier Massivholz Gmb H& Co.Kg,14019.69,35
Metro Ports Bulk Terminals,14000.0,3
Mondelez Global Llc,14000.0,1
Traxys,13994.76,10
Pasha Stevedoring And Terminals,13984.63,73
Marubeni Transport Service Corp.,13904.439999999999,13
Fairway Lumber Co.,13879.74,40
Nissan Trading Corporation Americas,13805.28,38
A.N. Deringer Inc.,13758.73,22
Amports Freeport Terminal,13741.52,32
Lsc Communications,13737.31,81
Asi Co Heidtman Granite,13726.63,15
Koil Metals Llc,13626.84,52
Usina Central Olho D'agua S A,13592.0,2
Clarendon Alumina Production Ltd.,13500.0,2
Whilhemsen Ship Services,13496.0,1552
Liebherr Australia (Pty) ) Ltd.,13423.77,138
R W. Smith & Co Inc.,13404.0,4
Bruderer Machinery,13388.44,52
Haulotte Us,13363.75,105
Gw Global Trade Inc.,13358.619999999999,23
Als America Inc.,13333.67,44
Everett Goodrich Trucking,13331.08,2
Stericycle,13317.4,316
Bdp International Basf Imp.,13299.0,6
New Castle Stainless Plate Llc,13255.35,74
Volvo Cars Of Canada Corp.,13210.07,23
Flour Mills Nigeria,13200.0,1
Simmons Grain Co.,13195.36,1
Bmw China Automotive Trading Ltd.,13168.78,60
Nippon Chemical Texas Inc.,13160.56,12
Industria La Popular S.A.,13128.38,52
Pacific Trellis Fruit,13100.83,230
Nippon Steel Trading America,13099.6,6
Jd Fields And Co. Inc. Tx,13071.88,30
Usina Serra Grande S A,13050.0,3
Volkswagen Canada Inc.,13023.76,12
Gma Garnet (Pty) ) Ltd.,13002.0,1
Turkiye Petrolleri A.O.,12969.58,2
Ohio Coatings,12968.02,38
Sierra Produce,12963.86,307
Gadiv,12937.42,28
Nissan Do Brasil Automoveis Ltda,12925.8,365
Jgc Kiewit Joint Venture,12909.75,35
Bgn Int Dmcc,12901.82,3
Grupo Ferrocarrilero Del Sureste S.,12861.67,1
Aramco Trading Sing,12860.0,2
John A. Steer Co.,12860.0,2
New Zealand Kiwi Holdings Inc.,12842.91,286
Holcim Us Inc.,12837.99,3
Liebherr Nenzing Crane Co.,12815.75,83
Holcim,12800.0,1
Compania Electro Metalurgica S.A.,12774.21,5
Kullik Usa Corp.,12761.7,11
Daido Steel (America),12757.8,44
Olam Americas 2077 Convention,12732.8,57
The Reynolds Co.,12708.28,22
Mcneilus Steel Inc.,12705.17,102
Peckham Asphalt Resale Corp.,12700.6,1
Metal One America Inc.,12693.22,8
Banque Cantonale Geneve,12675.26,2
Makino,12631.19,445
Macs Maritime Carrier Shipping Llc,12580.58,28
Sdb Trade International Lp,12524.5,47
Liebherr Mexico S De Rl De C.V.,12515.53,112
New England Steamship Agents Inc.,12512.64,11
Tampa Port Servives Llc,12504.48,1
Hf Sinclair Refining & Marketin,12500.0,1
"Xiamen C And D Commodity Trading Co., Ltd.",12498.66,4
Knightsbridge Internationa,12494.92,22
To Plesa Anahuac Y Cias S.A De C.V.,12475.19,8
Acier Wirth Steel,12475.12,6
Ag Source Dmcc,12472.43,38
Fedex Trade Networks,12448.32,138
Electa Trading Sa,12446.4,46
Lift Source Machinery Ltd.,12439.56,62
Kraton Corp.,12438.060000000001,7
Intsel Steel Distributors,12423.85,9
Sany America Inc.,12412.49,118
Mssc Canada,12411.54,13
Industries Tech Services Inc.,12406.85,131
Geodis The Navy Yard 5101 S.,12395.29,11
Anadarko,12384.21,232
Flexometal Sa De Cv,12374.79,17
Hanwa American Corp. Los Angeles Br,12365.74,71
Extap,12346.89,1
Saginaw Us Paving,12257.48,3
Noble Corp.,12180.279999999999,120
Tenaris Global Services,12175.82,45
Exxon,12162.0,4
Produccion Rhi Mexico S De Rl De Cv,12150.96,7
Cit Northridge Llc,12136.900000000001,2
Chemtrade Electrochem Inc.,12105.44,4
Chemtall Inc.,12098.0,4
Spectra Resources Corp.,12065.79,80
Ippolito Fruit & Produce Ltd.,12062.5,21
Perez Trading Co.,12032.0,12
Barraza Y Cia S A,12024.0,4
Baker Hughes Operations,12016.0,1
Oversea Chinese,12005.0,3
Chemours International Operations,12002.1,1
Bognar And Co. Inc.,12000.0,8
Klabin Forest Products Co.,12000.0,4
Halliburton,12000.0,1
Bp Wood,11999.81,28
Ta 2000,11992.14,2
Nam Kim Steel Joint,11981.85,39
Indorama Ventures Xylenes & Pta Llc,11958.78,1
Tampa Juice Service Inc.,11891.0,8
Inter Papier North America Inc.,11889.82,21
Le Commodities Llc,11883.86,9
Mjb Wood Group Inc.,11875.31,129
Carbo Ceramics,11862.32,2
Aceros Fercom Rar Sa De Cv,11853.21,36
Seald Sweet International,11852.31,96
Tam Steel Sa De Cv,11840.880000000001,2
Steel Warehouse Mexico S. De R.L.,11796.68,11
Techno Steel Processing De Mexico,11783.28,13
Cj International,11779.18,4
Lorenzo Acierno Milchorena,11771.23,40
Zili Usa Llc,11765.94,18
Plastiglas De Mexico S.A. De C.V.,11748.54,6
Odfjell Terminals,11721.44,14
Bmw Group Japan,11709.58,20
L'oreal Usa Products Inc.,11697.46,854
Royal Bank Of Canada,11677.64,7
Smit Transformer Sales Inc.,11661.15,139
Trade Xcelerators,11651.0,7
To Ordeca Indosuez (Switzerland) Sa,11633.0,4
General Motor S Llc Car E Of Tr,11602.86,14
Chrysler Corp. Stamping Pl,11594.91,244
Contanda Terminals Llc,11590.02,2
Shell Eastern Trading,11576.87,5
Sixgen Trading Co.,11532.88,6
Dueno Del Mar Woodward Group,11528.31,55
M&G Manage,11517.73,9
Aerovolte S.A. De C.V.,11502.7,1
Pt Sinar Mas,11500.0,12
Transglobe Energy Llc,11476.0,6
Amada America Inc.,11459.13,735
Bcge,11453.5,8
Revolution Wind Llc,11441.06,6
Caterpillar Baltimore Product Distr,11428.74,70
Hanwha Q Cells Usa,11410.92,23
Tesoro Mexico Supply And Marketing,11376.94,1
Sarens Projects Usa Llc,11326.54,10
Icl Performance Products Lp,11253.68,3
Huileries Haitiennes Sa,11252.84,16
Trans Overseas Corp.,11232.91,54
Cliff Berry Env Miami,11232.02,83
Fairway Lumber Co Inc. Dba,11170.66,43
Hoa Sen Group,11163.720000000001,31
Dow Europe Gmb H Plant F392,11128.1,10
Sanyo Special Steel Mfg.,11116.65,14
Exanco Sac,11074.54,3
Imerys Refractory Minerals Usa,11073.779999999999,2
Komatsu Ltd.,11053.4,440
Fisker Inc.,11030.02,38
Hanwha International Llc.,11017.32,8
Hexion Inc.,11015.15,11
Kraton Corporation,11008.46,6
Solijitz Corp.,11002.56,2
Traxys North America Llc And Samuel,11000.64,1
Schnitzer Steel Inc. Dba Radius,11000.0,2
Consorcio Azucarero De,11000.0,1
Italiana Coke Srl,10999.44,2
Rothfos Corporation,10993.22,144
Automobili Lamborghini America Llc,10989.65,291
Hd Hyundai Electric America Corp.,10981.07,110
Granexport Mfg. Co.Rp,10977.15,3
M.F. Wirth Rail Corp.,10973.43,183
Asia Symbol (Shandong) Pulp And,10959.32,8
Us Paving And Stone,10946.0,2
Methanex Corp.,10935.58,4
Shinhan Bank,10903.57,19
David Oppenheimer Co.,10882.51,264
"Histeel Co., Ltd.",10881.76,82
Compo Expert Mexico S.A. De C.V.,10871.82,4
Kalmar Usa Inc.,10841.66,333
Hermis Trading Llc,10835.2,44
Manitou North America Inc.,10834.55,312
Ineos Us Chemical Companay,10801.0,2
Imperial Oil Ltd.,10800.0,1
Star Vista Live,10779.699999999999,11
Arcor S.A.I.C.,10764.79,3
Associated Asphalt Marketing Llc,10762.0,1
Panasonic Energy Corp. Of,10751.18,68
Dynapac North America Llc,10735.13,109
Acero De Leeco S De Rl De Cv,10733.050000000001,20
Bnp,10719.26,2
Asso Subsea Single Member S.A. Thesi Kalympaki 19200 Elefsina Signatory,10713.0,1
Mitsubishi Motors De Mexico Sa De Cv,10709.06,42
Interstate Asphalt Inc.,10704.8,2
Pankaboard Oy Balterm Llc,10694.85,48
Michigan Metal Importers,10689.53,54
Sim Tex L.P.,10639.939999999999,4
Roser Customs Service,10637.89,30
Union Carbide Corp.,10609.130000000001,6
Reworld,10599.5,50
Brown,10575.93,4
Pacific Steel Sales Corp.,10570.03,72
Prco America Inc.,10536.67,12
Global Partners Lp,10526.0,2
Univar Usa Inc.,10498.0,2
Pt Intibenua Perkasatama,10496.45,4
Parker And Co.,10486.07,11
Marubeni Itochu Steel Canada Inc.,10452.07,108
Volvo Construction Equipment Na,10421.0,82
Polaris Engineering Inc.,10420.0,6
Raizen Energia S.A.,10400.0,4
Porsche Cars Australia P L,10340.04,71
Utc Overseas S.A.,10289.58,1
Yokohama Tire Mfg.,10287.05,106
Impulsora Azucar,10280.619999999999,2
Carribex S.A.,10262.24,30
Davao Bay Coconut,10239.45,4
Trinidad Cement Ltd.,10234.0,2
Citroen Chile S.A.C.,10231.1,62
Benimex S.A. De C.V.,10216.93,37
Midamerican Energy,10214.04,12
Pennzoil Quaker,10210.36,4
Flexport 12121 Bluff,10208.2,5
Fina Llc,10204.0,2
Maersk Oil Trading And Investments,10200.0,2
Indorama Ventures Europe B.V.,10198.28,2
Baoshan Iron & Steel Co.,10196.8,1
Colonial Oil Industries,10190.0,1
Arkema Inc.,10184.45,11
Feed Products,10130.4,2
Usina De Acucar Santa,10123.06,2
Power Electronics Usa In,10115.67,62
Bradford White Corp.,10110.99,35
Proteinas Y Oleicos Sa De Cv,10101.32,4
Del Monte Fresh Produce Na Inc.,10097.44,44
Arabian Automobiles Co.,10084.83,124
Compania Industrial Azucar,10062.0,2
Cobank Acb,10057.0,2
Direct Delivery Logistics & Supply,10056.35,63
Balterm,10050.72,38
Jp Steel International Inc.,10045.85,77
Prime Tech Precision Inc.,10038.0,2
Psa Bdp International Imp. Team,10030.0,2
Montreal Management Consultants Est,10022.0,1
Irpex International Ltd. 261,10018.59,1
"R H Curry & Co., Ltd.",10014.94,68
"Neste Singapore Pte., Ltd.",10000.02,2
Hangzhou Huajin Imp. Exp. Co.,10000.0,6
Nava Ltd.,10000.0,2
Inv,10000.0,1
Miriri Alimentos E Bioener,10000.0,2
Pt Sari,9999.84,2
Pt . Kutai Refinery,9999.64,2
Wilmar Oleo Nor,9999.46,2
Bunge,9999.17,1
Jp Morgan Ventures,9995.68,8
Banco Agricola,9995.52,1
Citigroup Energy Inc.,9994.92,6
Randall Metals Corp.,9991.9,175
Shell International Tradin,9982.0,1
East Coast Warehouse,9980.05,13
Evergreen Chemical Inc.,9972.04,11
Accural Co. Llc,9970.8,4
Huron Stone And Materials Inc.,9968.91,1
Lm Wind Power A S,9968.17,13
Negotiable Boyd Sta,9954.720000000001,3
T A 2000 S.A. De C.V Carretera Fed.,9954.36,1
Sumec Technology And,9934.51,4
Aceros Del Toro S.A. De C.V.,9922.0,6
Jy Steel,9914.240000000002,4
Incitec Pivot Ltd.,9907.0,1
Meever Usa,9885.16,4
Edro Speciality Steels,9884.6,34
Fedex Trade Networks Transport & Br,9874.7,82
Hydro Aluminum Metals Usa Llc,9839.62,4
Lafayette Steel Aluminum,9806.58,35
Millerand Co. Llc.,9800.0,3
Keb Hana La,9790.53,15
Siemens Energy Inc. Transmission,9770.699999999999,77
Metal One De Mexico S.A. De C.V.,9768.1,12
Bank Leumi Usa,9713.19,42
Weatherford Artificial Lift Systems,9645.01,15
Bluescope Temescal,9618.779999999999,8
T A 2 Ooo Sa De Cv,9616.25,1
Crown Cork Seal (Crawfordsville),9602.19,61
Great Champ Trading Ltd. Unit 6,9564.92,6
Ineos Usa Llc,9507.06,2
Fca Fiat Chrysler Auto Brasil Ltda,9502.060000000001,52
Aceros Y Overollings Demexico Sa D,9499.74,2
Cass Information Systems Caterpill,9490.04,306
Galv Tech,9488.88,20
Pgm Quimicos S. De Rl De Cv,9485.0,5
Border Brokersa A A A A A A A A A A,9476.34,3
Santo Domingo Motors Co. C. Po,9452.88,197
Stellantis Chile Sa,9451.32,34
Impulsora Tlaxcalteca De Industrias,9441.52,2
Tts Teconja Tci Shipping North,9435.3,6
"Hankuk Paper Mfg. Co., Ltd.",9419.48,12
Claas Of America Inc.,9410.41,201
Bunge North America,9405.57,7
Pgs Usa Llc,9394.42,18
Liebherr Canada,9358.48,119
Allied Cement Llc,9350.0,1
"Husteel Canada Co., Ltd.",9348.4,16
To The Orer Of Sol Puerto Rico,9257.640000000001,3
Fedextradenetworks,9244.31,39
Beacon Offshore,9236.32,15
Norton Lilly International,9203.36,240
European Motor Distributors Ltd.,9192.35,86
Molycop Canada,9180.18,2
Albemarle Corp.,9145.02,3
Viamar S.A.,9142.64,112
Borusan Mannesmann Pipe Us Inc.,9141.74,2
Iluka Resources Ltd.,9110.1,2
Tenaris Global Services Usa West,9096.76,24
"To Shell Eastern Trading Pte., Ltd.",9060.93,8
Federal Marine Terminals Inc.,9039.14,4
Kemira Water Solutions,9038.64,2
Samuel Shapiro Customs Brokers,9020.32,5
Summit Produce Inc.,9010.6,156
Elkem Materials Inc.,9006.08,4
Alcoeste Bioenergia Fernandopolis,9000.0,2
Inter Chem,9000.0,2
Agroindustrias Del Balsas Sa De Cv,9000.0,1
Sitka Ready Mix & Rental Equip,9000.0,1
Pro Mdf S.A.P.I De C.V.,8999.82,3
Birla Carbo,8997.96,5
Comco Pipe & Supply Co.,8983.2,3
Kubota Tractor Corp.,8981.61,100
Danieli Corporation,8979.6,75
Mi Metal Processing Mexicana Sa De,8973.12,42
The Techs Industries Inc.,8970.66,22
J.P. Morgan Chase Bank,8970.29,1
Neste Suisse,8964.0,1
Honda Trading De Mexico Sa De Cv,8962.04,28
Bredro Shaw Mexico Sa De Cv,8953.66,6
Eew Steel Trading Llc,8932.199999999999,27
Cn Customs Brokerage Services,8929.0,1
Galvatubing Sa De Cv,8927.88,1
Sun Fresh Exp. Llc,8899.84,134
3805 West Chester Pike,8876.4,2
Siempelkamp Ltd. Partnership,8864.199999999999,30
C&D Material Inc.,8857.31,19
Leeco Steel Llc,8845.59,23
Alcantara & Sons Logistics Corp.,8843.84,1
Us Chemland Inc.,8840.93,42
C.I. Acepalma S.A.,8826.57,8
Ep Steel America Inc.,8819.14,4
Engel Machinery Inc.,8801.01,172
Expeditors St Louis,8798.32,2
Vibra Trading Bv,8791.73,1
Societe Gen. Paris Zurich,8782.0,2
Wirth Steel A Gene,8755.04,16
L H Battery Co. Inc.,8751.22,60
Acme Hardesty Co.,8700.94,15
Wtec Energy Innovation,8681.740000000002,4
Bin Hamoodah Trading & General Srvc,8672.52,82
Ubs Switz Ag Lugano,8667.37,4
"Kukje Steel Co., Ltd.",8635.82,56
Nexans France,8633.5,18
Bobst North America Inc.,8600.93,178
Technip Stone & Webster Process,8599.89,14
Airbus America Inc.,8597.47,37
Ovako North America Inc.,8591.45,102
Commodities Management Corp.,8582.47,22
Samsung Ct America Inc.,8556.1,23
Aceromex Grupo Industrial Sa De Cv,8552.75,19
Teleos Ag Solutions Inc.,8521.36,10
Nissan Saudi Arabia Co.,8512.44,129
Artemyn Canada Inc.,8505.0,1
Hico America Sales & Tech Inc.,8502.33,54
Comexport Trading Comercio,8498.49,81
Cashton Farm Supply Ltd.,8493.960000000001,5
Meritor Inc.,8492.210000000001,29
Hsbc Continental Europe Sa,8487.0,2
Sddc 842 Nd Transportation Division,8438.66,130
Metal One America Inc. 281 588 6500,8426.74,5
Mitsui & Co Cnada Ltd. Head Office,8408.42,2
Gazi Metal Mamulleri San .Ve Tic,8401.82,2
Pt . Pacrim Nusantara Lestari Foods,8400.0,6
Saginaw Bv Dock,8400.0,1
To China Faw Group Imp.,8378.41,64
Centurion Lumber,8375.880000000001,6
Ube Machinery Inc.,8360.11,94
Global Forming Technologies Ltd.,8349.73,89
Mcnairn Packaging Inc.,8340.42,63
Porsche (China) Motors Ltd.,8323.28,93
Casa De Aduanas Mendoza Sc. Rfc.,8322.04,37
A.A. Guillermo Woodward Rojas,8317.66,12
Southern Chemical Corp.,8309.0,1
Nextera Energy Constructions Llc,8308.0,10
Kzjv Llc,8306.16,36
Syncrude Canada Ltd.,8265.18,2
Apm Terminals,8260.58,8
Northwest Forest Link Corp.,8256.43,35
Rabobank Bv,8211.83,14
Usina Alto Alegre Sa,8200.0,2
Cliff Berry Inc. Enviornmental Servi,8192.8,33
Shandong Lancheng,8172.0,2
Ferroglobe Spain Metals S.A.,8138.21,5
Crv Industrial Ltda,8117.75,2
Sonoco Metal Packaging (Canton),8087.36,19
J.M.Huber Corp.,8085.64,1
Washington Mills Electro Minerals C,8048.13,7
Fullen Dock & Warehouse,8044.25,5
Gac North America,8042.179999999999,30
Galperti Inc.,8033.280000000001,6
Edmonton Steel Plate Ltd.,8030.99,12
Por Asignar,8023.780000000001,4
Dantzler Inc.,8021.53,42
Industrializadora De Estructuras Y,8019.28,15
Sylvite Llc,8005.0,4
E.C.Levy Co. Detroit,8000.0,1
Pt Pelita Agung Agrindustri,8000.0,4
Renewable Biofuels Port Neches Llc,7999.6,2
Neste Usa Inc.,7999.38,2
Ubs Switzerland Ltd.,7995.4400000000005,20
Arboris,7994.0,2
Jaguar Land Rover Mexico S.A. De C,7977.01,84
Cts Cement Mfg. Corp.,7967.0,1
Fairway Lumber Co. Inc.,7964.07,7
Nexans Norway As,7954.3099999999995,7
Meritor Heavy Vehicle Systems Llc,7940.62,19
"Hong Kong Paper Sources Co., Ltd.",7923.16,8
Aarti Usa Inc.,7879.0,12
Byd America Llc,7872.26,17
Skryker Fuels Llc,7868.64,2
Ge Renewable Us Llc,7868.56,29
Lyman Steel Co.,7848.17,17
"Magical Cruise Co., Ltd.",7847.66,7928
Lotus Cars Usa Inc.,7845.4,135
Grupo Mecasa Plus Sa De Cv,7842.17,2
Scotiabank,7839.95,54
Asturiana De Z Inc. Sau,7838.76,2
Ferromac International Nv,7838.33,5
Glencore Ltd. Att Sylvia Malone,7809.76,4
Can Am Minerals,7800.0,1
Subsea 7,7741.04,68
Adnoc,7733.52,4
Shibaura Machine Co. America,7728.46,177
Touton Usa,7724.72,40
Dodaac W5081 A Hhc 2 D Brigade Comb,7717.96,2
Central Dispatch Inc.,7685.64,108
Central Motzorongo,7672.0,2
Credit Agricole,7648.0,2
Ineos Phenol Inc.,7629.08,4
Heerema Offshore Services Us,7623.61,14
Temsa North America Inc.,7605.36,64
Worldventure Comm,7600.0,6
Mewaholeo Industries Sdn Bhd,7600.0,8
Xcmg North America Corp.,7585.28,60
Isuzu Motors De Mexico S.De R.L.,7576.14,39
Tpe Steel Pipe Llc,7570.48,14
Histeel Pipe & Tube Inc.,7540.01,71
Boscus Canada Inc. Boscus Canada Inc.,7538.94,10
Trinity Av. Perime,7526.04,36
Ge Prolec Transformers Inc.,7510.33,24
Technipfmc Usa Inc.,7508.48,36
Magris Talc Usa Inc.,7502.06,1
Tokai Carbon Ge Llc,7500.1,3
Port Liberty Bayonne Llc,7495.63,2
Feralloy Processing Co.,7487.99,36
Cosco Logistics,7440.0,24
Comexport Trading Comercio Exterior,7426.44,111
Sooner Pipe Llc,7413.42,18
Myers Container Llc,7397.780000000001,8
Castleton Commodities Merchant,7375.0,2
Fortacero Sa De Cv Mexico,7372.4800000000005,8
Bomag Americas Inc.,7341.84,242
T.C.,7301.06,2
Xiaoxian Kangdeli Grease Tech,7286.0,3
Clean Water Of New York,7272.05,156
Gemsa Enterprises Llc,7265.14,75
Intergulf Corp. Circon,7264.86,20
Central Azucarero De Alanj,7250.0,1
Prime Materials Recovery,7227.61,19
Waterway Ag Incq,7212.13,1
Dacotrans De Centroamerica Sa,7206.58,8
Ineos Styrolution Mexicana Sa De Cv,7184.84,11
O'neal Manufactuaring Services,7169.52,35
Dow Europe Gmb H,7165.46,4
Kana Energy Services Inc.,7145.099999999999,16
Kraton Chemicals Llc,7144.4,4
Eurenco Additives Inc.,7141.26,3
Pcs Sales,7140.97,1
Jac Vandenberg Inc.,7121.06,208
1 Marubeni Itochu Steel America In,7117.96,22
Vibrantz Erachem Mexico S.A. De,7100.0,2
Honda Trading De Mexico S.A. De C.V,7089.700000000001,37
Claas Omaha Inc.,7085.98,288
Sixthman Llc,7024.38,43
Resco Products Inc.,7014.0,4
Corporacion Nacional Del Cobre De Chile,7013.62,8
Rx Texus Inc.,7000.0,1
La Farge Cleveland,6985.33,1
Quimica Delta Sa De Cv,6965.639999999999,4
Veryone Inc.,6958.110000000001,3
Ocisa Sp A,6930.47,3
Aston Martin Lagonda Of North Ameri,6908.5,192
Aluminio De Baja California,6893.53,12
Ajax Asphalt Terminal,6847.44,2
"Smb Kenzai Co., Ltd.",6836.08,4
Esmark Steel Group Midwest Llc,6833.3099999999995,33
Ica Fluor Daniel S. De R.L. De C.V,6758.18,49
Ch.Daudruy Van Cauwenberghe & Fils,6747.59,33
Duferco Steel Llc,6720.88,6
Unicredit,6698.360000000001,2
T.A. America Corp.,6696.5199999999995,14
Korea Development,6690.21,15
American Honda Motor Co Inc.,6665.39,19
Liugong Construction Machinery,6649.3,51
Khuff Gen. Tranding And Cont. Co.,6645.8,2
Drolamina Y Tubo Sa De Cv,6644.77,8
Air Products And Chemicals Inc.,6637.42,32
Quimica Industrial Montalvo Aguilar Quimasa S.A.,6632.62,12
Golden Agri Resources Usa Inc.,6598.84,7
Seadrill,6596.5,260
Tenaris Global Services Norway,6581.21,7
Silgan Containers Menomonee Falls,6575.11,13
General Cocoa Co.,6575.0,33
Volkswagen Of America Inc.,6549.92,40
Ticona Llc Hna Fortron,6546.0,4
Toyotamotor Sales Usa Inc.,6469.58,6
Esj Sa De Cv,6449.42,11
Hug Steel Group,6445.61,45
Swift Oilfield Supply,6443.25,15
Hithium Energy Storage Technology,6440.0,22
Kama For Coating And Mfg.,6431.0,13
Sumitomo Deutschland Gmb H,6417.400000000001,5
Global Trade,6401.25,19
Tennessee Alloys Co.,6396.700000000001,4
Ajusteel Usa Inc.,6368.32,24
Air Products Canada Ltd.,6349.84,55
Co. A Cervecera De Puerto Rico,6341.09,37
Consorcio Azucarero De Empresas,6333.0,1
Honda Trading America Corporation,6325.93,20
0082 Ar Hq Div Hq And Hq B,6320.31,3
Ashdod Refinery Std,6313.67,1
Ieoc Production Bv Egypt Branch,6300.3,2
Universal Minerals Internation,6300.0,1
Al Masaood Automobiles,6290.23,66
Kraton Chemical Llc Co Colonial,6278.28,2
Summit Packaging Systems Inc.,6272.88,27
Master Pipe Distribution Co.,6260.95,23
Rvda (Pty) ) Ltd.,6224.94,51
Miracero Sa De Cv,6204.12,6
Bunge Alimentos Sa,6200.0,7
Stigterstaal Canada Inc.,6194.54,4
Intergulf Corp.,6190.64,106
Bredero Shaw Mexico S A De C V,6188.02,2
Aceros Vs Sa De Cv,6166.83,37
Order Atvos Bioenergia Conquista,6148.76,2
W45 Erf 0133 Fa Bn 04 Bty A0 Rear De,6148.0,4
Samwoo America Inc.,6128.92,10
Material Resistente Al Desgaste Tgp,6121.71,2
Pmi Av. Marina Nacional 329,6120.0,1
Krone Na Inc.,6115.66,144
Kraton Chemical Llc Care Off,6105.84,2
Krauss Maffei Corp.,6099.18,94
Aluchemof Little Rovk Llc,6090.13,1
Royal Canadian Steel Inc.,6071.4400000000005,4
Llog Exploration Offshore Llc,6067.26,2
Shivom Jay Steels International Llc,6065.8,21
Kuraray America Inc.,6062.59,7
Stolthaven Terminals Division,6036.7,6
Beneteau America,6035.3,896
Mintech International Inc.,6024.0,5
Raizen Caarapo Acucar E Alcool Ltda,6018.88,2
Am Fresh North America,6014.55,145
Aripeka Wood,6012.31,30
Meichem Co.,6007.5,3
Arzyz Industrias Sa De Cv,6004.66,10
Eneos Corportaion,6002.0,1
New Asia Oil Inc.,6001.7,2
Philippine International,6000.26,2
Sylvite Agri Services Ltd.,6000.0,1
Oswego Port Authority,6000.0,1
Cargill Oil Mills Philippines Inc.,6000.0,6
Pt Agro Makmur Raya,5999.8,2
Ineos Phenol,5974.0,4
Asr Group Commod Us Llc,5964.0,1
2782759 Ontario Inc.,5956.22,27
Cruzan Viril Ltd.,5929.09,2
Boe Exploration And Production Llc,5925.98,2
Dayka & Hackett Llc,5917.49,179
Tournament Event Logistics,5901.9,2
Pt Pelita,5900.0,3
Allan Myers Materials Md Inc.,5896.71,1
Southern Recycling,5896.2699999999995,3
Soluciones Mimex S De Rl De Cv,5848.0,3
Miracero S.A. De C.V.,5847.039999999999,4
Roadrunner Solar,5842.780000000001,3
"Sheng Yu Steel Co., Ltd.",5841.42,39
Valley National Bank,5835.98,7
Sorin Corp.,5824.28,10
Pacifica Piling Ltd.,5818.4,10
North American Pipe & Steel Inc.,5811.78,8
Acero Prime S. De R.L. De C.V. Eje,5811.76,4
Tay Nam Steel,5811.5599999999995,5
Stericycle Enviromental,5797.0,190
Ferrecabsa S.A. De C.V.,5784.07,11
Rh Procurement Llc,5757.0,8
Stellantis Chile S A,5751.08,22
Pt . Timuraya Tunggal,5751.0,1
0003 In Hhc 04,5747.24,10
Apm Terminals North America Inc.,5738.14,1
Grapeman Farms,5733.33,145
New Holland Hft Japan Inc.,5725.51,59
Lbct,5723.38,1
Dufry Cruise Services,5720.139999999999,123
Sandvik Mining & Rock Technology,5708.62,141
Cartwheel Bess Llc,5704.0,2
Eton,5703.95,1
Bank Of China Singapore,5703.0,5
Qssc S.A. De C.V. Av. Industria De,5692.16,16
Us Venture Rogers City,5680.0,2
William H Kopke Jr Inc.,5674.49,82
Tosoh Specialty Chemicals Usa Inc.,5672.2,291
Scania Comercial S.A De C.V,5669.84,45
Sbrocco International Inc.,5644.34,107
Hyundai Corp. Usa,5641.28,36
Cn Customs Brokerage Services Inc.,5640.36,20
General Dynamics Nassco,5629.679999999999,10
Basrah Oil Co. Of The Iraqi Min,5626.92,2
Deacero Sa De Cv,5617.650000000001,16
Trading And Marketing Inc.,5612.0,2
Pinnacle Machine Holdings,5599.76,12
"Daimler South East Asia Pte., Ltd.",5591.32,67
Ford Werke Gmb H,5584.54,71
Abc Bus Inc.,5579.04,45
Transportation Services,5579.0,1
Maxcem Bermuda Ltd.,5576.68,1
Molinos Del Ozama C. Por A.,5576.0,1
Fortune Electric America Inc.,5568.66,38
Joy Global Surface Mining Inc.,5554.49,28
G.K. Imp. Exp.,5552.0,6
Ferre Barniedo S.A. De C.V.,5548.38,7
Metso Usa Inc. Cap Equip,5528.88,168
Galvaprime Sa De Cv,5527.3,17
Aceros De America Inc.,5522.8,3
Kathryn Brock Nashtec Llc,5510.77,1
Access World Brownsville,5510.0,1
Sunbelt Group L.P.,5496.499999999999,4
Gemeral Maritime & Logistics Agency,5491.16,6
Sea Shipping Line,5465.53,69
Ingenio El Molino S.A. De C.V.,5458.0,1
Okaya (Usa.) Tx,5454.54,2
Banque,5446.4,8
J.Ray Mcdermott De Mexico,5425.74,3
Lg Energy Solution Michigan Inc.,5420.42,36
Hydrema Us. Inc.,5399.92,155
Edie Byrne Account Representative,5396.98,2
Servco Subaru Inc.,5386.28,39
Arkema Inc. Thiochemicals F.A.O. Qu,5379.38,6
Everglades Waste Removal,5377.79,142
Hartree Metallia Lp,5349.68,44
Grupo Especializado Aduanal De Mexi,5347.639999999999,32
The Hmc Group Marketing Inc.,5337.94,90
China Steel Corporation,5335.76,20
Manufacturas Metalicas Ajax Sa,5326.74,3
Asi Co Voss Taylor Mi,5326.42,1
Yokohama Tire Corp.,5314.74,55
Seko Logistics,5310.5,15
Bmw New Zealand Ltd.,5309.39,139
Scania New Zealand,5273.72,110
Galvaprime S.A. De. C.V. Calle,5251.08,18
"Pt T International Trading Pte., Ltd.",5250.0,1
Volkswagen Group Japan Kk,5246.070000000001,11
United Pipe & Steel Corp.,5236.46,38
Bridgestone Canada Inc.,5220.03,22
Thai Summit America Corp.,5215.34,6
Britannia Refined Metals Ltd.,5203.3,8
Gabso Los Ingenious,5200.0,1
Tropigas Inc.,5200.0,1
Hexion,5195.12,2
Midwest Terminals Of Toledo Interna,5194.88,6
Stolt Haven New Orleand Llc,5187.96,2
Terminalcorp,5183.31,1
Sumitomo Mitsui,5164.0,8
Nitrofert S.A.S.,5150.0,2
Seba International Inc.,5141.6,15
Mellitah Oil And Gas B V,5136.03,3
Space Exploration Technologies,5134.4,23
Marubeni Itochu Steel Inc.,5132.18,6
Sphere One Inc.,5127.09,16
Al Ghurair Iron And Steel Llc,5123.34,14
Implementos Y Maquinarias C Por A,5118.6,170
Hino Motors Sales Mexico S.A. De,5114.43,25
Capespan North America,5113.2300000000005,57
Solar Turbines Inc.,5104.1,93
Bracell Sp Celulose Ltda,5100.0,2
Kulhman Corportation,5100.0,1
Integra Us Marketing Llc,5099.780000000001,4
Texas Quicklime Enterprises Llc,5077.53,1
Anadarko Petroleum,5066.139999999999,4
Qatarenergy Lng,5064.44,2
Renewable Energy Group,5052.17,2
Banque De Commerce Et De Placements Sa Geneva,5052.0,6
Ritchie Bros Auctioneers,5050.62,103
Conduit Sa De Cv Con8402082 V5,5043.57,2
Goiasa Goiatuba Alcool Ltda,5031.0,2
Xcmg Canada Ltd.,5029.14,60
Takeuchi Mfg Us Ltd.,5027.44,32
Brentag Global Marketing Llc.,5012.1,2
Cimolai Usa Llc,5005.08,12
T. H. International Inc.,5004.74,4
C I Toyota Tsusho De Colombia S.A,5001.48,12
Tree Logisitcs Llc,5000.08,2
Abc Recycling Operations Corp.,5000.0,1
Fertilizantes Y Nutrientes De,5000.0,2
E.C.Levy Co. Srm,5000.0,1
Evonik Oxeno Llc For Contanda,4999.92,2
The Procter And Gamble,4999.66,4
Precision Marshall,4992.31,17
Taminco Us Llc A Subsidiary Of,4987.22,5
Gy Fleet Inc.,4976.45,8
Sgm Automotriz De Mexico S.A. De,4976.18,40
Terex,4975.16,22
Martin Muniz Molina,4970.2,10
Union Electric Steel Corporation,4969.2,152
Next Star Energy Inc.,4957.7,73
Ssab Minnesota,4955.21,57
"Marubeni Itochu Steel Pte., Ltd.",4955.120000000001,11
Leschaco Inc.,4952.35,5
Feralloy Corp. Mid West Portage Div,4948.78,33
"Hd Hyundai Electric Co., Ltd.",4947.5199999999995,25
Y.A.S. Inc.,4945.24,20
Ford Motor Co. Of New Zealand L,4939.49,99
Cliff Berry Env Ftl,4899.74,154
Cnh Industira America Llc,4894.85,98
Ofpusan Pipe America,4888.38,15
Epiroc Usa,4884.22,237
Rushmore Enterprises Inc.,4878.91,28
Taihan Electric Usa Ltd.,4864.88,6
Aceros Alcalde Sa De Cv,4859.14,11
Interfer Steel Usa Inc.,4843.77,14
Port Houston,4841.4,1
Dhl Global Forwarding,4840.2300000000005,5
Peter Garofalo Norton Lilly Intern,4818.0,2
Green Transfer,4814.83,34
Ferroglobe Usa Metals Llc,4807.28,3
San Luis Metal Forming Sa De Cv,4806.26,18
Eni Angola Sp A Nif# 5410777824,4796.56,14
Jdm Steel Service Ltd.,4793.18,23
East Coast Lumber Co. Inc.,4790.7300000000005,18
Maserati North America Inc.,4789.65,99
Magotteaux Andino S.A.,4786.78,3
Komatsu Maquinaras Mexico S.A De C.V,4785.08,155
"R.H.Curry & Co., Ltd.",4782.08,20
Jfe Shoji Power Canada Inc.,4777.07,16
Oilfield Steel Supply,4773.7,44
Ivl Belgium N.V.,4773.41,5
Monarch Securities Latin America,4767.78,2
Bentley Truck Services,4767.1,3
Transatlantic North America Inc.,4753.52,16
W6 Yq Usalrctr Ft Carson,4747.38,38
Bridgestone Americas Tire,4747.19,14
Byd Motors Inc.,4736.9,26
Promax Industries Us Inc.,4734.42,11
Imco International Steel Trading,4731.160000000001,9
Logfret Inc.,4728.6,58
Geodis The Navy Yard,4718.0,6
Jaguar Land Rover Australia,4704.86,52
State Steel Inc.,4701.39,26
Intel Corp.,4679.53,35
Dmg Mori Usa,4665.55,231
Mclaren Automotive Inc.,4664.22,156
Maserati North America,4655.68,68
Metal Line Inc.,4655.16,14
"Etc Agro Processing India Pvt., Ltd.",4650.67,8
Beaver Steel Services,4641.95,35
Roseburg Forest Products,4638.49,4
Gabso,4626.0,1
Transunisa Agencia Aduanal S.C.,4618.89,1
Fiba Technologies Inc.,4607.14,8
Nov Grant Prideco,4605.29,20
Central Progreso Sa,4587.0,2
Space City Cement Llc,4579.14,1
Centric Pipe Llc,4578.15,4
Em Prod Solutions Co Us,4563.9,4
Trinity Av Perimetral Lado Norte Z,4547.54,28
Foley Power Systems,4545.0,1
Sunbelt Group,4530.46,7
Lbc Houston,4530.0,4
Nasco,4529.68,47
J.M. Huber Corporation,4513.5,2
Asignar,4511.74,2
Pacificorp,4511.64,30
Ecogreen Oelochemicals Inc.,4505.280000000001,4
Chemserve Terminal,4500.0,1
Worldventure,4499.67,2
Bank Al Bilad,4496.83,51
Bdp International Inc. Exxon Team,4487.96,2
Aguascalientes Steel Coil Center,4485.66,24
Sylvania Steel Corp.,4483.38,25
Eni Albania,4465.08,2
Hitachi Energy Us Grid Integratio,4460.26,12
Mitsubishi Chemical Uk Limted,4446.06,2
Lapham Hickey Steel Corp.,4444.3,5
Tos Celik Profil Ve Sac Endustrisi,4438.44,8
Nippon Steel Trading America Inc.,4415.95,15
Banca Zarattini & C,4409.64,13
Sanwa (Pty) ) Ltd.,4400.42,27
Usina Petribu S A,4386.0,2
Conduit S.A. De C.V. Av. Mexico,4351.4400000000005,4
Simwon Na Corp.,4345.33,3
W6 Ye Usalrctr Ft Drum,4342.44,126
Deere & Co.,4334.58,244
Hail Trailer Brake Wheel Nnc,4325.99,121
Overseas Trading Ltd.,4317.2,10
Methanex Corporatioh,4300.0,1
Confab Industries S.A.,4299.679999999999,2
Knightsbridge International Corp.,4296.76,10
Motorcorp Distributors Ltd.,4292.66,100
Heidtman Stell Products Inc.,4291.1900000000005,13
Sandvik Mining And Rock Technology,4290.49,162
Cumic Steel Usa Inc.,4288.71,15
Sewon America Inc.,4285.6,7
Tracsa Sa De Cv,4284.44,122
Process Inc.,4267.88,128
0730 Qm Co Co Aa Rear Det,4256.7,2
Schwing America Inc.,4250.15,183
Newmont Usa Ltd.,4249.9400000000005,53
Volkswagen Do Brasil Ltda,4240.82,58
American Yeast Corp.,4240.0,1
W0 Mc Army General Supply,4237.8,16
Mill Steel Co.,4233.76,34
Stellantis Mexico S.A. De C.V. Tax,4228.8,7
Hitachi Energy Usa Inc. 1501,4222.24,10
Ingenio Chaparrastique S.A. De C.V,4218.0,1
Tenaris Global Services (Canada) In,4216.24,20
Agco Australia Ltd.,4209.25,72
Mitsubishi Motors North,4207.9,2
Alveg Distribucion Quimica Sa De Cv,4194.0,4
Bico Michigan,4149.54,12
"Paria Fuel Trading Co., Ltd.",4149.0,1
Berryman Chemical,4147.08,4
Nlmk Nort America Plate Llc,4142.26,23
Bengard Marketing Inc.,4141.92,155
Inntegra Us Marketing Llc.,4137.8,4
Bauer Equipment America Inc.,4133.72,91
Clearwater Naturals Inc.,4117.26,23
National Material Co.,4110.0599999999995,22
Mazak Optonics Corporation,4092.09,254
Global Citrus Usa Inc.,4086.56,9
Silgan Containers (Il),4077.0299999999997,14
Volkswagen Group Japn Kk,4059.0600000000004,10
Welspun Tubular Llc,4058.6,4
Westlake Epoxy Inc.,4052.0,2
Graphite And Carbon Products Inc.,4050.07,18
Darlene Johnson Imp.,4048.48,2
Zmj America Inc.,4046.06,2
Silcotub Sa,4044.38,2
Kupfer Hermanos S.A.,4043.4,7
Mercasid Sa,4042.0,2
Elite Comfort Solutions Llc,4040.0,2
Upm,4029.94,2
Polaris,4020.0,2
Nit 860 014 659 4 Dow Quimica De,4018.0,2
Sofidel America Corp.,4016.88,8
Gnpgraystar Speciality Materials,4015.0,3
Aminco Resources Llc,4008.0,2
Ssab Swedisch Steel Ltd.,4006.99,99
Akrema Inc.,4004.1,4
Manaufacturas Siliceas Ltda,4004.0,2
Murphy Overseas Llc,4002.63,20
Campa Iberia,4002.24,1
Sc Global Coco Products Inc.,4000.12,1
Arauco Europe Cooperatief U.A.F,4000.08,2
Imerys Fused Minerals Niagara Falls,4000.0,8
Cargill Ltd.,4000.0,2
Bvd Dock,4000.0,2
Yibin Hiest Fibre Ltd.,4000.0,2
Bonatti Sp A,3997.5,20
Prosal S.A.,3995.4,1
Ubs Ag Singapore Branch,3995.0,2
Bmw Canada Inc.,3985.98,4
Turkish Petroleum Off Shore,3985.0499999999997,3
Aida America Corp.,3979.7200000000003,52
Kloeckner Metals Chicago Div.,3978.06,25
Alliance Steel Llc,3974.9100000000003,19
Roberto Montemayor Gutierrez,3971.5,8
Green Bay Kk Integrated Logistics,3971.46,2
Great Wall Motor Mexico S De R.,3969.31,6
Gm Me,3968.2999999999997,60
W90919,3958.14,34
Ralph Albury International Shipping,3955.46,4
Delmax Trading Corp.,3951.53,1
Hma Inc.,3934.84,14
Commerical Bank Of Kuwait,3926.58,2
Feralloy Corp.,3917.56,13
"Dairy Plus Co., Ltd.",3917.34,16
Global Wax Llc,3914.22,2
Man Truck & Bus Mexico S.A. De C.V.,3909.25,27
Sanders Lead Co. Inc.,3909.0,2
Ls Electric America Inc.,3907.8,35
Kullik Usa Corp. Kullik Usa Corp.,3901.02,2
Saint Paul Commodities Inc. Id,3900.37,18
Oq Chemicals Gmb H,3870.46,6
Hampton Three Farms Inc.Dba Hampton,3858.88,3
Vallourec Solucoes Tubulares Do,3852.86,4
Bbm Terminals Corp.,3850.48,38
Nhk Spring Mexico,3845.32,5
Woori Bank,3843.14,12
Toray Composite Materials America,3834.52,35
Metso Usa Inc.,3826.77,126
Karl Eason Port Manager,3825.28,5
Brown Paper Goods,3815.26,28
Joon Georgia Inc. Dba Ajin Georgia,3803.02,7
Ssab Delson,3801.8,36
Samsung C And T Corporation,3780.88,1
Gallo Family Vineyards,3778.96,11
Nissan Trading Corp. Americas,3769.04,8
"Tension Steel Industries Co., Ltd.",3761.59,3
Samuel Shapiro & Co.,3759.0,2
Vestergaard Co. Inc.,3758.57,102
Viamar S.A. Ave.Maximo Gomez,3757.6800000000003,20
Bhp Jansen Bhp Canada Inc.,3750.25,8
Phospholutions Inc.,3747.8,1
Nextera Energy Resources Llc,3744.0,2
Venture Steel,3741.65,39
Nanak Produce & Marketing Inc.,3733.66,30
"Mccorry & Co., Ltd.",3724.13,19
Steel Warehouse Of Wisconsin Inc.,3723.1,4
Norton Lily International,3711.18,2
Mcnairn Packaging,3704.81,37
Jpmorgan Ventures Energy Corp,3698.74,4
Daimler Trucks North America,3697.54,45
Ofjalles Machado Sa,3694.89,1
San Diego Vista Steel Service Corp.,3694.7599999999998,42
Steel Distributor Inc.,3691.23,38
Millar Western Forest Products Ltd.,3673.5,3
Taj Agro Worldwide,3655.08,8
Trinity Av. Perimental Ladonorte,3649.58,28
Sarens Usa Inc.,3648.9,14
Gs Globalusa Inc.,3645.85,14
Constructora Sicim Sa De Cv,3644.74,5
"Nissei Plastic Industries Co., Ltd.",3632.98,10
Antilles Trading Co.,3632.0,1
Daimler Coaches North America Llc,3631.82,42
Atvos Bioenergia,3631.42,2
Maksteel,3628.14,38
Nestls Mexico,3627.5,2
Msk Farm Machinery Corp.,3618.99,41
Stericycle Inc. Seattle,3618.5,120
Ticona Polymers Inc.,3608.99,7
Mcasphalt Industries Ltd.,3600.0,1
Isuzu Commercial Truck Of America,3589.12,25
Alex Lyon & Son,3588.35,102
Belfius Bank Sa Nv,3585.7999999999997,4
Arzyz Tecnologa A S.A. De C.V Vo,3584.3,4
Powertrac Machinery,3583.49,93
Toyota Canada Inc.,3583.1,2
Im Ex Transportation Service Llc,3574.2,9
1083 Tc Co Co Aa Rear Det,3570.48,8
Mouton Distribution,3569.7599999999998,48
Xcmgnorthamericacorporation,3563.93,31
The Dow Chemcial Co.,3554.0,4
Dmg Mori Seiki Usa,3541.27,130
Asil Celik Sanayi Ve Ticar,3541.0,7
Doosan Industries Vehicle America,3537.95,29
Ifc North America Inc. 15 Lake St Suite A L3 M 2 G4 Grimsby Canada,3518.3999999999996,4
Bticino Costa Rica S.A.,3513.68,24
Scotiabank Republic,3505.3399999999997,18
Siligan Containers Mfg. Co.Rp,3487.3500000000004,10
Lognet Us,3487.2200000000003,54
Zeppelin International Ag,3480.98,2
Confab Industrial S.A.,3478.04,4
Wheatland Tube,3477.9500000000003,3
Intl Marine Industries Inc.,3474.02,50
T Steel Corp.,3468.37,34
Pnc Bank National Association,3467.9700000000003,39
Ge Gas Turbines Llc,3465.21,116
Casa De Aduanas Mendoza S.C.,3463.18,30
Tile And Paver Source Llc,3451.0,4
Agro Bulk Corp.,3448.97,1
Louniko Trading Corp.,3441.79,7
Ssab Swedish Steel Ltd.,3438.17,56
Arctic Minerals Llc,3417.6,3
"Upm (China) Co., Ltd.",3407.5600000000004,4
Fsc Logistics Inc.,3403.06,7
Trespa North America,3400.52,3
Apm Terminals Mobile Llc,3394.28,1
Romex,3391.68,10
Kg Steelusa Inc.,3386.9900000000002,20
Nanomar S.A. De C.V.,3384.5499999999997,10
"Nissan Saudi Arabia Co., Ltd.",3381.08,32
Cielo Azul Energia S.A. De C.V.,3372.92,2
Adler Steel Chile Sp A,3372.66,8
"Olam Global Agri Pte., Ltd.",3371.3,10
"Feng Hsin Iron And Steel Co., Ltd.",3369.02,62
Usina Nova Galia Ltda,3366.88,2
Build Your Dreams Busses Mexico S.,3353.58,13
Andritz Inc.,3351.71,22
Marubeni Itochu Steel Canada,3345.52,15
Fyffes North America Inc.,3345.38,37
Arvedi Tubi Acciaio Sp A,3342.0,4
Im Ex Transportation Service Llc Ex,3326.7,11
Fortacero Sa De Cv Blvd Carlos,3323.3,2
Changshu Westerlund Warehousing Co.,3316.72,4
Matson Navigation Co. Inc.,3302.08,2
Volvo Finance Australia P L,3298.26,138
Rmj14 Sa De Cv,3289.0,2
Marathon Ashland Supply Llc,3284.0,2
Amada Canada Ltd.,3282.61,229
Talos Productions Llc,3272.46,31
Bovelis Corp.,3262.42,2
The Lincoln Electric Germany,3258.11,1
Ecoverse Industries Ltd.,3244.62,124
0541 Cs Bn Co B0 Rear Det,3243.3,6
Talloaboa Pr Llc,3236.0,2
Roseburg West Mdf Llc,3233.88,12
Waste Management Inc.,3228.36,174
Long View Steel Corp.,3226.8199999999997,8
Soluciones Integrales Para,3219.54,46
Mitsubishi Internat,3211.32,2
Tokyo 150 8554 Japan,3203.06,2
A N Deringer Inc.,3202.14,6
Steel Services & Supplies Inc.,3201.01,3
Divine Flavor Llc,3200.8,80
Sca Packaging Munksund Ab,3192.8,1
Shinhwa Auto Usa Corp.,3187.88,14
Tlr Total Logistics Resource Inc.,3182.12,32
Horizon Steel,3164.62,40
Hilong Usa Llc,3159.66,6
Coast To Coast International Marine,3156.82,53
Wajax,3155.11,67
Maruichi Sun Steel Jsc,3153.54,13
Asi Co Indiana Pickling & Process,3151.5699999999997,13
Agro Industrial Sao Luiz Ltda,3150.0,1
Esu Farm Llc,3149.91,46
First Abu Dhabi,3146.95,31
Siemens Industries Inc. Mob. Div.,3146.86,63
Standard Tube Co.,3145.69,14
Jenmar Of Pensylvania,3144.2799999999997,11
Ca Joseph C O Ca Joseph Co Inc.,3139.14,39
Fmc Corp. Subsea Div,3135.8599999999997,19
Banque Cantonale,3133.48,5
Hoa Phat Hai Duong Steel Joint,3120.6000000000004,2
Balterm Locus Point,3111.32,16
Dow Quimica De Colombia S A,3102.0,2
Nordex Energy Gmb H,3101.12,2
Compadre Solar Llc,3099.88,5
Us. Pipe & Equipment Inc.,3099.75,8
Seberang Flour Mill Sdn. Bhd.,3099.71,5
Sas Cranes & Logistics Llc,3097.66,26
Sms Equipment Inc.,3090.0,8
Nippon Steel,3089.7,2
Byd Coach Bus Llc D B A Ride Coac,3082.2400000000002,37
Leeco Steel,3080.63,19
Toyota Tsusho America Inc.,3080.1,16
Ford Motor Co. Of Australia (Pty) ),3074.2200000000003,28
Millar Tractors Ltd.,3062.47,89
American Heavy Plate Solutions Llc,3058.87,1
O Nealsteel De Mexico S. De R.L. D,3058.8199999999997,10
Pisec Group Gmb H,3057.69,2
Nzen Noh,3056.96,18
Esso Exploration & Production Guyana Ltd.,3055.74,4
Laminas Acanaladas De Occidente Sa,3055.37,4
Pmb Silicon Sdn. Bhd.,3051.0,8
Charter Brokerage Llc Alejandro U,3042.9,4
Aju Steel Usa Inc.,3037.46,4
Boise Cascade Co.,3035.2799999999997,2
Grupa Azoty Zaktady Azotowe,3028.7,2
Usina Monte Alegre Sa,3028.0,2
Nissho Iwai Paper & Pulp Corp.,3023.7200000000003,8
Galvaroll S A De C.V.,3021.94,5
Viking Sport Cruisers,3019.3,61
Mrs Logistics Sa,3011.84,4
Pantos Logistics Canada Inc.,3009.38,16
Albemarle Us. Inc.,3009.0,2
Utp Pipe Usa Corp.,3005.06,8
Novvi Llc,3004.12,4
Unitata Berhad,3004.0,4
Feed Products & Service Co.,3001.96,1
Odfjell,3001.38,2
Globalwax Llc,3000.6,2
Albras Aluminio Brasileiro S.A.,3000.2400000000002,4
Isquisa Sa De Cv,3000.0,1
Mewah Oils Sdn Bhd,3000.0,4
Cargill Palm,3000.0,3
Linkmetals Llc,3000.0,1
Sunrise Foods,3000.0,2
China Mineral Processing Ltd.,3000.0,1
Viscosity Oil Co.,2999.9,2
Jaron,2999.48,4
Ferroglobe Monz N Sl,2997.72,2
Commercial Steel Products Llc,2997.25,6
Sumitomo,2997.21,5
Exxon Imp. Team Bdp,2996.64,3
Keestrack America,2994.62,74
Manufacturas La Cruz Sa De Cv,2990.21,41
K Line America Inc.,2988.34,1
Bgn Int Us Llc,2988.12,2
Fraser Wharves,2981.9,2
W0 L6 Usa Dep Letterkeny,2981.64,28
Hitachi Energy Usa Inc.,2981.5,12
Dakota Warehouse,2977.0,1
Dhl Global Forwarding Fmc#315 Nf,2977.0,1
The Siam Industrial Wire,2975.58,6
Mexproud Shipping S.A. De C.V.,2973.3,6
John Lawrie Inc.,2973.16,9
Ryerson Procurement Corp.,2970.06,23
Philly Shipyard Inc.,2962.85,33
Ingenio El Refugio S.A,2962.0,2
Arkema Inc. Acrylic Monomers,2960.0,2
Acero Titan Carretera A Santa Rosa,2959.74,2
Pfg America Llc,2957.07,41
Hitachi Energy Fes 2230,2955.13,9
Hanwha Q Cells Epc Usa Llc,2952.0,2
Cne Tech Inc.,2950.0,2
Sany Heavy Machinery Canada Ltd.,2948.26,72
Mcdermott International,2944.04,85
Uesc Union Electric Steel Corp.,2942.48,82
Levy Big River Mill Services,2940.08,13
Molinos & Cia S.A.,2939.99,6
Daewon America Inc.,2926.42,10
Hankev International Inc.,2924.4,11
Corrosion Resistant Alloys Llc,2924.35,2
Gloria S.A.,2923.1,1
Bdp International,2922.0299999999997,3
Nmt Usa,2920.46,66
W0 Mj Us Army Depot Sierra,2919.25,12
Natural Foods Corp.,2918.52,7
Fermilab,2916.16,4
Cement It Inc.,2911.5,6
0001 Av Hhc Hhc Combat Avn,2908.0499999999997,29
0189 Cs Bn Co B0 Rear Det,2906.1600000000003,14
Tcl Specialties Llc,2906.05,38
Aceros Siderurgicos Bravo S.A. De,2900.21,14
Cj Logistics Logistics Freight Am,2899.66,2
Global Citrus Group Inc.,2898.67,11
Suva Solutions Llc,2898.46,3
Glp Colombia Sas,2894.9,12
Kiewit Power Constructors Co.,2893.8199999999997,2
Mccourt And Sons Equipment Inc.,2893.64,67
Cor Innovations Inc.,2887.6400000000003,22
Cczjv Gpx,2885.81,8
Csx Transportation Inc.,2885.54,2
Carter Machinery (Storage Yard),2884.7999999999997,60
Gadiv Petrochemical Industries Ltd.,2871.37,6
Welldex International S.C.,2867.08,4
Kohlersw Vikrell Project,2864.8,68
Epiroc Drilling Tools,2860.7,50
Cosmocon Ltd.,2856.52,2
Expeditors Stl,2855.9,2
Bell Lumber And Pole,2846.13,2
Shasan Comercializadora S.A. De C.V,2844.91,130
Jf Moran Co.,2840.65,2
Toyota Tsusho De Mexico,2832.05,13
Ubsswitzerland Ag,2831.72,2
Bank Of America,2831.52,51
Amg Development,2827.09,23
Lady Lab Co Mcdermott Inc.,2825.95,45
Galvanizadora Industries Salvadoren,2821.34,7
Mitsubishi Power Americas Inc.,2816.27,30
Moran Environmental Recovery,2816.1,34
Hyosung Holdings Us,2806.67,4
Wva Mfg. Llc,2803.23,10
Ferromax S.A.,2802.18,12
Bayer Crop Science,2801.8,2
Interamericana De Productos Quimico,2800.0,2
The Procter & Gamble Manufactoring Co.,2799.66,4
Aceromex Grupo,2776.45,11
Symbol Technologies Inc. Mos,2776.35,74
Haltermann Carless Uk Ltd.,2775.72,4
Antwerp Distillation Co. Nv,2772.0,2
Banco,2770.58,36
Diatron Power Electronics Inc.,2770.4900000000002,15
Expeditors International Atlanta,2764.0,10
Vadelan S.A. De C.V.,2754.88,12
Brice Enviromental,2748.75,4
Quality Wood,2745.24,1
Ceva Logistics Ground & Rail France,2744.07,31
Amalgamated Trading Ltd.,2743.04,26
0087 Cs Bn Co A0 Rear Det,2742.12,2
Triple S Tube Supply Inc.,2741.32,22
Ferretti Group Of America Llc,2736.6,68
Martin Androbson Usa Inc.,2736.44,3
Yildiz Demir Celik Sanayi A.S.,2732.7,2
Atl Automotive Ltd.,2730.82,58
Oceaneering International Inc.,2730.45,12
Hyundai Rotem Usa Corp.,2730.0,11
E. & J. Gallo Winery,2725.74,12
Marubeni Corporation,2724.9700000000003,15
Flexsys America L.P.,2717.5,28
Technipfmc Plc,2711.18,32
Aceros Titan S.A. De C.V.,2710.8,5
Hydrogenpro Asa,2708.16,8
Bell Equipment,2707.93,32
Tastyfrutti International Inc.,2705.76,36
Banco De Costa Rica,2695.89,16
Empresas Matco S.A. De C.V.,2695.18,76
John Deere Ag Marketing Center,2690.95,121
Samelet Motors Ltd.,2688.74,10
Louisville Work Mfgg,2687.88,2
Wellspun Tubular Llc,2684.12,2
Hoffman Equipment,2683.4,1
Nippon Paper Industries,2680.92,10
Weg Mexico S.A. De C.V.,2679.9500000000003,8
Nippon Express Usa Inc.,2677.61,10
Hyundai Colombia Sas,2673.98,16
Sms Equipment Inc. Head Office,2671.0,6
Nova Minerals Inc.,2669.55,14
Nassco National Steel And,2665.19,7
American International Forest,2662.13,3
Servicios Y Almacenes De Veracruz,2648.24,10
Airbus Canada Ltd. Partnership,2647.66,433
Methods Machine Tools,2646.8,127
Binex Line Mexico S.A. De C.V.,2640.62,6
Nissan Motor Co. (Australia) (Pty) ) . L,2636.46,16
Energia 2000 Sa,2635.3700000000003,3
Galeon Sp Z.O.O Sp.K.,2635.28,165
Krops Imp. Inc.,2632.87,9
Ls Cabale Systems America Inc.,2631.05,5
Andean Sun Produce Llc,2629.21,49
T.H. Weiss Inc.,2623.0,1
Global Trade Distr,2620.36,8
Chung Hung Steel Corp.,2614.9,43
Staalx Llc,2614.0899999999997,17
Cnh Industries New Zealand,2602.46,82
Thatcher Chemical Of Florida,2600.0,1
Roadpin Inc.,2590.0,6
Terex Environmental Equipment,2589.38,100
Kiewit Offshore Services Ltd.,2584.8799999999997,18
Banco Itau Chile,2576.6400000000003,14
Adf International Inc.,2575.8900000000003,6
Berlin Metals Llc,2574.06,67
Aratina 1 Holdings Llc,2565.0,1
Terminal,2564.0,2
Grupo Collado S.A. De C.V.,2560.9,7
Ferrosource Llc,2558.43,9
Nemak Sa,2555.7,6
Gyj Ferreterias Sa Nit 800130426 3,2555.64,9
Contractors Steel Co.,2554.76,22
Gokul Agro Resources Ltd.,2550.0,2
Ceva Logistics (Usa),2542.91,143
Evanswinn International Llc,2534.67,7
Fabrica De Envases Del Pacifico Sa,2533.92,3
"Moorim Paper Co., Ltd. 505",2530.32,4
Corte Y Estampacion De Mexico Sa De Cv,2524.16,4
To Automotores Gildemeister Sp A,2521.46,32
Jordan International Co.,2519.41,2
Olympic Steel Iowa,2518.98,20
Zuercher Kantonalbank,2512.02,11
Dodaac,2506.7599999999998,22
Pisec Group America Llc,2504.45,8
Hoa Phat Dung Quat Steel Jsc,2501.29,1
Banco Davivienda,2501.08,63
Trans It Usa Llc,2500.19,2
Ingenio La Magdalena S.A. De C.V.,2500.0,1
Expediators International Inc.,2499.84,4
Jb Tractors,2492.96,40
Consorcio Metalurgico Nacional Ltda,2489.32,14
Diamond Offshore,2482.31,14
Ald Vacuum Technologies Inc.,2475.89,33
Abb Inc.,2472.5,58
Loud And Clear Inc.,2472.02,16
Lbc Rotterdam B.V.,2472.0,4
Maquinarias Y Vehiculos S.A.,2459.86,38
Jereh Energy Equipment And Technolo,2457.46,24
Dongkukinternational Inc.,2457.22,37
Kia Mexico S.A. De C.V.,2449.98,2
Steel Service Oil Field Tubular Inc.,2449.59,12
Advanced Industrial Resources,2449.0,1
Saicinternational Mexico S,2447.8,2
Giumarra International Marketing,2446.46,40
Suttons International N.A.,2441.05,29
Technip Usa Inc.,2435.11,5
Formetal S. A.,2434.02,4
Richar Murray Co.,2433.46,2
Ofbrown Brothers Harr,2432.82,2
Ergon Refining Inc.,2429.99,2
Brenntag Colombia S.A.,2428.0,2
Hl Ga Battery Co. Llc,2422.27,17
Gestamp Charleston,2412.0,11
0716 En Co Co Aa Rear Det,2398.38,4
Steelhead Tubular Llc,2396.13,7
Kia Australia (Pty) ) Ltd.,2394.3199999999997,16
Top Food Industries Corp.,2391.26,4
Swedish Steel Ab Mexico Sa De Cv,2384.99,10
Soon Soon Oilmills Sdn Bhd,2384.72,3
Alamana Auto For Sales Automotive,2373.7400000000002,26
Bollore Logistics Canada Inc.,2372.5699999999997,4
Proenergy Services,2370.51,20
Furukawa Rock Drill Usa,2369.95,71
Provincial Fruit,2366.84,20
Japan Steel Works America Inc.,2364.13,33
Main Electric Supply Co.,2356.4,2
Subaru Of Indiana Automotive Inc.,2349.9,50
Godwin Champion Hoist Equipement,2346.96,8
Kando Global S.A.S.,2346.68,28
Chrysler Canada Inc.,2344.82,59
Esmark Stseel Co.,2343.27,10
Wheelabrator,2342.65,128
Alliance Green Services Us Inc.,2342.59,27
C.H Powehll Co.,2336.98,38
Mitsubishi Corp. Usa,2329.82,98
Terex Global Gmb H,2327.9,20
"Asia Paper Mfg. Co., Ltd.",2327.44,6
Cfc Holdings (Pty) ) Ltd. Trading As,2320.92,206
Tubacex America Inc.,2320.2599999999998,256
Hyundai Corporationu.S.A.,2320.1,5
Mitshubishi Motors North America,2317.5200000000004,4
Marinetek North America Inc.,2316.98,4
Detergentes Ltda,2314.32,2
Cvp Steel,2299.23,4
Baowin Steel Llc,2295.52,7
Crown Cork And Seal,2293.99,14
Cabrera Groupo Automotriz,2286.85,51
Harris Freeman & Co Inc.,2286.59,95
Crown Rail Co.,2281.18,11
Capital Forest Products Inc.,2279.08,9
Gnpgraystar Specialty Materials,2278.3,2
Dymin Steel Western,2277.7799999999997,12
Stellantis Europe Sp A .,2276.07,43
Ocean Alexander Marine Yacht Sales,2273.37,18
Edge Metals,2267.96,1
Ssab Texas Inc.,2260.95,25
P.S.A. International,2255.36,2
Mecalux Mexico S.A. De C.V.,2253.3,5
Rcs Logistics Inc.,2248.66,6
Tenaris De Acero De Mexico,2246.68,2
Fracht Fwo,2242.96,14
Metso Outotec Usa Inc. Cap Equip,2242.71,57
Denton Warehouse (Den),2238.0,14
North Ameriacn Pipe & Steel,2236.39,17
Nucor Cold Finish Group,2233.48,104
Tadano Ltd.,2227.7,2
Aceros Industries Potosi S De Rl,2225.29,5
Grob Systems Inc.,2219.63,75
Nokian Tyres Us. Operations Llc,2219.56,15
Parque Eolico Antofagasta Sp A,2218.82,3
Hyster Yale Asia Pacific (Pty) ) Ltd.,2212.17,58
Coalicion Acerer Sa De Cv,2212.0,1
Yoder And Frey Auctioneers Inc.,2211.9,51
Bank Of Nova Scotia,2205.78,14
Woodshed Industries,2202.87,2
Topco Global Ltd.,2199.56,3
Golden,2197.79,1
Mac International Fze Jafza 16 Off,2195.24,21
Grupo Clavero,2195.2,1
Journey Freight International,2190.46,15
Midwest Trailer Mfg. Llc,2187.69,19
Western Equipment Solutions Llc,2184.6800000000003,50
Achv Aceros Sa De Cv,2184.32,14
"Synn Industrial Co., Ltd.",2184.19,2
Ponsse North America Inc.,2181.12,132
Hyundai Motor Group Metaplant Ame,2180.81,9
Origin Mining Co.,2174.5,10
Mazdacanada Inc.,2171.74,4
Magotteaux Ltee,2170.42,4
Milestone Chassis Co. Llc,2170.3199999999997,8
New York Transco,2167.6000000000004,8
Atlas Copco Compressors Llc,2167.35,199
Terberg Tractors Americas Inc.,2166.89,70
Cosco Shipping Air Freight Nantong,2159.02,2
Buhlmann North America Lp,2155.66,22
Brown Brothers Harriman & Co.,2153.0,6
Mammoet Usa South Inc.,2150.18,5
Heritage Truck Equipment Inc.,2147.6,25
Changan Auto Mexico S.De R.L.,2141.12,7
Seaway 7 Us Inc.,2139.49,16
Metalpren S.A.,2137.38,1
Oec Group One Cross Island Plaza,2136.12,2
American Structural Works Corp.,2132.98,4
John Deere Nz Ltd.,2131.7,40
Kubota Canada Ltd.,2129.69,309
Bbc Chartering Usa Llc,2124.52,35
Virtus Projects And Global Logistic,2123.1,28
Jereh Canada Corp.,2119.8,11
Navig8 America Llc,2117.0,2
Trading Heritage International Llc,2112.29,6
Hirotec Mexico Sa De Cv,2109.2599999999998,10
To Orderjapungu Agroindustrial Ltd.,2106.0,2
Oxyde Chemicals Europe Bv,2099.1,2
Huntsman International Llc,2096.34,1
Toyota New Zealand,2094.64,68
Berryman Chemical Inc.,2089.46,2
To Seba Tubular Inc.,2088.68,12
Givaudan Fragrances Corporation,2087.53,108
W901 Wd 0656 Tc Co Co Aa Rear D,2084.94,2
Sooner Tulsa Office,2084.38,12
Uspholdings Inc.,2080.44,2
Engel De Mexico Sa De Cv,2078.55,33
Advanced Steel Technology De Mexico,2077.62,11
Wasteline Solutions,2072.12,74
Rubble Master Americas Corp.,2071.86,52
Virginia Port Authority,2070.66,2
Reid & Compania C Por A,2064.86,76
Kentucky Tennessee Clay Co.,2061.48,32
Grant Prideco S.A. De C.V.,2061.25,1
Procter & Gamble International Oper,2060.74,2
Eurenco,2056.95,1
Freightplus Usa Inc.,2056.7,37
Kinnox Puerto Rico Llc,2052.63,1
Pacificorp Accounts Payable,2050.65,11
Volvo Group Australia (Pty) ) Ltd.,2050.38,31
The Chemical Co.,2049.26,2
Deepak Phenolics Ltd.,2048.98,1
Grupo Q El Salvador S.A. De C.V.,2048.74,42
Rt,2048.45,2
Honors Commodity Co. (Hk),2046.76,8
Erwin Crane,2042.73,26
Bcp Paribas Fortis,2041.77,8
Wonderful Citrus Venures Llc,2040.54,25
Banque Saudi Fransi,2037.6399999999999,28
Infineum Usa Lp,2033.18,21
Hermle Machine Co Llc,2032.26,114
Arzyz Industrias S A De C V,2023.44,2
Kolberg Pioneer Inc.,2021.77,39
Livingston International,2011.78,2
Kuehne & Nagel Ltda,2010.0,1
Access World Usa,2009.78,10
Huntsman Advanced Materials,2008.0,5
Ge Vernova International Llc,2007.76,25
Ofgeo Wm. Rueff Inc.,2006.76,4
Kemlink Usa Inc.,2004.49,1
Vv Auto Puerto Rico Llc,2004.26,36
Lotte Chemical Corp.,2002.0,2
To Wilmar Edible Oils Philippines,2000.28,2
Samsung C&T America,2000.0,2
Evoagro Nutricion S.A.S,2000.0,1
Atlantic Specialty Coffee Inc.,2000.0,9
To Ordern Pt Sinar Mas Agro,2000.0,2
Pt Sinar Agro,2000.0,2
Rohm America Benjamin Moore & Co.,2000.0,2
Keck Seng (M) Berhad,2000.0,2
Trident Marine,2000.0,4
Cellmark Basic Materials,1999.9099999999999,6
Operadora De Pytsa Industries Sa,1999.3999999999999,2
Arzyz Industrias S.A. De C.V.,1995.6,4
American International Maritime Com,1993.58,1
Hermle Usa Inc.,1992.94,96
Ingbank N.V. Amsterdam,1991.7,1
Cmc Steel West Virginia,1990.23,7
Murphy E&P,1989.6299999999999,26
Burris Philadelphia Inc.,1986.0,2
Cargill Inc. Co Geodis,1984.76,1
Tmeic Corp. Americas,1984.48,45
Steel Services And Supplies,1983.0,1
Atlantic Track Turnout Co.,1978.85,10
Angel Delacruz Customer Service,1978.1,2
Sifuentes Sa,1968.88,10
Uop Llc Equipment And Systems,1966.32,2
Nature Bio Foods Inc.,1964.67,16
Nucor Jfe Steel Mexico S De Rl De,1963.28,8
R.T. Casey Inc.,1962.38,2
And Blank Endorsed.,1961.84,2
Aep,1958.8,8
Nasco Chicago Iroquois Terminal,1954.36,10
Haltermann Carless Uk,1945.9,2
Nature Environmental & Marine,1939.92,91
Daimler Truck And Bus Australia Pac,1930.44,22
Cougar Oil Corp.,1930.0,1
Ravago Canada,1928.04,4
Marshall Motors N.V.,1925.68,22
A. N. Deringer Inc.,1923.8000000000002,4
Grapeco Farms Inc.,1921.0,31
Global Metal Resources Inc.,1910.33,16
Massman Construction Co.,1908.78,1
Magna Structures Tennessee,1908.3899999999999,4
Empresa Constructora Fluor Salfa Go,1904.8700000000001,6
Olbert Metal Sales Inc.,1900.25,18
Fraser Crossing Constructors Genera,1898.96,4
Humdinger Equipment Ltd.,1894.6399999999999,40
R.W. Smith Co. Inc.,1894.34,2
Iljin Electric Usa Inc.,1889.21,22
Hemlock Semiconductor Operations,1887.46,9
Ralitor S.A.,1886.6,6
The Forest Products Group Ind,1882.76,16
Konecranes Inc. (Springfield Oh) C,1879.16,4
Wonderful Citrus Packing Llc,1874.37,9
Smc Region Usa Canada (4684),1872.5,44
Jaguar Tubulars Inc.,1872.48,1
Clg Interprises Inc.,1870.04,3
Jfe Shoji America Llc,1865.79,26
Oncor,1864.8,8
Coilplus Mexicana Sa De Cv,1863.8999999999999,10
Canyon Lumber Co Inc.,1863.6599999999999,4
Saudi Awwal Bank,1853.48,21
Sirte Oil Co.,1852.84,2
Access World (Usa) Llc.,1850.0,19
Eukor North America,1842.28,4
Benitez Group Inc.,1837.75,53
Siemens Gamesa Renewable Energy In,1837.16,8
Landpower New Zealand Ltd.,1834.46,162
Jshp Transformer,1834.46,7
Keurig Green Mountain Inc.,1834.13,38
Beacon Offshore Energy,1832.21,23
Nautical Ventures Group,1829.1200000000001,117
To Magna Motors S.A.,1827.6799999999998,10
Fedex Trade Networks Transport,1824.86,5
Cathay Bank,1823.7,8
Ineos Oligomers,1822.3,4
Bella Retail Group Inc.,1820.61,63
Dodaac W81 Ad5,1819.81,7
Aceites De Semillas S.A.,1816.88,3
Ssab Central Inc.,1809.6,13
Scarbrough International,1805.17,11
Lamb Weston Sales Inc.,1804.31,1
Corey Steel Co. Bar Yard,1801.8899999999999,63
Kingston Freeport Terminal Ltd.,1800.0,2
Order Usina Alto Alegre S A Acucar,1800.0,2
John Deere Product Engineering,1799.72,24
Bopp Del Ecuador Cia Ltda,1799.4,4
Keen Transport,1787.16,24
Intl Motors Ltd.,1786.93,163
Intl Car Operators Nv,1785.2,2
"Cabinda Gulf Oil Co., Ltd.",1785.0900000000001,5
Banco Latino,1783.09,29
Bmc Mexico Auto Parts,1782.88,6
Bunker One,1780.0,2
Inchcape Motors Peru S.A.,1775.16,38
Olympic Steel,1771.91,33
Roslyn Converters Inc.,1770.51,9
Accuride International Sa De Cv,1770.48,12
Siri Sa Offshore Drilling Ineos E&P,1768.34,2
Smd Steel Llc,1768.2400000000002,2
Distribution Management Office,1766.72,59
E Crane International Usa,1764.57,14
Transocean Offshore Deepwater Drill,1763.72,59
Autolider Ecuador S A S,1756.76,18
Komptech Llc,1751.74,79
Terex Crushing And Screening Inc.,1751.4099999999999,43
Aaron Oil Co. Inc.,1750.5,20
Parker & Co. Worldwide,1750.0,1
0043 Ad Bn 03 Co E Mnt Ds Pat,1748.05,33
Blaze Equipment,1745.0,42
Hazama Ando Corp.,1744.72,4
Port Of Los Angeles,1742.78,1
Wal Mart Global Procurement,1742.51,31
Worthington Steel,1740.77,19
Nextera Energy Constructors Llc,1736.0,1
Auto Distributors New Zealand Ltd.,1732.78,48
Kool Kountry Llc,1730.3899999999999,21
Block Steel,1730.0,18
Penex Transformaction Industrial,1726.86,2
Sei Fuel Services Inc.,1724.0,1
Bmw Of North America,1723.35,3
Garden Automotores Sa,1722.96,28
Global Fes Cargo Sa De Cv,1721.49,4
Kookmin Bank,1721.25,8
Agunsa Usa Inc.,1720.0,2
Importer Konecranes Inc.,1717.13,2
Manahil International Transport And,1716.15,16
"Yieh Phui Enterprise Co., Ltd.",1710.52,14
Daimler Vehiculos Comerciales,1709.94,6
Metinvest Trametal Sp A,1706.48,8
Universal Industrial Gases Inc.,1705.52,6
Coilplus Canada Inc.,1699.92,15
Niigata Machine Techno Usa Inc.,1698.92,57
Horizon Steel Co. Auto,1697.47,15
Tac Enterprises,1695.19,77
National Tool Mfg. Co.,1682.14,11
Mc Machinery Systems Inc.,1680.45,69
Safco Of America Llc,1679.26,46
Forever Fresh Llc,1677.6,55
Asi Co Feralloy Midwest,1676.5,14
Hyundai Motor Group,1674.76,10
Banca Dello Stato,1672.63,3
Corumar Llc,1670.0,2
Flame Technologies Inc.,1669.57,63
Tubos Monterrey S Ade C V,1669.26,2
Banco International Sa,1664.26,10
Jfe Shoji Steel America Inc.,1661.58,4
Mccloskey International,1659.6200000000001,40
Mallory Alexander International,1656.7199999999998,74
Milne Dunkley Customs & Forwarding,1653.26,32
Descrgue Directo,1650.0,1
Alstom Transport Canada Inc.,1648.86,17
Independent Rebuild Specialist,1648.36,4
Ferreteria Ochoa S.A,1648.32,2
Nippon Steel Trading,1646.86,2
Sodiva S A,1645.94,62
Great Wall,1644.11,6
Cotrans S.A.,1642.73,11
Alucaps Mexicana De Occidentesa De Cv,1640.94,2
Z Inc. Y Carriolas S.A.,1637.38,2
The Black Line Co.,1634.66,3
Mitsui & Co. (Usa.) Inc. Housto,1633.02,2
Astec Mobile Screens Inc.,1631.94,55
Rabobank Nederland,1631.0,4
Transocean Offshore,1629.79,25
Eosta,1628.39,59
State Steel Supply,1628.06,13
Zf Services Llc,1626.8500000000001,10
Banco Santander Chile,1625.39,17
Hansen Shipping Agency,1622.71,105
Cervecera De Puerto Rico,1621.77,23
Jennmar Of Pennsylvania Llc,1617.07,4
John Deere Dubuque Works,1616.64,19
Ls Cable And System Ltd.,1614.82,2
Sumitomo Mitsui Banking,1611.34,8
Inter Terminalsseal Sands Terminal,1608.0,2
Tempel Steel Co.,1607.67,10
Komori America Corp.,1606.22,20
Bmwof North America,1603.5,4
Forgital Group Usa,1602.53,44
Ascendum Maquinaria Mexico Sa De Cv,1600.34,50
Novvi L.L.C Bwc Terminals Attn James Bear,1599.92,2
Epiroc Usa Llc,1599.06,64
0118 Od Co Co Aa Rear Det,1598.78,4
Kingsburg Orchards,1596.48,64
Maruka Usa. Inc.,1594.7,24
Summit Metals International,1593.3400000000001,18
Banco Bolivariano C.A.,1591.2,4
Sumitomo Corp. De Mexico,1590.5,4
Aceros Y Galvanizados Del Centro Sa,1589.6100000000001,2
Aljomaih Automotive,1588.6,4
Russel Metals Williams Bahcall,1587.0900000000001,7
Primetals Technologies,1585.1,17
Stephenson Equipment Inc.,1585.08,27
Strathcona Resources Ltd.,1583.8600000000001,4
Jereh Energy Equipment And,1581.43,15
Kion North America,1579.56,34
Bhp Team Jansen,1578.84,2
Perfiles Azules S.A.,1578.82,2
Steinert Us,1578.48,89
Suzuki New Zealand Ltd.,1577.78,18
Building Materials Distribution Llc,1571.76,2
Agencia Aduanal Gamas,1567.81,9
Etbo Tool & Die Inc.,1566.08,2
0107 En Bn Hhc T0 Rear Det,1562.42,4
Dessarrollos Tecnologicos S.A.,1561.5,3
W81 Fg8,1561.12,12
Al Jomaih,1560.9,18
Isocindu Sa De Cv,1560.8200000000002,7
"Volkswagen Group Taiwan Co., Ltd.",1552.94,20
Aperam Stainless Services & Solutions Usa Llc,1552.36,58
L'oreal Luxe Travel Retail Amercias,1550.57,110
Dodaac Cage M05363,1550.55,22
Ceva Logistics And Hitachi Energy U,1549.22,4
Incobrasa Industries Ltd.,1548.0,3
Magna Motors S.A.,1537.55,45
Vanguard Steel Ltd.,1536.42,24
Steel Technologies De Mexicos.A De,1536.24,2
Tokmakjian International Inc.,1536.16,24
Motorambar West Indies Inc.,1532.03,112
Aguacalientes Steel Coil Mexico,1531.35,18
Pernod Ricard Espana Carretera,1530.27,41
Cole International Usa Inc.,1526.23,36
"Riverview Steel Co., Ltd.",1522.18,20
Minetec S.A.,1516.98,4
Iowa Fertilizer Co. (Ifco),1513.1399999999999,3
United Grinding North America Inc.,1512.28,161
United European Car Carriers,1510.06,2
Duncan Wholesale,1508.3799999999999,137
Cantak Corp.,1507.22,2
Tropical Auto Rentals Ltd.,1506.4,30
Bg Delta Ltd.,1506.1,2
Forjas De Celaya Sa De Cv,1505.94,4
Nelsen Steel & Wire Lp,1505.68,55
Tomcompany S.A. De C.V.,1504.5,1
Natixis Paris,1502.64,8
Panasonic Energy Of North America,1500.79,20
Boliden Commercial Ab,1500.0,3
Harbisonwalker International S.A.,1500.0,1
Cavalry Logistics,1500.0,1
Pt Energi Sejahtera Mas,1499.96,1
Compact Excavator Sales Llc,1499.5,33
Chemours,1499.14,1
Ford Motor Co. Of Australia,1498.52,32
Contitech Usa Inc.,1498.46,12
Johnson S Distribution,1498.39,12
Global Amines America Inc.,1498.0,4
American Equipment,1497.96,36
Mertech Marine (Pty) ) ) Ltd.,1497.45,1
Vv Autos S A,1496.3999999999999,38
Mohamed Yousuf Naghi Motors,1495.8799999999999,22
Baymag Inc. 1200,1495.68,1
The Honkong & Shanghai Banking Corp.,1495.61,1
Keurig Canada,1493.92,34
Bmw Japan Corp.,1491.78,2
W8 W1 Ny Arng Csms 3,1488.19,24
Marubeni Itochu Steel America In,1483.4699999999998,9
4 Wall Entertainment Charter,1482.98,2
Valmet Inc.,1481.85,28
Expeditors Chile Transportes,1480.92,30
Gansu Zhongshida International,1480.4499999999998,5
Kokusai Pulp & Paper,1478.59,9
Gonvauto Puebla S.,1478.14,2
Inchcape Europe Automotive,1471.46,32
Herrenknecht Tunnelling Systems,1470.78,10
Ssab Swedish Steel Canada,1468.3200000000002,14
Eni Congo Attn Welcome Mouvondy,1466.2,2
0623 Fa Bn 01 Hhb T0 Rear Det,1462.48,2
Kdt Global Resources Llc,1461.2600000000002,4
W16 Beu,1458.31,53
Bharat Forge Aluminium Usa Inc.,1456.98,13
Desarrollos Technologicos,1455.38,1
Intermarine Americas Llc,1454.68,7
Trident Seafoods Corporation,1454.63,45
Torque And Hammer Pile Driving Ltd.,1451.7800000000002,4
Crane Monsters Corp.,1451.43,19
"Baoshan Iron & Steel Co., Ltd.",1449.19,3
Agco Mexico S De R L De Cv,1449.04,22
Cmi Industries Americas Inc.,1447.48,8
Czarnikow Brasil Ltda,1444.4,2
Group Viamar. S.A.,1443.0,2
General Electric International I,1442.8,10
Curtin Maritime Corp.,1440.9199999999998,7
Tadano Oceania (Pty) ) Ltd.,1440.36,14
Metal One Tx,1439.3799999999999,2
Autocentro Chrysler,1439.2,65
Bri Steel Mfg. Inc.,1435.12,2
Ferroglobe Usa Metallurgical Inc.,1433.85,8
Saskarc Industries,1433.46,1
"Green Spot Co., Ltd.",1433.4299999999998,6
Cropac Equipment Inc.,1431.0,86
Crowned Heron Llc,1430.28,4
Arab National Banks,1427.03,13
Empire Gas Puerto Rico,1425.96,35
Comercial Fiat Chrysler Sp A,1421.18,30
Sucafina Sa,1421.01,52
Noatum Project Cargo Mexico S.A. De,1420.73,3
Milestone Holdings,1416.0,8
Aceros Dondisch Sa De Cv,1416.0,8
Dongkuk Steel Mexico S.A.De C.V.,1414.76,6
Pacifica Piling Lp,1414.54,6
Unlimited,1413.42,1
Heat Transfer Tubular Products Llc,1411.89,86
Valiente Fernandez S.A.,1409.98,4
Thomas Erie Inc.,1407.85,43
Ventacero Sa De Cv,1405.93,2
Imt International,1404.82,27
Husteelusa Inc.,1403.5800000000002,3
Kanematsu Usa Inc. Houston Branch,1400.2,24
Jp Morgan Chase Bank N.A.,1400.11,1
Pomeian Inc.,1400.0,4
Ancon Marine,1400.0,7
Epiroc Chile S A C,1399.88,52
C J Robinson Co Inc.,1399.84,2
Perfiles Tubos Y Servicios De,1399.46,2
Fresh Taste Produce Ltd.,1398.3200000000002,5
Canaveral Port Authority,1397.44,2
United States Steel International Inc.,1395.68,22
Atlantic Trdaing & Marketing Inc.,1394.0,2
Fades Manta,1393.26,1
Geely Auto Mexico Corp.,1392.94,4
Fruit Imp. Logistics Services Fi,1391.95,20
Dodaac M13101,1391.94,8
Liebherr Werk Ehingen Gmb H,1391.02,4
Bank Of Nova Scotia Jamaica Ltd.,1388.1200000000001,44
Ramon Corripio Sucesores Srl,1387.62,2
Heller Machine Tools L.P.,1384.71,56
Alcatel Submarine Networks,1382.47,3
Nimbus Boats Usa Llc,1381.7,250
Metalline Inc.,1379.19,5
Coalicion Acerera S.A. De C.V.,1378.01,3
Pro Coil,1377.74,31
Orbis Corp.,1375.4,14
Shore Offshore Services Llc.,1375.29,1
Lgesst Nextstar Energy Inc.,1371.69,15
Kgl International Network Mexico S.,1371.35,2
Worldwide Equipment Llc,1364.72,34
Paarang Us Inc.,1364.36,11
Compania De Electricidad De San,1364.25,5
Predator Powerboats,1361.0,1
Clayton Corp.,1359.72,29
Nonghyup Bank,1358.44,5
Ceva International,1357.92,6
"Hokuetsu Industries Co., Ltd.",1354.76,10
The Scotiabank,1354.62,25
Sanwa Llc 110 E 25 Th,1352.51,18
Koninklijke Douwe Egberts B.V.,1350.85,19
Hanwa Mexicana S.A. De C.V.,1350.2600000000002,8
Np Steel S.A. De C.V.,1350.21,16
Prince Minerals Inc.,1350.0,1
Granite Resources Inc.,1347.67,5
Tubos Monterrey Sa De Cv,1343.86,1
Taubensee Steel & Wire Co.,1343.14,49
Thyssenkrupp Materials Demexico Sa,1343.0,2
Ascent Global Logistics,1340.07,11
Ni Met Metals Usa Inc.,1340.0,7
Agile Pipe Supply,1338.65,5
Project One Logistics Llc,1338.3500000000001,8
Pacific Rim Equipment Inc.,1338.33,60
Envases Comeca S.A.,1335.72,1
Vph Sur Llc Dba Triangle Motors De,1335.12,50
W45 Qre,1335.07,49
Nad International,1334.67,7
Silgan Containers Evansville,1332.28,11
Unit 164 Dmcc Business Center,1329.0,1
Tx Holdings Inc.,1326.8899999999999,4
Ford Motor Colombia Sas Nit 900780,1326.71,11
Construmac Sapi De Cv,1325.44,54
Nissan Motor Corp. In Guam,1325.03,34
1135 En Co Co Aa Rear Det,1323.98,2
"Cabindagulf Oil Co., Ltd.",1323.42,1
Affco New Zealand Ltd.,1323.34,28
Renault Mexico S.A. De C.V.,1322.45,35
Evans Equipment Inc.,1321.1,16
Plug Power D B A Wesmor Cyrogenics,1321.0,13
Grupo Alimentario Del Atlantico Gra,1320.0,8
Ntg Agl Air & Ocean,1318.83,11
Farwest Steel Corp.,1318.12,23
Mc Cormick & Co. Inc.,1317.9,51
Arterra Wines Canada Inc.,1317.08,23
Nissei America Inc.,1316.5,21
Aekia S.A,1316.12,6
British Steel Ltd.,1315.6,7
Bella Auto Group Del Este Llc,1315.53,48
Kubota Tractor Australia (Pty) ) Ltd.,1314.3999999999999,90
Binderholz Oberrot Baruth Gmb H,1313.77,3
City Public Service,1311.8000000000002,6
Apr Energy,1311.4199999999998,12
Cs Automotive Tubing Co.,1311.2,14
The Commercial Bank,1309.76,18
Spx Dry Cooling Usa Llc,1308.18,2
Ksb Chile S.A.,1307.82,4
Mitsubishi Hitachi Power,1306.7,18
0268 Tc Co Co Aa Rear Det,1306.45,11
Sunkist Global Llc,1306.15,19
Greenrock Equipment,1305.5,25
Young Poong Corp.,1302.64,1
Balk Yacht Management Ltd.,1300.0,4
Harbison Walker Refractories,1300.0,1
Sunbelt Marketing Investment Corp.,1298.18,4
Uk Stone Llc 3740 Morton Street,1295.0,1
Sonoco Metal Packaging (Columbus),1294.98,5
Tva Watts Bar Nuclear,1294.16,2
Intermetal Steel Inc.,1292.35,2
Jd Rush Co. Inc.,1291.44,2
Border Brokers 399 H Street #6,1290.8700000000001,13
Synthomer Sales,1290.34,67
Cliff Berry Env Cocoa,1290.0,2
Tc Bde Transportation,1288.0,1
Onesubsea,1285.71,28
0082 Av Rgt 03 B Co Rear Det,1284.46,70
Ssab Swedish Steel Ltd. (Delson),1282.6399999999999,24
Putzmeister America Inc.,1279.89,54
Dongkuk Steel Mexicos.A. De C.V.,1278.52,8
Bergmann Americas Inc.,1276.99,51
Billerud Usa Llc,1276.98,20
Possehl S.A. De C.V. Mexico,1275.59,1
Mgf Usa Inc.,1272.38,2
Mariner International Travel,1270.97,64
Aceroform S.A. De C.V.,1268.6,4
Corporacion Nexum Nexumcorp S.A,1267.92,36
Keb Hana Bank Canada,1266.93,14
Citroen Chile Sac,1266.74,6
Corporacion De Desarrollo Agricola,1264.6599999999999,14
Conceptum Logistics (Usa) Llc,1263.8,14
Marco Polo International,1259.54,2
Four Star Sales,1259.35,26
Gsglobal Usa Inc.,1259.02,6
Helix,1254.6799999999998,22
Belon S.A.S.,1254.18,2
Austin Ingenieros Chile Ltda,1253.81,5
Universal Cargo De Mexico S.A. De C,1253.29,7
Bronto Skylift Inc.,1251.6000000000001,40
Sunbelt Marketing,1250.1,2
Texas Aromatics Lp,1250.0,1
Tsc Mfg. And Supply Llc,1248.68,4
"Yulon Motor Co., Ltd.",1247.9,23
Ocean Cable Solutions B.V.,1242.0,4
Optimism Of The Sea Llc,1242.0,10
Mtp Marine Ltd.,1242.0,6
Y.K. Almoayyed And Sons Bsc (C),1240.54,58
Nrs Logistics Inc.,1238.36,14
Transdiesel Ltd.,1238.22,47
Amak Towing Co. Inc.,1237.55,26
Global Marine Finance Llc,1236.34,36
Oec Group New York One Cross Island,1234.9,3
Swiss Steel Canada Inc.,1234.03,18
"Hilong Petropipe Co., Ltd.",1233.8600000000001,6
Cnc Global Forwarding Sa De Cv,1231.6,2
Sopadep,1230.16,108
Vestas Poland Sp Z O O,1229.72,4
Deugro (Usa) Inc.,1229.3,12
Mitsubishi De Mexico S.A.De C.V.,1229.1799999999998,12
Colbun S.A.,1225.17,1
Sanpin Motors Ltd.,1223.2,56
"M.L. Catania Co., Ltd.",1222.1399999999999,4
Electa Trading S.A Electa Trading S.A,1221.6399999999999,4
Progressive Services Corp.,1219.54,4
Comercializadora Vistrain Gonzalez Sa De Cv,1218.58,2
Zimmermann Inc.,1216.74,18
Casa Homes Mexico,1216.28,2
Shippe,1216.1599999999999,4
Stolthaven,1216.0,6
Iff Inc.,1214.22,500
"Ace Metal And Powertech Co., Ltd.",1211.21,14
Perenco T&T Ltd.,1210.04,2
Rp Equipment Inc.,1209.96,19
"Yan Wal Yun Co., Ltd.",1207.7,14
General Electric International,1207.63,10
Sure Source Commodities Llc,1207.2,6
Hli Logistics Llc,1204.72,16
Soluciones Integrales,1201.62,10
Coopers Creek Chemical Corp.,1201.59,1
Coverseas Food Trading Ltd.,1198.6,4
To Equimax S.A. Autopista Duarte K,1195.56,20
W905 Z8,1195.37,19
Trading Heritage Llc,1193.81,1
Breakbulk Transportation,1192.3,3
Royal Petroleum,1192.0,45
Mpm Silicones Llc,1191.3600000000001,69
"Hyundai Glovis Co., Ltd.",1191.1599999999999,4
Bank Abc,1187.1200000000001,8
Cpt Fiodor Strikovski,1186.19,20
Gm Corp.,1184.0,1
Trade Zone Operatins Inc.,1182.94,2
A.A. Valdez Woodward S. C.,1182.14,18
Sopta Eirl,1177.42,1
Steri Cycle & Cliffberry ( Cbi ),1176.51,42
Nac International,1176.16,2
Fabrica De Envases S.A. Fadesa,1175.57,1
Intl Mulch Co.,1175.0,45
R.W Smith And Co. Inc. Attn Bobby,1174.07,5
2782759 Ontario Inc. (Jy Steel),1173.36,2
Hyundaicorporation (Usa) Tx 12141,1171.3,7
Toyota Tsusho Mexico Sa De Cv,1169.84,4
Jacksonville Branch,1168.6599999999999,4
"Indigo Tradecom Pvt., Ltd.",1168.04,6
Oil Search (Alaska) Llc,1167.34,2
Gst 19 Aagci3540 J1 Zf,1167.24,6
Comercializadora Vistrain Gonzalez,1166.32,2
Vogt Power International,1165.42,2
American International,1164.38,6
Aca Forwarding Ltd.,1162.9,30
"Sc Foods Co., Ltd.",1161.4,4
Gil Maquinaria S A De C V,1161.3400000000001,22
Ghy Usa Inc. 121,1159.9,2
Nissan New Zealand Ltd.,1159.55,9
Elite Tubular,1158.31,2
Sumishoglobal Logistics (Usa) Corp.,1158.06,3
Stadler America Llc,1157.17,26
"Universal Motors Agencies Co., Ltd.",1156.8799999999999,8
Epc Pv B Ar85 160 B2 Hybar Steel,1156.54,2
Centro Aceros Del Caribe Ltda,1152.79,1
Shell Canada,1150.0,1
The Jordan International Co.,1148.89,2
Jumbo Transport International Inc.,1148.73,31
Brad Clark Port Manager,1148.66,2
Gordon Brothers Steel,1146.75,15
Primrose Alloys Inc.,1144.21,51
"J. And M. Shipping Co., Ltd.",1144.0,6
Sf Marina Systems Coastal Design,1144.0,2
Andrew Peller Ltd.,1143.45,26
National Marketing Co.,1142.7,14
Russula Corp.,1138.3100000000002,18
Westmor Industries Llc,1135.58,18
Solution Heavy Equipment Inc.,1134.88,30
Conduit Sacv,1132.76,4
Iveco Trucks Australia Ltd.,1131.42,85
Comercio Azteca Sa De Cv,1130.26,4
Easy Car Sales Ltd.,1129.98,24
Incargo Logistics Llc,1128.42,7
Aceromex Grupo Industrial S.A. De C,1127.62,4
Total E&P Danmark A S,1126.4,2
Pacific Metalstrading Inc.,1125.52,2
Contractors And Traders Inc.,1124.42,2
Hammer & Steel Inc.,1122.85,15
Exodus Machines,1122.51,30
Graincorp Operations Ltd.,1122.47,3
Liebherr Mobile Cranes Korea Ltd.,1122.18,2
Sandmeyer Steel Co.,1119.31,24
Narayani Modern Pulses Industries,1117.4,6
La Meunerie Milanaise Inc.,1117.04,6
Equimax S.A.,1115.2,6
Autosud Ltda,1114.96,24
Yancey Bros Co.,1114.85,36
Bbva Mexico S.A.,1111.0,1
"Olam Agri India Pvt., Ltd.",1109.74,2
Andritz Sa De Cv,1108.27,24
Industrail Piping Specialists,1107.59,9
Crown Americas Crown Iron Works,1106.17,13
Tubos Y Barras Huecas S.A. De C.V.,1106.07,1
Wallenius Lines North America Inc.,1104.02,32
Loesche America Inc.,1103.7199999999998,6
Maquinaria Intertorito S.A. De C.V.,1101.44,55
Toshiba International,1099.56,33
Janex International Bv,1098.28,2
Silaba Motors Sa,1098.08,12
Wirtgen Australia (Pty) ) Ltd.,1097.6,32
Preacero Pellizzari Mexico Sa De Cv,1097.31,6
Tube Supply Inc.,1096.08,15
Goldhofer Inc.,1095.08,43
Changan,1094.74,3
Salinas Y Fabres S.A.,1093.64,34
Masterpiece International,1092.96,31
Banco Popular,1092.96,26
Hitachi America Ltd.,1091.7,20
Kenwal Canada Inc.,1091.16,2
Gci Unicom Inc.,1089.22,5
Ofokaya (Usa.) Inc.,1088.72,2
Blank Endorsed),1086.64,6
Con Dor Enterprises Ltd.,1086.44,33
Suministros Marinos E Industriales,1086.0,8
Evapco Blct Dry Cooling Inc.,1085.56,14
Barraza Y Cia,1082.16,2
"Far East Machinery Co., Ltd.",1080.7,26
Nv Energy,1079.04,8
Exxon Baytown,1078.0,3
Fru Veg Marketing Inc.,1074.66,40
Kinder Morgan Bulk Terminals Inc.,1072.96,2
Dhl Global Forwarding (Mexico) S.A.,1072.6,8
Ultramar Agencia Amritima Ltda,1071.6,6
Haulotte North America,1071.48,6
Caguas Expressway Motors Inc.,1070.88,48
Citibank Na. London,1070.56,1
Wacker Neuson Corp.,1070.08,54
One Water Yacht Group Fort Lauderd,1069.72,22
Producci N Rhi Mexico S. De R.L.,1069.02,2
Ssab Eu Co Pro Coil,1068.83,17
Tx Rail Products Inc.,1067.0700000000002,2
Hyundai Motor De Mexico S De Rl De,1065.0,2
Abdulmohsen Abdulaziz Al Babtain Co.,1064.7,34
Solvesa Ecuador S.A.,1064.0,1
Barford Equipment Llc,1062.0,53
Nutricion De Plantas S.A.,1060.0,2
Nucor Yamato Steel Co.,1059.54,21
Desnoes And Geddes Ltd. Red Stripe,1058.98,8
Gulfstream Aerospace,1058.94,125
Crystal Clean,1058.84,43
San Juan Steam Plant,1058.84,2
Chart Energy & Chemicals,1057.44,4
Feintool Cincinnati Inc.,1056.49,12
Titanium Metals Corp. (Timet),1055.85,6
Akre,1049.48,1
Arrowmetals And Trading Ag,1048.24,2
Graftech International Holdings Inc.,1046.67,1
Pandol Bros. Inc.,1045.2,41
Tradepoint Terminals Llc,1038.24,4
Abhishek Products Unit Ii,1036.5,4
Banco De Credito E Inversiones,1036.14,8
Sandvik Mining And Construction De,1035.56,44
Dbs Bank Ltd.,1035.31,2
Kobelco Welding Of America Inc.,1031.55,14
Ncl (Bahamas) Ltd.,1031.43,1797
Blm Group Usa Corp.,1031.36,34
Kelvion Products Inc.,1030.06,78
Wolffkran Inc.,1030.0,17
Morrow Equipment,1029.58,20
Cat Reman Drive Train West Fargo,1027.86,106
"Iris Usa, Inc.",1027.3,5
Eni Omand,1027.08,2
Autokia Sa De Cv,1025.8799999999999,6
Asch Sa De Cv,1025.18,6
Emirates Nbd Group,1023.08,14
A G M C,1022.12,20
Audi Volkswagen Korea,1021.6,8
Occidental Chemical Corp.,1020.61,5
Nissan Argentina S.A.,1020.4000000000001,46
Celomex S A De C V,1018.98,1
Anadarko Colombia,1018.88,6
Arzyz Tecnologia S.A. De C.V.,1017.52,2
Tgp Logistics Inc.,1016.8399999999999,2
Mediterranean Car Agency Ltd.,1014.82,16
Empaqplast,1014.76,1
"Bmw Asia Pte., Ltd.",1014.5,25
E & M Supply Group Llc,1012.6399999999999,4
Alsamriya Motors Wll,1011.78,32
Suzuki Garphyttan Corp.,1010.43,3
Aurorium Llc,1008.34,11
Ge Compnay,1007.12,12
Epiroc Mexicana Sa De Cv,1006.54,35
Dutch Steel Trading Sa De Cv,1005.0,1
Promax Indsustries Us Inc.,1004.46,3
Ferroglobe Usa Bridgeport Llc,1003.55,1
Volvo Commercial Vehicles Australia,1001.76,16
Command Tubular Products Llc.,1000.98,2
Oddo Bhf Sca,1000.94,1
Gulf Sunrise Agency,1000.39,2
Resonac America Inc.,1000.04,2
Hexion B.V.,1000.0,2
Brenek Marine Agencies,1000.0,1
Ioi Pan Century Edible Oils Sdn Bhd,1000.0,2
Detergentes Ltda Cra.,1000.0,2
Marubeni Transport Services,999.98,2
Automotor S.A.,998.44,26
Tld America,998.25,45
Japanese Classics Llc,998.01,25
Texmark Chemicals Inc.,998.0,2
Whet Travel,997.7,8
Honda Motor Argentina S.A.,996.2099999999999,15
Geo. Wm.Rueff Inc.,995.92,1
Lizhong Mexico S.De R.L.De C.V,995.87,1
Parker & Companyworldwide,993.0,1
Cofino Stahl Y Compania,992.6,32
Arlo Steel Corp.,992.47,6
Nova Steel,990.5799999999999,10
Tom Lange Co International Dba Seven Seas,990.4100000000001,18
Carpe Charter Ltd.,990.0,4
Bremsa Regiomontana,988.0,1
Vph Oeste Llc,986.65,38
Federal Steel Supply Inc.,985.64,10
Banco Popular Domin,984.76,16
Blueprint Robotics Inc.,984.06,7
Kuehne Nagel S.A. De C.V.,983.1600000000001,10
Halo Woods Llc,982.98,3
Coffee America (Usa) Corp.,982.31,14
Noble Energy,982.25,4
Pipeline Machinery International Lp.,982.12,2
Jre Metal Distributor Inc.,981.15,1
Kawasaki Rail Car Inc.,980.94,21
Commonwealth Fusion Systems Llc,978.48,4
Aluminum Dynamics Llc,976.6,9
Jas Forwarding (Usa) Inc.,976.3900000000001,5
Kelly Tractor Company,976.12,23
Paceco Corp.,974.78,2
Crown Cork & Seal (Weirton),974.39,14
Bavarian Motors Panama,974.32,30
Volkswagen Group Korea,973.65,13
Corey Steel Co.,972.86,17
0388 En Co Co Aa Rear Det,971.66,4
Friendscholdco Llc National Event,970.48,2
Al Mulla & Behbehani Motor Co W.L.L,969.82,24
Universal Creative Prop Shop,968.96,26
Flexometal Sa De Cv Fle041223 Dt6,966.37,1
Amino North America Corp.,965.8,2
Ge Gas Power,965.8,19
Rolls Royce Motor Cars North Americ,964.57,43
Rahal Foods Inc.,962.97,3
Banco De Occidente,962.86,19
Sandvik Chile S.A.,961.72,31
Liquor Control Board Of Ontario,957.88,13
Hsagp Energy Llc,957.68,4
National Federation Of Fisheries Co.,957.0,1
Gmp Logistic Group Srl,956.9,76
World Fresh Produce Inc.,955.8199999999999,15
I.M.M. Inox Market Messico Sa De Cv,954.65,1
Mountain Crane,954.43,5
Digit Automotive Mexico S.A.De C.V.,954.35,1
Carasso Motors Ltd.,954.22,6
Esmark Steel Group Midwest,954.1700000000001,9
Enchantress Yacht Holdings Llc,954.0,4
Ghana National Petroleum,952.94,2
Golden State Corp.,952.83,8
Komptech Americas Llc,952.68,42
Dupont Specialty Products Usa Llc,952.27,48
Crrc Sifang America Inc.,952.26,14
Entergy Mississippi Llca,950.8199999999999,4
Sandvik Mining And Construction,950.28,16
Manatee County Port Authority,948.0,1
Neptune Lines Inc.,947.98,30
Jm Wood Auction,946.48,28
A&A Customs Brokerage Services Inc.,945.24,16
Frontier Logistics Services,945.0799999999999,2
Oil Energy System,945.0,14
Jones Street Marine Ltd.,944.0,2
Holbrook Onshore Converter Station,944.0,1
Escapes Monterrey S.A. De C.V. Emsa,943.23,3
Horsch Canada Inc.,943.09,33
Xmi Llc,942.5500000000001,7
New Dimension Metals Corp.,941.91,47
Itm Projects S De Rl De Cv,940.52,9
Mcneilus Steel Processing Center,939.91,11
National Bank Of Kuwait,939.44,46
Austal,938.5400000000001,6
Genesis Attachments,937.26,21
Banco Popular Dominica,936.72,10
T.Co Metals Llc,936.28,1
F40 Llc,936.04,41
Alberta Oilfield Fabricators Inc.,935.6999999999999,2
Copland Lp,935.08,2
Mcllvenna Bay Operating Ltd.,934.4200000000001,2
Future Pipe Industries Inc.,934.36,2
Dcn Diving B V,933.4,2
Quarto North America Llc,932.74,14
Real Trading Llc,932.3199999999999,20
Higher Technology,932.23,1
Zoomlion Heavy Industries Na Inc.,928.83,8
Dixie Plywood Lumber Co. Of,927.98,2
Issuing Bank,927.52,6
Tenaris Global Services Nigeria Ltd.,927.51,6
Steel And Pipes Inc.,927.1700000000001,6
Cliffberry Inc.,925.4,76
Cutting Edge Supply,925.29,27
Alamana Auto For Sa,921.13,21
Kmc Holding Inc.,921.07,5
Marcello Cranes,920.53,6
Controladora Mabe S.A. De C.V,919.01,5
Bst International Holdings Ltd.,916.47,1
Willmar International Inc.,915.3,11
Maritime Management Services Ltd.,915.26,8
Trading International Group (Tic),915.1899999999999,95
Bogatay Construction Inc.,914.8199999999999,4
Special Metals Inc.,914.0,9
Mss Pulp,913.54,2
Dandrea Produce Inc.,908.0699999999999,14
Equipment Depot Ltd.,907.34,13
Elizabeth Truck Center,907.2,1
Apec International Llc,904.13,4
Basilicato North America Llc,903.88,2
Fresh Taste Produce,903.85,5
Oec Group Chicago,902.64,4
Crown Cork Seal Co. Inc.,899.48,2
Mcfa Mitsubishi Caterpillar Forklift,899.28,45
Soremar,898.69,53
Hyundai Corp.,898.3199999999999,10
Woori Bank L.A Bran,897.78,2
Corrie Maccoll North America Inc.,896.5,9
Anco Steel Co.,896.01,9
Contitech Canada Inc.,896.0,4
Oxbo International Corp.,895.79,41
Ig Fruit Direct Source Marketing,895.6,37
Qsscs.A. De C.V.,895.02,2
Orange County Power Partners,893.24,2
Sheridan Publishing,892.9599999999999,32
Energia 2000 S A,892.16,13
Productos Quimicos Panamericanos S.,891.82,11
Mauricio Ibarguengoitia Villanueva,890.6999999999999,39
Consolidated Edison Co.,890.0999999999999,6
China Harbour Engineering,888.24,4
Kuhn Equipment Sales Co. Inc.,887.2,29
Nemak Usa Inc.,887.14,6
Rena International,886.22,12
Steckerl Aceros Sas,885.12,4
Nasco Ceres Terminal Inc.,884.57,11
Laminate Technologies Inc.,883.65,2
Gma Of Everett Motors Llc,882.84,439
Classic Harvest Llc,881.87,31
Boyd Metals Inc.,880.66,8
Bmw(China) Automotive Trading Ltd. B5,880.24,4
Dai Ichi Usa Ltd.,877.37,17
Orion Engineered Carbons Llc,877.25,5
Operadora De Minas De Nacozari S.,877.12,24
V Alexander And Co I N C,876.96,7
Purdy Motor S.A.,875.82,28
Zadoon L.L.C,875.3199999999999,18
"Pushkar Pulses Pvt., Ltd.",875.18,2
Fedex Trade Networks (Ftn),874.0,4
Motorworld N.V,873.68,4
Sunbelt Rentals Of The Bahamas,872.72,2
Northland Trenching Equipment Inc.,869.0,26
The And Sh (Hk),867.18,20
Youngquist Brothers Inc.,866.37,4
Gme Trade Ease Inc.,865.42,1
Charoen Pokphand Enterprise,865.0,3
La Ferre Comercializadora,862.0799999999999,2
Kao Chemicals Gnbh,861.92,1
F5 O League Llc,861.8,1
North America Wood Inc.,861.39,1
Corner Banca Sa,861.1800000000001,3
Enerflex Energy,861.08,2
Stemcor London,859.17,1
Kloeckner Metals Service,857.7,2
Sany Logistics Eqpt America,856.76,20
0126 Av Bn 03 Co E0 Rear Det,856.43,34
James River Equipment,854.1700000000001,23
Revolution Wind North Kingston,853.14,6
Keb La Financial Corporation,852.95,5
Western Star Trucks,851.8800000000001,13
Veritas Global Transportation Inc.,851.42,36
Dodaac W90 Nwy,851.2,2
Cargil Cocoa & Chocolate Na,850.0,2
Blue Penguin Maritime Ltd.,850.0,2
Vintage Produce Sales,849.83,19
Central Ford Carretera 2,848.85,48
Aceros Murillo S.A. De C.V.,848.42,2
Alsour,848.08,28
Martco Ltd.,848.0,2
Tamini Transformers Usa Llc,847.92,4
Park West Gallery Concession,847.58,648
Saudi Arabian Marketing & Agency Co.,845.56,16
Ing Belgium,845.44,5
Starsource Llc,845.28,4
Norfolk Southern,844.54,3
Priority Power Management,843.98,2
Alvajal Equipos Y Servicio,843.57,21
0003 Cs Hhc Hhc Aa Rear Det,843.51,20
Nova Tube And Coil De Mexico S De R.L. De C.V.,843.3199999999999,6
Quality Auto Sales Ltd.,842.54,99
Lg Electronics Usa Inc1000 Sylvan,841.5799999999999,3
Roll Center Inc.,840.93,20
Junttan Usa Inc.,838.04,14
Pxgeo Us Inc. Wap,834.18,369
Ing Bank N.V. Amst,833.64,3
Anshan Zizhu International Trading,833.12,1
Csi Acquisition Co. Llc,830.9,2
Mammoet Canada Eastern Ltd.,830.1,2
Gcc Permian Llc,830.04,9
Treasures Trading Llc,828.09,6
Metal Roof Master Corp.,827.86,4
Celsia Colombia Sa Esp,826.02,4
Nandan Nanfang Nonferrous Metal,825.84,2
Scotiabank De,825.25,6
Joy Global Longview Operations Llc,824.56,19
Stamtec,824.4,7
Alpha Steel Sales Inc.,824.3399999999999,5
Wells Fargo Bank,824.05,15
Euro Representaciones Sa De Cv,822.11,23
American Muffler S.A. De C.V.,821.4300000000001,5
Consorcio Cis Sdee Ii,819.84,1
Dhl Global Forwarding Antwerp,818.88,2
"Viterra India Pvt., Ltd.",818.54,1
Komatsu Marketing Support Australia,818.32,2
Motorworld N.V.,817.94,26
Nit860.014.659 4 Dow Quimica De Col,816.0,2
Century Farms,815.58,13
Rr Magic Shipping Sa De Cv,814.92,10
Carmichael International Services,814.8,1
Ineos Automotive Australia (Pty) ) Ltd.,812.38,20
Kalmar Industries Corp.,812.26,29
La Veracruzana De Laminados,810.28,4
Innospec Ltd.,808.04,15
Everbright Development International Ltd. (Hk),807.37,3
United Organic Resources Inc.,806.59,4
Autosharecorp S.A,805.96,42
Friendscholdco Llc Maktive,805.0,1
Big River Steel Llc,804.4599999999999,19
Sovena Espana S.A.,803.2,2
Linder Industrial Machinery Co.,803.08,6
"Wodehaotai Trading Co., Ltd.",802.4,2
Tropical Shipping Usa Llc,801.8,2
Livingston International Inc.,801.65,8
Intl De Metales Comerciales S.A. De C.V.,801.54,6
Essex Furukawa Magnet Wire Usa Llc,801.44,2
Gt Commodoties Llc,801.1700000000001,4
Etisa Comercial Petroleo Sa De Cv,800.45,1
Oceana 289 Ltd.,800.0,2
Akva Group North America Inc.,800.0,2
Rrmagic Shipping Sa De Cv,799.9200000000001,4
Lakeside Metals Inc.,799.26,11
Tejas Tubular Products Inc.,795.95,2
Ipesa S A C,794.6,21
Putzmeister Racine,794.54,40
Nan Inc.,793.54,15
Wheelabrator South Broward Inc.,793.39,32
Hopsa S.A.,792.96,4
Dixie Plywood & Lumber Co.,792.72,2
Mitsubishi Chemical America Inc.Ele,791.26,6
Ferlink S.A.,790.8199999999999,4
Yulchon Mexico Sa De Cv,789.92,4
Crane Worldwide Logistics Iah,788.42,4
Abu Dhabi Motors,787.76,18
Um Cruises,787.5699999999999,7
Mammoet Canada Western Ltd.,786.3499999999999,5
Kor Equipment Solutions,786.12,46
Ge Healthcare,785.96,4
Mayberry Mini Trucks Inc.,784.3000000000001,95
Itc,783.2,4
G&E Excavation,782.3199999999999,33
Pacorini Warehouse,782.3199999999999,11
Novinfra Usa Inc.,780.72,3
Sinoagent Shanghai,779.72,1
Issuing Bank Sumito,779.71,3
Autoexcel S.A.,778.4599999999999,20
Fujitrans Usa. Inc.,774.5999999999999,7
D2 D Trading Co. S De Rl De Cv,773.88,16
Intergulf Marine Llc,773.4200000000001,3
Forklift Exchange Inc.,773.22,16
Y.E.S. Marine,772.0,2
Horizon Yachts Inc.,770.9200000000001,7
Morrison,770.22,9
Acier Lorenco Steel,770.0,1
Esliter De Mexico Sa De Cv,769.35,3
Rpm Crushers And Screens Llc,767.6800000000001,20
Element5 Lp,767.48,10
Stericycle Waste Services,767.48,16
Cabrera Auto Group Llc,766.43,26
Caterpillar Japan Llc,766.4,18
Shred Project Site Imperial Oil Pr,765.9200000000001,4
Laminados Del Caribe Sas,765.62,1
Tropical Marketing Associated Nv,765.52,2
Aw3 Llc,764.4,4
Global Metal Services Ltd.,764.31,6
Boscus Canada Inc. Ncspa,764.14,4
Coastal Alaska Premier Seafoods,763.95,5
Daon Trading Llc,763.04,2
Water Spirit San Juan,762.92,46
Houston Galveston,762.44,4
"Hanchang Paper Co., Ltd.",761.8,2
Heartland Automotive Llc.,760.35,12
Starplast Mfg. Usa Inc.,759.78,1
Energia Aztec X Sa De Cv,759.26,2
Jas Forwarding,758.72,1
Golden Triangle Polymers Co. Llc.,758.06,1
Rp Construction Services Llc,757.42,1
Fresh Taste Produce Usa.,756.29,12
Ali Mohammed Thunayan Alghanim,755.2,18
G.T. Motors Ltd.,755.1,24
Meyer Burger (Americas) Ltd.,754.81,6
Atlantic Forest Products,754.0799999999999,2
Mitsui & Co. Inc.,753.89,2
Aekia S.A.,753.6,6
Alliance Freezer Dry (Usa) Inc.,753.42,3
Allport Cruise Services,752.07,46
Ilm Equipment Inc.,751.9,14
Time Ceramics S.A. De C.V.,751.6,1
Finning Canada Sk,750.96,10
National Freight Service,750.0799999999999,2
Reist Popcorn Co.,750.0,6
Silver Lining Yacht Llc,750.0,4
Britannica Woods Llc,749.97,4
Mubea Inc. Florence Industries,749.51,15
Greer Steel,749.45,6
Hansen Steel Services,749.01,19
Nance Steel Sales Inc.,748.36,4
Gs Global Corp.,747.5,2
Azule Energy Angola Sp A .,747.24,7
Distribuidora Nissan S.A.,746.32,38
Renault Mexico Sa De Cv,745.0,12
W90 Dx2,744.18,11
Seai America Inc.,742.55,10
Amtex Machine Products Inc.,742.0,3
Omas Imp. & Exp.,741.96,6
Charoen Pokphand Indonesia,741.46,3
Seba Tubular Ltd.,741.33,19
Riyad Bank,741.1600000000001,4
Karmax Heavy Stamping,740.66,4
Fincantieri Infrastructure Sp A,740.37,1
Seagate Structures (Usa) Inc.,740.16,2
Fajardo Ford Inc.,739.09,30
Venture Steel Inc.,738.92,3
Aurora Inc.,737.87,10
Paperpak Llc,736.87,5
Cochez Y Cia. S.A.,736.46,2
Mitsui Seiki Usa,735.21,41
Banco De Scotiabank,734.91,1
Cooperatieve,732.71,1
Gepr Energy Canada Inc.,732.4000000000001,7
Penske New Zealand,731.66,6
Advanced Green Components Llc,731.64,4
At&F,731.42,12
Citibank Na London,730.64,2
Ch Robinson Belgluim Bvba,729.0,2
Banco De Chile,728.76,3
Ssab C O Green Transfer,728.36,18
Penske Australia (Pty) ) . Ltd.,728.23,14
Rodgers Metal Craft Inc.,727.99,2
Catskill Auto Llc,727.87,58
Kbc Bank Nv,727.34,4
Felcon Automotive,726.54,28
Terberg Taylor Americas Llc,726.38,17
Fujifilm Healthcare Americas,725.68,24
196 Th Inf Hq Det Jpmrc,725.02,12
Nassau Motor,723.36,46
Tn Americas Llc,722.68,6
Howard Reeder International,719.0,7
Voestalpine Railway Systems Nortrak,718.66,2
Bigge Crane & Rigging Co.,717.3,5
Formex Mexico Sa De Cv,715.98,2
Untha Shredding Technology,714.72,18
Ford Del Sur Inc.,714.38,28
0323 Cm Co Plt T1 Chem Co.,714.04,2
Sas Steel Alloys & Services Ltd.,713.52,2
Haylier Internation,712.54,1
Fws Industrial Projects Canada Ltd.,712.03,1
Ilg North America Inc.,712.0,2
Sinova Silicon,710.9200000000001,4
Ferrecabsa Sa De Cv Holbein 217 In,710.78,2
Pritt Intertrade Ltd.,710.38,2
Compass Logistics & Marine Llc,710.13,3
Steel Services,708.0,1
Ls International Cargo Gmb H,707.04,2
Rolls Royce Motor Cars Na,706.04,34
Yoder & Frey Llc,705.36,32
Chrysler 65,705.0,36
Gebr. Pfeiffer Inc.,704.77,7
Motor Distributors Ltd.,704.74,16
Velocity Ev Llc,704.72,14
Pernod Ricard España,704.12,14
Multiperfiles S.A,703.12,2
Freightplus Bne,702.72,2
Jordan,701.0,1
Lindsayca Ch4 Guyana Inc.,698.94,2
Liberty Forge Inc.,697.9200000000001,8
Tesmec Usa Inc.,697.12,17
Panga Growers Group,696.91,19
American Machinery Trading Llc,696.36,2
Rich Resource International Investm,696.0,1
Grand Banks Yachts Ltd.,695.7,18
Buckner Heavylift Cranes,693.86,7
"Tung Mung Development Co., Ltd.",692.5799999999999,6
"An Huy Co., Ltd.",690.0,3
Byd Motors Llc,689.82,8
Expeditors Los Angeles 5757 W.,689.6500000000001,14
Noatum Project Cargo,689.6,3
Utc Overseas (Guyana),689.5400000000001,2
Stolt Nielsen Usa Inc.,689.46,4
Bmw Slp S.A. De C.V.,688.9,2
Dynamis Power Solutions,688.5,18
Hutchens Industries Inc.,688.24,6
A.A. Alfredo Valdez Gomez Patente,688.1600000000001,12
Atkins Kroll Inc.,688.11,43
Siddharth Overseas,687.34,4
Stanmore Equipment Ltd.,686.98,6
White Rabbit Acres,685.76,173
Cargo Services Sa,685.4,8
Okaya (Usa) Inc.,681.84,6
S & B Engineers And Constructors Ltd.,681.6,1
La Fabril S.A.,680.06,2
Kerry Logistics (Canada) Inc.,679.68,2
Am Group Llc,679.59,7
Valmet Ltd.,679.1800000000001,8
Water Spirit Stx,677.56,15
Vallourec Oil & Gas Mexico Sa De Cv,677.5,2
Scotiabank De Costa,676.62,4
Dodaac W68 P4 L,673.47,20
Ryerson Lancaster,672.58,10
Hitachi Astemo Americas Inc.,669.58,9
Niagara Lasalle Corp. (Hammond),668.25,40
He Goodyear Tire And Rubber Co.,668.2,7
One Water Yacht Group,668.0,18
Grupo Acerero Sa De Cv,667.26,4
Global Aviation Services Llcdba Pro,666.7,21
Greenwich Terminals Llc,666.52,1
Terminal Puerto Arica,665.9,1
Venta Y Renta De Maquinaria Vrm Sa,665.86,12
Aranda Tooling Inc.,665.63,1
Tel 1 678 714 6000,665.46,2
Titan Steel Corporation,665.18,3
Scotiabank Chile,665.1700000000001,10
Frontier Packaging Inc.,664.86,24
Sms International Shoreside,664.29,20
Comercializadora Century Recycling,662.96,3
Philippi Hagenbuch Inc.,662.54,14
Marubeni Mexico S.A. De C.V.,662.04,22
Empressa Nacional De Energia,661.5,2
Trumer Brewery,661.1999999999999,38
Eastern Processing Equipment,661.11,22
Bustami And Saheb Tradig Co.,660.9,22
Hyundai Translead,660.4,12
Nxgen Vema Holdings Llc,660.36,2
Galvasid Sa De Cv,660.0,3
Shes A Ten Too Ltd.,660.0,2
Jjs Yachts Ltd.,660.0,2
K Line Brasil.,660.0,4
Hybar Llc,659.4,6
S & B Engineers And Constructors,659.3,5
Morooka (Usa) Corp.,659.08,28
Super Steel Warren,656.43,40
Revolution Wind Syncon,655.8,2
Toyota Tsusho Mexico S.A.De C.V.,655.62,2
Swiss Steel International Usa Inc.,654.92,18
Kfm Station Service,654.1,1
Herrera Premium De Mexico Sa De Cv,653.9,47
Tenaris Tubocaribe Ltda,653.78,6
Tspga Llc,652.37,1
John Deere Ottumwa Works,651.96,42
The Fresh Wave Fruit Llc,651.77,5
Japan Air Self Defense Force,651.0,2
Marine Express Inc.,651.0,20
Negocious Automotrices Neohyundai,650.48,4
Lamb Of God,650.1,1
Bmz Third Coast Partners,649.63,4
Sunkist Growers Inc.,648.37,15
To Rothfos Corp.,648.36,6
Paterson Pacific Parchment Co.,648.26,6
Subsea 7 (Us) Llc,648.25,9
Olbert Metal Sales Ltd.,645.98,8
Reuters Recycling Facility,645.91,41
Produccion Rhi Mexico,645.1,2
Automotores Gildemeister S.A.,644.7199999999999,8
Dfas Cleveland Sabrs,644.64,2
Nordex Energy Mexico S. De Rl De Cv,643.49,3
"Hong Won Paper Mfg. Co., Ltd.",641.6,6
Arbour Shipping Antwerp Bvba,641.54,2
Alianza Logistica Yenam S.C.,640.79,17
W25 G1 Q,640.41,8
Ensco International,640.12,22
Ryerson Metals De Mexico,639.4100000000001,3
Entergy Bayou Labutte,638.88,3
Oss Metals Distribution Inc.,638.7,14
Stadler Us Inc.,637.6,21
Pepco P A Smit Transformer Sales In,637.0,2
In Hhc 03 Headquarters In,636.86,8
Cigisped Srl,635.7,22
Amada Press System America Inc.,635.67,33
Nelson International Inc.,635.44,2
Wfl Millturn Technologies Inc.,634.8399999999999,8
Van Dyk Baler Corp.,632.44,16
Bmo Harris Bank,631.58,8
Eni Us Operating Co. Inc.,631.33,1
Sas Steel Alloys & Services,630.1,8
Book Advisory Services Ltd.,630.0,2
Lapham Hickey Steel,627.66,6
Sime Darby Transport Nz Ltd.,627.46,16
Senator International S.A. De C.V.,625.56,7
J & K Fresh Llc (Wc),625.16,33
Interfracht Inc. Usa,624.82,21
Intl Fruit Co.,624.22,15
Madison Enterprise Holdings Cl Inc.,624.0,4
The Backline Co.,623.5899999999999,11
Western Trailer Co.,622.62,20
Al Nabooda Automobiles Llc,619.48,14
Alliance Concrete Pumps Inc.,619.05,5
Mckeon Maritime Holding Llc,619.0,4
Global Construction Equip.,618.67,49
Empresas Melo S.A. (020),617.84,2
0189 Cs Bn Co B Division S,615.82,4
Pittsurg Steel Llc,615.14,10
Boubyan,614.94,12
Steckler Aceros S.A.S.,614.8,2
"Namgang Paper Co., Ltd.",614.22,4
Acero Ventas Ma Sa De Cv,614.09,4
Bad Romance V,614.0,4
"Wti Logistics Co., Ltd.",612.61,5
North American Hoganas,612.0,2
Ameco,611.66,2
Fifty Meter Holdings Llc,611.2,4
Phoenix Hydrogen Hub Llc,610.75,4
Nestle Mexico S.A. De C.V. Blv Mig,610.34,2
Metal One Steel Service De Mexico,609.92,20
Rwsmith,609.5,2
Maritime Services Corp.,609.5,16
Consolidated Edison Co. Of Ny I,609.3,3
Dsv Air & Sea S.A.,609.19,4
W4 Gg Anniston Special Project,609.08,2
Bankmuscat Saog,608.63,31
Mst Steel Corp.,608.28,4
Manuchar Colombia Cia S,606.64,6
Turbo Systems Us Inc.,606.45,34
Arunnachala Imp. & Exp. Pvt. L,606.32,2
Fmc Technologies Inc.,606.3100000000001,16
Cytiva,604.69,4
Cryogenic Industrial Solutions Llc,604.2,5
Paragon Steel,604.0600000000001,8
Steelforce Packaging,602.88,2
Steder Group Usa Inc.,602.56,16
Christopher J Driver,602.2,83
D.L.J Produce Inc.,602.12,8
Powerscreen Crushing & Screening,601.8,18
"Shindaeyang Paper Co., Ltd.",601.74,2
Seadrill Americas Inc.,601.36,16
Quebec Inc. 9315 1546,601.2,1
Flender Corporation,600.51,12
Equilibra Peru S.A.,600.48,2
Field Farm Marketing,600.0,2
Isuzu North Americacorporation,599.83,3
Jfe Shoji Trade America,599.68,1
Sun Country Marine Inc.,599.2,17
The Andersons Inc.,598.42,3
Kipesa Sa,596.96,10
0592 Od Co Co T1 Ammo Ord,595.84,2
Murphy,595.05,15
Crrc Ma Corp.,594.7,12
Siemens Gamesa Renewable Energy Eol,594.5,3
Dextra Transport Vietnam Co . Ltd.,594.25,4
Rohlig Australia (Pty) ) Ltd.,593.54,32
Inmobiliaria Jjk Sa De Cv,592.0,1
Essential Chemicals Usa,591.8,22
Epiroc Customer Centre,591.1,16
Maverick Marine Ventures,590.0,2
Noble Valiant,590.0,2
Cargoways Ocean Services Inc.,589.03,1
First Energy,589.0,4
Zoomlion Heavy Industry Mexico,588.88,3
Sevier Solid Waste Inc.,588.8,2
Mecomar Sa,588.62,2
Comercial Izadora Vistrain Gonzalez,588.51,1
Sea Ltd.,588.0,4
Indus Energy System Inc.,587.68,3
Air Liquide Large Industries Us Lp,587.08,3
Frontier Kemper Michels Jv,585.8,2
Nexgen Metals Inc.,585.75,1
Rhenus Project Logistics Inc.,584.3,7
Jumbo International S.A. (Jisa),583.87,37
Birch Infrastructure,583.6,4
Bhanulaxmi Trade Imp. & Exp. Pvt.,583.06,2
Jmb Equipment Usa Inc.,582.54,10
W80 F6 Q,581.38,20
Airbus Atlantic Canada,581.17,177
Poseidon Steel,580.99,6
Nidec Minster Corporation,580.82,10
Japan Ground Self Defense Force,580.78,4
Ci Iv Buffalo Plains Lp,580.65,1
Damera Bus Usa Llc,580.64,8
Uni President Enterprises Corp.,580.52,2
0188 Ad Bn 01 Bty B Mamdaven,580.33,14
Kinnox S.A.,579.3,2
State Machinery,579.28,22
Al Thekair General Trading And Contracting Co.,578.39,32
Pro Citrus Network Inc.,578.37,8
American Coffee Corp.,577.75,7
Logistec Terminals Inc. (Usa),576.96,12
Flint Hills Resources Lp,576.62,5
Charter Steel,575.16,1
Fivesbronx Inc.,575.0,2
Intl Offshore,574.49,59
Gac North America (Pascagoula),574.0,1
Corestock Supply Ltd.,573.48,4
Combi Lift Projekt Gmb H & Co. Kg,573.44,2
Axiom Worldwide Logistix Inc.,573.24,1
Tenaris Global Services Uk,572.76,5
Primoris Renewable Energy,572.57,1
Ricardo Perez S.A.,572.2,12
Sea Shipping Lines,571.02,6
Petromin Corp.,570.28,12
Odessa Ltd.,570.0,4
Strip Steel S De Rl De Cv,569.46,8
Burkholder Tractor Sp A Res,569.22,26
Jaguar Land Rover Ltd.,569.08,2
Seabridge For Motorhomes,569.08,132
A) Sumisho Global Logistics (Usa),569.0600000000001,3
The Bank Of,568.9,2
Gm Toledo Pwrtrn Cisco 51098,567.5899999999999,6
Alvarez Barba S.A.,567.1800000000001,60
Movilidad Urbana Merida,567.0,6
Holmer Americas Inc.,567.0,21
Cld Physical Security System Inc.,566.21,17
Coilplus,566.0899999999999,2
Centurion Lumber Co Tradepoint,565.53,1
Kip Steel Inc.,564.9,12
Orange County Advanced Power,564.79,5
Snk America Inc.,564.55,7
Bhp,564.13,5
Abhishek Products,563.42,2
Basin Electric,563.4000000000001,4
Frd Toa Baja Llc,563.26,27
Airbus Us A220 Inc.,562.87,21
Steel Warehosue Co. Llc,562.71,6
Audi Do Brasil Industries E Comercio,562.0,6
Enel Green Power North America,561.9200000000001,8
Global Motors Nz Ltd.,561.78,13
Fideicomiso Irrevocable De,560.8,2
Wasteline,560.59,12
Casa Pellas S.A.,559.8,38
Magna Motors S.A. Andor Julio Ro,559.1899999999999,38
Hanwha Advanced,558.8,1
W35 Kt6 W7 Nh Uspfo Activity Ms Arng,558.68,4
Ev Motors Ltd.,558.34,4
Karan Overseas,557.3,2
M G Machinery Llc,557.3,15
Polaris Technology Inc.,557.11,3
West Publishing Corp.,556.93,11
Minera Escondida Ltda,556.8,1
Kiwi Yachting Ltd.,556.0,4
Troy Design & Mfg. (Tdm),555.15,3
Ceva Logistics 1333 South Mount,554.47,2
Nelsen Steel Co.,552.59,6
Rpm Crushers & Screens Llc,552.38,17
Anaconda Usa Inc.,551.06,20
Boiler Tube Co. Of America,550.92,12
Kiewit Water Facilities Florida Co.,550.8,12
R. G. Brothers,550.4100000000001,2
Master Of Mexico Flng,548.74,2
Wasteline Solution,548.63,14
Tahiti Automobiles Sa,547.68,44
Air Liquide Global E&C Solution Us,546.54,5
Negri Bossi North America Inc.,546.0,3
Depcom Power,545.9,1
Crane Worldwide Logistics Llc,545.87,9
Titan Tube Metal,544.64,1
Kannegiesser Etech Inc.,543.6,17
Refratechnik Cement Gmb H,543.27,1
Stolt Tank Containers,543.26,26
Petersen Industries,542.93,17
Ssab Alabama Inc.,542.48,19
Aceros Cortados Sas Nit 8001896873,542.0899999999999,2
To Kia Chile Sp A .,541.74,6
Sodauto,541.48,56
Nature Environmental,540.72,57
Nissin Mexicana,540.5400000000001,4
Global Stainless Steel Inc.,540.38,5
Rhenus Sankyo Logistics K.K.,540.1800000000001,4
Ch Robinson De Mexico Sa De Cv,539.68,6
Fraser Grain Terminal Ltd.,538.56,1
Ge International Inc.,538.2,4
Sundaram Clayton Usa Llc,537.64,2
Viking Forest Product Llc,536.1,1
Seanet Europe Ltd.,536.0,6
Texas Pipe Works,535.47,3
American Jereh International Corp,534.99,7
Altorfer,534.61,8
Sk International (America) Corp.,534.44,2
Banco De Credito Del Peru,534.04,11
Oro Verde Industria Y Comercio Sa,533.74,30
Banco De Costa Rica Oficinas,533.56,2
Doll America Inc.,533.4399999999999,31
Automotriz Cr Ca Sa,533.38,8
Lulin Farm,533.24,42
The Design Oasis,533.04,4
Inchcape Caribbean Inc.,533.0,108
Tear Drop Rack Sa De Cv,533.0,1
Rabobank Int.,533.0,1
To The Other Of,531.39,1
Worldwide Machinery Inc.,531.38,11
Special Metals Corp.,531.32,7
Rheinmetall Defence Australia (Pty) ) L,530.84,16
Iff International Flavors & Fragrances Inc.,530.8100000000001,29
Auto Excel De Nicaragua S.A.,530.62,23
Mech Tech Engineering,530.56,2
Moonshine Bianca Llc,530.0,2
Ranger Steel Inc.,529.6,7
Norton Lilly Altamaritima,528.52,2
Salzgitter,528.1,3
Schuylkill Energy Resources,527.56,6
Samboro S.A.,526.96,2
Nebraska Public Power District,526.84,6
Ffm Grains & Mills Sdn. Bhd,526.38,2
Alphonso Car Sales Unlimited,526.38,4
M12 Llp,526.12,2
Workstrings International,525.72,6
Howco Metals Management,525.52,12
Mitsubishi Hitachi Power Systems,524.25,1
Csv Albright Lp,523.68,2
Drew Marine,523.26,53
Talus Renewables Inc.,522.97,3
Moran Gulf Shipping Agencies,522.64,14
North Pole Star S. De R.L. De C.V.,522.48,2
Mi Mini Truck Sales Llc,522.39,164
"Fo Nexteel Co., Ltd.",521.96,3
Ag Power Systems Inc.,521.52,6
Recal Aceros Sa De Cv,520.99,1
Ana Brady Auto Solutions Ltd.,520.66,20
Brevard County Landfill,520.2,23
Viet My Imp. Exp. Logistics Co.,520.08,2
Here Comes The Sun Inc.,520.0,2
Toyota Do Brasil Ltda,519.4399999999999,32
Weatherford International Inc.,519.27,13
0037 In Hhc Hhc Aa Rear Det,518.82,15
Caf New Zealand,518.8,4
Kuehne + Nagel Ltd. Nz,518.8,4
Exchanger Industries Ltd.,518.53,5
Gf Machining Solutions Llc,517.27,67
Balena Projects Usa,517.21,1
Music Matters Production,516.8000000000001,4
Dacro Industries Inc.,516.51,4
Llog Exploration Co. Llc,516.32,9
Rattunde Corp.,516.2,6
Siemens Gamesa Renewable,516.0,2
River Cement Co.,515.87,5
Aceros Levinson S.A. De C.V.,515.86,7
Lmk North America Plate Pa,515.66,2
Advanced Customs Services Ltd.,515.36,32
Truper Herramientas S.A. De C.V.,514.94,2
Pollmeier Massivholz Gmb H & Co Kg,514.16,2
Ihle Fabrications Llc,513.99,20
Equipment Advisors And Sales Llc,513.59,28
Asi Co Fmt Portage,513.47,2
Sirena Usa Llc,513.08,8
Ni Met Metals (Usa) Inc.,513.0,2
Nissan Automotive Europe S A S,511.56,8
Nationwide Rv Ltd.,511.2,40
Kensa Logistics Mexico S.A. De C.V.,510.93999999999994,4
Fca Automobiles Argentina S.A.,510.90000000000003,6
Chart Inc.,510.86,7
Fabrica De Envases S.A.,510.33,1
Energy Alloys Global Solutions,510.28,16
Flamingo Partners Ltd.,510.0,2
Hanwa Steel Service Mex,509.8,10
Far East Metals Inc.,509.72,12
"Dongkuk Coated Metal Co., Ltd.",509.7,1
0062 Ad Bty Bty Aa Rear Det,509.62,2
Shred Tech Corp.,509.6,21
Tien Hung Jsc,509.0,2
Air Liquide Electronics Us,508.61,5
"Hai Soon Ship Management Pte., Ltd.",508.0,2
Herrenknecht Ag,508.0,2
Cie Metal Norte Sa De Cv,507.86,1
Industries Atunera Centro American,506.92,4
Central Motriz S.A.,506.9,16
The Northern Trust Co.,506.73,2
Foodchina Co.,506.65999999999997,2
Siemens Energy Inc.,506.30999999999995,7
Kipesa,506.05,13
Edge Distribution Usa Inc.,506.0,6
Ormat Nevada Inc.,505.83,8
Manitowoc Crane Group Australia,505.64,6
Automax S.A. De C.V.,505.62,20
Envases Y Tapas Modelo Sa De Cv,505.56,1
Cv Aceros Ag,505.26,2
To The Orer Of,505.13,1
Toshiba America Energy Systems,505.12,9
Orion Marine Construction Inc.,504.98,10
Amercore Shipping,504.71999999999997,6
Estampados Magna De Mexico S.A. De,504.56,1
W81 Dkn,504.54,8
Loreal Lid Na,504.49,41
Rohr Inc. Pl,504.43,65
Tratos Cavi Sp A,503.72,2
Siemens Gamesa,502.78,2
Nucor Cold Finish Utah,502.66,2
"Anhui Jinlongyuan Food Co., Ltd.",502.52,1
Cremer Erzkontot Gnbh & Co.Kg,502.5,1
Plesa Anahuac S.A. De C.V.,502.0,1
China Steel & Nippon,501.97,3
Skymark Refuelers,501.94,8
Tomcompany S A De C V,501.5,1
W22 Qw6,501.48,12
"Lingong Heavy Machinery Co., Ltd. Add",501.3,9
Arnold Machinery Dba General Implem,501.3,23
K&S Equipment Llc,501.06,6
Cd Metales International S De Rl De,500.6,2
Mgx Equipment,500.56,13
Specialized Customs Services Inc.,500.0,1
Agn Aviation Services,499.48,2
Energya S.A,498.77,1
Tempo Global Resources,498.69,1
Seoyon E Hwa Austin,498.04,4
Mccafferty Enterprises,498.03999999999996,3
Haco Atlantic Inc.,497.6,11
Glacier Fish,497.38,8
Industrial Tech Services,497.01,19
Yeo Y Constructores S.A. De C.V.,496.94000000000005,3
Taerang Corp.,495.49,4
Atlas Cst. Inc.,495.21000000000004,2
Texas Pipe Works Inc.,494.66,4
Sgb Usa Inc.,494.64,18
Roschmann Steel & Glass Constructio,493.33,39
Hansa Meyer Global Transport Sa De,493.04,8
Ropa North America Llc,493.0,7
"Jwa Co., Ltd.",492.41999999999996,10
North Country Tractor,492.4,45
Babcock & Wilcox Power Generation,492.36,16
Insumos Y Bienes De Mexico Sa De Cv,491.6,1
D. J. Powers,491.44,1
0005 Ad Bn 04 Bty D Ada Batte,491.3,2
Terra Industries New Zealand Ltd.,490.56,12
Dsv Air Sea Inc. 6307 S 228 Th St,490.29999999999995,5
Tuberias Y Valvulas,490.21000000000004,3
Mccloskey Canada (Machines),490.2,14
Classic Harvest Produce Llc,489.95,13
Break Through Production,489.32,3
Chadwick Baross Inc.,489.32,30
Daimler Trucks Korea Ltd.,489.18,2
Grupo Solutions Sp A,489.15999999999997,2
Bms Heavy Cranes Inc.,488.85,4
Man Energy Solutions Usa Inc.,488.26,42
W5670 W,486.85,9
Consorcio Minero Benito Juarez,486.2,6
Nanjing Bonagro International Trading Co.,486.06999999999994,3
Thk Mfg. Of America Inc.,485.72,8
Jungbunzlauer Canada Inc.,485.53,2
Comercializadora International Loci,485.44,1
Honkong & Shanghai,485.36,1
All Metals,484.86,24
Egf Energy Partners Llc,484.7,6
Sandvik Mining And Rock Solutions,484.49,19
Caf Mexico Sa De Cv,484.48999999999995,18
Agrow International,484.36,2
Inner City Diesel Ltd. 181,483.74,2
Quimica Industrial,482.96,10
Macaroni Tubing Ltd.,481.73,7
Hyster Yale Group,480.65999999999997,20
Ozinga Slag Llc,480.53999999999996,3
Crescent Power Systems,480.52,3
Rem Sales Llc,480.42,26
Chinaa 15 Tha Metallurigicala Constr,480.04,2
Cantieri Di Ostia Srl,480.0,2
Hackey Lindish Russelville 708,479.18,1
John Cockerill Industry North,478.74,5
Res America Developments Inc.,477.78000000000003,6
Acero Prime,477.16,2
Cliff Berry Inc.,476.88,14
Niagara Lasalle Corp.,476.88,4
Siemens Gamesa Rebewable Energy Inc.,476.16999999999996,5
Mbi Rolls,475.91,7
Reworld Waste,474.5,7
Kmu Corporation Sa,473.89,11
Rieles Y Complementos,473.78,5
0101 In Hhc 02 Headquarters,473.53999999999996,4
Electric Boat,473.44,13
Massy Motors Ltd.,473.34000000000003,6
Worldwide Auto Imp.&Exp. Llc,472.71999999999997,305
Senator International S. A. De C.,471.96,2
My Yachts Usa Llc,470.0,2
Superior Pressure Vessels Inc.,469.28,8
Lift Technologies Inc.,469.06,8
Manzana Products Co Inc.,468.72,8
Volkswagen Group Australia,468.7,24
Est International Inc.,468.59000000000003,7
Hitachi Construction Truck,468.15999999999997,4
Bertling Logistics Chile S.A.,467.9,1
Progressive Services Corp. (Psc),467.46,3
United Grinding Technologies Inc.,467.13,41
Schuler Inc.,467.04,1
Firstbank,467.01,24
Almameto Sa,466.6,12
Oncor Electric Delivery Co.,466.2,2
Recal Estructuras S.A. De C.V,465.5,2
Ngc Reneawables,465.4,5
Superior Roll Forming,465.27,8
Metso Outotec Usa Inc.,465.2,13
Team Equipment Ltd.,464.74,29
Macsteel International,464.54,2
Kiwirail Holdings Ltd.,464.48,2
Keepin It Reel Llc,464.0,6
Pt Murti Jaya Abadi,461.4,1
Big Horn Lift Truck & Equipment,460.52,4
Sf Marina Ab,460.0,2
Mimico,459.02,37
Sojitz Canada Corp.,458.9,1
Crown Food Packaging,458.82000000000005,4
Prestasi Flourmill (M) Sdn Bhd,458.81,1
Saleh Alhamad Almana Co.,458.56,28
Tubular Steel Inc.,458.44,7
Packaging Corporation Of America,458.31000000000006,3
Bri Steel Mfg.Enid,457.49,1
Seba International Lnc.,457.19,2
La Tourangelle Inc.,456.64,14
Gerber Steel Co. Inc.,456.24,18
Rogue Truck Body Llc,455.78,15
Ali & Sons Co Llc,455.64000000000004,14
Nakagawa Special Steel Mexico S.A. De C.V.,455.48,8
Us Equipment Rental & Sales Lp,455.2,11
Briggs Equipment S.A. De C.V.,454.55999999999995,10
Sampol Puerto Rico Llc,454.15999999999997,6
Tech Motors,453.69,282
Volvo Equipmentos De Constructo L.A,453.6,12
Summit Customs Brokers,452.46,4
W505 Hp,452.11,14
Pacific Ocean Scuba,452.0,2
Pacific Asian Enterprises Inc.,451.8,10
Moto Vated,451.29,51
Harris Katz,451.09,48
Ttnca,450.79,19
Intermodal Tank Transport Inc.,450.72,6
Jensen Usa Inc.,450.44,17
Rubber Designs,450.0,18
Sterling Container,450.0,3
Dss Llc,449.64,2
Cv Aceros Ag (Hq),449.15,1
Ico N.V.,448.62,24
Pacific Materials Handling (Pty) ) Ltd.,448.0,16
Ge Power,447.9,6
"Kukil Paper Mfg. Co., Ltd.",447.65999999999997,4
Kapp Technologies,447.38,23
Umecc (Canada) Inc.,446.76,5
Stericycle Marine Solutions,446.68,12
The Newland Co. Llc Dba Newlan,445.18,2
Lange Fresh Farms Inc. D B A Lange,444.86,7
0197 Fa Bn 03 Hhb T0 Rear Det,443.64,2
Intl Drilling Equipment,443.62,14
Carrosserie Hess Ag,441.32,10
Bruks Siwertell Americas,440.8,8
Rasamny Younis Motor Co.,440.71999999999997,26
Freeport Ship Services,440.7,1
Enterprise,440.5,36
Hydro Extrusions,440.4,2
Park Energy Sa De Cv,440.03,1
Donya Ltd.,440.0,2
Fives St Corp.,439.75,6
Tc Det Social,439.54999999999995,2
Scania New Zealand Ltd.,438.99999999999994,8
Ztz Logistics D,438.9,2
Windmoeller & Hoelscher Corporation,438.24,22
"Vancouver Shipyards Co., Ltd.",438.22,4
Dodaac M20920,436.9,8
Edp Renewables,436.84,4
Volvo Car Canada Ltd.,436.45000000000005,5
Apollo Logistics Llc,436.22,752
Excool Inc.,436.0,8
0461 En Det Det Aa Rear Det,435.74,4
Hitachi Abb Power Grids.,435.59,1
Toromont Cat,435.28,12
Kosmos Energy Gulf Mexico Ops Llc,435.02,9
Etg Commodities Inc.,435.02,1
Bombardier Aerospace Mexico,434.7,2
Casa De Aduanas Mendoza Sc,434.58,4
Act Enviro.,434.46,93
Envitec Biogas Usa Inc.,434.0,18
Kaessbohrer All Terrain Vehicles,434.0,28
Sumisho Globallogistics (Usa) Corp.,433.15999999999997,4
Clean Harbors Env S Plainfield,432.23,21
C I,432.14,1
Flender Finland,432.08,5
Taminka Metal Roofing,432.0,1
Paladin Marine Llc Marshall Islan,432.0,1
Redecam Usa Llc,432.0,4
Arab Bank Plc,431.88,34
Cimsa Americas Cement Manufaturing,431.73,1
North American Produce Buyers,431.64,32
Aero Mag 2000 Bos Llc.,431.5,13
Nmt Oceania Nz Ltd.,431.12,8
Audubon Field Solutions Llc,430.24,4
Environmental Response Services,430.18,2
Sj Environmental Corp.,429.98,5
Sandvik Mining & Construction Llc,429.68,12
Santo Domingo,429.65999999999997,12
Arsa Sistemas Metalicos,429.41,1
Delta Marine & Environmental,428.2,7
Hitachi Energy Mexico S.A. De C.V.,428.09000000000003,2
0106 Av Bn 01 Hhc T0 Rear Det,427.6,16
Coras Trailer Mfg. Inc.,427.40999999999997,8
Lamina Y Placa Comercial Sa De Cv,426.56,4
Weber Inc.,426.48,33
Sany International Devevelopment Limitedc O,426.46,3
Wise Forest Products,426.43,1
Lennox Plant,426.38,4
"Atlas Paper Bag Co., Ltd.",425.86,13
Holt Cat,425.8,7
Us Military Central Receiving & Shi,425.68,2
Indiana Overseas Trading,425.27,1
Peravia Motors S.A.,424.84,12
Lockheed Martin Corp.,424.08,25
Tokyo Motors Dc Llc,423.98,74
Friendscholdco Llc,423.72,2
Hess Corportation,423.66999999999996,2
Intl Construction Equipment,423.21999999999997,27
Deluxe Paper Products Inc.,423.2,18
Raico S.A.,423.04,4
Agrifac North America Inc.,423.0,16
Jonas Browne & Hubbard (G'da) Ltd.,422.82,14
Kobelco Constr Machinery,422.5,2
General Dynamic Ordance Tactical,422.0,9
Mariotti Building Products,421.46,15
W517 Kb,421.11,13
Jznee Renewable Energy Tech,420.86,2
Suzuki Australia,420.57,17
Cs Carga Forwarders Sa Development,420.0,2
Wagner Equipment Co.,419.78,13
Bower's Great Lakes Inter Drain,419.6,12
Mitsubishi Electric Corp.,418.62,2
Agrawal Oil And Biocheam,418.4,2
Lm Wind Power Blades,418.34000000000003,3
Manas International Inc.,418.22,2
Greenfield South Power Corp.,418.19,6
North American Coal Corp.,418.0,4
Aselec Electricidad S.A. De C.V.,417.9,1
Redcorn Llc,417.70000000000005,5
Joy Pipe Usa Lp,417.61,3
Komatsu Marketing Support Austalia,416.96,2
Strippit Inc. Unit Of Index,416.52,7
1045761 Ontario Ltd. O A,416.09,1
Sparber Mexico International S.A.,416.0,12
Ge Renewable Energy,415.88,10
"Meadows Wye & Co., Inc.",415.69,12
Stena Drilling Us Inc.,415.08000000000004,8
Manitowoc Crane Care,415.03999999999996,11
Jdm Sport Classics,414.74,101
Epiroc Australia (Pty) ) Ltd.,414.52,8
Nick Sciabica & Sons,414.02000000000004,2
Area Leisure Ltd.,414.0,4
Sedemi Servicios De Mecanica Indust,413.37,1
Gianfranco Righi Divisione Italtran,413.2,8
Eastlink Capital Management Llc,412.79999999999995,6
Caterpillar S A R L Singapore,412.78000000000003,18
Gefco France Sas,412.52000000000004,4
John Deere Sales Hispanoamerica S,412.22,14
Eca Canada Co.,412.12,7
Alberic Dodge Chrysler,412.06,30
Haarslev Industries,412.0,5
Den Hartogh Americas Inc.,411.8,2
Cbi Miami,411.8,53
Commercial Bank Of,411.48,6
J H Equipment Llc,411.24,14
Skanska Traylor Pnb Joint Venture,410.76,2
Tom Lange Co. International,410.72,6
Motor Services Hugo Stamp Inc.,410.71999999999997,31
Powertrac Machinery An R. Udelson C,410.44,9
Fracht Canada Freight Inc.,410.07,3
John Bean Technologies Corp.,410.06,2
Saga Welco Savannah,409.92,50
Beacon Shorebase,409.79,1
Dsv Air Sea S.A. De C.V. I930,409.56000000000006,12
Freightplus Usa,409.04,16
Timber Ridge Equipment,409.0,18
Ritchie Bros. Auctioneers Inc.,408.76,6
Kzjv Llc Plaquemines Lng Facility,408.76,4
M.M. Dahll Mill,408.14,2
Motorcorp Distribution Ltd.,407.88,8
Rock And Recycling Equipment,407.52,12
Acesco Panama S. A.,406.86,2
0395 Od Co Co T1 Rear Det,406.76,2
Galp Windoek Pel 28 B.V.,406.72999999999996,13
Envases De Sinaloa Sa De Cv,406.08,1
Tuberias Y Valvulas Del Noroeste,406.0,2
Sci Systems De Mexico S.A. De C.V.,405.82,4
Asi International Ltd.,405.74,4
Waste Connection Sebastian Wagner,405.5,8
Spire Storage West,405.48,1
Eagle Plaza Llc Dba Dba Eagle Cars,405.12,48
Hennessy International Inc.,404.4,12
Michigan Cat,403.92999999999995,13
Multilin Overseas Solutions,403.91,1
Agroa Proa Panamaa S.A,403.34,2
"Canaan Shipping Co., Ltd.",403.3,4
Tuberias Visa Sa De Cv,403.24,2
Mutilin Overseas Solutions S.A De,403.02,6
Brasserie De Tahiti Sa,402.96,4
Ceva Freght Llc,402.46,2
Levy Gallatin Mill Services,401.46,1
Bootstrap Energy,400.98,4
Comercializadora Centry Recycling,400.83,1
Siemens Energy,400.8,5
Tranzul S.A.S.,400.8,2
Pacific Basin Shipping (Usa) Inc.,400.4,4
0382 Cs Hhc Hhc Aa Rear Det,400.34,2
Rl Junior Llc,400.0,2
Adnoc Sour Gas,400.0,2
The Dow Cemical Co.,400.0,2
Delta Whiskey Llc,400.0,2
Seven Ilp,400.0,2
Entia De Mexico Sa De Cv,400.0,1
Southwest Alloys,399.7,4
Linde Inc.,399.63,9
Muthana Al Battawi Motors Fze,399.3,2
Channell Comercial Corp.,397.96,4
Port Logistics Terminal Operations,397.88,1
Norpak Corp.,397.86,12
Fuji Electric Corp. Of America,397.83000000000004,3
Nucor Bright Bar Inc.,397.83,24
Spudnik Equip Co.,397.78,36
Holt Of California,397.36,10
Public Service New Mexico,397.2,4
Hanwa Mexicana S.A. De C.V. Av. Pa,397.07,1
Monjasa Inc. Harbour Square 700,397.0,1
Oil Energy System Inc.,396.9,10
Jeonju Paper Corp.,396.72,2
Ritchie Bros Auctioneers De Mexico,396.28,16
Boyd Metal Of Fort Smith,396.09000000000003,2
Mountain View Tractor Llc,395.68,37
Gulf Bank Ksc,395.3,4
Johor Bahru Flour Mill Sdn Bhd,395.29,1
Urgent Design & Mfg,395.0,8
K&S Equipment Sales,394.98,2
Gt,394.94,2
Pride Metals Llc.,394.85,3
Lumbermens Merchandising Corp.,394.77,18
Ey1126 Drs Sustainment Sys In,394.62,8
Idaho Power,394.54,2
Dow Hydrocarbons And Resources Llc,394.46,2
Ascend Elements Inc.,394.44,6
Bhp Biliton Canada Inc.,394.36,4
Distribuidor De Maquinaria Del Sur,394.24,12
Kodiak Pipe Rental Inc.,394.16,1
Lamboo Svsr,393.8,21
Luigi Lavazza Sp A,393.68,8
Mecalac North America Llc,393.53999999999996,33
Site C Construction Office,393.45,9
Herkules Usa,392.65999999999997,8
"Sun Earth Co., Ltd.",392.42,10
Subsea 7 Us,392.34,16
Bennett International Transport Llc,392.21000000000004,5
Thabet Trading Sfz Opp To Octal,391.9,35
Stemcorusa Inc.,391.58,2
Bollore Logistics Australia (Pty) ),391.28,2
Traillite,391.14,32
Siemens Energy Inc. Tax Id 13,390.8,5
Snp America Inc.,390.78,2
Ge Co. Renewables,390.68,2
Finning Chile S.A.,390.58000000000004,12
Porter Equipment Ltd.,390.52,16
Eazytrade Customs Brokers Ltd.,390.0,10
Oestergaard Inc.,389.45,7
Emirates Nbd Bank Pjsc,388.82,14
Ca Joseph,388.68,8
Pollmeir Massivholz Gmb H,388.59,5
Dodaac M00072,388.58,10
Jefferson Beach Yacht Sales,388.3,10
Keller North America Inc.,388.0,8
Ocean Point Terminals,387.6,2
Kangore Traders,387.3,2
Globaltrade Distribution Inc.,387.26,2
Machinery Partner,386.52,14
Tkd Trading Ltd.,385.68,13
Heavy Parts Center Inc.,385.63,21
Texas Pipeworks Inc.,384.86,2
Caterpillar Inc. Saft,384.62,3
Spaleck Usa Llc,384.04,16
Garnet Usa,384.03,5
Colombian Standard Logistics Sa,384.02,2
Crystal Process Equipment Llc,384.0,4
Sumitomo Mitsui Banking Corpor,383.86,1
Sangsin Indiana Inc.,383.58,2
Crusher Works Llc,383.4,10
Vina One Steel Mfg.,382.87,4
Oviplax S.A.,382.18,4
Great Southern Equipment Co.,382.0,22
Renewable Energy Power Puerto Rico,382.0,2
Silent Aire Usa Inc.,381.65000000000003,10
Schuch Heavylift Corp,381.6,1
United Cars Almana,381.34,20
Pardo Yachts Miami Llc,381.2,29
Jyk Fresh West,381.06,12
Equipment Corp. Of America,380.64,21
Viv Ltd.,380.0,2
F40 Llc.,379.92,8
Petroautos S.A. Phone507278 570,378.9,2
Thompson Pipe Group Pressure,378.81,1
Intl Transmission Co.,378.6,2
Global Steel Trade S.A.,378.56,2
Volcafe Usa,378.52,7
Scrap Metal Services Llc,378.11,7
Procter & Gamble,378.0,19
Vass Pipe Steel Inc.,377.88,3
Cuevas Hermanos S.A.,377.58,8
Cd Metales International,377.55,2
Powerscreen Of Florida Inc.,377.48,12
Advance Chemical Transport,377.39,67
Jaidah Motors And Trading Co.,377.32,12
Daming International Imp. & Exp. .,377.2,2
Lemken Usa Inc.,377.09,39
Eog Resources Australia Block Wa 48,377.08,1
Geo F Huggins,376.6,30
Cycle Chem Inc.,376.12,35
Intertractor America Corp,375.81,1
Austal Usa,375.62,4
Maverick Environmental Equipment Ll,375.16,12
157 Arw Lrs Lgrdc,374.96,2
Real Auto B.V.,374.46,64
Al Mulla Automobiles For Buying,374.08,16
Cavaion Baumann Usa Llc,374.08,12
Metal Roof Master,373.49,2
Tyler Rental Inc.,373.4,8
Ge Energy,372.38,32
Dmg America Inc.,371.6,3
Allied Fence Builders Inc.,371.3,8
Denton Warehouse,370.8,2
Valaris Dps5,370.53,6
0057 Sc Bn Co C0 Rear Det,370.34,4
Us Air Force Property Co Drs,370.12,4
Dodaac N09495,369.72,8
Penco Pacific Enviromental Corp.,369.59000000000003,10
Engel Canada Inc.,369.15999999999997,5
Soluciones Globales Ferroviarias,368.88,1
F & P America Mfg. Inc.,368.26,4
W8 W4 Ny Arng Mates 1,368.08,3
Saleh Al,367.94,10
Nextera,367.6,2
Banco De La Produccion,367.46,2
Sun Ace Trade And Commodities Inc.,367.12,2
Jaguar Australia P L,367.1,24
Empresas Ortiz Brunet,367.0,6
Boca Bn Llc,366.88,1
The Fresh Wave Lc,366.51,5
Hella Automotive Mexico S A De C V,365.94,2
Samtech Automotive Mexico S.A De C.,365.78,1
Healthy Brand Oil,365.68,3
Honda Development & Mfg Of America,365.56,8
Eastimpex,365.5,10
Finning International Inc.,365.46,34
Plastimetal,364.7,2
Automotores Toyota Colombia S.A.S.,364.67999999999995,8
0365 Cs Hhc Hhc Aa Rear Det,364.58,4
Survitec Safety Solutions Us Llc,364.46,690
Jaguar Land Rover Canada Ulc,363.98,4
Peltz Marine,363.82,8
Fracht Logistics De Mexico S.A. De,363.54,10
National Tube Supply (50),363.53999999999996,9
Lineage Laboratory Llc,363.15,17
Center Line,363.0,1
Purple Wave Auction,362.83000000000004,7
Auto Nica S.A.,362.7,28
Anaconda Usa (Machine Acc),362.48,10
Pnw Machinery Llc,362.0,15
Port City Machinery,361.95,19
Metso Usa Inc. Capital Equipment,361.9,8
Hitachi Zosen Inova Usa Llc,361.5,17
Mitsui Co. (Canada) Ltd. Head,360.85,5
Gptech Eks Inc.,360.78,3
Valhalla Sales & Marketing,360.0,19
"Mitsui Bussan Packaging Co., Ltd.",359.11,4
0226 Qm Co Co Aa Rear Det,359.09000000000003,6
Schenker Inc.,357.96000000000004,14
Auto Solutions Ltd.,357.52,105
Volvo Cars Australia (Pty) ) Ltd.,357.38,6
Nippon,357.01,3
Murphy Shorebase,356.65,7
Zrc Machinery Llc,356.55,16
Crane Specialists Inc.,356.0,5
Bridon American Corp.,355.87,9
Gulf Coast Growth Ventures Ltd.,355.65999999999997,3
Wally Castro Marine Inc.,355.47,13
Wuhl Shafman Lieberman Corp.,355.26,5
Dmax Ltd.,355.2,3
Mtalx Usa 32 Oakland Avenue,355.0,2
Fire Protection Service,354.43,712
Mt Eurosailor,354.0,3
Green Star Equipment,353.4,39
"Tailim Paper Co., Ltd.",353.39,3
Petroautos S.A.,353.1,6
Frauenthal Gnotec Inc.,353.04,3
Southpac Trucks Ltd.,352.82,2
Ecuacorriente S.A.,352.40999999999997,3
Jnb Heavy Haul,352.20000000000005,6
Cng Specialty Paper Group,352.06,2
Solvay Usa Inc.,352.0,17
J Fortuna Constructora,351.53999999999996,4
Banco De Reservas D,351.36,6
Amsted Rail Co. Inc.,351.19,4
High Steel Service Center,350.88,2
Ashirwad Traders,350.72,2
Nov Grant Prideco Inc.,350.26,1
Donghai Xinrunhua Quartz,350.2,2
Smith Crane & Construction,350.18,2
Liebherr Mining Equipment Co.,349.84,6
Walsworth Publishing,349.21,9
Jeff Martin Auctioneers,349.0,8
Pti Infraestructura De Desarrollo,348.77,1
Irock Crushers Llc,348.44,9
Winnebago Industries Inc.,347.7,6
Nikolaus Bagnara Sp A,347.32,1
Metropolitan Water District Of Sout,347.2,3
Alro Steel Corporation,346.87,14
Buckingham Structural Moving Equipm,346.74,7
Geoconstructors Inc.,346.64,4
Herfurth Logistics Nv,346.40000000000003,10
Utc Overseas Colombia Sas,346.37,1
Searing Industries,346.26,2
Starfire Motorsport Llc,345.2,12
Vwgoa Port Operations,344.61,11
Agco Australia,344.54,13
Anchor Logistics Inc.,344.4,12
Av Bn 07 General Support,344.38,4
Gcc Supply And Trading,344.0,2
Morrison Energy,343.85,14
Astco Canada Inc.,343.54,4
0190 Cs Hhc Hhc Aa Rear Det,343.18,2
0003 Ad Bn 04 Co E Maintenanc,343.04,2
Sparber Lineas Maritimas S.A.,343.0,4
G.E. Mathis Co.,342.15,13
Delta Railroad Construction,342.0,2
Technoalpin Usa Inc.,342.0,2
Ampelmann Usa Corp.,341.98,3
Hug Steelgroup,341.28,2
Pt . Kapuas Lestari,341.04,1
Nexans High Voltage Usa,340.96,20
Intl Drilling Equipment I,340.38,4
Lci Ltd. (Lotus Cars Imp.),340.12,6
Jy Moreau Electrique Inc.,340.0,6
Piccolo Boat Ch Ltd.,340.0,4
Hanse North And South America,339.92,39
Swissboring Overseas Corp. Ltd.,339.52,2
Viamar S.A. Ave.Maximo Gomezno.9,338.86,2
Crystal Webb Entry Agent Customs,338.8,11
Pb Trading Inc.,338.7,22
D H Griffin Wrecki,338.68,1
Priority Ro Ro Services Inc.,338.28999999999996,52
Protrack Bc,338.20000000000005,8
An Huy Service Trading Co. Li,338.07,2
Thunderbolt Global Logistics Llc,338.0,2
Haylier International Ltd.,337.73,2
Cld Systems,337.7,6
M.A. Mortenson Co.,337.58,1
Fouad Alghanim & Sons Automotive Co.,337.5,10
Avl North America Inc.,337.02,4
Skymark Refuelers Llc,336.4,11
Pearlson Shiplift Corp.,336.0,2
Szk Del Ecuador S A,335.88,10
Cfr Line Nz Ltd.,335.82,12
Gmp Logistic Groupsrl,335.8,22
Jeff Brown Yachts Inc.,335.06,64
Tampaship Llc,334.88,2
Hitachi Rail Usa Inc.,334.47,15
Wren Mfg. Inc.,334.40000000000003,11
Tracks Worldwide,334.38,11
Bred Banque Populaire,334.32,10
Estructuras Y Perfiles,334.25,1
Packaging Corp. Of America,333.9,3
Oac Equipment Corp.,333.38,12
Fagioli Inc.,333.34,4
Jcq Services Inc.,333.27,1
0811 Od Co Co T1 Equip,333.16,2
Pacwest Machinery,332.84,16
Jp,332.57,1
Irock Crushing Llc,332.04,8
American Completion Tools,331.97999999999996,13
Kia Chile Sp A,331.94,2
Menasha Packaging Co Llc,331.66,3
Honda Development And Mfg. Of America Llc,331.52,21
Electrica Aselco S.A. De C.V.,331.26,1
Steves & Sons Inc.,331.23,9
Servimetal Inc.,330.9,1
Aap Metals Arbor Metals,330.84000000000003,6
Asian Cars S.A. De C.V.,330.71999999999997,6
Mersen Usa Gstn Corp,330.16,2
Palmetto Point Transportation Ltd.,330.0,2
W6 Yw Usalrctr Ft Sill,329.92,16
Wittmann Usa Inc.,329.2,7
Powerscreen Of Washington Inc.,329.0,7
0642 Cs Bn Co B0 Rear Det,328.88,18
Big O Metal Llc,328.04,10
Sofrana Nc,327.79999999999995,4
Providence Grain Group Inc.,327.31,2
Centro De Importacion De Maderas Ma,327.0,2
Industrial De Acero Vilsa S.A.,326.78,1
Hansa Meyer Roliprojects Llc,326.6,8
Western Pacific Crane & Equipment Llc,326.52,8
Etc Agro Processing,326.4,1
Zpmc North America Inc.,326.37,2
Mac Container Line,326.16,1
Industrial De Acero Vilsa Sa De Cv,326.04,1
Park West Gallery,325.02,1025
San Lorenzo Sp A,325.0,3
Banco Cuscatlan S.A.,324.0,2
Best Elite International Trading Li,323.70000000000005,6
China Faw Group Imp. & Exp. Corp.,323.40999999999997,25
Autozama S.A,323.22,6
Trucco Inc.,323.05,11
Pacific Customs Brokers Inc.,322.32,4
Enerkem Inc.,322.14,2
Williams Machinery,322.14,3
Guayatuna S.A.,321.84000000000003,2
Htr Services,321.21,17
Tioga Pipe Inc.,320.98,2
Central De Hierros Limitada,320.95,1
Corso Machinery,320.3,8
Bonneville Power Administration,320.2,2
Eni,320.15,2
Norton Lilly As Agen For Mol,320.0,2
Baggerbedrijf De Boer B.V,320.0,2
Wind Cable Services Usa Inc.,320.0,2
West Pharmaceutical Services,319.7,4
Bronto Skylift Aust Nz,319.52,6
Clhg Auto Imp. Srl,319.26,30
0137 Sc Co Co Aa Rear Det,319.26,2
Arkansas Electric,319.2,2
Mrg Canada Inc.,319.18,6
Jalles Machado Sa,319.11,1
Al Rajhi Bank,319.02,10
Caterpillar Inc. Cat Defense,318.98,10
Mecc Usa Llc,318.85,5
Idesa Usa Llc,318.53,2
Mile High Range,318.12,2
Maqro S A De C V,318.04,12
Laminas Acanaladas De,317.97,1
Fairbanks Morse,317.45,5
Pgs Equipment Ltd.,317.42,8
Canfor Pulp Ltd.,317.09,1
Continental Equipment Ltd.,317.0,13
Atlasb,316.65,3
L'oreal New Zealand Ltd.,316.48,34
Made Out To Ecuacorriente S.A.,316.41,1
W36 B1 T 0008 Od Co Modular Ammo,316.24,2
Tentok Corp.,316.18,1
Globaltrade Distr,315.88,2
Kathryn Sandifer Llc,315.66,146
Hadanich Machine Mfg.,315.29999999999995,3
Rdt Inc.,315.22,18
Imex Agro Inc.,315.05,7
Cochez S A,314.66,34
The Honkong & Shanghai,314.51,2
Elacar Trading Sa Juncal,314.1,6
Wajax Equipment,314.03999999999996,4
L4 Construction Llc,313.64,6
Colt Bentley Usa,313.58,3
Sigma Tube & Bar Llc,312.74,9
Iirsacero Sa De Cv Ave.Los Angeles,312.56,2
Keltbray International Ltd.,312.28,2
Kubota Corporation,312.16,5
Viamar C. Por A.,312.15999999999997,4
Centurion Lumber Ltd. Port,312.0,1
Balena Projects Ltd.,311.99,2
Excedindus Comerccial E Industrial,311.98,1
Integra Jobsite,311.5,4
Autostar Vehiculos S.A.,311.5,12
Col Customs House Broker,311.32,6
Shinhan Financial Group,311.15,1
Scr Spikes Llc,311.13,1
Matec Inc.,311.06,2
Bravo Investments Ltd. 4.5 Miles,310.65999999999997,14
Caorporativo Aduanal Rali,310.5,1
Holt Texas Ltd.,310.5,4
Hanon Systems Tennessee Plant,310.4,2
Florida Tile Inc.,310.35,1
Sw Marine,310.0,1
Cyl Tec Inc.,309.90999999999997,5
Maqro S A De C V Authorized John D,309.74,18
Mid American Overseas Inc. Usa.,309.3,1
Manitou Equipment America Llc,309.26,16
Tenarisglobal Services Nigeria Ltd.,308.9,1
Japan Car Fl Llc,308.54,75
Ineos Automotive New Zealand Ltd.,308.52,20
Clean Flexible Energy,308.12,3
Vq Yachts The Netherlands,308.0,6
Scania Australia (Pty) ) Ltd.,307.76,16
Niagara Lasalle Corp. (Warren),307.76,4
Greenstone Gold Mines Gp Inc.,307.52,2
Arcelor Mittal Tubular Products Monterrey S.A. De C.V.,307.28,8
Rgc Coffee Inc. Id #035301 00098,307.08,10
Star Produce Us Lp,307.05,14
Marinetrans Usa Llc,306.94,480
Hoyer France,306.28999999999996,12
Evolution Well Services Llc,306.0,8
Sambro Lighthouse International,306.0,1
Ocean Advantage Inc.,306.0,4
Quality Mfg. Co.Rporation,305.73,13
Cv International Inc. (Cvi),305.52,3
Romeu Mexico Sa De Cv,305.26,2
Db Imp. Mexico Sa De Cv,305.25,53
M7 Metals Gmb H,305.0,2
Mt Agioi Fanendes,304.85,5
O F Industries Llc,304.61,2
Kyocera International Inc.,304.52,2
Cargo S. De Mexico S.A. De C.V.,304.27,5
Con Edison Co. Of N.Y. Inc.,303.6,2
Fowler Packing Co.,302.98,8
Dsv Air & Sea Inc. (Usa),302.66999999999996,10
Senator International,302.66,1
The Powercat Co.,302.63,6
Ofdongkuk International,302.36,4
Intermoor Inc.,302.28,4
D. Storey Inc.,302.23,14
Embraer Executive Aircraft,302.2,49
Distribuidora David Prestige Motors,301.96,30
Quimica Superior Unichem S.A,301.92,2
Bhd Tubular Ltd.,301.32,2
Saleh Al Hamad Al Mana Co.,301.15999999999997,12
Clean Harbors Kent,301.11,16
Prestige Motors Tampa,300.98,48
Screen Usa Inc.,300.9,19
Importadora Centro Americana De Veh,300.38,24
0630 Od Co Co Aa Rear Det,300.18,4
Sunseeker London,300.0,3
American Track Carriers Llc.,299.76,7
Ntc Dis Ticaret Nakliye Turizm Ve I,299.58,12
Yu Auto Imp.,298.94,4
Aqueos Corp.,298.71,1
Coastal Villages Longline Llc,298.66,2
Minh Nhat Production And Trading Co.,298.02,1
Topcar N.V.,297.84,18
Manitoba Maquinarias E.A.S,297.66,20
Heartland Petrochemical Complex,297.40000000000003,2
"Betagro Public Co., Ltd.",297.34,1
Pape Material Handling,297.02,17
Nantong Daowo Building Materials,296.9,4
Abja Ohana Llc,296.8,2
Geodis Limitada,296.72,5
Brodie Ag & Industrial Inc.,296.66,16
Stax Engineering Inc.,296.48,4
Supermarche Are,296.42,13
Cap Worldwide Inc.,295.86,2
Optimized Process Designs Inc.,295.6,2
Zuercher,295.55999999999995,4
United Rentals Inc.,295.52,4
Faw,295.42,4
Forcefield Ltd. Gibraltar,295.0,1
Contigo Yachthing Ltd.,295.0,1
Heavy Crane & Rigging,294.4,2
Trading International Group (Tic) I,294.11,41
Xerxes Corp.,293.84,2
Mainfreight Air Ocean Ltd.,293.74,34
Global Fresh Llc,293.66,5
Start Banregio S.A. De C.V. Sofom,293.54,2
Wepuko Pahnke Usa Lp,293.52,1
Dutch Trading Llc,293.36,15
Ashland Specialty Ingredients Gp,293.23,15
Kloeckner Metals De Mex,293.08,2
"Fuji Cars Japan Co., Ltd.",292.89,11
Agri Imp. & Exp.,291.8,2
Construction Machinery Industrial,291.8,6
Temana Imp.,291.6,24
Global Metal Solutions,290.94,8
Metal Y Panel Industrial Depot Sa,290.85,4
Postal Cars Llc,290.64,110
Envases Ventanilla,290.61,1
Arrendadora De Equipo Petrolero,290.54,2
Friendly Motors Ltd.,290.16,26
Chg Meridian Mexico. S.A.P.I. De,290.12,2
Jdm Super Motors Inc.,290.08,72
Aero Mag 2000 Bos Llc,290.08,8
Gh Cranes & Components Usa Inc.,290.0,6
Hainan Xiongjia Village Imp.,289.78,2
Gillette Steel,289.41,15
Apache,289.40999999999997,4
Anderson Equipment Co.,288.78,6
Brandeis Machinery & Supply Co.,288.56,9
Rd Williams Machinery,288.54,2
Pt . Enes Agribisnis Indonesia,288.48,1
Whitney & Son Inc.,288.0,24
A La Orden De Davivienda,287.98,4
Vestas Argentina S.A.,287.76,2
W90 H5 Y,287.56,12
Macallan Worldwide Supply Lnc,287.04,1
Ontario Transit Group Constructor G,286.79999999999995,3
Pearl Yachts Ltd.,286.7,4
Caterpillar Engine Systems Inc.,286.28,19
Trendsetter Engineering Inc.,286.06,3
Icm Solutions Llc,285.44,6
Crystal Clean Solutions,285.4,8
To T He,285.12,2
Nsh Usa Corp.,284.76,2
Durr Systems Inc. Subsidiary Of Durr,284.74,2
Ministerio De Salud Publica De Ec,284.2,4
Foley Inc.,284.18,16
Hitachi Energy,284.09,1
Banco Security,283.8,14
Jayco Inc.,283.76,10
Ice International Construction Equi,283.68,18
Traffic Bureau Of The Netherlands,283.26,8
Expeditors International Of Wa Inc.,282.92,14
Mondiale Freight Services Ltd.,282.58,10
Sanko Gosei Technologies Usa Inc.,282.42,3
Industrias Del Atlantico Sociedad,282.26,1
Ge Amarillo,282.2,2
Yoder & Frey,282.18,4
Integrated Distribution,282.12,6
R E West Transportation,282.0,6
Geodis Overseas Polynesie,281.54,16
Silgan Containers (Plover),281.32,1
Relco Products Inc.,281.3,2
Hood Ind Inc.,281.26,1
World Cars Auto Sales Llc,280.99,276
Horizon Steel Co Shelby Township,280.29,3
Hojalata Mexicana S.A. De C.V.,280.14,4
Ceva Logistics Transp,280.07,3
Kelly Global Logistics Inc.,280.04,6
Transoceanic Shipping Co.,280.0,6
Friendscholdco Llc Ddr Live Inc.,280.0,1
Monjasa,280.0,1
W27 Awr,279.83000000000004,8
Rbc Royal Bank,279.54,24
Garage Centraal Aruba N.V.,279.52,24
Whitson Iron International,279.5,6
Liebherr Mexico Srl De Cv.,279.48,2
Rhd Specialties Llc,279.4,75
Nmt Belgium Bvba,279.4,8
Toromont Industries,279.06,10
Mt Eagle Halfax,278.0,2
Resolve Marine Group,277.84000000000003,2
Dmg Mori Canada Inc.,277.52,16
Southwest Airlines Co.,277.5,13
Industrial Connections Solutions,277.38,156
Macallister Machinery,277.12,12
Drako Co. Marshall Islands,277.0,1
Wajax Ltd.,276.86,22
Alimak Group Us Inc.,276.82,48
Barco,276.82,2
Lsg Sky Chefs,276.72,8
Gulf Freight Management Llc,276.6,3
Marine Trading Ltd.,276.6,8
Kuruma Imp. Llc,276.37,82
Boswell Wind Llc,276.22,2
Karamtara Usa Inc.,276.12,1
Ces Texas,276.0,8
Rio Vista Ventures Llc,275.78000000000003,17
Volkswagen Argentina S.A.,275.57,15
Klw North America Inc.,275.55,1
Global Steel Inc.,275.4,4
Toyotoshi S.A.,275.0,10
Nec Corp. Of America Inc.,274.87,4
Bell Equipment North America Inc.,274.62,2
"Japan Motors Trading Co., Ltd.",274.56,6
Saleh Al Hamad Al,274.54,13
Mitsubishi Logisnext Americas (Houston) Inc.,274.52,18
Transnational Freight Logistics Lt,274.1,2
Dril Quip,273.74,8
Encore Metals,273.49,16
Tucson Electric Powerco.,273.4,2
Ntc Dis Ticaret Akcaburgaz,273.24,10
Aebi Schmidt Canada Inc.,273.23,15
Vv Autos S.A.,273.06,14
Sanhua Automotive Mexico,273.0,2
Horkos Technical Center Of America,272.94,6
R W Smith Andcompany,272.23999999999995,2
Ifs Europe Bv,272.15999999999997,24
Cat Reman Corinth Core Processing,272.15,24
K Leader Auto Imp. Srl,271.94,8
Tiba Chile Ltda,271.84000000000003,3
Bw Gold Ltd.,271.82,5
Enprotech Industiral Technologies,271.76,2
Ceva Freight Llc (Usa),271.66,1
Elvin Lorenzo Express Auto Imp. S,271.26,18
Stone Equipment Co. Inc.,271.23,9
Construcciones Urales Sa De Cv,271.22,2
Terex Cranes Americas,271.0,6
M21820,270.46,2
Marusa Corp.,269.97,3
Kern Precision Inc.,269.19,22
Copoliva Inc.,268.96,6
Finlay Screening And Crushing,268.91999999999996,6
Toshiba,268.9,2
Redhead Equipment,268.76,4
Mrt Importadora De Maquinaria S.A D,268.65,3
Exploratory Ventures Llc,268.45,14
Schuetz Container System Inc.,268.36,4
Mitsubishi Heavy Industries,268.11,6
Coral Of Seas Li,268.0,2
Relativity Space Inc.,267.96000000000004,8
Hevin International,267.76,4
Taubensee Steel And Wire Co.,267.48,2
United Airlines,267.43,13
Mint Auto Sales,267.07,173
Bermuda Truckfinders Ltd.,266.98,22
Ge Power Systems,266.70000000000005,3
Nabil Bank Ltd.,266.53,1
Nz Wheels Sdnbhd,266.52,11
Ceva Logistics Imp. Customs Broke,266.28,2
Foss Recycling Inc.,266.2,7
Green Power Motor Co.,266.1,4
Near North Customs Brokers Inc.,265.68,4
Boyer Sarl,265.54,2
Manitowoc Marina,265.5,69
Countryman Grains Pvt. L,265.0,1
Burke Material Handling Llc T A Com,265.0,17
N00109,264.93,7
Honghua America Llc,264.8,5
Formosa Plastics Corp.,264.34000000000003,7
Unique Overseas Llc,264.19,11
Inter Cargo Eirl,264.08,2
Acl Ab (Cross Trade),264.03999999999996,8
Covington Crane Inc.,264.0,2
Super Fare Nui,263.95,13
Vins Arterra Canada,263.84,6
Industrias Norm Sa De Cv,263.7,1
Hbt Australia (Pty) ) Ltd.,263.6,4
Banco Itau,263.54,6
Supercal Equipment Sarl,263.36,22
Radius International,263.25,5
Bermuda Motors,262.88,24
Evergreen Tractor Llc,262.8,11
Soya Excel Inc.,262.7,1
A.A.Valdez & Woodward S.C.,262.26,8
"An Phu Linh Co., Ltd.",262.23,1
Doppelmayr Usa,262.1,4
Boc International Inc.,262.09000000000003,3
Torq International Llc,261.82,67
Les Domaines Llc Usa,261.53,3
Wallenius Wilhelmsen Ocean,261.36,4
Valaris Plc,261.15999999999997,12
Tulyy Grow Llc,261.05,3
Meta Storage Solutions Inc.,260.74,4
Fermilab Receiving,260.68,4
Pg H Engineering,260.3,8
Texaspipe & Supply Co.,260.24,2
"Sheng Long Bio Tch International Co., Ltd.",260.01,1
Dsv Air & Sea A S,260.0,2
Adnoc Onshore,260.0,2
Steel Protrading Inc.,259.6,2
Industria Metalica Del Envase Sa,259.48,1
Expeditors Los Angeles 5757 W,259.29,1
J.M. Smuckers Co.,259.28,2
Nortrak Damy Cambios De Via,259.28,1
Comercializadora Century Recycling Mexico,258.66,2
Ring Power Corporation,258.61,21
Formnet Inc.,258.4,2
Quito Motors Saci,257.86,18
Tora Crushing And Screening,257.26,8
Eakas Corp.,257.23,1
"Taikai (Canada) Switchgear Co., Ltd.",256.89,2
Bibika Llc.,256.86,56
Garden Automotores S.A.,256.8,6
Joy Global (Canada) Ltd.,256.35,3
Corporacion Grupo Q Costa Rica Sa,256.02,6
Green Power Motor Co. Inc.,256.0,4
Jp Chase,255.91,2
Sea Air International,255.68,6
Gt Plastics Solutions Sapi De C.V.,255.62,2
Van Dyk Recycling Services,255.5,4
Taki Maquinaria Sa De Cv,255.32,8
Cotrans S.A. Vat Id Cot800805 Eb4,255.32,2
Erasmo Ramos Inc.,254.99,52
Murphy Shore Base,254.76,1
Deepwater Riser Services,254.72,2
R&S Godwin Truck Bosy Co.,254.66,7
Nidec Minster Oem Operations,254.56,2
Powerhouse Equipment,254.54,2
Sandvik Mining And Construction Oy,254.28,2
"Nissan Saudi Arabia Co., Ltd. P.O.",254.20000000000002,4
Jacob Sooy Dba Vans From Japan,254.03,74
Alpha Yachts Usa Llc,254.0,2
Nissan Northamerica Inc.18601 Sou,253.76,1
Spectinga Inc.,253.54,31
Nicholson Construction Co.,253.53000000000003,3
Ideal Steel % Green Transfer,253.51,11
Sun Pacific Farming Coop,253.42000000000002,3
W51 Dlh,252.8,8
Klumb Forest Products,252.76999999999998,3
Aceros,252.73000000000002,2
Sg Project Cargo,252.12,1
Austin Engineering Usa Inc.,251.57999999999998,3
Ammann America Inc.,251.51999999999998,8
Jfe Shoji Steel Service Center Baji,251.36,14
Clipper Americas Inc.,250.62,50
Cmd Steel Inc.,250.14,4
Mtalx Usa Llc,250.0,3
Ssab Inc. Cherrington Corp. Center,249.9,6
Amro Sugars,249.64,3
Porsche Colombia S.A.S.,249.56,4
Rms Tritec Llc,249.5,14
Cfs Specialities,249.28,2
East Atlantic Motors Llc,248.98,33
Eagle Safe Surfaces Colorado Inc.,248.84,9
Lasko Products Inc.,248.76,6
Sistemas Automotrices De Mexico Sa,248.73,1
Greenview Tractor,248.6,23
Gerlach Zolldienste Gmb H,248.5,2
Igs International Cargo Sa De Cv,248.4,2
Lindner Recyclingtech America Llc,248.4,6
Bp America Production Co.,248.35000000000002,2
Mineracao Onca Puma Sa,248.23999999999998,4
Onetrak (Pty) ) Ltd.,248.2,8
Hansen Shipping,248.0,4
Industries Chartering (Rnc 130 543089),248.0,2
Ecoacero Srl,248.0,2
Free 2 Sea Inc.,248.0,2
Guyane Automobiles Sas,247.98000000000002,14
Mubea Inc.,247.78,1
Saleh,247.38,18
Anterdem Solutions,247.29999999999998,5
Jord Equipment,247.2,1
Dae Ha America Corp.,246.93,1
Parish Hare Qts Fort Worth,246.74,2
Ssab Iowa Inc.,246.4,4
Fischer Tool And Die Corp,246.18,2
Casabaca Sa,246.14,12
Nu Vue Industries Of Pr Inc.,245.88,2
Ap&T Wireless Inc.,245.79,3
Lakeview Vineyard Equipment Inc.,245.5,24
General Electric Power Systems Inc.,245.34,7
Seattle Tractor International Inc.,245.28000000000003,10
Casagrande Usa,245.04,11
Elsa Llc.,244.45,11
Dlan Services Ltd.,244.2,8
Select Mfg. Technologies,244.14000000000001,5
Star Automotive Hellas Single,243.82,22
Okean Yachts Llc,243.70000000000002,8
Mitsui And Co Usa Inc.,243.62,1
Nidaros Shipping As,243.0,1
Stonebridge Inc.,242.88,2
Conocophillips,242.39999999999998,3
Linder Industries Machinery Co.,242.32,6
Banco Scotiabank,242.3,8
Fincantieri Infrastructure Florida,242.0,6
Drill Pipe International Llc,241.75,1
Butler Amusements Inc.,241.6,4
Bidadoo Inc.,241.5,5
Japan Machine Tools,241.35,9
Welser Profile North America Llc,240.14,7
Magna Exteriors Rossford,239.67,1
Serviacero Especiales S.A. De C.V.,239.24,3
Banco Credito E Inversiones,239.22,12
Vietz Americans,239.2,10
San Antonio Masonry And Tool,239.0,2
Jones Equipment Co.Llc,238.96,12
Graindesk Commodities India,238.56,4
Department Of The Air Force,238.42000000000002,2
To Banco Popular Dominicano Sa,238.14,2
Trioliet California,238.0,4
W7 M0 Uspfo Activity De Arng,237.93,9
Menard Freres Automobiles,237.76,8
Trc Specialty Commodities Ltd.,237.7,2
American Coffee,237.58,1
Btm Machinery,237.37,3
Intl Produce Group Llc,237.32999999999998,12
Kupfer Hnos Sa,237.26999999999998,3
Harbochem Centennial Plaza,237.22,1
Sparx Logistics Usa,236.95,1
Cruising Yachts,236.86,22
Finning Canada,236.56000000000003,6
Powerscreen Of Northern California,236.4,5
Paragon Ltd.,236.0,4
Lipa Pse&G,236.0,2
Safe Haven Llc,236.0,1
To Emirates Bank Nbd Bank Pjsc,235.72,6
Dole Diversified N.A,235.66000000000003,9
William Grant & Sons Inc.,235.60000000000002,12
Ecu Line Chile S.A.,235.32,4
Sud Motors,234.84,20
Expandable Llc,234.8,16
Azz Galvanizing,234.7,4
Edge Cable Holdings Usa Llc,234.68,1
Trumpf Inc.,234.38,20
Clean Harbors Env Bartow,234.34,68
Deshon Y Cia Ltd.,234.23,18
Ayr Equipment International,234.0,3
North American Specialty Alloys I,233.84,2
Gargash Enterprises Llc,233.79999999999998,10
Eurbridge Logistics Usa,233.45000000000002,3
Jr New Energy Inc.,233.4,1
Mssc Mfg Mexicana,233.14000000000001,7
Semc Hardware N.V.,232.9,4
Leistritz Advanced Technologies Cor,232.86,2
Boubyan Bank,232.68,18
2801 East Beltine,232.5,2
John Deere Thibodaux Inc.,232.25,9
Dsv Air Sea Inc. Dba Dsv Ocean,232.11,1
"Samuel Son & Co., Ltd.",232.08,6
Port Newark Container Terminal,232.0,5
Joy Global Underground Mining Llc,231.70000000000002,7
Weekes Forest Products,231.52,2
Del Industries Metals Inc.,231.38000000000002,6
Bahamas Power And Light Bpl,231.22,2
"Prosperity Tieh Enterprise Co., Ltd.",230.06,2
Canadian Natural Resources Ltd.,230.0,1
Nasser Heavy Equipment,229.8,9
Nationaltraining Centre,229.78,6
Miller Paving Ltd.,229.74,2
Wieland Rolled Products,229.6,2
Hess Corp.,229.29000000000002,8
Tokyo Direct Imp.,228.7,36
St Louis Cold Drawn,228.59,2
0371 Cs Hhc Hhc Aa Rear Det,228.56,2
Expeditors.Intl,228.47,11
Total Petrochemicals & Refining,228.34,2
Americ Machinery Corp.,227.9,14
Unicorn Shipping Line Inc.,227.8,2
Normet Americas Inc.,227.56,11
Marquis Carbon Capture Llc,227.41,5
W919 U2,227.37,21
John Deere Worldwide Construction A,227.32,2
American Maplan Corp.,227.2,2
"Sinotrans South China Co., Ltd.",227.12,1
Shipper Owned Container Llc,226.86,2
Nucleo Sepec Ofs S.A De C.V,226.82,2
Nlmk North America Plate,226.76,2
Ams Galaxy Usa,226.52,16
Economico S.A.,226.23999999999998,4
"Jce Co., Ltd.",226.2,8
Ds18,226.18,1
Jacanna Customs & Freight,226.16,28
Aaa Plus Business Solutions Llc.,226.0,2
Alstom Ferroviaria Mexico Sa De Cv,226.0,4
Fuyao Glass America Inc.,226.0,1
European Motorhomes,225.9,16
Marcel Equipment Ltd.,225.52,6
Herramientas Stanley Sa Cv,225.16,2
Energy Pipe & Equipment Rentals Ll,225.0,1
Van Dyk Recycling Solutions,224.88,6
Jdm Car & Motorcycle Llc,224.85999999999999,74
Ministry Of Economy And Finance,224.68,2
To Banco Itau Chile Rut,224.4,2
"Kami Shoji Co., Ltd.",224.34,2
Dodaac M00024,224.14999999999998,4
Pernod Ricard Espana Carretera De,224.04000000000002,4
Gaussin North America Inc.,224.0,6
Dmo Bank,224.0,1
Yongjin Corp.,223.84,2
Waste Connections Of Florida,223.69,7
24 7 Ship Spares Inc.,223.59,336
Idaho Steel Products,223.51999999999998,7
Sandvik Del Peru Sa,223.36,6
Spbi,223.04,11
Cyrgo S.A.S.,223.0,2
Boise Cascade Building Materials,223.0,17
Hp Hood Llc (Winchester Va),222.92,2
The Goodyear Tire & Rubber Co.,222.72,2
Samuel Zimmermann,222.6,19
"Jirisan Hanji Paper Co., Ltd.",222.44,2
The Goodyear Tire And Rubber Co.,222.4,2
Banko Santander Ch,222.38,1
Imca Jamaica Ltd.,222.24,8
Eggersmann North America Inc.,222.0,8
Us Equipment,221.6,6
Elecnor Mexico S.A. De C.V.,221.6,3
Turbomachinery At Linde Inc.,221.58,1
Dakota Air Parts International Inc.,221.4,4
Plug Power Inc.,221.39,6
Ovako North America,221.12,6
South Coast Marine Yacht,221.0,2
Four D Equipment Inc.,220.96,6
Komatsu Australia P L,220.72,2
Cipromaser Sa De Cv,220.24,8
Wheelabrator Baltimor,220.0,1
Select Crane Sales Llc,220.0,4
Stolthaven Braithwaite,220.0,2
Yachting 104 Ltd.,220.0,2
Honda Canada Inc.,219.94,6
Dow Site Poly 7,219.87,3
Haulotte Mexico Sa De Cv,219.6,4
Reynolds Packaging Llc,219.54000000000002,2
Agroservicios Del Norte S.A. De C.V,219.42,11
Rolled Alloys Inc.,219.34,8
X Tract Global Logistics Sa De Cv,219.1,1
Hills Machinery Co. Llc,219.0,7
Duke Energy Progress Llc,218.99,5
Plywood & Door Manufacturers Corp.,218.73000000000002,6
Tom Lange Co International Inc.,218.26,3
Zimedon Srl,218.0,2
Mercanciaen Dta.,217.92,2
Banco Bct Sa,217.9,11
The Bank Of Nova,217.88,6
Delek Motors Ltd.,217.8,2
Rh Shipping & Chartering S De Rl De,217.75,6
Smc Asia Car Distributors Corp.,217.66,15
Rokbro Equipment Ltd.,217.54000000000002,5
Farm Supplies Ltd.,217.5,10
Putzmeister Inc.,217.46,13
United Pipe And Steel Corp.,217.4,2
"Schenker Seino Co., Ltd.",217.06,8
Procter And Gamble,217.0,11
Marche Hamuta,216.7,10
Janssen S.A.,216.6,6
Hanwha Q Cells Georgia Inc.,216.01999999999998,3
Fairmont Concepts Inc.,216.0,8
Colombo North America Inc.,216.0,12
Novelis Corp.,215.92000000000002,4
Dexter Fastener Technologies,215.46,2
Scandinavian Vehicle Distributors,215.42,24
Pollmeier Massivholz Gmb H Co. Kg Pollmeier Massivholz Gmb H Co. Kg,215.42,1
Sac Auctions Llc,215.38,9
Machinery & Energy Ltd.,215.36,8
Utoc America Inc.,215.32,4
Hfgm,215.25,1
Lindsayca Inc.,215.1,1
Germain Yachts Of Staten Island Llc,215.07,7
Kmb Yachting Llc,215.04000000000002,6
Independent Rough Terrain Center,215.0,2
W6 Kf Ecs 43,215.0,2
Convoy Logistics Providers,215.0,6
Pepco,214.8,2
Construction Machinery Industrial L,214.8,4
Royal Danish Embassy,214.6,2
Precision Build Solutions Llc,214.4,2
Kathryn Sandifer Llc Dba Japan Dire,214.4,137
Bravo Investments Ltd.,213.64,22
Proveedora De Equipo Jerez Sa De Cv,213.6,6
Bauer Equipment Australia (Pty) ) Ltd.,213.54,6
Met Set Consulting Usa,213.5,1
Gourmet Trading Co.,213.41,9
Greenfield Spreading Sales Inc.,213.4,13
Vecoplan Llc,213.22,14
Soletanche Bachy Canada Inc.,213.0,2
Willemin Macodel Inc.,213.0,34
Wittmann Battenfeld Inc.,213.0,4
Freight Traders Ltd.,212.68,2
Ais Construction Equipment Corp.,212.6,10
F&P Mfg Inc.,212.31,3
To Scotiabank Trinidad Tobago Ltd.,212.11,4
U Form Srl Usa,211.55,1
Expeditors International Of Washing,211.43,1
Ringpower,211.0,6
Continental Motores S.A.,210.97000000000003,7
Greenleaf Lumber Llc,210.85,2
Twb Co.,210.44,9
"Jinju Paper Mfg. Co., Ltd.",210.42000000000002,4
Centrans International Marines,210.19,1
Harman Energy Llc,210.0,1
Ropa North America Inc.,210.0,4
Exp. & Imp. International,209.9,2
Southeastern Equipment Corporation,209.89999999999998,11
Aps Phoenix Llc,209.88,2
Airgas Usa Llc,209.86,8
Manroland Goss,209.72,2
Toyota Tsusho Corporation De Mexico Sa Cv,209.72,12
Baymag Inc.,209.70999999999998,2
Perforadora De Ojinaga S.De R.L De,209.10000000000002,6
Blue Water Shipping As,209.1,2
North Fulton Metals Llc,209.0,6
Terex South Dakota,208.92000000000002,6
Optima Steelinternational Llc,208.9,4
Alaska Marine Lines,208.8,2
Maersk Logistics Usa,208.76,200
Issuing,208.58,1
Yokohama Tire Corporation,208.5,2
"Trac Viet Co., Ltd.",208.0,8
Ec Waste Transfer Station,208.0,9
"Hanjo Pnd Co., Ltd.",207.96,2
Sino Vietnam Hi Tech Material Co.,207.93,1
Occidental Permian Ltd.,207.78,2
Ge Gas Turbines (Greenville),207.60000000000002,4
Daikyonishikawa Usa Inc.,207.45000000000002,24
Flsmidth Inc.,207.38,4
Westlake Vinyls Co. Lp,207.24,2
Desnoes And Geddes Ltd.,207.16000000000003,2
Fabricca Llc,207.14,2
The Goodyear Tire Andrubber Co.,207.11,4
"Dong Yang Paper Mfg. Co., Ltd.",206.6,2
Burns And Mcdonnell,206.38,1
Farm 2 U Global Produce,206.26,2
Corporacion Flores S.A.,206.22,18
Mitsubishi Electric Power,206.0,1
Komatsu Mitsui Maquinarias Peru,205.98,2
Elliott Co.,205.9,5
Nissan Saudi Arabia,205.85999999999999,4
United Equipment Co.,205.79,7
Metric Farm Solutions Inc.,205.66000000000003,8
Thermal Transfer Corp.,205.62,17
Thiessens Logistics Llc,205.4,2
Fitzgerald Trailers Llc,205.33999999999997,3
Trioliet Mullos Usa Llc,205.3,16
Hyundai Crporation Usa,205.12,2
La Antillana Comercial S.A.,205.08,2
Hornbeck Offshore,204.94,7
Grapery Sales Inc.,204.85,13
Hb Kim,204.85,1
Waboba Inc.,204.84,12
To Banco Itau Chile Rut 97.023.000,204.0,4
Seanet Co. Inc.,204.0,6
Veolia Wts Solutions Usa Inc.,204.0,2
Dibanisa International Llc,203.97,4
W810 Ub,203.89000000000001,7
Century Exp.,203.88,2
Transporte Multimodal Sa De Cv,203.86,6
Black Hollow Sun Solar Project,203.8,2
Mallory Alexander International Log,203.74,12
Consultores Hervert Y Asociados,203.64,2
Bcp Athens,203.62,6
Hunter Douglas De Mexico Sa De Cv,203.46,2
Mozzanica Usa Llc,203.36999999999998,109
Holtec International,203.36,15
Nrs Corp,203.07,1
Leehwa America Inc.,203.05,1
Johnson And Compagnie,202.94,10
Fanosa Sa De Cv Blvd,202.56,1
G I Trading Imp. Auto Center,202.48,16
Sabre Galvanizing Inc.,202.4,2
Square One Armoring Services Co.,202.34000000000003,10
W0 Mc Stk Rec Acct Depot Redrvr,202.32,2
Morris Material Handling,202.3,10
Wieland Werke Ag,202.04,1
Aurabis Richmond,202.0,4
All Commodities (Ac) Trading Ltd.,201.68,2
Chasers Fresh Juice Ltd.,201.42,2
Nutra Blend Llc,201.3,3
Gridworks,201.24,1
Imex Transportation Service,201.15,1
Modesto Construction Management,201.1,2
Bechtel Oil Gas And,201.02,2
Lockwood Logistics International L,201.0,1
Sales Inc.,200.8,4
Nissei Corp.,200.75,1
"Chin Ho Fa Steel & Iron Co., Ltd.",200.58,8
Kiwi Rail Ltd.,200.54000000000002,2
Qatar National Bank,200.53,13
Omnia Machinery Usa Inc.,200.5,6
Oil States Skagit Smatco Llc,200.38,2
Opistra Panama S.A,200.32,2
Itochu Logistics (Usa) Corp.,200.05,2
Ket Marine International B.V.,200.0,1
Cia De Ferro Ligas Da Bahia Ferbasa,200.0,2
Pomerleau,200.0,4
Holtec International Manufacturer D,200.0,2
Danfoss Llc,199.89,4
Lacc Lcc,199.74,4
Quintus Technologies Llc,199.48000000000002,2
G & R Imp.,199.4,20
Keller (Pty) ) Ltd.,199.0,2
Neat Ventures,199.0,2
Fersum Sa De Cv.,198.9,2
Servicio De Transportes Electricos,198.8,2
Iqi Usa Bv Co Iqi Warehousing Usa,198.42,1
Seba Pipe Ltd.,198.3,2
Vestas Garden City Ks,198.12,2
Cimentaciones Olmecas S A De C V,198.04,2
W4 Rf Concpt Eval Spt Agy,198.02,4
Jubilant Industries Inc.,198.0,4
Fives Line Machines,198.0,3
Martin''S Auction,198.0,14
Pardo Yachts Miami Vandutch Miami,198.0,12
0185 Av Hhc Hhc Aa Rear Det,197.87,6
American Marazzi Inc. Plant 1,197.8,2
"Mm Agro Food Pvt., Ltd.",197.61,1
Heavy Supply Llc,197.6,4
Divemotor Colombia S A Nit 830 04,197.42,2
Chax Multiservice Inc.,197.18,1
Ronpak Inc.,197.02,4
Salix Fruits Llc,196.87,3
M & C Shipping,196.66,8
Azteca Worldwide Logistics Sa De Cv,196.51,1
Metso Chile Sa,196.4,2
Lonestar,196.18,1
Zf Transmissions Greenville,196.18,5
Distribuidora De Automoviles S.A.,196.12,14
Plasser American Corporation,196.09,4
Juno Logistics,196.03,1
Vs Rubber Inc.,196.0,8
Fox Mountain Llc,196.0,6
Howmet Aerospace Inc.,195.96,2
Us Water Taxi,195.81,17
Dhl Global Forwarding (New Zealand),195.6,20
Flexsys Chemicals Belgium Nv,195.56,2
Associated Terminals Of St. Bernard,195.51999999999998,2
Turboaleaciones S.A. De C.V.,195.48,1
Orion Specialized Logistics,195.44,1
Burkle North America,195.26,2
Dtt Equipment Trading Co.,195.1,7
Automotores Gildemeister Peru S.A.,195.07999999999998,4
J&B Heavy Haul,195.0,2
Exportadora Bb Trading Sp A,194.99,1
Adelbert Haas Llc,194.83999999999997,10
Cross Country Infrastructure Services Inc.,194.74,8
Hyundai Power Transformers Usa,194.56,12
Qatar Islamic Bank,194.43,13
Amada Machinery America Inc.,194.38,24
Stanley Electric Mfg. Mexi,194.2,2
And (Hk),194.16,1
W81 Cet,194.03,17
Aleaciones Y Metales Industriales De Saltillo S.A,194.0,2
Aluminum Dynamics Of Mexico S De Rl,194.0,2
Power Trac Machinery,194.0,6
Gmpt Bay City,193.88,2
B & W Custom Farming,193.54,16
W6 Yr Usalrctr Ft Cavazos,193.3,10
American Crystal Sugar Co.,193.3,1
Co. Keen Transport,193.3,6
Shinsho Mexico Sa De Cv,193.28,3
Lincoln Mfg. Inc.,193.0,1
Treviicos,192.88,6
Svp Yachts Inc.,192.8,14
Servicio Automotriz Mantica S.A.,192.78000000000003,4
American Bridge Company,192.66,26
305 Cargo Services Inc.,192.62,4
Vehiculos Internacionales (Veinsa),192.52,6
Diteca S.A.,192.42,8
Steri Cycle,192.38,6
Sas Automotive Usa Inc.,192.22,2
Mitsubishi Heavy Industries Compres,192.21,5
Waste Management Yunkers Transfer,192.0,4
Siom Sp A Caupolican,191.87,2
Harborchem,191.8,2
Nep Supershooters 2 Beta Drive,191.75,2
East Coast Equipment Services Ltd.,191.38,12
Maquinas Diesel S A De C V,191.28,16
Caterpillar Paving Products,191.23999999999998,4
Pt . Inchcape Indomobil Distribution,191.22,10
Treaty Oak Clean Energy Llc,191.18,4
"Oji Green Resources Co., Ltd.",191.03,1
Esco Mfg. Inc.,191.0,3
Alliance Trading Inc.,190.93,1
Imerys Greenville Inc.,190.57,1
J Deluca Fish Co. Inc.,190.32,3
Lic Spedition & Container Logistik,190.3,2
Method Auto Group Llc,190.25,158
Sinopec Chemical Commercial Holding,190.08,1
Williams & White Co.,190.01999999999998,2
Ling Bay Ltd.,190.0,1
Bgfecomaterials America Inc.,189.95,1
Oceaneering,189.64000000000001,5
Midwest Pipe And Steel Inc.,189.6,1
Ship To Stanley Electric Us.,189.54,2
Limitless Seas Inc.,189.5,19
Mat Tech,189.10000000000002,5
Hellmann Worldwide Logistics Ltda,188.9,3
Nissantrading Corp. Americas,188.85,1
Gorbel Inc.,188.6,2
"Clasquin Japan Co., Ltd.",188.31,1
Sn Watson Llc,188.2,4
Jay Gee Mfg.,188.03,3
General Dynamics Ordnance And,188.0,4
Excavaciones Y Proyectos Depsa,187.92000000000002,4
W91 Djd,187.91,2
Raito Inc.,187.66000000000003,3
Gac North America Shipping,187.59,14
Integrated Power Co.,187.45,1
German & Herlin G & H D Lux Vidrio,187.38,2
"Yusen Logistics Co., Ltd.",187.22,12
Juffali Automotive Co.,187.04,8
Solar Turbinesturbines Inc.,187.0,2
Colmar Sl,187.0,2
Wilhelmsen Ship Services,186.75,237
Brunswick Steel,186.72,14
Bank Of India,186.72,1
Vv Autos Panama S A,186.68,2
Indeck Keystone Energy Llc,186.6,1
Trivium Packaging Usa Inc.,186.59,1
Naigai Nitto America Inc.,186.56,2
Czt Energy (Usa) Inc.,186.5,2
Aluma Systems Cc Llc,186.48000000000002,6
Finkl Steel Sorel,186.38,2
Ge Steam Power Inc.,186.3,5
Quintette Resources Ltd. Partner,186.17,4
Zea Prefabricados Sa De Cv,186.1,2
Mt2207156 L9 Rentadora De Maquinaria,186.08,2
Best Beach Management Ltd.,186.0,1
Stena Drillmax Ice,185.68,4
Flying Fish Service Inc.,185.6,4
Agco New Zealand Ltd.,185.48,7
A Hartrodt Usa Inc.,185.46,2
Novatech Group Inc.,185.23,1
Chemted Llc,185.22,1
Trane Technology Center,185.16,2
Spiromatic North America Inc.,185.04,10
Cole International Usa Inc. Seattle,185.0,4
Banco International,184.68,2
Banco Mercantil,184.24,6
En Plas Inc.,184.12,4
Wartsila North America,184.03000000000003,9
Conceptum Logistics Canada Inc.,184.0,1
Toyota Argentina S.A.,183.88000000000002,10
Dynamic International Inc.,183.76,8
Sw Auto Llc,183.59,34
Ryerson Metals De Mexico S De Rl De,183.58,2
Getinge Usa Sales Llc,183.51,31
Trail Ridge Landfill,183.5,19
Republic Bank Grenada Ltd.,183.48000000000002,18
Hitachi Energy Usa Inc. Arresters,183.4,2
"Bahamas Bus And Truck Co., Ltd.",183.17,44
Kongsberg Maritime Inc.,183.0,7
Kestrel Liner Agencies Llc,182.78,2
Alumaster Corp.,182.68,1
Pentagon Freight Services Inc.,182.63,9
Kenwal Steel Dearborn,182.57999999999998,2
Ccl Container (Hermitage),182.54000000000002,8
Ford Otosan,182.52,2
Energy Solutions Services Inc.,182.5,1
Nv Supremo Sa,182.48,8
Disenos Y Construcciones Civiles,182.36,2
Harvest Midstream Alaska,182.1,1
Alstom Transport Usa Inc.,182.09,5
One Ocean Yachts,182.08,16
Abjo Engineering And Construction C,182.04,4
Iconic Midway Rides Llc,182.0,2
Transtotal Agencia Maritima Sa,182.0,4
Construcciones Y Arrendamientos Patria S.A.De C.V.,181.95,2
Wajer Yachts,181.8,12
"Sagamiya Foods Co., Ltd.",181.79999999999998,2
Tetra Pak Processing Equipment Inc.,181.74,6
Patrick Smolka,181.6,30
Opav,181.44,1
Cooke Aquaculture Usa Inc.,181.44,6
Stowers Machinery,181.4,9
Multikevin Express Srl,181.3,12
Fediacero S.A.,181.23999999999998,2
Tomra Sorting Inc.,181.0,2
Stena Evolution Drilling Ltd.,180.96,2
Maquinados Automotrices Y Talleres,180.75,2
Scranton Mfg. Co. Inc.,180.66,5
Aj Wells Roofing And Construction,180.58,1
Seawa7,180.48,2
Zagame Automotive Group (Pty) ) Ltd.,180.33999999999997,90
Seaman Paper Mbw Inc.,180.24,8
Mol (America) Inc.,180.16,6
Gregory Poole Equipment,180.02,15
Mb Overseas Ltd. Cayman Island,180.0,1
Oceanbridge Shipping (Pty) ) Ltd.,179.98000000000002,4
Vistec R Imp.,179.8,119
Tradewinds Equipment Ltd.,179.8,10
Clasquin Chile Sp A,179.8,2
"Hna Co., Ltd.",179.71,4
Iron Advantage Llc,179.5,18
Iris Usa Inc.,179.48,2
Minerai De Fer Quebec Inc.,179.36,2
Pennsylvania Transformer,179.26,2
Dodaac Ey1126,179.03,3
Indudustrias Ochoa Mexicana,178.95,1
Oci Beaumont,178.86,5
Fmc Technolgies,178.68,2
Mizuho Bank Ltd. New Yor,178.54000000000002,4
Steel City,178.48,2
Aries Worldwide,178.22,1
Fmc Generation Park,178.21,11
Knightsbridge Motors Ltd.,178.2,8
Advance Automotive Ltd.,178.05,18
Van Dyke Baler Corp.,178.0,2
Nen Tek Garage,177.97,100
Aypa Arizona,177.9,1
Crane Worldwide Logistics Belgium B,177.66,2
Linamar Light Metals Mills River,177.3,2
Argos Polynesie,177.26,14
Top Rocket Llc,177.0,46
Nordex Energy Inc.,177.0,4
Ironworks Construction Equipment,176.82,4
Linde Engineering North America Llc,176.81,2
A O T Japan Ltd.,176.8,4
Sound Brokerage International Llc,176.8,2
Dsv Air & Sea Sa Dsv,176.8,1
Virgin Island Motors,176.71,55
Yacht Sales Management Llc,176.66,12
Nep Supershooters,176.64999999999998,2
Alpha Flight Services (Pty) ) Ltd.,176.54,6
Monte Rosa,176.5,1
Associated Hygienic Products Llc,176.20999999999998,9
Terex Usa,176.13,5
Deutsche Extrakt Kaffee Gmb H,176.05,4
A Ponzanelli S A De C V,176.0,4
Nadglobal Sa De Cv,175.94,1
Mmd Mineral Sizing (America) Inc.,175.64,5
Hyundai America Technical Center,175.57,53
Faurecia Sistemas Automotrices De,175.52,2
Banque Cantonale De Gen,175.48,2
"East End Asphalt Co., Ltd.",175.44,4
Daimler Truck And Bus,175.34000000000003,6
Nova Chemicals Ltd.,175.32,5
Fortisbc Energy Inc.,175.12,2
Arburg,175.0,4
"Dongguan Abekke Healthtech Co., Ltd.",175.0,2
Joy Pipe Canada Inc.,175.0,1
Dhl Global Forwarding (Usa),174.98999999999998,2
Ie Us Development Holdings 3 Inc.,174.98,1
Nordex Energy Chile S.A.,174.93,3
Russell A. Farrow Ltd.,174.8,6
Golden Triangle Mill Services,174.62,2
Blue Ocean Mariculture,174.6,2
Mgl Engineering Inc.,174.6,4
American Science And Engineering Inc.,174.54,82
Fabrica Nacional De Autopartes S.A.,174.54,4
Ethanol Cellulosic Varennes,174.53,1
Manoir Industries Inc.,174.31,7
Joy Global Underground,174.22,4
Webco Industries,174.2,3
Charter Steel Trading,174.18,2
Trading International Group Inc.,174.16,26
Tenaris Global Servicesnigeria Ltd.,174.11999999999998,2
Llog Exploration,174.10000000000002,8
Roto Chopper,174.0,6
Lefort America,174.0,3
Raider Env Services Crystal Clean,174.0,7
Top Lift North America Inc.,174.0,4
Wacker Neuson Ltd.,173.95000000000002,22
Me Global Inc.,173.76,1
Bechtel Manifacturing & Technology,173.74,2
Leavitt Machinery Canada Inc.,173.7,4
Valaris,173.62,10
Hunting Energy Services Inc.,173.39999999999998,7
Carl Hoover,173.19,14
Atyrau Energo Tech Service Llp,172.72,4
Survitec Safety Solutions,172.62,19
Manga Auto Imp.,172.58,22
Ls Alloys Trading Sarl,172.54,1
Sabra International Inc.,172.5,1
Disa Industries Inc.,172.4,4
Soilmec Australia (Pty) ) Ltd.,172.35,5
Indalum S.A. De C.V.,172.3,3
Viam Mfg Mexico Sa De Cv,172.24,2
0040 Ar Hq Co A0 Rear Det,172.22,12
Slade Shipping Inc.,172.06,1
Eastimpex 1155 7 Th Street Oaklan,172.0,4
Pama Imc,172.0,2
Liberty Offshore Llc,172.0,2
M.I. Industries Inc.,172.0,2
Bgs Metal Resources Inc.,172.0,2
Plastimetal Sa,171.98000000000002,4
Anco Steel,171.84,4
Blue Cube Operations Llc,171.66,8
Hw Metal Inc.,171.47,9
Airgas Usa Llc Merchant Gases,171.14,6
Atlantic Equipment Llc,171.0,13
Craft Sports Inc.,170.97,31
Calspan Corp.,170.84,8
Yabuki Kaiun Kaisha Ltd.,170.2,4
Itt Netherlands Bv,170.18,6
Deshon And Cia Ltda (Hyundai),170.1,13
Ube America Inc.,170.06,4
Equipment & Plant Services Llc,170.01999999999998,5
Amvac Chemical Corp.,170.0,8
Outer Reef Yachts Inc.,170.0,3
Fabrica De Papel San Francisco,170.0,2
Grupo Industrial Ripuka Sa De Cv,170.0,1
Steris Corporation,169.97,31
Jeanneau America Inc.,169.96,12
Les Ateliers Beau Roc Inc.,169.92,10
All Enterprises Inc.,169.89999999999998,4
Air Liquide Global E&C Solutions,169.8,2
Voith Us Inc.,169.56,2
Hyster Nz Ltd.,169.36,4
Phoenix Processor Ltd.,169.24,1
First Rate Motors Ltd.,169.1,14
Akkermans Auto Supplies Bv,169.02,18
Mj Equipment And Sales Llc,169.0,2
Searill,168.91,7
Sorpol Polymers Ltd.,168.75,2
Sterycicle,168.56,17
Blue Tide Environmental Baytown Ll,168.55,1
Wiese Usa,168.5,11
Rgc Coffee,168.49,5
Hwaseong Si Gyeonggi Do S Korea,168.38,1
Ecd Auto Design,168.1,24
Atach3 Marine Llc,168.0,2
General Equipment Guyana Ltd.,167.82,8
Euro Motors W.L.L.,167.74,18
Iveco Tucks Australia Ltd.,167.52,4
Idaka America Inc.,167.45000000000002,11
Ateco Automotive Nz Ltd.,167.38,14
"A. Hartrodt (Japan) Co., Ltd.",167.26,2
Milton Cat,167.18,8
Polycon Industries,167.14,2
"Isewan Terminal Service Co., Ltd.",167.14,2
Philadelphia Barge Llc,167.0,2
Serviacero Comercial S A De C V,166.9,4
Shell Canada Energy,166.87,2
Huntington Ingalls Shipbuilding,166.77,4
Wasteline Solutions & Cliffberry,166.44,6
Thiess Minning Usa,166.4,2
"Samwha Paper Co., Ltd.",166.06,2
Texas Instruments,166.06,14
Sea Pac Transport Service,166.05,8
Ge Amerillo,166.0,1
Steam Logistics Llc,166.0,2
Titus Flux Inc.,166.0,2
Pender Farms,166.0,8
Raider Environmental Services,166.0,6
Cdr International Inc.,165.96,2
"Torishima Pump Mfg. Co., Ltd.",165.82999999999998,3
Blue Water Shipping Us Inc.,165.76999999999998,27
Royal Motors Equipments,165.76,2
Construction And Mining Service,165.72,1
Koninklijke Douwe Egberts Bv,165.68,2
Transit Sat Nui,165.66,6
Dorado Steel Mfg. Llc,165.63,2
Dimet Sa De Cv Rfc Dim961216 G66,165.6,6
V And S Lebanon Galvanizing Llc,165.58,2
Quality Fleet Service Inc.,165.4,10
"Kukjesteel Co., Ltd.",165.38,2
Productos Laminados De Monterrey,165.32,2
Ovivo Usa Llc,165.14000000000001,8
Ssab Swedish Steel Aceros De Chile,165.11,3
Tadano Mantis Corp.,165.09,11
Agrifac Australia (Pty) ) Ltd.,165.0,10
Pica Plasticos Industriales C.A.,165.0,2
Cyclone Steel Services,164.96,8
Len Co Lumber,164.95999999999998,4
0106 Avbn 01 Co D0 Rear Det,164.82999999999998,7
Elacar Trading S.A.,164.72,4
Marlow Yachts Ltd.,164.7,2
Marloo Equipment Llc,164.6,5
Ventacero S.A.P.I. De Cv,164.52,1
Eastern Mt Agri,164.44,8
Trina Solar Usa Mfg.,164.32,3
Leavitt Cranes Canada Inc.,164.32,4
Levy Brandenburg Mill Services,164.15,1
Carlugo,164.0,2
"Great Grandeul Steel Co., Ltd.",163.45,1
Vesta American Wind Technology Inc.,163.3,2
Marine Plus,163.24,4
Southeast Alaska Loggin Inc.,163.22,2
Maqro Sa Cv,163.22,4
Multi International Supply,162.8,4
Nevada Gold Min,162.78,5
Wizard Energy Storage Llc,162.76,2
Mormak Equipment Ltd.,162.7,4
Bertling Logistics Inc.,162.41,2
Gcc Peremian Llc,162.0,1
Procesadora De Metales,161.84,20
Kukdong International Freight Agenc,161.66,2
Integrated Power Services,161.64,3
Outdoor Living Supply,161.55,4
Alex Lyon & Sons Auctioneers,161.4,8
Shea Brothers Llc,161.4,4
Global Freight Solutions,161.12,5
Ccd Steel Traders Ltd.,161.12,2
Al Fardan Automobiles,161.02,20
Florida Maritime Trade Group,161.0,1
Eco Clean Corp.,161.0,6
Saipan Joeten Motor Co.,160.93,23
Mobile Screening And Crushing Nz,160.7,8
Cable Plow Rental Llc,160.6,6
Power Site S.A De C.V,160.5,2
Blattner Wind Belleville Ks,160.4,2
Benteler Automotive Corp.,160.29000000000002,2
Metaltech Service Center Inc.,160.28,2
City Cranes Llc,160.22,2
Mitsubishi Hitachi Power System Americas Inc.,160.14,1
Air Products Canada Ltd. 2233 Argent,160.12,2
Adhos 2811,160.01,1
Shellex Construction Inc.,160.0,2
Flint Machine Tools Inc.,159.88,2
Nucor Towers & Structures,159.88,2
Dodaac W8076 T,159.6,1
Dodaac W45 Qre,159.6,1
Pg Del Pacifico Sc,159.51999999999998,2
Enermech Mechanical Services Inc.,159.5,4
Jas,159.28,2
Heartwell Renewables Llc,159.28,4
Berentzen Gruppe Ag,159.22,7
Casey Smith,159.1,44
American Track Rentals,159.04,4
Minmetals Inc.,158.99,2
Nposey International Inc.,158.97,12
Bufete De Ingenieros Constructores,158.74,4
Plg Division Aduanas S.A. De C.V.,158.7,4
154 St Suite 240,158.69,2
Marshall Motors Welfare Road,158.6,22
Wilhelmsen Port Services Inc.,158.31,28
Equipment International,158.3,6
Banco Bct S.A,158.2,10
Horsch Llc,158.08,10
Global Maritime Fiance Llc,158.0,6
Valmet Ab,158.0,2
Wells Fargo Bank National,157.84,2
Audi Do Brasil Industria E,157.6,2
Systrand Mfg. Co.Rp.,157.54000000000002,4
Mondi Bags Usa Llc,157.2,2
Taiga Woods,157.19,1
To Grupo Q Guatemala S.A. Carretera,157.07999999999998,8
Alvest Equipment Services (Usa) Inc.,156.95,9
Messer Gas Puerto Rico,156.91,76
Deacero Sapi De Cv,156.72,2
X 4157 Spartan Way,156.7,2
Can Art Aluminum Extrusion,156.7,1
Cartainer Ocean Line,156.6,6
Wintersteiger Iowa,156.55,17
Aim Recyclage Laval,156.3,2
Ryerson Corporate,156.26,2
Swagelok Co.,156.2,2
Ch Robinson Project Logistics Inc.,156.08,2
Sleevz Ltd.,156.0,4
Steel Giraffe Llc,156.0,4
Port Industries Inc.,155.81,7
Chart Inc. Theodore Al 2,155.78,2
Wartsila,155.75,52
Ganadera Gilio Del Norte,155.73,8
Banco Guayaquil S.A.,155.7,2
Ssab Central Inc. Stock Sales,155.66,4
Nmt Oceania (Pty) ) Ltd.,155.53,4
Junttan (Pty) ) Ltd.,155.4,2
Deugro Projects Australia P L,155.38,2
Tso,155.1,2
Industries Minera Mexico Sa De Cv,155.0,2
Wajax Limted,155.0,2
Sany Logistics Equipment,154.92000000000002,3
Itochu Corporation,154.68,4
Hyundai Kia America Technical,154.66,50
Cv. Kapuas Lestari,154.58,1
Kcp Concrete Pumps Ltd.,154.46,3
Reefership Marine Services Ltd.,154.46,77
Glamted Financial Ltd. Tortola,154.3,1
North American Cargo Solutions In,154.18,2
B&W Pipe Inc.,154.17,1
Morris Iron & Steel Co. Inc.,154.0,2
Harsco Materials,154.0,2
Boltex Mfg. Co. Forge Shop,153.92,2
Syncro Logistics Srl,153.72,22
Petersen Hildahl Llc,153.68,9
Vensys Energy Inc.,153.68,4
Rugui Hot Rolled Llc,153.66,2
Scarbrough International Ltd.,153.58,1
Geneva Pipe & Precast,153.4,2
Mt Logistics Sa De Cv,153.34,1
Yk Almoayyed & Sons,153.24,14
Tokai Carbon Cb,153.21,6
Fuji Machine America Corp.,152.98,2
"Bassam Trading Co., Ltd.",152.95999999999998,4
Kingsland Wines And Spirits,152.86,1
Veracruz Agricola Sa De Cv,152.76,4
Gq Importers,152.64000000000001,13
El Boricua Inc.,152.54,44
Hartree Partners,152.41,1
To Ther Mufg Bank Ltd.,152.4,1
R.L.Swearer Co. Inc.,152.4,2
Im Ex Transporation Service Llc,152.28,1
Gw,152.18,21
The Leading Vehicles Co.,152.1,2
Gebruder Weiss Inc.,152.1,16
World Asia Logistics Inc.,152.01,3
Onekama Marine,152.0,5
Gulf Atlantic Equipment,152.0,4
Powerscreen Midatlantic,151.9,4
Broadview Waste Solutions,151.82,38
Honda Trading De Mexico S.A De C.V.,151.76,2
Abinsa S.A. De C.V.,151.72,1
Marsky Tours Srl,151.72,12
Kb Components Canada Inc.,151.43,1
Cs Wind America Inc.,151.4,2
Rolls Royce Corp.,151.32,2
Azz Galvanizing South Carolina,151.3,2
Fresh Results Llc,151.24,7
Ministerio De Salud Publica De Ecua,151.2,4
Ls Imm Usa Llc,151.1,1
American Samoa Power Authority,151.1,1
Penn Stainless,151.0,2
Szk Del Ecuador S.A.,150.6,4
Del Valle Tours Srl,150.5,6
Longbow Bess Llc,150.46,1
Avole,150.4,20
Broad River Quarries Llc,150.3,3
Ceva Freight (Usa),150.08,1
Decoexsa Bilbao,150.0,2
Pr Equipment Sales,150.0,4
Taggart International Ltd.,150.0,2
Cerveceria De Puerto Rico,150.0,2
Circuit Of The Americas,150.0,2
Maspor Marine,150.0,2
Lorusso Heavy Equipment Llc,149.8,14
4 X4 Auto Group Inc.,149.76,17
Javan Imp. Llc,149.65,23
C Air Customhouse Brokers,149.64,6
W58 Ksu,149.56,6
Matamata Industrial Machinery Imp.,149.24,6
"Bmw India Pvt., Ltd.",149.16,10
Air Sea Cargo Sa De Cv,149.0,2
Netstal Inc.,149.0,4
Banco Bice,148.92,2
Fruit Royale Inc.,148.38,10
Hj Schryver,148.28,4
Golden Triangle Polymers Co. Llc,148.2,2
Grimaldi Lines,148.0,8
P.S.A International Trading Ltd.,147.9,2
Pbs Auto,147.89000000000001,39
Universal Motors N.V.,147.78,12
Conceptum Logistics,147.6,2
Northwest Mini Trucks Llc,147.42000000000002,18
Putzmeister Inc.Racine,147.36,7
Transportes Y Logistica Gsc S.A De,147.32,2
Caterpillar S.A.R.L.,147.28,2
Vehiculos De Trabajo Sociedad Anonima,147.26,4
Alfa Laval /Ca,147.22,2
Jie Kuang,147.22,52
Damera Bus Sales Canada Corp.,147.2,4
Bauer Magyarorszag Kft,147.2,2
Otics Usa,147.16,2
Jeanneau Amercia Inc.,147.06,8
Nikola Corp.,146.9,30
Interglobal Forwarding Services Inc.,146.86,1
Petrasco Services Inc. (Usa),146.77,1
Ultra Corpotech Inc.,146.5,1
Empresa Minera La ''Encontrada'' S.,146.5,1
Nova Circulasolution Llc,146.38,4
Unisea Inc.,146.23000000000002,4
W81 Tpb,146.22,9
Sumitomo Canada Ltd.,145.94,2
Pitt Solar Llc,145.91,1
Westmet Tool & Machinery Ltd.,145.8,2
Drillmec Srl,145.76,4
Crowley Maritime,145.7,2
Performance Yacht Sales Corp.,145.7,13
Super Steel Treating,145.54000000000002,4
Clinton Todman Trucking,145.35999999999999,10
Hoyer Espana S.A.,145.29,3
Jdm Imp. Hawaii Llc,145.26,138
Tmeic Corporation,145.16,4
Wabash National,145.14,2
All Ways Forwarding International Inc.,145.1,75
Act Enviro,145.01,24
Phares Hurst,145.0,12
Dsm Semichem Llc,144.98,1
"Trench Shoring Rental Pvt., Ltd.",144.86,4
To Seba Tubular Inc. Seba Tubular I,144.82,2
W O Grubb Crane Rental,144.6,2
Maquinaria Intercontinental,144.46,2
Interline,144.4,6
Apm Terminals Pacific Ltd.,144.34,1
Emsa Mofles Escapes Monterrey S.A.,144.29,1
Cantex International,144.26,6
Expeditors International De Mexico,144.2,4
J D Rush Co.,144.12,2
Ansa Motors (Barbados) Ltd.,144.06,8
Tiba Mexico S.A. De C.V.,144.0,2
Berry Tractor & Equipment Co.,143.85,3
Marubeni Itochu Tubulars,143.72,3
Wood Group Usa Inc.,143.6,1
Proveedora De Equipo Fresne S. De R,143.6,1
Rudisa Motor Co.,143.56,22
Asi Co Maksteel Processing,143.31,1
Nectar Marine Llc,143.3,2
Cm Biomass Partners A S,143.27,1
Montajes Industriales Myca S De Rl,143.21,1
Oldendorff Carriers Gmb H & Co Kg,143.17000000000002,3
Alfa Laval Inc.,143.10999999999999,25
Terra Cat Nz,143.0,2
Colorado Springs Utilities,142.86,2
Michener Allen Auctioneering Ltd.,142.59,5
Engel Used Machinery Mexico Sa De C,142.4,2
North East Auto Imp.,142.39,40
High Strength Plate And,142.28,2
Concord Concrete Pumps Inc.,142.28,4
Distribuidora De Automoviles,142.01999999999998,4
One Up Llc,141.92,65
Casas Truck S.A. Imp. Exp.,141.42,11
Us Equipment Sales,141.4,4
Banco Santander Chi,141.36,2
J&K Fresh East A Division Of,141.31,9
Orlick Industries Ltd.,141.2,2
Pittsfield Lawn & Tractor,141.2,2
Ansa Motors Guyana Inc.,141.07999999999998,4
Kanematsu Corporation,141.04,1
Aquitex Sa De Cv,140.92000000000002,6
Dantrawl Inc.,140.88,6
Nguyen Minh Steel Group Jsc,140.60999999999999,3
Gt International Logistics Ltd.,140.56,6
Ic Creados Para Transportar S.L.,140.52,2
Tractorland Equipment Co. Inc.,140.48,10
Scottbec Inc.,140.45,1
Brokk Inc.,140.43,11
Azule Energyangola Sp A .,140.41,1
Equipment Sales & Rentals Ltd.,140.4,2
Endless Holdings Ltd.,140.4,2
Contructora Sicim Sa De Cv,140.16,2
Erowa Technology,140.12,45
Natalia Veloz Espinal Pr,140.1,20
Kg Sportfishing,140.0,4
Complete Marine Freight Sl,140.0,4
Franklin Metal Trading Corp.,140.0,2
Jupiter Aluminum Corp.,140.0,2
Hsbc Bank Canada,140.0,2
American Isostatic Presses Inc.,140.0,2
Talaria Co. Llc,140.0,3
Neal Brother Charleston Inc.,139.8,6
Fresh Flavor International Inc.,139.66,4
Bauer Spezialtiefbau Gmb H,139.6,2
Spacex Payload Processing Facility,139.57,3
Georgia Transmission Co.,139.4,2
Master Builders Solutions Puerto,139.16000000000003,5
Oregon Southern Corp.,138.96,6
Helix Solutions,138.58,1
Alatas Americas Inc.,138.5,8
Pacific Gas & Electric Co.,138.48,2
Live Oak Brewing Co.,138.4,8
Imv America Inc.,138.24,4
Priano Marchelli Usa Inc.,138.22,209
Nicro Boltasa De Cv,138.2,2
Centergate,138.12,1001
Hotz Ferrous Inc.,137.96,4
Daisy Brand,137.86,3
Freeboard Meridan Ltd.,137.7,2
The Worthington Steel,137.62,1
Ssab Co Philippi Hagenbuch Inc.,137.5,2
Atlantic Pacific Global Logistics,137.5,2
Sealing Trading Inc.,137.47,1
0188 Ad Bn 01 Bty B Ada Batte,137.44,2
Olin Winchester Corp.,137.42000000000002,14
Sumitomo (Shi) Plastics Machinery,137.38,4
Honda Deutschland,137.24,28
Olnova America Llc,137.12,4
Distribution Service Cargo Sa De Cv,137.02,6
Master Of Mt Pioneros (Cmc),137.0,1
Cliff Berry,136.96,3
Vision Motorsports Inc.,136.9,91
Stanley Orchards Sales Inc.,136.81,6
Longroad,136.72,1
Rohr Inc. Gf,136.64,5
Fns Inc.,136.62,4
Freeport Mcmoran Morenci Inc.,136.45,3
Dn Solutions America Corp.,136.4,2
Jdmhawaii Llc,136.38,126
Garage Centraal Aruba,136.28,8
Empresas Melo Sa O25,136.16,2
Run Works Llc,136.09,103
All Round Forwarding,136.0,3
Tesmec Australia (Pty) ) Ltd.,136.0,2
Tedom Usa,136.0,2
Prins Usa Inc.,136.0,8
Cimentalia Chile Sp A,135.8,2
Smm Soutest Llc Corp. Sims,135.6,1
Lomanco Inc.,135.6,2
W7 N4 Uspfo Activity Vt Arng,135.55,10
Tecnica Universal S.A.,135.46,12
Tomita Usa Inc.,135.46,2
Sunsail Worldwide Sailing Ltd.,135.4,7
Alaska Waste,135.29999999999998,23
Massymotors (Guyana) Ltd.,135.12,2
Cargo Service Sau,135.06,2
L 3 Systems Co.,135.0,1
The Jdis Group Llc,135.0,2
Uet Marine Llc,135.0,1
Minerai De Fer Quebec,135.0,1
National Arab Motors,134.88,11
To Natixis For Account Of Caisse,134.66,6
Marine Connection,134.6,24
Wallenius Wilhelmsen Logistics,134.58,8
Bull Moose Tube Co.,134.56,2
Kamal Dall Mill,134.5,1
Tranzit Service Saksamaa Gmb H,134.5,4
Universal Motors Israel Ltd.,134.5,2
Bombi Commodities,134.5,1
Trimodal De Mexico S.C.,134.46,2
Gloucester Terminals Llc,134.4,3
Jafec Usa Inc.,134.4,3
Nassco,134.34,2
Hwp Industrial Contracting,134.2,2
Bj Services Co. Mexicana,134.18,2
Crane Worldwide Logistics Mel,134.0,2
Norther Gulf Co.,134.0,98
Sarasota Yacht & Ship Inc.,134.0,5
Liebovich Bros. Inc.,133.88,6
Plaquemines Lng Facility,133.79999999999998,4
Lyondellbasell Industries,133.68,2
Superior Used Equipment,133.4,7
Cosmundo Inc.,133.21,25
Riviera Yachts Of The Americas Inc.,133.0,4
Aggritek International Inc.,133.0,1
Texas Instruments Inc.,132.9,12
Thoma Sea Marine Constructors,132.8,2
Palmer International Inc.,132.72,2
Sdv Houston,132.7,6
Siemens Kinder Llc,132.66,2
Waste Management Stericycle,132.28,8
C C Mfg. Llc,132.0,2
C&C Mfg. Llc,132.0,2
Jose Luis Vasquez Valdez,132.0,18
Intl Freight Transport,132.0,2
One Sp A World Bahamas Ltd.,131.92999999999998,37
Ram Tubulars Inc. Ram Tubulars Inc.,131.84,1
To Santo Domingo Motors Co. S.,131.74,16
Caribbean Auto Sales,131.66,18
American Carrier Equipment,131.56,2
Cleveland Cliffs Steel Inc.,131.5,4
Cnh Industrial Australia (Pty) ) Ltd.,131.24,8
Maquinaria Y Tractores Ltda,131.2,4
Greystone International Llc,131.18,5
National Solid Waste Management Aut,131.08,2
Q Auto Llc,131.0,8
Fonderie Horne,130.86,1
Trans Global Projects Logistics (Pty) ),130.8,2
Kukdong International Freight Agency,130.57999999999998,5
Navistar Big Bore Diesels Llc,130.5,3
British Vehicle Imp. & Exp. Rs,130.4,16
Girtz Industries,130.36,1
Toplift North America,130.36,3
Beckwood Press,130.23,1
Grimaldi Deepsea Acl Usa,130.22,42
Cole International Inc.,130.2,3
Romar Rail Co.,130.18,4
Beyond Gravity Space Inc. Usa,130.13,6
Dubose Industries Inc.,130.0,2
Constellium Muscle Shoals,130.0,2
Rides Usa Llc,129.96,6
Kbx Llc,129.84,2
Volcafe Specialty Coffee,129.72,2
I.H. Hunter (Pty) ) Ltd.,129.66,6
Best Shipping Inc.,129.51999999999998,4
Air Transport World Freight Ltd.,129.4,4
Intl Fruit Co. Inc.,129.33,6
J Boat,129.32,26
Canella S.A.,129.22,2
Orovini Parking,129.04,12
Redrock Machinery North America Ltd.,129.0,10
Alta Equipment Co.,129.0,8
North Pacific Yachts Inc.,128.8,5
Kcrd Auto Imp. Srl .,128.66,4
Boundary Bend Olives,128.46,2
Arrgo Logistic Service Llc,128.38,2
Ryerson C O Textron,128.36,4
Avion Base Cargo,128.16,2
Wilcox Turret,128.11,10
Ant Rentals Ltd.,128.0,2
Bird Dog Explorations Llc,128.0,4
Cosma Casting Michigan,127.96,2
Joest Inc.,127.96,8
Esc Steel Llc,127.93,1
Yorservi Srl .,127.84,1
Tractores Y Maquinaria Real Sa De Cv,127.8,4
Track Plant Inc.,127.7,6
Jd Rushcompany Inc.,127.6,2
Otim Usa Inc.,127.6,4
Fives Machining Systems Inc.,127.5,2
Voith Us Inc. (Vpfs),127.5,1
"Taiun Co., Ltd.",127.25999999999999,4
Harro Hoefliger Packaging Systems I,127.24,4
Burr Yacht Sales Inc.,127.2,2
Gd Nassco,127.18,6
Cory Brothers (Usa) Inc.,127.07,31
Network Global Lojistik A.S.,127.0,2
Valmet Inc. Ein# 56 150840001,127.0,2
Nwestlake Vinyls Co.,126.83,1
Surdyke Yamaha Marina,126.8,28
Amgen,126.68,1
W90 Hfb,126.45,5
Ram International Inc. Dba Flat Wo,126.26,1
J J Rail Sales Inc. St Charles,126.26,1
Jp Reynolds Co. Inc.,126.19999999999999,6
Volvo Group Trucks Operations,126.14999999999999,3
Trinity Fruit Sales,126.10999999999999,5
Durabac,126.08,8
Intransia World Wise Logistics,126.0,2
Bella Vita Ci Corp.,126.0,2
Jdm All Makes,125.97999999999999,16
Top Secret Rtp Imp.,125.89,64
Loedige Usa Inc.,125.64,4
Compania Dominicana De La,125.5,2
Schlumberger Argentina S.A.,125.48,2
Vento Logistics Alliance S.A.,125.36,2
Siemens Energy Inc. Ops 450 Housto,125.2,2
Foley Equipment,125.11,6
Tattersall Maquinarias S.A.,125.10000000000001,6
Goodrich Wheel And Brakes,125.1,2
New Builds Of America Inc.,125.0,3
Titan Commercial Inc.,125.0,6
Sterycicle Inc.,124.88,12
Rubis Eastern Carubbean Srl,124.63,1
Yolang S.A. De C.V.,124.4,6
Claa Juneau,124.36999999999999,18
Iris Usa Inc. Texas Fa,124.14,2
Pa Marine Ltd.,124.0,2
Swissport Usa,124.0,2
Agco Australia Brisbane Warehouse,124.0,4
Cooper Tire And Rubber Co.,124.0,2
Armor Lite Trailer Mfg,123.86000000000001,4
Woodford Plywood,123.86,2
Autoland Llc,123.86,102
Tung Mung,123.83000000000001,4
Howmet Whitehall Casting,123.75999999999999,4
"Daiho Trading Co., Ltd.",123.61000000000001,2
Azimuth Machinery Ltd.,123.6,3
Arab Bank Plc.,123.56,2
Duke Energy,123.3,2
Duke Energy Florida,123.3,2
Ritchie Bros Auctioneers America,123.14,6
Xios Global Projects Llc,123.1,1
Auto Depot,123.08,10
American Electric Power,122.92,4
Fording River Operations,122.91,1
Pellenc America,122.9,8
Crawford Porter,122.77000000000001,8
Jdm Offroad Llc,122.69,48
American Overseas Transport,122.59,1
Lgmg North America Inc.,122.25,5
Valmont American Galvanizing,122.24,2
Valmar Brokers Llc,122.21,1
Tugua Tupi Guarani S.A. Imp.,122.12,8
Recycle Management Llc,122.0,2
Stewart & Stevenson,122.0,4
Resansil Rd S.A.,122.0,2
Uno Mas (Ocho Rios) Llc,122.0,2
Dsv Chester Pa. Customs Broker,121.92,1
Rudisa Motor Co. Nv,121.8,26
Remar S.A.,121.76,4
Subaru Del Canal S A,121.56,4
Dew Eng And Development,121.52,4
Intl Paper Co. Henders,121.44,2
Yellow Iron Of America Llc,121.4,16
La Cisa North America Inc.,121.32,4
Kari Out Llc Totowa Main Warehouse,121.3,2
Compania Transporte Diversos Srl,121.18,8
B Pro Auto Ltd.,121.17999999999999,80
Iwc,121.08,19
Kadey Krogen Yachts Inc.,121.0,3
Dufry America Services Inc.,120.94,3
Power Screening Llc,120.92,4
Tecnologia Agricola Y Construccion,120.91999999999999,10
Pepsi Cola Puerto Rico Distributing,120.82000000000001,64
Gomei Shoji Kaisha Ltd.,120.81,1
Emilio J.Jaar & Cia. S. De R.L.,120.74000000000001,4
Caterpillar Of Australia Ltd.,120.56,4
Landpower Australia (Pty) ) Ltd.,120.56,6
Auto Trade Ltd.,120.44,24
Geely Automobile International Corp.,120.32,2
Caribbean Auto,120.06,8
0126 Av Bn 03 Coedet1 Reart32,120.02000000000001,2
Ministere De Linterieur,120.0,2
Hitachi Energy New Zealand Ltd.,120.0,2
"Ltn Logistics International Co., Ltd.",120.0,2
Ocean View Holdings Marshal Island,120.0,1
Agri Flow,120.0,4
General Electric Aviation Dm,120.0,16
Ica Constructora De Infraestructura,120.0,2
Mainfold & Phalor,120.0,3
Suministro De Materiales Reciclable,120.0,2
Colonial Yacht Sales Inc.,120.0,1
Vectrus Systems Corp.,119.6,1
Shawcor Pipe Protection Acquisition,119.55000000000001,2
Butler Mill Service,119.55,1
0060 Ad Bn 04 Bty D0 Rear Det,119.3,2
Capital Industrial Sales & Services,119.22,6
Banco Bct S.A.,119.18,4
Ford Motor Colombia S A S Nit 9007,119.14,2
Tortola Auto Group Carquest Auto P,119.08,95
Amaco Equipment,119.0,2
Mondiale Vgl (Auckland),119.0,4
Kangyin America Inc.,118.97999999999999,10
Mdt Armor Corp.,118.97999999999999,6
Liebherrusa Co.,118.9,4
Fried Sped Logistics Llc,118.88,2
Us. Metals Inc.,118.74000000000001,2
Kensing Corp. Llc,118.71,6
Joeten Motor Co.,118.7,14
Charter Nex Generation Inc.,118.62,2
Lassonde Pappas And Co. Inc.,118.43,5
Fast Track Worldwide Logistics,118.32,149
Zf Industries Llc A Gainesville,118.25,12
W7 M8 Uspfo Activity Ia Arng,118.2,4
Carpenter Technology Corp.,118.05,1
Toyota Tsusho Processing Demexico,118.04,2
Tc Recycling,118.0,2
Transportes Eurotrans Chile Sp A,118.0,2
Continental Mills,118.0,2
Kamigumi Usa Inc.,117.97,1
Blue Marine Offshore Yard Services,117.94,2
Fds Foundation Drilling Services I,117.94,1
Nippon Shokubai America Industries,117.73,6
Leader Air & Sea Inc.,117.72,5
Stericycle Aqua Clen Ship Caribe,117.4,21
Heartland Coca Cola (Olathe),117.16,4
Siemens Energy Inc. Gas & Power,116.98,1
Fruits Et Legumes Gaetan Bono,116.96,2
Boulter Industries Contractors Inc.,116.85999999999999,7
Magic Customs Broker Inc.,116.8,4
Ssab Hardox Corp.,116.8,6
Schenker International Sa De Cv,116.74000000000001,6
Trt Aust (Pty) ) Ltd.,116.62,2
Euromotors,116.52,16
Praxair Surface Technologies Inc.,116.50999999999999,3
Exiros B.V. Sucursal Uruguay,116.5,2
Sangiacomo Presses Americas Llc,116.4,2
Inchcape Colombia S.A.S.,116.22,10
Cotterino Supply,116.18,8
Nortunel S.A. Id 1310630 0,116.12,1
Massy Motors,116.06,8
Terex Oklahoma City Mfg,116.0,2
Eisa Trading Inc.,116.0,2
A B Worldwide Commerce Sa De Cv,116.0,2
Fire Emergency New Zealand,115.92,2
Svante Inc.,115.88,2
Henniges Automotive,115.8,2
To Kia Argentina S.A.,115.78,4
Poly Diesel,115.78,12
"Volkswagen Group Imp. Co., Ltd.",115.74,6
Heinkel Filtering Systems Inc.,115.71000000000001,3
Dsv Solutions Pjsc,115.6,2
"Asia Harbor Yacht Builders Co., Ltd.",115.5,3
Steel Tek Framing Llc,115.46,1
Us Marine Corp.,115.44,2
R2 P Innovations,115.4,2
Cardinal Yacht Sales,115.2,14
Hitachi Zosen Usa. Ltd.,115.18,2
Total Energies Petrochemical Refi,115.1,1
Ntg Projects,115.08,6
Atlas Machinery,115.05000000000001,7
Abbott Machine Co.,115.0,1
E & J Used Car Sales And Courier Se,115.0,57
Amazon Data Services Inc.,114.84,1
Pernod Ricard Espana,114.58,3
Mac Logistic & Services Inc.,114.52,2
Watchpoint Logistics,114.18,2
W91 Zpj,114.11,11
Weener Plastics Inc.,114.1,3
Morrsion Engergy,114.08,1
Orient Coaches Ltd.,114.0,6
Cobra Anchors Corp.,114.0,2
Cenntro Electric Cics Srl,114.0,8
Rotochopper Inc.,114.0,4
Operadora De Minas De Nacozari,113.99,1
Toprank Motorworks Inc.,113.92,24
Kruit Enterprises Ltd.,113.9,9
Trinity Av Perimetr,113.85999999999999,4
0149 Av Bn 02 Co B Det 1 Rear,113.77,1
Loram Maintenance Of Way Inc.,113.72999999999999,7
American Dragon Machinery Sa De Cv,113.6,6
Interfracht Inc.,113.56,5
Voith Hydro,113.5,2
Chesapeake Shipbuilding,113.4,4
Fleming Electric Inc.,113.24000000000001,3
Dsv Air & Sea S.A.U. R47 F,113.2,2
Lk Metrology Inc.,113.16000000000001,20
Clean Air Engineering Maritime,113.16,4
Wal Mart International,113.12,3
Atracciones Roca Sa De Cv,113.04,2
Drillmec Inc. Usa,113.0,2
Veleros Y Veleros Llc,113.0,3
Vetco Gray Inc.,113.0,2
Nevelis Global Research&Technology,112.96,1
Target Steel Flat Rock,112.94000000000001,4
"Globalwafers America Co., Ltd.",112.9,3
Homan Inc.,112.74000000000001,10
Cascaida Metals,112.64,2
Bandit Inductries Inc.,112.63,3
Transitainer (Nsw) (Pty) ) Ltd.,112.5,2
Creative Lifting Services Inc.,112.45,5
East Coast Equipment Sales Llc,112.44,3
R.W.Smith And Co. Inc.,112.42,2
Lausant Comercio Exterior S.A. De,112.4,2
Quality Tube Supply Ltd.,112.4,2
Aero Specialties Inc.,112.38,14
Lh Stamping,112.35000000000001,2
Magna Electric Vehicle,112.2,2
U.Form Detroit Inc.,112.16,2
Ineos Styrolution America Llc,112.08,1
Cinder Residuals,112.04,1
Compania Mecanica Y Conminucion Sac,112.03999999999999,4
Custom Injection Molders,112.0,4
Lx Pantos America Inc.,112.0,2
Emons Air Sea Llc.,112.0,4
Butler Family Fun Inc.,112.0,2
Abj Logistica Aduanal De Veracruz,112.0,2
Dcs Imp. & Exp. S.A. De C.V.,112.0,4
Arizona Public Service Co.,111.8,1
Al Mukhtar International Co. Fo,111.79999999999998,4
W91 Zmy,111.79,2
British Motors Srl .,111.76,6
My Car S.A.,111.72,5
Dsv Air & Sea Inc.,111.65,3
Allied Steel Buildings,111.58,2
Howco Metals Inc.,111.47999999999999,8
Skx Nutrition Jsc,111.39,1
Equipment Direct Inc.,111.3,20
Kubota Materials Canada Corp.,111.3,2
Plastic Stock Shapes Inc.,111.25,1
Foreman Equipment,111.24000000000001,4
Pmc Builders Ltd.,111.22,3
Deugro (Deutschland) Projekt Gmb H,111.2,2
Darby Equipment Co.,111.1,2
Morganton Pressure Vessels Llc,111.0,2
Equip2 Ltd.,111.0,4
C P Flexible Packaging,110.9,2
Palometa Group,110.8,3
Servygru Allroads S De Rl De Cv,110.8,1
Grand Steel Products Inc.,110.68,2
Federal Broach & Machine,110.62,4
Gutterman Iron & Metal Corp.,110.6,2
Efacec Usa Inc.,110.56,2
Prince Of Peace Enterprises Inc.,110.49000000000001,8
Envases Universales De Mexico S.A.,110.47999999999999,4
Jazz Cruises Llc,110.46000000000001,4
Tchen Motors Llc,110.44,45
Symphony Natural Health Inc.,110.34,6
Ryerson Metals De Mexicos De Rl De,110.18,2
Hitachi Rail Sts Usa Inc.,110.12,5
Comoldco Corp.,110.1,1
"S.L. Horsford & Co., Ltd.",110.06,20
Maxim Crane Works,110.04,2
Thenamaris Ships Management Inc.,110.00999999999999,5
Borgofino Corp.,110.0,2
Sterling Fox Llc,110.0,1
Spring Brook Marina Yacht Sales,110.0,5
Biofermepc Usa,110.0,2
Tld America Corp.,110.0,2
Ethos Energy Power Plant Services,110.0,2
Wendt Corp.,110.0,2
Robb Crumpton Crumpton Family Llc,110.0,2
Trujillo Alto Aluminum Products,109.86,42
Crown Rail Belleville,109.72,2
Fudi Food Corp.,109.72,5
Dnow Canada,109.68,2
Intl De Metales,109.68,1
Jamol Umarov,109.64,58
Ring Power Paul Twigg,109.5,4
Olivia Care Llc,109.5,5
Nothern Crane Llc,109.36,1
Pennengineering,109.34,3
Andritz S.A. De C.V. (Hmx),109.3,2
Nugar Sa De Cv,109.3,2
California Giant Inc.,109.22,7
Hexatronic Us Inc.,109.2,2
Stellantis Australia And New Zeala,109.16,2
Nippon Fruehauf,109.12,8
Weyerhaeuser Nr Co.,109.0,8
Tesala,109.0,1
Miller Bradford & Riseberg Inc.,109.0,4
Acciona Energy Usa Global Llc,108.99,1
Music City Machinery Llc.,108.9,4
Oceaneering International Inc. (Usa),108.86,3
Mitsubishi Corp. Lt Usa,108.84,7
Stena Drilling,108.81,3
"Samuel Son And Co., Ltd.",108.72,1
Eco Bottles Corp.,108.71,25
John Deere Construction Equipment,108.68,10
Kleannara,108.64,1
Southwest Welding Llc,108.55,1
John Deere Sales Hispanoamerica S. De R.L. De C.V.,108.54,4
Disilva Fruit,108.53,3
Hitachi America,108.52,1
Fmc Technologies Ltd.,108.51,1
Maverick Environmental Equipment,108.5,2
Barnone Equipment Llc,108.5,1
Hp Hood Llc,108.49,1
Siemens Mobility Inc. Heavy Rail,108.4,16
Rosenbauer Minnesota Llc,108.25,4
Sociedad Inmobiliaria Y Comercial,108.22,2
Sps Inc.,108.21,1
Roeders Of America,108.16,9
Racc Steel Sa De Cv,108.06,8
Dek Deutsche Extrakt,108.04,1
Bes Global Inc.,108.0,6
Empire Gas De Puerto Rico,108.0,4
Ge Schenectady Service Center,108.0,2
Industrializadora De Proteinas Y,108.0,2
Equipment Technology Llc,108.0,3
Happy Now Too Ltd.,108.0,1
Plastic Performance Solutions,108.0,2
Toyota Tsusho Corporation,108.0,4
C H Robinson Worldwide Chile S.A.,107.93,1
Nissei Mexico S. A. De C. V.,107.9,2
Unique Logistics International,107.9,2
Decoexsa Madrid,107.8,4
Lanzhou Colourful Rose Trading Co.,107.73,1
Mexico Rolling Stock (Hk),107.60000000000001,4
Solar Turbines Canada Ltd.,107.52,2
Protin Imp. Ltd.,107.44,6
Halliburton Energy Services Inc.,107.41000000000001,2
Carrocerias Ayats Mexico Sa De Cv,107.39999999999999,4
Zinkpower Monterrey S.A. De C.V.,107.36,2
Apex Downeast Wind Substation,107.21,1
Ottoex Llc,107.13,56
Pcs Nitrogen,107.06,2
Swedish Steel (Pty) ) Ltd.,107.04,2
Titan Machinery Llc,106.96000000000001,13
Made Outto Samsung C,106.96,2
"Nippon Paper Crecia Co., Ltd.",106.87,2
Asg Brisbane (Pty) ) Ltd.,106.83999999999999,54
Bollore Logistics Australia (Pty) ) Ltd.,106.8,2
Itochu Corp.,106.79,1
Lion Jdm Imp. Llc,106.76,30
Freedom Marine,106.74,15
Gadicc Servicios Aduaneros S De R,106.68,4
Mallaghan Inc.,106.67999999999999,4
Universal Motor Geraete De Mexico,106.58,4
Attraciones Roca Sa De Cv,106.52,2
Landstar Global Logistics,106.48,2
B.L. Harbert International,106.36,2
G.S.A San Juan Fleet Management,106.27,33
Aeolus Substation,106.17,3
Bollore Logistiques (Canada),106.06,1
Rozema Boat Works,106.0,4
Rrewolrd,106.0,2
Intl Armored Group Us Inc.,106.0,8
Intequip Mining Sales,106.0,2
Caterpillar Tucson Proving Ground,105.8,3
Clean Harbors Deer Park Lp,105.8,8
American Piping Products Inc.,105.75,2
Marubeni Itochusteel America Inc.,105.71,1
Grupo Inset,105.7,1
"Gojo Paper Mfg. Co., Ltd.",105.6,2
Ingersoll Cutting Tool Co.,105.6,4
Voigt Schweitzer Galvanizers Inc.,105.58,2
Atlas Toyota Material Handling,105.5,7
Sinohydro Corp. Ltd. Sucur,105.38,1
Corporacion Motortec,105.32,8
Tmeic Corparation Americas,105.3,3
Inchcape Colombia S.A.S,105.21,9
Kaede Corp.,105.21,4
Cleveland Brothers Equipment Co.,105.08,9
"Turkish Petroleum International Co., Ltd.",105.08,2
Easy Solution Logistica Ltda,105.08,2
Wit Trading Industrial Y Mineral,105.0,1
Texas Steel Conversion,105.0,1
Wrl Shipping (Pty) ) Ltd.,105.0,1
The Scotiabank Trin,104.96,6
Lux Row Distillery,104.88,2
Bauer Foundations Canada,104.8,2
Sidump R Trailer Co.,104.78,10
J&J Rail Sales,104.76,3
Kobelco Construction,104.72,2
Asahi Bluegrass Forge Corp.,104.68,2
Complete Marine Freight S.L.,104.6,10
Productora De Fertilizantes Del,104.42,1
Corporacion Hotelera Dominicana Sa,104.4,2
Aes Clean Energy Development Llc,104.28,2
Tyalta,104.2,4
Materiales La Cuesta,104.12,1
Dupro Products Inc.,104.08,2
Okazaki Yachts Ltd.,104.06,23
B B Metals Processing Inc.,104.0,2
Ab Calsa S.A. De C.V.,104.0,2
Shred Techcorporation,104.0,3
Pmet,104.0,1
Terex Usa Llc.,104.0,2
Golden Bee Imp. Exp.,104.0,2
Heil Environmental,104.0,2
Autosports Leichhardt (Pty) ) Ltd.,104.0,56
Terracerias Y Construcciones,104.0,2
Tactical Air Support,104.0,4
Kathy Hong Dba Dk Express Co.,103.98,2
Daehan Solution Al.Llc,103.88,2
Alltech Japan,103.78,6
W91 Ngy,103.74,4
Texas Mini Trucks Llc,103.7,34
T & O Realty Associates Llc Dba Tor,103.6,4
Hyundai Corp. Mexico S. De R,103.57,1
Sealogis Freight Forwarding Sa Le H,103.55000000000001,4
Cascade Die Casting,103.4,2
Vicinity Motor (Bus) Corp.,103.4,1
Vanquish Yachts Inc.,103.2,9
Jade Sterling Steel Co Inc.,103.18,4
Geotunel S L,103.0,6
Shintech Louisiana Llc,103.0,2
Pine Grove Tractor Parts,103.0,11
Worley Group Inc.,102.97,1
Ntg Air & Ocean,102.85,1
Ritchie Bros.Auctioneers Inc.,102.84,2
Berard Transportation Inc.,102.8,2
Benimex S. A. De C. V.,102.71,1
Omada International,102.7,2
Christian J Marrero Gonzalez,102.59,108
Coil Spot Llc,102.57,1
Panhandle Lift Solutions Llc,102.49,1
Epiroc Customer Center,102.46000000000001,4
Union Pacific Railroad Co.,102.44000000000001,4
Messer North America Inc.,102.44,6
"Trans Pacific Services Co., Ltd.",102.42,1
Holcim (Colombia) S.A.,102.38,1
The Gleason Works,102.37,9
Dmg Mori Seiki Ellison Canada Inc.,102.36,5
Us Ocean Llc,102.09,1
Cleveland Cliffs Mansfield Works,102.0,2
Kia Imp. Peru S.A.C.,102.0,2
Welch Equipment Co.,102.0,6
Ac Equipment Services Corporation,102.0,3
Transportes T Diversiones Gama S.A.,102.0,2
Stein Llc (Eastside),101.96,1
Vasumathy Traders,101.94,1
Lamina Alambre Y Malla,101.87,1
Benion Corp.,101.86,1
Al Jenaibi International,101.84,8
Vi Equipment,101.77000000000001,3
Jlk Cars Ltd.,101.72,44
Upstream Data Inc.,101.62,2
Us Army W50 Hg8,101.61,2
Mmd Mineral Sizing (Canada) Inc.,101.58,2
Army General Supply Lmp Stock Rec,101.52,2
Thyssenkrupp Polysius America Inc.,101.52,2
Continental Equipment Co.,101.5,2
R K Pipe And Supply Llc,101.49000000000001,3
Carnival Grand Bahama Investments L Celebration Key,101.32,5
Nidec Machine Tool America Llc,101.28,6
Tecnica Industries S.A.,101.22,4
Harold S Equipment Inc.,101.2,6
Unik Auto Imp. Inc.,101.16,54
Pall Pinemont Usa,101.12,4
Pcc Airfoils Inc.,101.03999999999999,3
Cold Heading Fremont,101.02,2
R.G.R. Logistics (Uk) Ltd.,100.84,2
Sidumpr Trailer,100.82,4
Nissin International Transport,100.8,2
0001 Hq Hq Multidomain,100.67,6
Vigas Pretensadas Monterrey Sa De C,100.6,2
Resona Bank Ltd.,100.57,1
To The Ordder Of Stemcor Usa Inc.,100.55,1
The Babcock & Wilcox Co.,100.53,1
Mersin Ceha Liman Hizmetleri Gumruk,100.52,2
Global Tungsten & Powders Corp.,100.51,3
Kuehne Chemical Co Inc.,100.5,2
O.J. Ingenieros Srl .,100.5,1
Valaris Ds 18,100.47,3
Uday Agro Foods,100.26,1
Ge Energy Parts Inc.,100.24,10
Shell Canada Products,100.15,1
Tyreflex Star Motors,100.1,18
Alcan Timber,100.03,1
Vox Trading,100.03,4
Fiber Tech Solutions,100.02,1
Angel Rivas Operations Manager,100.02,1
"Timfood Co., Ltd.",100.01,1
Mtalx Usa,100.0,2
Van Ruiten Dairy,100.0,8
Just Made Foods Llc,100.0,2
Hpc Industrial Services Llc.,100.0,4
Billfisher S. F. Llc,100.0,2
Azimut Benetti Service Usa Inc.,100.0,2
Exxon Baytown Refinery,100.0,1
Alabama Roll Products Inc.,100.0,2
Kd International Llc,100.0,5
Itc Pasadena,100.0,1
Cupertino Electric Inc.,99.92,1
Sg Cimentaciones Y Puertos Sa De Cv,99.9,1
Mundiacero S.A. De C.V.,99.88,1
Adm Agri Industries Co.,99.85,2
Mike Morgan Industrial Llc,99.82,2
Rotamar International Shipping & Lo,99.8,2
Diamond Offshore Co.,99.8,2
Agricominsa,99.7,2
Precision Tools Service,99.58,12
Sika Mbcc Puerto Rico Corp.,99.45,3
Deerhaven V Inc.,99.44,8
Caribbean Premium Motors Ltd.,99.34,12
Cementos Portland Valderrivas Sa,99.23,1
Southern Sales And Service Co.,99.2,8
Oceana Gold New Zealand Ltd.,99.16,2
"Mareso Pte., Ltd.",99.14,1
Transhipping Agenciamento Maritimo,99.0,1
Gcc Permian (Odessa Plant),99.0,1
New World Farming Trade,98.94,4
Ultimate Motors Ltd.,98.91,13
Bepar Auto Imp. Srl,98.88000000000001,4
Michels Machinery Co. Inc.,98.8,1
Upl Na Inc.,98.77,3
Hart Print Usa Inc.,98.72,4
Mayfairs W' Sale (Pty) ) Ltd.,98.4,6
Ecoclean Inc.,98.4,12
Viacore Solutions Inc.,98.35000000000001,2
Ironlease Financial Solutions Inc.,98.2,2
Caisson Consultant Inc.,98.12,2
Promimaq S.A. De C.V.,98.08,2
Jeff Martin Acutioneers,98.0,2
Svsr Inc.,98.0,4
Auto Nation Group Inc.,97.97999999999999,12
Agricultural Corportion Gwangbok,97.89,1
Badger Ingredients Inc.,97.86,1
Krummirch Flexsys America Mfg,97.8,1
Steel Summit Holdings Inc.,97.75999999999999,2
Hlj International Trading Co. L,97.6,2
Banco Cuscatlan,97.58,6
673 Lrs Lgmr,97.56,2
Shiroki North America Inc.,97.56,8
Mountain Mud Service And Supply,97.43,5
Peravia Motors,97.38,4
Elacar Trading Sa,97.36,4
Ryerson Plymouth,97.35,2
Sociedad Tecnica Minera,97.25,2
Alfoulk Almashhoun Shipping Agency,97.2,2
Powertecno Energia Mexicana S. De,97.12,4
Bank Of America N.A.,97.07,9
Staten Island Glass Inc.,97.0,8
Noble Drilling Services Inc.,97.0,2
Sandvik Mining Construction Usa L,97.0,2
Senator International S.A.De C.V.,96.97999999999999,4
Facmetal Aceros Especiales Eirl,96.92,1
Hercon Maquinaria Comercializadora,96.9,2
Smiler Equipment Ltd.,96.88,4
Fj Works Inc.,96.86,2
Sumitomo Corp. De Mexico Sa D,96.84,7
Shinhan Bank Canada,96.81,1
Harsco Metals De Mexico S.A. De.C.V,96.8,1
Survitec Group,96.64,75
Centra Ingenieria Y Construccion Sa,96.5,2
Caravan & Reisemobile Korea Ltd.,96.44,2
Nippon Dynawave Packaging Co.,96.4,2
Comercializadora Hervaru,96.32,4
Zf Services North America Llc,96.2,3
Thyssen Mining Construction Canada,96.0,2
Captain Kidd V Llc,96.0,3
Mark Anthony Cellars,96.0,1
Delicato Family Vineyards,96.0,2
Simmons Pet Food,96.0,2
3 Tek Global,96.0,6
Haim Zuckerman Ltd.,96.0,2
Elite Motors Ltd.,95.78,4
Thyssenkrupp Industrial Solutions,95.73,1
Sas Samson Cherqui Ciacam,95.64,1
Siemens Energy Tcp New Unit,95.6,1
Harbison Walker International Inc.,95.6,2
Navemar De Mexico S.A. De C.V.,95.6,2
T.C.Y.Motors Sdn Bhd,95.58,12
Dass Steel Service Centre,95.56,1
Air Liquide Advanced Technologies,95.54,2
Cde Global Inv,95.53999999999999,6
Magnotta Winery Corp.,95.50999999999999,3
Pbs Auto Chemin De La Piscine Saint,95.5,8
Intl Marine Industries In,95.43,1
F&B Automotive Art Inc.,95.34,4
Alejandro Amador.,95.34,52
Brannon Steel,95.32,2
Caterpillarjapan Llc,95.3,2
Hanse Yachts Us Llc,95.25999999999999,8
Pentrans Inc.,95.2,2
Pacific Cargo Sp A,95.2,1
Wescott Agri Products,95.18,7
W50 Jme,95.18,10
Sazerac Co. Inc.,95.16,4
Heritage Crystal Clean Opa Locka,95.0,2
Exxon Terminal Baytown,95.0,1
Bhi,95.0,2
Rdo Equipment And Co Oregon,95.0,5
A Alba Sanchez Y Asociados Sa,95.0,2
Caterpillar Inc. North American,94.92,6
Simex,94.80000000000001,4
Bhp Jansen Mine,94.8,2
Motor Ventures Ltd.,94.6,16
Ls Cargo Logistics Usa Corp.,94.6,2
Dr. Yoon Auto Srl,94.6,4
Fabrication Solutions And Technolog,94.54,2
Entech Alaska Llc,94.5,12
Palmetto Equipment Trading Llc,94.47999999999999,5
Global Land Equipment Inc.,94.42,9
Elvin Mandujano Ae86 House,94.42,45
Protec Steel De Mexico Sa De Cv,94.39,1
R.L. Swearer Co. Inc.,94.34,1
"Bahamas Power And Light Co., Ltd.",94.2,1
Bryan Heavy Equipment,94.18,5
South Atlantic Galvanizing,94.18,2
Combustion Associates Inc.,94.13,1
C.S.Cable Innovator,94.06,3
Canadawide,94.05,4
Wong's Brother Trading Co.,94.0,2
Precast Co. Llc,94.0,2
Kennecott Utah Copper Corp.,93.98,3
Cahek Llc,93.7,32
Al Mulla Automobiles For Buying & S,93.52,8
Ceva Freight Llc (Elk Grove Village),93.48,2
Tilghman Crane & Transport,93.4,2
Arkonik Svo,93.39999999999999,46
R.W Smith And Co. Inc. Ph 281 590,93.22,2
Clarkdietrich Building Systems,93.14,1
Taller De Reciclaje De Metales,93.14,2
Lindner Recyclingtech,93.0,2
Howard Macanear Equipment Co.,92.99000000000001,4
Black Diamond Oilfield Rentals Llc,92.96,1
Ndy Mfg.,92.96,2
Horizon Auto Shipping Inc.,92.94,36
R.L.Felton & Associates (Pty) ) Ltd.,92.89999999999999,4
Ge Renewable Energy Canada Inc.,92.88,2
Coneq Ltd.,92.84,2
Brent Robinett,92.82,61
"All Nippon Airways Trading Co., Ltd.",92.75,2
Mobile Screening & Crushing Nz Ltd.,92.72,4
Petro Metal Inc.,92.71,1
High Force Concrete Cont. Llc,92.6,2
Desma Usa Inc.,92.6,2
Amazing Auto Imp. Ltd.,92.58,56
Vanport International Inc.,92.56,2
Amanda Barcsansky,92.28999999999999,118
Ultimate Transport Solutions,92.16,2
N.Z. Wheels Sdn Bhd,92.14,10
Constructora Gallo Meda Sa De Cv,92.12,2
Seko Worldwide Slc,92.11,1
Machine Shop Services Llc,92.1,10
Hyundai Corporationu.S.A. (Hou),92.05,1
Hobas Pipe Usa,92.04,1
Mercaderias Con Vision Sa De Cv,92.0,2
Highlander Equipment Rentals Inc.,92.0,6
Wolter Inc.,92.0,6
Eagle Cars,92.0,26
Volta Maquinaria Industrial Sa De C,92.0,2
Thompson Machinery,92.0,2
Ensco Drilling Mexico Llc Rig Dps5,91.92999999999999,6
Hadeed Motors Ltd.,91.92,24
Dynax America,91.88,2
Ups Supply Chains Solutions Inc.,91.85,7
Grand Valley Mfg.,91.8,2
Schlumberger Technology Corp.,91.69,4
Garney Companies Inc.,91.66,2
Tesab Spain Sl,91.6,2
Hacienda,91.56,2
Guayaki Sustainable Rainforest Prod,91.53999999999999,3
Metro Motors St. Croix Inc.,91.5,21
Global Motors Bv,91.38,2
Phoenix Process Equipment,91.2,3
Logistics International Inc.,91.08000000000001,4
Us Doe,91.0,2
Ofpnc Bank,91.0,2
36 Degrees Brokers Ltd.,91.0,6
Industrial Wood Technology,91.0,2
Naps Wind Lp,90.95,2
Metro Motors,90.9,16
Triple B,90.77,9
Grupo Melange De Mexico Sa De Cv,90.7,2
Consolidated Crane,90.7,1
Garage Budget,90.6,2
O M Usa Inc.,90.52,6
0106 Avbn 01 Co B0 Rear Det,90.46000000000001,7
Bentley Sydney,90.44,10
Jianlong Biotechnology Corp.,90.41000000000001,3
Mcdermott Inc. Co Gmc Amazon,90.38000000000001,2
Hamill Mfg. Co.,90.28,4
Gac Global Logistics Llc,90.24,8
Navia Freight,90.1,10
Hermle Usa Inc. Showroom,90.1,2
Multavista Llc,90.02000000000001,6
Vanlife Northwest Llc,90.02,28
Eurotranciatura Mexico S.A. De C.V.,90.02,2
Smm Soutest Llc,90.0,1
Caramba Sportfishing Llc,90.0,2
Zone Marine,90.0,2
Memories Ltd.,90.0,1
Crush Screen Recycle Solutions Llc,90.0,2
Dogado Srl,90.0,6
Baker Aerospace Tooling & Machining,90.0,2
Two Oceans Catamarans Srl,90.0,3
Empire Marine Group Inc.,90.0,2
Walter Oil & Gas,89.94999999999999,7
Malteurop North America,89.94,3
Nobelclad A Dmc Global Co.,89.88,2
Rudisa Zwaarmaterieel N.V.,89.88,4
Shaza Nippon Llc,89.88,16
Pnc Bank N.A.,89.84,2
Commercial Freight & Logistics P L,89.82000000000001,4
Us Embassy Juba,89.78,2
Xcmg North America Xcmg North Ameri,89.75,1
Steelwall Us,89.72,2
Global Construction Transport Llc,89.66,4
Danieli Ashland Service Center,89.66,2
Metso Outec,89.66,2
Double Island Inc.,89.52,32
St Maarten Amigo Tours N.V.,89.5,6
Parpas America Corp.,89.48,2
Marine Inter Trading Inc.,89.4,6
Alro Steel Corp.,89.32,4
Skf Argentina Sa,89.3,2
Axford Consulting Lp,89.1,1
Columbus Equipment Co.,89.0,4
Thompson Lift Truck Co.,89.0,6
Transportes Y Diversiones Gama S.A.,89.0,2
Db Group Sp A,89.0,2
Novem Car Interior Design Mexico,88.96000000000001,4
Robert Reiser Co. Inc.,88.96,16
Westrock Packaging Systems Llc,88.92,2
Best Bev Defiant Ones,88.84,2
Hazemag Usa Inc.,88.8,2
Codepsa Sa De C.V.,88.66,4
Wintersteiger,88.62,14
Bulk Tainer Logistics Usa,88.58,4
Ferreteria Agrotodo Sas,88.57,1
Zadoon Llc,88.47,2
0408 Ag Co Co T1 Hr Co.,88.4,2
Tecnoplast Del Ecuador Cia. Ltda,88.4,2
Metal Staal,88.32,2
Hansa Meyer Roliprojects,88.24,2
Lcilimited (Lotus Cars Imp.),88.18,2
Ameriquartz Llc,88.14,4
Dominican International Forwarding,88.13,3
Primero Group Usa Inc.,88.0,2
Cmi Raodbuilding Inc.,88.0,5
Stewart & Stevenson De Las Americas,88.0,2
Sms Cruises Stericycle,88.0,4
Adventureland Long Island,88.0,2
Levy Evertz Technology,88.0,2
Aztec Ventures,88.0,2
Sun Grove Foods Inc.,87.88,4
Daiichi Jitsugyo (America) Inc.,87.82,3
Nissan Middle East Fze,87.74000000000001,12
Dgi Trading,87.66,1
Ac Motorcars Llc,87.58,17
Bdp International Lojistik Ltd. Sti.,87.48,2
Kraken Logistics Sp A,87.46,2
Hhc 731 Cssb,87.44,1
Setanta Machinery Of Florida Inc.,87.4,2
Westate Machinery Co.,87.4,2
Horizon Consultants S.A.,87.32,2
Zekun Shuai,87.24,58
O'neal Steel Inc.,87.22,2
Badger State Highway Equipment Inc.,87.2,4
Regesa S.A.,87.16,2
Centauri Transport,87.06,6
To Ther Global Trade,86.93,1
Tahiti Automobiles Frederic Siu,86.86,10
Silent Aire,86.8,2
Ucomar N.V.,86.78,4
Carwill Llc,86.73,11
Reincoat Llc,86.72,2
Mid Atlantic Port Services,86.72,54
Master Solutions Inc.,86.71,11
Liebherr Canada Ltd.,86.7,4
Gulf Atlantic Industrial Equipment,86.7,3
Florida Forklift,86.54,1
Quang Minh Coffee Tradi,86.44,2
Diamond Offshore Drilling Inc.,86.38,4
Kanaway Seafoods Inc.,86.37,2
Tioga Pipe,86.35000000000001,4
Industrial Forklifts Inc.,86.31,4
Mechanical Dynamics & Analysis Ltd.,86.24,6
Delta Airlines Inc.,86.22,2
Nmt Deutschland Gmb H,86.2,2
Krones Inc.,86.18,3
Dimanor Distribuidora De Maquinaria,86.0,2
Universal Environmental Services,86.0,1
Industries Parts & Services Co.,86.0,4
Great West Equipment,86.0,2
Cerveceria Cuauhtemoc Moctezuma,86.0,2
Hugg & Hall Equipment,86.0,6
Infinity Boat Llc,86.0,1
Eimskip Nederland Bv,85.98,4
Turkmenline Denizcilik Ve Lojistik,85.94,2
Colas Madagascar,85.92,6
Bdv Behrens Us Llc,85.8,4
Toyota Tsusho America Inc.Miami,85.8,16
Rv Adventures Ltd.,85.72,16
Savino Del Bene Panama S.A.,85.7,2
Herbold Meckesheim Usa,85.56,4
Meiwo Imp.&Exp. Trading Inc.,85.5,1
Red Bull Equipment Llc,85.46000000000001,6
Cmp Caribbean Mineral Processing Sr,85.4,2
Advanced Geosolutions Inc.,85.39999999999999,3
Valley Equipment And Truck Inc.,85.36,6
Trac Mex Sapi De Cv,85.2,2
Metso Minerals Cap Equip,85.06,5
Tristate Metal Buildings Llc,85.04,1
Nabors Drilling International Ltd.,85.02000000000001,3
Tau Llc,85.0,1
Industrias Marves S.A. De C.V.,84.98,2
Weg (Nantong) Electric Motor Mfg.,84.9,1
Autos Suzuki De Centroamerica S.A.,84.9,2
A La Orden De Scotiabank,84.72,2
Fmi Bagdad,84.69999999999999,2
Centralia Equipment & Machine Inc.,84.64,2
Independent Motor Disbributors Ltd.,84.52,31
Courchesne Larose Ltd.,84.5,8
Hanwha Defense Usa,84.5,2
Aqua Clean Ships Caribe Inc.,84.45,8
Tnca,84.4,3
Passat Laundry Systems Inc. Dba Kan,84.4,2
Skaps Industries,84.4,1
Biourja Renewables Llc,84.3,1
Rowmec Equipment Co. Inc.,84.2,4
Ncl Creative Studio,84.14,75
United Rentals Trench Safety,84.01,1
De' Oronzo Group Ltd.,84.0,2
Solar Turbines,84.0,1
Penn Valley Shows Llc,84.0,2
Advanced Food Equipment Llc,84.0,2
Morris Vivona Amusement Co. Inc.,84.0,2
Clv Nexans Skagerrak,84.0,2
Absormex Cmcp Tissue S.A. De C.V.,84.0,1
Harborside Marina Llc,84.0,6
Metro Commercial Laundry Corp.,84.0,3
Century Seas Llc,84.0,1
Norden Tankers Bulkers (Usa) Inc.,84.0,2
"Sany Auto Mfg. Co., Ltd.",83.97999999999999,2
Veronica Foods Co. Inc. (Ca),83.89,2
Stein Llc (Westside),83.84,1
Dhl Global Forwarding (China) Co.,83.84,4
Samkee America Inc.,83.8,2
Uni Global Logistics,83.6,6
Marine Express Dominicana Srl .,83.6,6
Daimler Vehiculos Comerciales Mexic,83.52,4
Enmanuel German Auto Imp.,83.46,12
Dickerson Enterprises Inc.,83.36,1
Big Rig Mfg.,83.3,11
W9088 R,83.3,3
Cleveland Cliff Steel Burns Harbour,83.3,2
Dynamic Concrete Pumping,83.2,2
Air Products Llc,83.16,1
Tio Paco Llc,83.15,3
Liebherr New Zealand,83.12,4
Gonzalez Trading,83.12,14
National Tobacco,83.12,4
Htr Infraestructura S A De C V,83.1,4
Schenker Virginia Beach,83.0,2
Hoover Truck Repair,83.0,7
Komatsu Colombia S.A.S.,83.0,4
Galaxy Motors,82.98,12
Clean Harbors Environmental Sv,82.97,13
Attala Steel Inds.,82.96,2
"Vi Nguyen Co., Ltd.",82.93,2
Titan Foundation Equipment Llc,82.86,2
Coffein Compagnie,82.84,4
Ekstrom Carlson Fab Co.,82.84,12
Renault Mexico S.A. De C.V. Tax Id,82.79,1
Mars Mini Trucks Llc,82.74,24
Capital Steel & Wire,82.68,2
Bayview Motors Ltd.,82.61,26
Canpack Us Llc,82.6,2
Worley Shell Sparta Project,82.52,1
Weg Equipamentos Eletricos Sa,82.5,2
Sojitz Machinery Corp. Of America,82.5,1
Magellan Ltd.,82.5,2
Mini Truck Depot Llc,82.5,24
Mountain View Precast Ltd.,82.44,4
Lafayette Steel & Aluminum Sales,82.42,2
Lab 9 Modular Llc,82.4,2
Chelan Fresh Marketing,82.36000000000001,6
New Dimension Metals,82.31,1
Prestige Motors Ltd.,82.28,12
Sunderland Trucking Llc,82.08,8
Amalgamated Mining & Tunnelling Inc.,82.0,1
Ciancaleoni Srl,82.0,2
Aceros Villarreal S A De C V,82.0,1
Harper Diesel & Machine Service Inc.,82.0,2
Rogal Construction Co. Inc.,82.0,30
Colony Marine,82.0,6
Pittsburg Steel,81.98,2
Wirthwein Fountain Inn Llc,81.86,2
Battery Central,81.86,14
Charleston Mill Service,81.84,1
Japan Motors Llc,81.84,55
Premier Equipment Inc.,81.76,2
Banco Lafise,81.72,10
Tyee Imp. Inc.,81.68,52
Nickel Bros House Moving Usa Inc.,81.64,2
Sacs Marine Us. Lllc,81.6,6
Grupo Q Investments S A,81.58,18
Td Power Systems Usa Inc.,81.55,1
Rg Investments,81.54,6
F I O Automotive Canada Corp.,81.53,3
Hanwa Steel Service Mx Sa De Cv,81.52,1
Manuel Rosario Pimentel,81.46,11
Stonhard,81.44,7
Hecoequipment Llc,81.4,4
Rui Ou Ltd.,81.4,2
Elite Vancouver Motors,81.4,28
Carmax Srl .,81.34,4
Corvid Technologies Llc,81.22,7
Materiales Aceros Y Techos Corp.,81.09,2
Car Cave Llc,81.03999999999999,18
Sepsa Sistemas Electricos De Potenc,80.99,1
Nucor Cold Finish Group (Brigham),80.98,5
Bombardier Inc.,80.88,21
Bonsai Rides,80.86,26
Thermal Engineering International,80.86,3
Ensinger,80.84,4
Tractors And Trailers,80.74000000000001,4
Guayatuna Sa,80.67,1
Tian Seng Hang Trading Co. Sdn Bhd,80.6,2
0025 Qm Co Field Feeding C,80.56,2
Jibe Construcciones Y Pavimentos,80.52,6
Yizumi Hpm Corp.,80.48,2
Inside Passage Yacht Sales,80.38000000000001,16
Uni Trade Forwarding L.C.,80.28,4
Lz Trading Llc,80.26,29
Kannegiesser Usa,80.15,3
Gmw Equipment Llc,80.14,4
Tereftalatos Mexicanos S.A. De,80.1,2
Ks Machinery & Equipment,80.0,2
Viking Power Technologies,80.0,1
Sanlorenzo Of The Americas Llc,80.0,2
Quality Cranes & Equipment Llc,80.0,2
"Hanwha Techwin Co., Ltd.",80.0,2
Bzl Holdings,80.0,1
Hariton Machinery Co. Inc.,80.0,2
R.G.R. Shipping & Forwarding B.V.,80.0,2
Innua Petrochem Ltd.,80.0,3
Maritima Dominicana,80.0,2
Almacenes Vaca S.A. De C.V.,79.83,5
E One,79.8,6
Dodaac W565 Kg,79.8,1
Transit Transport International,79.64,4
Denison Yacht Sales,79.62,10
W92 R Utarng Training Center Willis,79.61,3
Prolog International Inc.,79.58,4
C J Auto Sales,79.54,66
Foam Equipment & Consulting Co.,79.5,3
A. Hartrodt (Usa.) Inc. As Agent,79.5,3
Alexander Reymar,79.46,62
The Dupps Co.,79.3,2
Uni Forwarding International Nv,79.2,4
Parros Obras S.L.U.,79.08,2
Giumarra Vbm International Berry Ll,79.08,5
Heinemann Concession,79.07,22
Staehli Usa Inc.,79.07,9
"Altech Co., Ltd.",79.02000000000001,4
American Wood Technology,79.02,2
Oss Special Steel Inc.,78.97,1
Chantier Catana,78.92,4
R B Auto Co.,78.9,62
Artex,78.85,1
Embotelladora Niagara De Mexico,78.75,2
Alzmetall Gmb H,78.72,4
Wsa Usa Llc,78.6,3
Suddath Relocation Services,78.6,46
North American Rail Products,78.59,1
Custom Truck One Source,78.54,2
Bentley Auckland,78.53,15
Can Eire Equipment Ltd.,78.5,4
Tmjr Srl .,78.5,1
M & M Farm,78.47,7
Texas Instruments Inc. Ti Lehi Fab,78.46,6
Nwi Aerostructures,78.44,6
Pelee Island Winery,78.42,1
First Mode Centralia,78.4,2
Morton Distribution Center,78.34,16
0179 Mp Co Mp Co Combat Su,78.26,3
Joel Talley,78.17999999999999,15
J Oil Mills Inc.,78.1,2
Econ Steel C O Worthington,78.08,2
Intradrill Gmb H,78.08,2
Bergmann Maschinenbau Gmb H Co Kg,78.04,2
Direct Intercontinental Ltda,78.02,2
Higginbotham Marine Llc,78.0,2
Lr Logistics Service,78.0,2
Hyster Yale Groupo Inc.,78.0,4
Sea Fix Sportfishing Charters Llc,78.0,2
Vivot Equipment Pr Llc.,77.88,6
Us Army Depot Sierra,77.87,5
Clearfreight Japan Corp.,77.84,3
Transportadora Occidental Sa De Cv,77.8,2
38 South Boat Sales,77.66,4
Ceva Freight Ll,77.66,2
Strabag Inc.,77.64,4
Cementos Y Concretos Nacionales Sa,77.6,1
Langer Material Handling Inc.,77.6,4
Thor Motor Coach Inc.,77.56,4
Dhl Global Forwarding Sp Z O O,77.5,2
Scan Global Logistics Sas,77.5,2
Scw Performance,77.48,14
Ksa International Inc.,77.46,2
Ministry Of Finance,77.4,2
Intel Corp. (Chandler Plant),77.38,2
Northlake Steel Co.,77.38,4
Cory Steel Co.,77.33,1
Buzzi Unicem Usa,77.32,2
Shell Catalysts & Technologies,77.24,2
0378 Tc Tm Tm Aa Rear Det,77.14,4
Dream Yacht Charter,77.12,8
American Rheinmetall Vehicles,77.0,2
Nextrise (Usa) Inc.,77.0,1
Moses&Womac Motors Inc.,76.94,20
Desktop Metal,76.89,7
Link Logistics Us Inc.,76.86,4
Banco Interamericano,76.86,10
W45 Ckx,76.81,4
Eurostone Machine Usa Llc,76.78999999999999,3
Accurate Perforating Inc.,76.78,2
Mitsubishi Heavy Industries Compressor International,76.6,1
M.A. Caribbean Corp.,76.58,4
Francis Reyes,76.56,38
Kal America Inc.,76.42999999999999,3
Kelvin Mcdowells,76.41,49
A.G.P. Azteca S. De R. L. De C.V.,76.26,2
Geneseas Logistics S De Rl De Cv,76.15,2
Bebidas Mundiales Sa De Cv,76.0,2
Cantera Carraizo Inc.,76.0,2
Haggie North America Inc.,76.0,1
Advantage Yacht Sales,76.0,4
Rwc Equipment Leasing Llc,76.0,2
Quality Freight Corp.,76.0,2
Voith Paper Fabric&Roll Systems Inc.,76.0,2
Crusher And Screen Sales (Pty) ) Ltd.,76.0,2
Rothfos Corporation111 River,75.99,1
0043 Ad Bn 01 Bty D0 Rear Det,75.94,8
Nfs National Freight Service,75.9,2
Kal Polymers Div Of Kal Trading Inc.,75.84,2
Lotus Bakeries North America Inc.,75.71000000000001,4
Gulfstream Aerospace Corp. S,75.71,1
Hunger Hydraulics C.C. Ltd.,75.6,2
North Shore Three Llc,75.6,2
Maruchan,75.6,2
Yamona Imp. Llc,75.52,46
Intercruises Port Operations,75.51,11
Xylem Water Solutions,75.4,4
Ambercor Shipping Inc.,75.28,2
Windcraft New Zealand,75.26,6
Carnival Half Moon Cay,75.2,2
Vail Corp.,75.18,1
Manson Construction,75.16,1
Sociedad Anonima Comercial Industri,75.14,1
Beveland S.A.,75.12,3
Minnesota Soybean Processors,75.04,1
Servicios Austral Norte Ltda,75.02,2
Kinectrics,75.0,2
Hellman Worldwide Logistics Inc.,75.0,1
Us Bus Utah Llc,74.98,5
Us Steel Irvin Works,74.96,4
Michael Gargiulo,74.85,56
Forever Fresh Llc. 501 Silverside R,74.81,2
Auto Transports T Construccion Fra,74.8,2
Wra21 Llc,74.64,4
Caterpillar Industrial Inc.,74.58,9
Dodaac W91 Zfu,74.58,4
Ricardo Hamilton . R H. Investmen,74.54,65
Cross Trans Service Gmb H,74.37,35
Mineracao Onca Puma S.A.,74.21,1
Fives Landis,74.2,4
Mhl Rentals And Services Llc,74.06,10
Metales Y Derivados Del Norte Sa De Cv,74.0,2
Tn Hyuga Shipping S.A,74.0,1
Savannah Machinery Works,74.0,2
Gj L Inc. O A Border Equipment,73.88,2
Phillips 66 Cotvipany,73.84,1
Andritz Ltd.,73.74,2
"Winckler & Co., Ltd. Shimoyama",73.68,7
Longus Equipament Inc.,73.54,6
Anadarko Petroluem Corp.,73.52999999999999,3
Greater Orlando Aviation Authority,73.5,2
10000654360 Ontario Inc.,73.45,1
Robitaille Equip,73.44,8
Greif Inc.,73.36,2
Alamana Automotive,73.28999999999999,5
"Pxgeo Asia Pte., Ltd.",73.21000000000001,2
Proveedora De Rieles,73.14,2
Sumitomo Shi Demag,73.14,2
Kestrel Liner Agencies,73.11,2
"Konoike Transport Co., Ltd.",73.1,4
Dimaintsa S.A.De C V.Carretera Torr,73.1,2
Motores Panamericanos S.A.,73.08,2
Ideal Steel Inc.,73.06,4
Lancaster Parts & Equipment,73.0,8
Au Equipment Llc,73.0,4
Air New Zealand Ltd.,73.0,1
Canaan Transport Group Inc.,72.91,1
El Puente De San Francisco Sa De Cv,72.8,2
Pro Source Machinery Llc,72.75999999999999,2
Andres Marte Minaya,72.74,12
"Europartners Mexico, S.A. De C.V.",72.72,4
Dcn International Inc.,72.7,2
Blanchard Machinery,72.63,6
W7 N6 Uspfo Activity Wa Arng,72.6,2
Sports Marine Ltd.,72.6,4
Revhard Motors Llc,72.5,38
Sdi Bio Carbon Solutions Llc,72.5,2
Dla Distribution Barstow,72.39,1
Jpn Auto Imp. Llc,72.38,13
Riggers Mfg. Co.,72.36,4
Arntzen Corp.,72.34,2
American Cruise Aid Logistics,72.29,128
Dsv Air & Sea S.A.S.,72.28,4
Gmna,72.07000000000001,19
William Logistics Services N.V,72.04,2
Ezox Corp.,72.02,6
Jean Lefebvre Pacifique,72.0,2
Amusement Providers,72.0,2
Burns Industries Equipment,72.0,5
Wilhelmsen Ships Service Miami,72.0,409
Prime Equipment,72.0,1
Fraser Yacht Sales Ltd.,72.0,3
Palm Springs Aerial Tramway,72.0,2
Holland Equipment,72.0,2
Seaworld Traffic S.A.,72.0,2
Alvajal Equipos Y,72.0,2
Bishop Amusement Rides,72.0,2
Rohlig New Zealand Ltd.,71.97999999999999,6
Wasteline Waste & Compliance,71.96000000000001,3
Triple S Metal Inc.,71.89,1
Sentury Tire Usa Inc.,71.84,4
Parque Movil Atracciones Espectacul,71.8,2
Long Beach Container Terminal Llc,71.8,1
Alineacion Rio Verde Sociedad,71.8,4
Americ Machinery Corproation,71.79,3
Us Air Force,71.71000000000001,2
Autumn Inc.,71.65,1
Manufacturas La Cruz,71.62,2
Seh America,71.58,10
Cold Spring,71.54,1
Action One Logistics Inc.,71.52,1
Precoat Metals,71.5,6
Ineos Automotive Canada,71.48,2
To Itau Corpbanca Rut 97.023.000 9,71.46,2
Port Arthur Refinery Total Petroc,71.42,1
Snt Metals Inc.,71.38,2
Tosoh Usa Inc.,71.22,3
Hausi Contracting Ltd.,71.2,2
Cie Matic Sa De Cv,71.12,2
Ideal Steel,71.12,6
Bmg Assets Management,71.02,2
Global Vacuum Systems,70.91,1
R.E. Young Rental Ltd.,70.84,2
Dalton Pike Motors Llc,70.8,20
Transitex Transitos De Extremadura,70.8,2
Crown Envases Mexico S.A. De C.V.,70.76,1
Arizona Auto Resource,70.76,40
Flsmidth Inc. Manheim Plant,70.7,1
Mike Shepard,70.67,50
M00026,70.65,6
Cafe William Spartivento,70.58,1
Msi Express,70.5,2
Psns Cranestest Site,70.5,2
Natsuki Sociedad Anonima,70.49,3
Aljabr Trading Co.,70.48,4
W81 Ka5,70.47,5
United Rolls Inc.,70.46,4
Dj Powers,70.4,4
Autocom Motors Ltd.,70.38,14
Jibs Auto Inc.,70.33,17
Grand Logistics Networks Llc,70.28,1
Mcgowen Creative Group Inc.,70.21,36
Eastern Shipbuilding Group,70.08,5
Moog Aircraft Group,70.03999999999999,4
Min Motors,70.02,8
Jered Lcc,70.01,1
Cryoinfra S.A. De C.V.,70.0,1
Mt Eurochampion,70.0,2
Burr Yacht Sales Inc. 1106 Turkey,70.0,2
Palmer Foundry,70.0,2
Windward Investments,70.0,2
Deanco Auction Co Inc.,70.0,2
Aspen Equipment,70.0,2
All Terrain Chipping Ltd.,70.0,2
Iqoob Llc,70.0,1
Spectrimet,70.0,2
Elite Recycling Buyers,70.0,1
Emerald Equipment Systems Inc.,70.0,4
Royal Seating Hire (Pty) ) Ltd.,70.0,2
Kirby Smith Machinery,69.98,2
Motores Japoneses S.A.,69.94,2
Kuka Systems Corp North America,69.92,2
Zachry Dl Joint Venture,69.89,2
Advanced Automotive Trading Co.,69.86,2
Geodis Wilson Germany Gmb H & Co. Kg,69.8,2
Internacionales Jom S.A. De C.V.,69.8,1
Kzs Imp. Llc,69.76,56
Coperion Corp.,69.72,8
Akeem Sanusi T A Wonderful Ventures,69.72,54
The Goodyear Tyre & Rubber Co.,69.64,1
Liftone Llc,69.6,4
1782 En Co Co Aa Rear Det,69.6,2
3 M Menomonie 3 Mus Wi,69.58,2
Barbaric North America,69.58,2
Bombardier Transportation Mexico,69.56,2
New Miller Castings,69.5,2
1230343 B.C. Ltd.,69.5,12
Crysteel Mfg.,69.48,8
Ge Gas Power Systems,69.44,2
Hunting Energy Services,69.43,1
Clement Industries,69.42,2
Vertiv Mexico Sa De Cv,69.3,2
Banistmo S.A.,69.3,2
Machinery Fenix Ins Is Makinalari S,69.2,2
Fmc Technologies Inc. Subsea Divisio,69.12,21
Alex Lyon And Son,69.11,2
Antigua Masonary Products,69.1,2
Bufete Aduanal De Altamira S.C.,68.96,4
Scandinavian Forestry Equipment Inc.,68.94999999999999,3
Mantech International Corp.,68.92,1
Panamena De Motores S.A. (Panamotor),68.91,7
Infineum Usa L.P. Po Box 216 Linden,68.9,1
Benlin Distribution Services,68.9,2
Woodward Fst,68.86,2
Affordable Car Guru,68.76,14
Tiba Portugal,68.7,1
Cjm Designs Llc,68.62,10
The Yacht Sales Co.,68.56,6
Multihull Solutions,68.54,2
King Fresh Produce,68.44,4
Ritchie Bros. Auctioneers B.V.,68.44,2
Linde Engineering,68.42,2
Sierra International Machinery Llc,68.4,3
No Co. Motors Inc.,68.35,49
Clean Harbors Env Braintree,68.33,13
Cm Co Cbrn Co Hazard,68.32000000000001,6
Jscminks Kristall Holding,68.28999999999999,3
Lobo Auto Imp. Srl,68.12,4
Pp Logistica S. De R.L. De C.V.,68.1,2
Terex Australia,68.04,2
Steeler Yachts,68.0,4
Mgx,68.0,2
Metso Canada Inc.,68.0,2
Ge Aerospace (Acsc),68.0,2
Tank Town Usa Llc,68.0,2
Barkley Lock,68.0,2
Embassy Of Gre,68.0,2
Lu Lin Farm,68.0,4
Dartmouth Metals & Bottle Ltd.,68.0,1
Southeast Imp.,67.95,37
Gsa Fas San Juan Fleet Management,67.94,26
Big Sky Resort,67.92,1
Integrity Kitchens,67.8,5
Mitsubishi Electric Us,67.74,5
Bank Of Nova S,67.72,2
Bocar S.A. De C.V.,67.68,2
Ports America Texas,67.68,1
Aldesa Construcciones Sa,67.6,2
Logistics Plus S De Rl De Cv,67.6,1
Progressive Mechanical Inc.,67.6,2
Agnico Eagle,67.58,2
Bihler Of America Inc.,67.55,10
Feenaughty Machinery Co.,67.5,2
Soc Guadeloupeenne De Distribution,67.48,4
Prt Offshore,67.45,2
Voestalpine High Performance,67.42,1
Casa Homs S.C.,67.4,2
Kratos Fp,67.35,1
Executive Motors Ltd.,67.32,14
Calvin Group Inc.,67.22,4
Cde Inc.,67.16,4
Omnitrans Corp. Ltd.,67.14,2
Equipo Y Maquinaria (Pty) ) S A,67.04,2
Dt Project America,67.01,1
Stiles Machinery,67.0,2
Nakama Worldwide Solutions S.A.,67.0,1
Dimaintsa S.A.De C V.,67.0,2
Little Rock Plant & Machinery Llc,67.0,2
C Air International Inc.,67.0,2
Tridox Trading Llc,67.0,2
C Innvoations,67.0,1
Neptunes Yacht And Brokerag,67.0,2
Hydril Co. Mc Carty,66.94,4
Integrity Customs Brokerage,66.84,3
Crowley Terminal Port Everglades,66.76,4
Cardele Intermodal Services,66.76,2
Rmc Miami,66.7,45
Interfracht Usa Inc.,66.56,6
Peregrine Motors Llc,66.52,26
Uni International America Corp.,66.5,2
Arizona Kei Trucks Llc,66.44,34
Cbi Cliff Berey Inc.,66.26,9
Renault Sofasa,66.24,2
Bufete Aduanal De Altamira Sc,66.22,2
Big Round Wheel,66.16,2
W90 Cgf,66.13,1
Cbi,66.1,14
Alaska Marin Lines Seattle Service,66.0,2
Mid American Carnial Llc.,66.0,3
Pedro M Kelly Figaro,66.0,10
Shf Yachts Llc,66.0,2
Lms Equipment Llc,66.0,2
Kubota Membrane Usa,66.0,2
Aaron Oil Co.,66.0,1
Rosenbauer Australia (Pty) ) Ltd.,66.0,2
Seabridge,65.94,20
Exotic Group Of Companies,65.94,42
Rhd Motorsports Llc,65.88,24
Penske Australia New Zealand,65.85,1
Tokai Carbon Cb Borger,65.84,2
Gantrex Canada Inc.,65.82,5
Heartland Coca Cola Bottling Co.,65.78,4
Alnor Oil Co. Inc. 70 E. Sunrise,65.75,3
Bando Usa Inc.,65.72,5
Vih Aviation Group,65.72,6
Abc Imp. Exp. Llc,65.6,4
Dearborn Industrial Generation Llc,65.52,2
Nebraska Machinery Co.,65.48,4
Diversified Products,65.48,2
Bermuda Motors The Bermuda Co.,65.46000000000001,4
Mgx Equipment Services Llc,65.44,2
Transocean,65.4,2
Industrias De Atracciones Mecanicas,65.36,2
Dodaac W800 Vu,65.32,2
Gestion Y Maquinaria Sp A,65.3,2
Alstom Brasil Energia & Transporte Ltda,65.3,2
Glt Corp.,65.28,2
Datron Dynamics Inc.,65.25999999999999,6
Soremar Sas,65.25999999999999,4
Ldus Llc,65.25,1
Alabama Plate Cutting Co Inc.,65.09,6
One Sp A World,65.05,3
Garage Cordia B.V.,65.02000000000001,6
Marilee Marine Llc Ft. Lauderdale,65.0,1
Seaforth Environmental Services,65.0,1
Sevenstar Yacht Transport Australia,65.0,2
Penn Power Group Llc,65.0,1
Gea Systems North America Llc.,65.0,1
Agencia Bella C. Por A.,64.94,2
Kidco Construction Ltd.,64.92,2
Helix Robotics Solutions,64.9,2
84 Associates Llc,64.8,1
Cactus Equipment And Leasing,64.72,3
Dialysis At Sea Cruises,64.67,19
Courtesy Garage Ltd.,64.62,16
Maximum Overdrive Auto Importers,64.6,50
0823 Tc Tm Tm Aa Rear Det,64.54,2
Pacwest Trading Llc,64.5,2
De Coppel Rik Bv,64.4,2
Resource Machinery & Engineering,64.4,5
8404 Imp. Llc,64.34,43
Delivery Network,64.34,2
Jm Thomas Forest Products,64.3,3
Lemac Corp,64.28999999999999,3
Cma Cgm Nouvelle Caledonie,64.28,4
Krone Na,64.24,2
Leveron Auction Services Llc,64.23,5
Neptune Lines Inc. 8340 N W,64.22,2
Quimica Superior Unichem S.A.,64.2,2
Nidec Industrial Solutions,64.2,1
Powerboats Usa Llc,64.2,8
Harney Motors Ltd.,64.16,6
Jeffrey Lucas,64.16,63
Grupo Sanchez Y Asociados Srl,64.08,10
Shred Tech Usa Llc,64.0,2
Kissel Family Holding,64.0,2
Ring Power Corp. John Stancil,64.0,4
Wrl Shipping Australia P L,64.0,2
Agencia Rojas Vela Y Asociados,64.0,2
Pape Machinery Ag And Turf,64.0,2
Skerbeck Entertainment Group Inc.,64.0,2
Prolift Industrial Equipment,64.0,4
Nyk Line (North America) Inc.,64.0,2
Toyotatsusho Processing De Mexico,63.92,2
L&W Engineering,63.85,3
Windset Farms,63.8,2
Maqro S.A.De C.V.,63.8,2
Schenker Argentina S.A.,63.76,1
Emmanuel Arroyo Dba Arroyo,63.68,52
Nippon Caterpillar Llc,63.68,2
The Builders House Llc,63.6,43
Fujifilm Diosynth Biotechnologies,63.599999999999994,3
Schryver Transportes Y Logistica Sa,63.56,2
Dave Dickerson,63.5,38
Utility One Source L.P.,63.5,5
Screenmasters Australia,63.5,1
Sv Athena 59008 Llc,63.5,2
0116 Ar Hhc Headquarters An,63.5,1
Emirates Motor Co.,63.459999999999994,8
Kubota New Zealand Ltd.,63.44,4
Mccloskey International Ltd.,63.44,2
Nexcar Llc,63.43,24
Houston Materials Center (Hmc),63.38,2
Mt Lucky Trader,63.32,2
Stray Dog Classics Llc,63.31,15
Marquis Toronto,63.3,4
Intl Coffee Corp.,63.25,3
Foxman Timber Ltd.,63.2,1
Helderburg Defenders Llc,63.13,35
Crown Steel Rail Co.,63.09,2
Peters And May Ltd.,63.04,11
W90 Ngz,63.02,4
Prinoth Vm Na,63.0,3
Adams Valves Inc.,63.0,2
Mt Ladon,63.0,1
Metropolitan Recycling,63.0,7
Geodis Ltda Av.Vitacura 4380 Piso,63.0,1
Chalkers Auction,62.94,4
Fruits Et Legumes,62.9,1
Epiroc Drilling Solutions,62.800000000000004,6
Harley Ranching,62.8,4
Mi Swaco Llc,62.79,1
Jp Trade Llc,62.78,36
Mrm Logistics Agenciamento De,62.75,3
Macfadden And Sons Inc.,62.75,7
Johnston & Cie,62.7,2
Taylor Northeast Inc.,62.7,2
Radiant Global Logistic Inc.,62.67,237
Zagame Automotive Group,62.519999999999996,7
Gruas Mover S.A. De C.V.,62.4,2
To Santo Domingo Motors Co S A,62.38,4
Man Energy Solution Primeserv,62.31,30
Tall Crane,62.3,5
Rightway Fasteners,62.3,1
Velocity Ev Distribution,62.26,2
Amara Nzero Usa Inc.,62.24,3
Russel Metals Inc.,62.24,2
Alphonso Car Sales Ltd.,62.22,6
Mi Swaco Monahans Facility Under,62.08,1
Tetra Pak Canada Inc.,62.0,2
"Hanwha Systems Co., Ltd.",62.0,2
Bgb Renewables Llc,62.0,2
Haulotte Chile Sp A,62.0,2
Agn Aviation Services Sa De Cv,62.0,1
Cowichan Valley Automobile Inc.,62.0,12
Premium Auto Group Of Miami Inc.,61.86,18
Caterpillar Mexico Sa De Cv,61.8,2
Grupo Corporativo Papelera Sa Cv,61.8,1
Obara Corporation Usa,61.73,1
Profile Plastics Llc,61.72,2
Expeditors De Colombia Ltda,61.72,4
Res Auction Services,61.7,5
Ey1126,61.68,2
Tianjin Kategreen Imp. & Exp.,61.6,2
Rayneau Rentals Sales Ltd.,61.58,2
Cargolive S. De R.L. De C.V.,61.56,1
Gm Flint Eng S Pwrtrn Cisco 51195,61.53,2
5 Star Jdm,61.46,12
Lindsay Irrgation Solutions Llc.,61.44,1
Ginza Jdm Cars,61.36,50
Emr Advanced Recycling Llc,61.32,2
"Takano Foods Co., Ltd.",61.31,1
Qingdao Jinshangjia,61.3,2
Link Rides Ltd.,61.28,12
Motorcycle Warehouse Inc.,61.28,10
British Motors Srl,61.260000000000005,4
Nomad Auto Imp. Llc,61.24,14
Southern Power Co.Prattville,61.24,1
W91 Njw,61.199999999999996,2
Farm Soloutions Llc,61.0,6
Richard Express Transorte Srl .,60.88,2
Bois Aise De Montreat Inc.,60.8,1
Blue Water Shipping (Pty) ) Ltp,60.75,1
Stellantis Mexico Sa De Cv,60.72,4
Us Silica Co.,60.69,1
Almonte Auto Imp.,60.62,4
Sanwallc,60.54,2
Iko Mat Tech Inc.,60.53,1
Importaciones Y Servicios,60.48,4
Behbehani Brothers Wll,60.44,8
Quetzal Rail Sa De Cv,60.44,4
Minecon S.A. Rnc 1 01 04844 1,60.4,2
"Byd Canada Co., Ltd.",60.37,2
Gmch Lockport,60.36,5
Tropical Auto Rental Letd.,60.260000000000005,4
Fgn Global Logistics Inc.,60.25,2
Veit North America,60.22,9
Intermari Logistics Europe Sia,60.22,2
Gemcap Logistics,60.16,46
Crane Worldwide Logistics Canada,60.16,2
Mv Orion Cow,60.150000000000006,5
L3 Harris Technologies Inc.,60.14,3
F.J. Robers Co.,60.1,1
Fastbrick Americas Engineering Llc,60.04,2
Indigo Blue Water,60.0,1
Street Machine Producciones S A,60.0,2
Alliance Material Handling Inc.,60.0,4
Sports Watercraft Llc,60.0,2
Equipment Solution International,60.0,4
Wolf007 Llc,60.0,2
Collection Yachts Llc,60.0,3
Burnips Equipment Co.,60.0,3
Proveedora De Metales Industriales,60.0,2
Baker Pile Driving,60.0,1
Helm And Son Amusements,60.0,2
Unimaq S.A.,60.0,6
Seattle Northwest Yachts Llc,60.0,1
Diversiones Alegre Fantasia Sde Rl,60.0,2
Oceanika Yachts Of Florida Llc,60.0,2
Sutton Salvage Llc,60.0,1
Buddy's Harbor Llc,60.0,1
Cbx Global,60.0,3
Manit Llc,60.0,2
Goddard Catering Group Bermuda Ltd.,60.0,2
Malcolm Drilling Co. Inc.,59.94,2
Aker Subsea Mobil,59.91,1
Sungrid Solutions,59.88,3
Teichenne Sa,59.82,2
Alphametal Mexico,59.75,4
Tropical Shipping,59.730000000000004,11
Bsh Home Appliances Co Cass Informa,59.7,1
Ucomar Nv,59.7,2
Alfa Laval Thermal Inc.,59.68,2
Rogers & Brown Custom Brokers,59.68,2
Kaufmann Classics Llc,59.66,34
Dupont Specialty Products Usa,59.66,3
Asg Brisbane P L,59.58,11
Dhl Global Forwarding Japan K.K.,59.5,2
Andalusi Beverages S.L.,59.48,2
Auterinox Sa De Cv,59.4,2
Cesar Nicolas Amparo Garcia,59.4,10
St Vincent Electricity Services Ltd.,59.28,2
Alineacion Rio Verde Sociedad Anoni,59.28,4
Darren Taylor,59.26,65
Connor Price,59.26,41
Century Frozen Foods Llc,59.230000000000004,29
H&N Beauty Products Inc.,59.22,6
Seneca Foods Corp.,59.17,3
Banco Financiero Del Peru,59.1,2
Climax Molybdenum Co.,59.04,1
Ls Imp. Inc.,59.04,4
Ra I Works,59.019999999999996,4
Eurl Epc,59.019999999999996,4
Georg Fischer Harvel Llc,59.0,2
Maquisaba Sl,59.0,2
Kessig Trading Llc,59.0,1
Boston Beer Co.,58.980000000000004,3
Auto Guadeloupe,58.98,6
Ensco 8503,58.97,2
Power Systems Mfg Llc,58.97,1
Destil Leries Del Maresme S.A.,58.84,2
"Msc Agency (India) Pvt., Ltd.",58.81,1
Grupo Constructor Rhr S.A. De C.V.,58.8,2
Lasko Metal Products,58.8,2
Parker Hannifin Apac Ocean,58.75,12
Engine Creek Store,58.739999999999995,4
North American Shipping Agencies,58.7,9
Comercial De Mot Division Trans,58.66,2
W81 W33,58.6,7
Pacific Oil Co.,58.5,2
Iwatani Corp Of America,58.46,2
Galene Logistics,58.44,22
"Yantai Shuangta Food Co., Ltd.",58.38,2
Shir Khazi,58.3,42
Tazza Produce,58.29,2
Ac Autosports Llc,58.26,10
Ballester Hermanos Inc.,58.26,27
Crown Equipment Corp.,58.18,5
Lonestar Electric Supply Dallas,58.14,3
Ceva Freight (Australia) (Pty) ) Ltd.,58.1,4
Usps Vehivcle Maintenance Faciliy,58.04,4
La Campana Servicios De Acero Sa,58.02,1
Schlumberger Middle East S.A.,58.02,1
Sibelco North America Inc.,58.0,1
Franck Joseph & Sons Inc.,58.0,2
2 G Energy Inc.,58.0,2
Cameron Lng,58.0,1
Premium Motors L.L.C,58.0,8
Naigai Trans Line Ltd.,58.0,2
Opti Torque Technologies Llc,58.0,2
Squadra Lupo Yachts,58.0,4
Dfa Us Inc.,58.0,4
Bekaert Cooperation,57.96,3
Tambor S A Avenida,57.92,2
Nissan Mexicana,57.9,1
Spaans Babcock Inc.,57.85,3
All Ports,57.82,49
John Deere Des Moines Works,57.8,4
Empresas Dominicanas Ca,57.78,2
Automotores Francia Peru S.A.C,57.78,2
Salix Fruits,57.77,1
"Nakanishi Shoji Co., Ltd. Kobeoffice",57.72,2
Carnival Cruise Lines,57.7,2303
Cambli C O Plaspak,57.7,4
Gemx Technologies Llc,57.63,1
Autolider Ecuador Sas,57.620000000000005,6
Gomezi Machinery Llc,57.6,2
Pro Sport Motors,57.519999999999996,9
Tanimura & Antle,57.4,2
Jhe Llc,57.4,6
Steel Project Industries Spi Sas,57.35,1
Importaciones Y Exportaciones Ashe,57.2,2
Simcox Grinding And Steel Co.,57.17999999999999,6
Asi Co Emesco Marine Service,57.15,2
Wangan International Llc,57.1,35
Regent Seven Seas,57.06,45
Maimon Taxi Srl .,57.04,4
Jjr Distributing Corp.,57.04,2
Siemens Power Transmiss,57.02,2
Klinge Corporation,57.0,2
Deutsche Extrakt,56.96,1
Ssab Wear Solutions Llc,56.92,6
Cenntro Automotive Corp.,56.9,4
Dean And Flynn Inc. Dba Fiesta Show,56.8,2
Mr. Ed's Magical Midways,56.8,2
Horizons Autos Ltd.,56.78,2
Autolider Uruguay S.A.,56.78,4
Mid Canada Transload Services Ltd.,56.72,4
Alabama Stainless Storage Inc.,56.72,3
Butterfield Motors Ltd.,56.71,19
Washington Metro Auth.,56.62,2
Government Of Bermuda,56.62,6
Epiroc Central America Sa,56.6,4
Pharmavite Llc,56.5,2
Bluewater Yachts Llc,56.5,2
Nolts Equipment,56.5,3
Ssab Europe Oy,56.48,4
Club De Planeadores De Santiago,56.45,1
Us Imp.,56.43,4
Magna Mirror Systems Monterrey,56.4,2
Fm Global Logistics Head Office,56.4,2
Kingston Industrial Garage,56.38,6
Reverie Films Llc,56.33,8
Comercializadora International Lo,56.32,2
"Nakanishi Shoji Co., Ltd.",56.3,4
American Airlines Inc. Hnl,56.24,2
Lafast Motors Ltd.,56.08,10
Brett Robertson,56.05,48
Gruas San Blas S A,56.02,2
Quest Integrity Mex S.A De C.V.,56.0,2
Lufh Conveyor Belt Systems Llc,56.0,2
Dmi Asphalt Equipment Llc,56.0,2
Strong's Marine Llc,56.0,4
Harold Machinery Srl,56.0,2
Water Spirit,56.0,2
Smith Ferry Service,56.0,1
Attracciones Hargar,56.0,2
1 Subaru Del Canal S A,55.9,4
Darkinel S.A,55.9,4
Wartsila Canada Inc.,55.849999999999994,16
Maqro Sa De C V.,55.8,2
Co. Keen Transport 651 Fm,55.76,2
Fcc Adams,55.709999999999994,3
Soul Asylum,55.62,1
Ferreteria Marcos Guerrero Srl .,55.6,2
Ssc Compliance (Pty) ) Ltd.,55.58,8
Jdm Imp. Ltd.,55.58,30
Seatrax Inc.,55.57,1
Sanimax Usa Llc,55.5,1
Jam & Associates Llc,55.5,1
Orchid Euro Llc,55.48,20
Maersk Logistics Services Canadda,55.44,1
Ko Olau Aviation,55.42,2
Buhlerprince,55.400000000000006,8
3 102 598521 Srl,55.36,2
Weir Minerals Canada,55.31,1
Hayes Tractor And Equipment Inc.,55.3,2
Live Oak Combined Driving Inc.,55.28,2
Action Meal Co.,55.16,2
Inset Sa De Cv,55.15,1
Viterra India Pvt. L,55.04,2
Worldbridge Logistics Inc.,55.04,1
Ohmstede Industries Services,55.0,2
Elite Turnaround Specialists,55.0,2
Db Asphalt & Recycling Llc,55.0,2
Velonce Llc,55.0,1
Greenfield Spreading & Sales Inc.,55.0,4
Oslo Caribbean Carrier,55.0,3
Ups Industrial Services,55.0,2
Smart Chain Success Delivery,54.94,2
Mayrsohn International Trading,54.91,3
Swift Cargo Network Ltd.,54.9,2
Andre Jhagroo Jdmdre Llc,54.88,30
Bestplus Plastic Lumber,54.88,2
Corporacion Jaar S De R L,54.82,6
James Phillips,54.74,25
Us. Customs Brokers & Logistics,54.73,1
Caddell Construction,54.66,4
New Dimensions,54.65,1
Schlumberger Nigeria Ltd.,54.64,1
Img Citrus Inc.,54.629999999999995,3
Kipesa S.A.,54.62,4
Manroland Goss Web Systems Americas,54.6,4
Express International Freight Llc,54.54,2
Miller Transfer And Rigging Co.,54.519999999999996,4
Fresenius Medical Care,54.5,2
Tnk Motorsports,54.46,6
Ae Mex Global,54.43,1
"Gansu Uni Ranch Foods Co., Ltd.",54.43,1
Iris Usa Inc. Pennsylvania Factory,54.3,2
Impex Trading Co ( Lebanon) S.A.L.,54.22,6
Romel Di Massimo Auto Mall Srl,54.2,14
Transcontinental Us Llc,54.18,2
Aries Global Logistics (New York),54.1,2
Red Monkey Foods,54.09,4
Rocrents Equipment Sales And Rental,54.0,2
Capital Marine,54.0,2
Airport Clearance Services,54.0,1
Atlanta Fork Lifts Inc.,54.0,2
The Lilly Co.,54.0,4
Consolidadora Calderon S.A. Consulc,53.97,1
Ac Systems Group Houston,53.959999999999994,6
Offroad Trucks Australia (Pty) ) Ltd.,53.94,2
Foamcem Caribe Inc.,53.92,1
Klingelnberg America Inc.,53.82,10
Jmf Imp.,53.74,20
Bartek Ingredients Inc.,53.72,1
John Deere Ltd. Australia,53.72,4
Kissimmee Auction Co.,53.7,1
Komatsu Forest,53.68,2
Heat Lightning Imp.,53.62,18
Sumisho Aero Systems Corp.,53.6,1
Tracsa S.A.P.I. De Cv,53.6,2
Four Collins Group Corp.,53.5,14
Ha Industries Div.,53.5,2
Bp Ocean Llc,53.480000000000004,4
Gj & L O A Border Equipment,53.48,2
Cq Logistics Llc,53.48,2
Bank Al Etihad,53.47,9
Preston Hughes,53.46,32
Gray Construction,53.44,2
Integrated Deicing Services Usd,53.43,3
Dana Corp.,53.4,2
Mr Leon Woolard,53.379999999999995,18
Leko Precast Ltd.,53.24,2
Bowmansville Car Co. Llc,53.22,20
Cama Sa,53.22,8
Epiroc Fvt Inc.,53.2,2
Luety Earthworks Llc,53.2,2
Ansa Motors Ltd.,53.2,4
Epsa Pacific (Pty) ) Ltd.,53.2,2
Oversea Chinese Banking Corp.,53.16,2
Laura M Smith,53.11,47
Eastern Spreaders,53.08,4
Bvi Auto Sales Parts & Car Rental,53.08,44
0082 Av Co Co Aa Rear Det,53.06999999999999,3
Asharami Synergy,53.06,2
Jonathan Wells,53.04,20
0134 Ar Sq 01 Trp C Dismounte,53.02,2
Mcray Crane & Rigging Inc.,53.0,1
Cdh Rentals Llc,53.0,1
Moneypenny Holdings Llc,53.0,4
Leitner Poma Of America Inc.,53.0,2
Comercial Izadora Alumachine Sas,52.91,1
Hertz Ingenieria Y Servicios Sa De,52.9,2
Twenty Clicksllc,52.83,43
Jensen Laundry Systems,52.8,2
Lcbo Jointly And Severally With M,52.73,1
Mitsui & Co. (Usa) Inc. Houii,52.69,1
Mat Tech Industrial Services,52.68,3
Shibatafenderteam,52.66,1
Arctic Storm Management,52.62,6
Pacific Coast Iron Inc. Pacific Coa,52.62,2
Pama Inc.,52.5,1
M Trading,52.5,2
Red Oak Brewery,52.4,2
Kejay Investments Inc.,52.379999999999995,4
Roland Roldan,52.37,40
Nzam Ltd.,52.32000000000001,3
Roberts Oxygen Co. Inc.,52.3,16
Machinery Rigging Inc.,52.26,2
Top Aces Corp.,52.230000000000004,2
Ozark Mini Trucks Mr. Matthew Condi,52.18,19
Hubtex North America Inc.,52.18,6
Brunswick,52.18,14
Sonnax Transmission Co.,52.09,6
Nikon Metrology Inc.,52.08,9
Nfs National Freight Service Srl,52.04,2
Agrimax Jsc Ltd.,52.01,1
Caldwell Marine International Llc,52.0,3
Industtrial Parts And Services,52.0,2
Wood Buffalo Specialty Products Inc.,52.0,1
Reithoffer Shows Inc.,52.0,2
Newswanger Crane And Trucking Llc,52.0,1
Colmaquinas Sa,51.98,2
Industrias Let S.A. De C.V.,51.97,1
Emj Canada,51.92,3
B&L Engineering,51.9,2
Messer Llc,51.88,5
Bucks Japan Direct Ltd.,51.83,39
Ecd Ny Nc,51.8,4
Intrac Corp.,51.8,4
Arconic Us Llc,51.79,1
Arconic Us Llc (Bettendorf),51.79,1
Caterpillar S A R L Singapore Bra,51.72,4
Lockheed Martin Missiles Fire C.,51.71,1
East West Golden Trading Co.,51.64,2
Erema North America Inc.,51.64,2
Ssab Wear Solutions Sharon,51.620000000000005,4
South Florida Container Terminal,51.6,2
Dowell Schlumberger (Eastern) Inc.,51.58,2
European Automotive Imp. P L,51.56,10
Tokyo Rope Usa Inc.,51.52,2
Prodek Inc.,51.4,2
Kaiser Kollaborative Of California,51.4,38
Nnz Inc.,51.37,4
Advanced Imp. Llc,51.36,36
Prestige Motors,51.36,2
Pat Mooney Inc.,51.27,4
Trendsetter,51.2,2
Moran Shipping Agencies,51.18,6
Regeneron Pharmaceuticals. Inc.,51.16,2
Convair Engineering (Pty) ) Ltd.,51.12,5
Banco Scotia Bank,51.1,2
Aceros Fortuna S.A. De C.V.,51.04,2
0304 Tc Tm Tm Aa Rear Det,51.02,2
Pietracoup Associes Inc.,51.0,3
Powell Foundations,51.0,2
Unique Equipments Llc,51.0,2
Bluebird Customs,51.0,2
Adler Steel Ltd.,51.0,2
Tubes Inc.,51.0,4
Rsp America,50.86,2
Kb Link Inc.,50.85,5
Bavarian Motors Cr S.A.,50.81,11
Jb Earthmoving Equipment Llc,50.8,2
F Y A Contratistas Sa,50.8,2
Pcci Inc.,50.73,1
Quantinuum Llc,50.7,2
William L. Rutherford (B.C.) Ltd.,50.67,1
Williams Construction Ltd.,50.64,1
Ultimate Marine,50.6,11
Comsertransa S.A.,50.5,1
Finlay Group Nz Ltd.,50.5,2
Music Matters,50.480000000000004,5
Tiffin Motor Homes Inc.,50.42,2
Comercial De Motores Sa,50.41,3
Ritchie Bros Ritchie Bros Auctione,50.4,2
Terex Cranes,50.4,2
Procesadora De Metales Inc.,50.39,9
Ico International Car Operators,50.34,12
Henschel Andromat Inc.,50.34,4
Seahglobal Inc.,50.3,4
Granite State Imp. Llc,50.26,42
Nawras Al Bahr General Trading,50.2,1
Consulado Geral Americano Do Rio De,50.2,2
Sharp Mobile Truck Repair,50.2,2
Ivan Jacobs Equipment International,50.2,2
Stephex Usa Inc.,50.150000000000006,3
Peltz Companies Inc.,50.14,2
Corey Mcgill,50.02,36
Liberty Tire,50.0,2
Never Say Never Holdings Llc,50.0,1
Unconvential Concepts,50.0,2
Fratelli Aprea Sorrento 1890 Usa L,50.0,2
Herritage Cristal Clean,50.0,1
Oxy Usa Inc.,50.0,2
Boeing Co. The (Ryse),50.0,1
Flibs,50.0,1
Chasing Daylight Marine Llc,50.0,2
Obc Development 1 Corp.,50.0,2
Kodiak Fishmeal Co.,50.0,1
Halliburton Latin America Sa,50.0,2
Kevin Bartlett Concrete Services Lt,49.94,2
L'or Al Australia,49.88,4
Liebherr Nouvelle Caledonie Sas,49.7,2
Shanrod Farms Llc,49.7,6
Unique Auto Group Llc,49.68,8
Kazuma Auto Trading Srl,49.62,10
Trident Bmc,49.61,43
Roanoke Cement (Essex),49.599999999999994,3
Bolidt,49.51,2
Shipper Owned Container,49.47,1
Hellmann Worldwide Logistics,49.47,12
Hackettstown Plant Snack,49.46,2
Halliburton Latin America S.A.,49.46,2
Tallahassee Scrap Metals Inc.,49.4,2
Universal Auto And Recycling Group,49.4,2
Kuehne & Nagel (Pty) ) Ltd.,49.379999999999995,4
Be Different Motors Ltd.,49.26,18
Cummings & Bricker Inc.,49.25,5
Bp Americas,49.22,1
Weibel Equipment Inc.,49.18,3
New Hollandhft Japan Inc.,49.14,2
Lockheed Martin,49.09,3
Halliburton De Mexico S De Rl De Cv,49.06,3
Silk Road Autos,49.040000000000006,6
Franklin Rock And Recycle Llc,49.0,2
Harris Waste Management Group Inc.,49.0,1
Lower River Ship Services,49.0,1
Hd Hyundai Construction Equipment,49.0,2
Sauter Timber Llc,49.0,4
Vicem Yachts Usa Llc Annapolis,49.0,1
General Kinematics,48.99,1
Main Light Llc Group,48.99,1
Ab Autos & Imp. Llc,48.980000000000004,15
Mortier En Tremie Abl Inc.,48.98,2
0411 En Co Co Aa Rear Det,48.98,2
W9045 R,48.94,2
Good N Logistics,48.94,2
Universal Commodities (Tea) Trading,48.91,2
Star Garage Ltd.,48.9,8
A H Beck Foundation Co Inc.,48.9,1
Skf Usa Inc.,48.83,1
"Pt T Public Co., Ltd.",48.78,2
Lhoist North America,48.78,1
Marine Equipment Inc.,48.75,1
Agusta Aerospace Corp,48.72,30
Cheil Group Srl,48.68,2
National Automotive Trading Co.,48.6,2
Hermle Usa Inc. Stock,48.6,4
Tradestar Corp.,48.6,2
Henry Heald & Co Sal,48.6,2
Harlin Insco,48.6,34
Jordan Ahli Bank,48.6,6
Trinity Av. Perimental Lado Norte,48.58,2
Melter S.A De C.V.,48.54,2
Pavimentos Stone Matrix Sa De Cv,48.54,2
Holzpak Llc,48.53,2
Biscuit Filmworks,48.52,2
Alyeska Seafoods,48.47,2
Coteau Mine,48.43,1
Wartsila Funa Internatinal Ftl,48.34,22
Mr Michael Yankelevich,48.34,27
Pillitteri Estates Winery,48.32,2
Adaptalift Group (Pty) ) Ltd.,48.3,2
Aegean Fresh Inc.,48.29,1
O I Bowling Green,48.28,6
Allfort Co. Inc.,48.2,2
Ayax S.A.,48.2,4
Car Haulaways Ltd.,48.2,2
Northwinds Equipment Ltd.,48.18,4
Evolution Motors Ltd.,48.08,8
Windward Motor Group Ireland,48.08,6
Shah Trading,48.05,1
Logimpex Cargo S.A.S.,48.04,4
Martin Asphalt Co.,48.0,2
Machine Handlers Transatlantic Llc,48.0,2
Mid State Equipment,48.0,6
New Age Granite And Marble Ltd.,48.0,2
Powerscreen Connecticut Inc.,48.0,2
Mass Port Authority,48.0,2
Valaris Broussard Warehouse,48.0,2
Hillview Equipment And Leasing Co.,48.0,3
Moderalli Excavating Inc.,48.0,2
Material Handler Llc,48.0,1
Well Oiled Machines,48.0,2
Fast Deliveries Nv,47.9,2
Subea 7,47.89,1
Pkm Canada Marine Terminals Lp,47.85,1
Pxgeo Usa Inc.,47.81,15
Hornby Equipment,47.8,4
Sdlg North America Corp.,47.8,2
Lcbo,47.79,2
Labun's Construction Inc.,47.76,2
Aerostream Usa Inc.,47.72,242
Flame Spray North America Inc.,47.72,4
Nitriflex Sa Industria E Comercio,47.7,2
Ken Ahlstrom Hwi,47.66,20
Jplb Auto Sales,47.65,21
Lyn Cargo Express Srl,47.64,2
Aro Asfaltos Y Riegos De Occidente,47.62,2
2 G Cenergy Power Systems,47.5,1
Arrencosa S A De C V,47.5,2
Marc Steve Auto Sales Ltd.,47.41,43
Yoder & Frey Auctioneers Llc.,47.4,2
Loading Arms Plus Inc.,47.38,2
Savino Del Bene Sp A Dallas,47.32,2
Bp America Production,47.3,2
Everest Consulting Services Llc.,47.3,2
Ma Logistics Ltd.,47.26,8
Ocean Car Gmb H,47.22,24
Ati Materials,47.2,2
A&A Customs Brokerage Inc.,47.2,2
Aaron Rideout Aaron,47.18,30
Rendco Corp. Stx,47.16,4
Infineum Usa L.P.,47.14,1
Century Ship Service,47.13,43
Northern Gear Llc,47.08,2
Trinity Av.,47.06,2
Yusen Logistics (Mexico) Sa De Cv,47.04,1
Tornos Technologies Us Corp.,47.04,3
Jl Autos Ltd.,47.019999999999996,4
Carcity Inc.,47.01,11
Kyocera Avx Components Corp.,47.01,1
Reline America Inc.,47.0,4
Young Shin Usa Ltd.,47.0,1
Roots Blower Llc,46.96,2
Aluminum Fabrication By Sant Group Inc.,46.8,1
Savino Del Bene Mexico Sa De Cv,46.8,1
Fred Rahming,46.79,31
A&A Corp.,46.74,2
Hansler Industries Ltd.,46.72,2
Bbva Mexico Sa,46.71,1
Marcas Diesel S De Rl De Cv,46.68,6
Ozinga Cement Inc.,46.61,1
Transport Products & Service Enterp,46.6,4
Marinerinternational Travel Inc.,46.519999999999996,2
Xcc Xinlong Automotive Parts S. De,46.5,1
Leavitt Machinery,46.5,3
0100 Cs Bn Co A Dist Bsb F,46.49,1
Inversione Baruch S De R L De Cv,46.48,1
A.I. Technology Inc.,46.46,8
River Auto Sales,46.44,12
Ecuaprocure S.A,46.4,2
Starr Auto Depot,46.36,17
Navistar Proving,46.3,4
Mixaco Usa Llc,46.22,6
Tdx Ltd.,46.22,2
Liquidity Services,46.2,2
Timberlab Inc.,46.2,2
Kazi Farhad Jora Imp.,46.18,10
Cfr Classic,46.07,14
Air Center Helicopters Inc.,46.03,3
World Trade Unlimited Llc,46.0,2
Wayfinder Corp.,46.0,2
Greminss Mexico Sa De Cv,46.0,2
Cargojet S.A.,46.0,2
Park Street Imp. Llc,46.0,2
Equipment Authority Group Llc,46.0,1
Millar Tractors,45.98,2
Sun Auto S.A.,45.96,2
Logan Corp.,45.92,2
Bosarge Diving Inc.,45.86,1
Servi Sales Inc.,45.849999999999994,15
Ravago Chemicals Spain S A,45.84,2
Industries Welding Supply Co.,45.84,2
Ico,45.76,4
Nmt Oceania,45.74,2
Navalimpianti Usa,45.73,66
Autotech Polynesie Tahiti,45.720000000000006,4
W908 Up,45.72,2
Evergreen Forest Products Inc.,45.72,1
Bruks Rockwood Inc.,45.7,2
Maruichi Sun,45.69,1
Richard Andrew Lee,45.66,14
Lighthouse Sp A,45.62,6
Italia Yachts Usa,45.6,4
Quinterautos & Equipos S.A.S.,45.6,2
A 7 Cars Ltd.,45.6,10
Lannon Stone Products Inc.,45.59,1
Jonathan Miller,45.57,63
Doppelmayr Canada,45.56,2
Cascadia Metals Ltd. 7449 River Roa,45.54,2
L&L Scrap Metals Recycling. Inc.,45.52,1
B&M Logostics Sp A,45.5,1
Banco Latinoameric,45.5,4
Roland Cobb Iii Tkc Commercial,45.46,4
Eurocar Ltd.,45.46,6
Takatrans Kft,45.42,2
Kulkoni Inc.,45.400000000000006,2
Tsubaki,45.38,2
Hankook Motorsports,45.36,2
United Logistic Services B.V.,45.34,2
Gca Auto Sales N V,45.339999999999996,10
Czm Usa Corp.,45.2,2
"Agri Forest Machine Co., Ltd.",45.2,3
Pladis North America Inc.,45.2,2
Global Armoring Inc.,45.17,32
Bay Marine,45.0,2
Brown & Root,45.0,2
Ntg Projects A S,45.0,2
Gtd Desco Inc.,45.0,2
Spencer 69 Llc,45.0,1
Highlander Equipment,45.0,2
Ferrostaal Chile S A C,45.0,2
Supercal Equipment Volvo Trucks,44.94,4
Tote Maritime Puerto Rico,44.910000000000004,5
Ntg Air & Ocean Llc,44.9,2
Emmanuel Arroyo,44.86,36
Vih Aerospace,44.86,4
Macsteel Internationalusa Corp.,44.82,1
Viking Stars Llc,44.8,2
Kidde Argentina S.A.,44.78,2
Northern Plains Steel Co.,44.78,4
Wirtgen New Zealand,44.76,2
Lucayan Auto S,44.74,27
Ritchie Bros. Auctioneers America L,44.7,4
American Siepmann Corp.,44.7,3
Apg Neuros,44.68,7
Yangli Mexico S De Rl De Cv,44.62,1
Charlotte Chemical International,44.59,2
Iyke Moore,44.55,33
Rh Shipping And Chartering,44.54,6
Metso Cap. Equipment,44.54,2
No Meat Factory,44.5,4
Quadco C O Bolduc Leroux Inc.,44.46,2
Olam Americas Inc.,44.459999999999994,4
Rohlig Mexico S.A. De C.V.,44.44,1
Fruitservice Usa Inc.,44.400000000000006,3
Sky City Trucking Llc,44.400000000000006,4
Bravo Investment Ltd.,44.32,8
Subsea Global Solutions,44.31,12
Mark Hoogendoorn,44.28,30
Archer Uk Ltd.,44.24,2
Rds Auto Sales Ltd.,44.22,30
Pilkington North America Inc.,44.22,2
Zx Equipment Sales Llc,44.2,2
Chapel Steel,44.2,2
Liferafts Inc.,44.190000000000005,10
Banque De Polynesie,44.120000000000005,4
Khan Imp. Exp. Srl,44.099999999999994,4
Ryerson,44.08,4
Flexsys America L.P.A Subsidiary Or,44.08,2
Ctc Logistics Srl,44.08,2
Expeditors International P L,44.06,2
Crane Specialties,44.02,2
Tahiti Transit,44.0,2
Kennys Funland Llc Johnny Maples,44.0,2
Naviera Meximares S.A. De C.V.,44.0,2
Revolution Machine Tools,44.0,1
New Hudson Facades,44.0,2
Rainbow Amusement Co Inc.,44.0,2
Broad River Quarries L.L.C,44.0,2
Construction And Mining Services,44.0,2
Epc,44.0,2
Powdr Corp.,44.0,2
Emag L.L.C.,44.0,2
Salinas Y Fabres S A,43.94,2
Cf Industries Nitrogen Llc,43.89,1
Dakota Minitrucks,43.86,17
Matsqui Ag Repair,43.86,3
"Meister Technik Co., Ltd.",43.82,2
Pelletier Timber Harvesting Inc.,43.82,2
Applied Technical Services Inc.,43.8,1
Venetian Village Commercial Ltd.,43.8,2
Siemens Energy Inc. Steam Turbine,43.8,1
Fes Americas Llc,43.8,4
Franklin Fastener C O,43.68,2
Motive Spooling And Inspection Llc,43.67,1
New Fashion Pork Llp,43.66,1
Plaza Extra East,43.63,5
Compania Cofal Automotriz S.A.,43.62,4
Cablofil,43.6,2
Massy Motors (Guyana) Ltd.,43.58,2
Ryeco Llc,43.57,2
Global Harvest Produce,43.56,2
Oishii Imp. Llc,43.55,17
Cargomar Srl,43.54,2
Carisam Samuel Meisel (Fl) Inc.,43.52,218
Esa,43.51,3
Alstom,43.5,5
Polyset Co. Inc.,43.5,2
Sanval Fine Mexico Sa De Cv,43.5,2
Sumika Semiconductor Materials Texa,43.45,1
Matthew Kerner,43.4,49
Steves Sons,43.4,2
Odfjell Tankers As,43.32,83
Aziende Riunite Caffe Sp A,43.24,2
Sia Ste D Importation Automobile,43.24,4
Toy Factory Co. Inc.,43.23,5
"Yamaha Motor Co., Ltd.",43.21,3
Arawak & Co.,43.2,2
Capital Express International Inc.,43.18,29
Cho America Inc. Cho Amerique Inc.,43.17,1
Yowell International,43.13,1
Ideal Autos Inc.,43.1,6
Buffalo Framing And Truss Llc,43.1,2
Intersupply Corp. S.A.S,43.07,1
Western Fresh Marketing,43.03,4
Vantage Freight Services (Pty) ) Ltd.,43.0,1
Aj,43.0,2
Bestboats Exclusive Motoryachts,43.0,2
Disa Industries,43.0,1
Gear One,42.980000000000004,10
Ambrogio North America Llc,42.94,2
To Avelino Abreu S.A.S. Aut. Duar,42.9,2
American Cargocare Inc.,42.88,2
Lbm Advantage Inc.,42.84,2
0126 Av Bn 03 Co B0 Rear Det,42.84,6
Deshon Y Cia Hyundai,42.839999999999996,6
Ofshipper,42.82,2
Nanotherm Therapeutics Inc.,42.8,2
Safan Darley N.A. Llc,42.8,2
Gary Motors,42.78,22
Ultimate Motors & Parts,42.74,34
Stara Lot #821,42.72,3
Structural Wear Products,42.68,2
Pizarro Pile Inc.,42.64,1
Air Flo Mfg. Co. Inc.,42.62,2
Carbones Del Cerrejon Ltd.,42.6,2
Unibank S.A Port Au,42.56,2
Bill Forge De Mexico,42.54,2
0101 Sc Bn Co A0 Rear Det,42.52,6
Family Budget Auto Sales,42.51,30
Leidos Inc.,42.5,2
Hog Technologies,42.48,4
Laship Llc,42.4,2
Flint Engine South 15,42.38,2
Geodis Wilson Nouvelle Caledonie,42.32,6
Fe2805 412 Lrs Lgrm,42.28,2
Iconic Marine Group,42.260000000000005,4
Island Production Inc.,42.25,1
Quality Equipment And Parts Inc.,42.2,2
Select Equipment Sales Inc.,42.18,1
Idec,42.18,2
Kenny Spears,42.18,46
Inversiones Caremo Srl,42.18,6
Matrix Life Science Inc.,42.16,1
Green Shutter Teas,42.16,2
Autohaus Jakob Gmb H,42.12,2
Race Car Only Llc,42.1,4
Keller North America In,42.08,7
Excel Metals Llc,42.08,1
Mid State Machine Products Inc.,42.06,7
Palace Playland Associates Llc,42.0,1
Rides Llc,42.0,2
Skyline Marine,42.0,4
"Mft Co., Ltd.",42.0,2
Co2 Sync Llc,42.0,1
Leavitt Machinery Ceneral Partnerss,42.0,3
Djl Properties Llc,42.0,2
Bridgea Expressa Corpa A,42.0,4
Texas Marine Agency Inc.,42.0,2
Technipfmc Guyana Inc.,41.99,1
Factory Right Hand Drive Llc,41.94,12
0126 Av Bn 03 Co E Det 3 Rear,41.92,3
Coastal Classic Cars Llc,41.9,22
Unipres Mexicana Sa De Cv,41.89,1
Geodis Wilson Polynesie,41.879999999999995,10
Blair Strip Steel,41.87,1
Maeda America Inc.,41.86,2
Dmv Usa Inc.,41.86,2
Anguel Mantchev,41.839999999999996,31
Kenny Equipment Llc,41.82,3
United States Air Force,41.81,1
"Machinery Management Co., Ltd.",41.8,2
Kemper Equipment,41.760000000000005,4
Battlefield Equipment Rentals,41.72,12
Double Mint Imp. Llc,41.68,12
Hiwin Technology Inc.,41.64,1
110 Sand Co.,41.64,2
Usa Depot Letterkeny,41.62,2
Center Rock Mason Dixon,41.6,2
Emco Corp.,41.58,1
Rockville Metals,41.58,1
Hme Holding Group Llc,41.56,2
Fulton Mill Service Co.,41.5,1
Define Motors Inc.,41.5,48
All Ways International,41.5,22
Elite Vancouvermotors,41.44,4
Intl Vehicle Shipping Serv,41.42,8
Empire Cat,41.4,1
Commodity International,41.4,2
Landum Industria,41.4,2
Pnc Bank,41.4,2
Commodity International Ltd.,41.4,2
Gmz Sales And Logistics Inc.,41.4,2
Systec S A,41.3,2
To Grupo Q Guatemala S.A.,41.29,2
Magna Mirrors Of America,41.26,2
Scuderia Motoparts Srl,41.239999999999995,10
Tracks World Wide,41.2,2
Caribe Maquinter,41.2,1
Zentis North America Llc,41.18,4
Gecolsa Y O Alsertec S A S,41.16,2
Howard Industries Inc.,41.15,2
Jr Equipment. Llc,41.14,2
Air Flo C O Feralloy Processing,41.1,2
Rm Group Holdings Llc,41.1,2
Jolie Skin Co.,41.089999999999996,5
Crescent City Amusement Llc,41.0,2
Sgs Holdings Llc,41.0,2
Event Catering Inc.,41.0,2
Earle M Jorgensen Co.,41.0,2
Bending Laser Machine Group Mexico,41.0,2
Mitchell Brothers And Son Inc.,41.0,2
Western Trailer C O Green Transfer,40.96,2
Discover & Deliver Ltd.,40.88,28
Motor City Solutions Inc.,40.84,2
Dodaac W587 Jh,40.84,1
Oshkosh Aerotech,40.82,1
Hyundai Fidocar Sa,40.800000000000004,4
Efs Plastics Us Inc.,40.8,2
Imc Construction Group,40.72,5
Smitma Bv,40.72,2
Schlumberger Logelco Inc.,40.7,1
Kincaid Equipment Mfg.,40.7,4
Ats International Inc.,40.7,2
Ge Aviation,40.68,2
Norel Animal Nutrition Usa Inc.,40.68,2
Baileys,40.66,2
Clx Logistics Llc,40.64,2
Shanghai Resources S.A De C.V.,40.63,1
Jas Projects Oil & Gas,40.62,1
Efacec Chile S.A.,40.6,2
Mncr Arrendadora Sa De Cv,40.6,2
Mnp Corporation,40.6,2
New World Shipping,40.6,2
Welton Shipping Co. Inc.,40.6,1
W8 Tt Ca Arng Mates 1,40.58,2
E.A.R. Management,40.56,6
Merged,40.52,8
Kaercher Municipal North America Co.,40.5,5
3 For 8 Trading International,40.5,1
Samuel & Son Co. Inc.,40.46,2
Technipfmc,40.46,15
Alfa Motors Inc.,40.459999999999994,7
Cleveland Brothers Equip,40.42,4
Caribe Freight Forwaring Dba Caribe,40.4,2
P4 P Construction Llc,40.4,1
Dmg Mori Usa Inc. Chicago,40.39,1
Aireko Services And Installations,40.379999999999995,10
Willshire International Mgmt Corp.,40.37,1
Weatherford Mini Trucks,40.339999999999996,6
Caribbean All Metal Recyclers Corp.,40.27,11
Stahl S.A.C.,40.24,1
Krismar Usa Inc.,40.22,8
Montecucco Farms,40.2,2
Rio Tinto Distribution Center,40.2,1
Trilogy Machinery,40.2,6
W34 Tcu,40.09,4
Russell Mojica,40.08,38
Jati Transport Sdn Bhd,40.08,8
Innospec Fuel,40.08,1
Walker Coffee Trading Lp,40.08,2
Crown Automotives N.V.,40.06,8
Ryerson Mobile,40.04,2
Sikorsky,40.019999999999996,6
Mermac Leasing Ltd.,40.0,4
Ge Electric North America,40.0,2
Jbv H2 O Llc,40.0,2
Clark Equipment Rental,40.0,2
Shark Glass Recycling Se Llc.,40.0,2
Kharmitek Co Llc,40.0,2
M Y Rivage Llc,40.0,2
S M C Llc,40.0,1
Grupo Verque S.A. De C.V.,40.0,2
Osborne Contractors Llc,40.0,1
Ruc 20600622324,40.0,1
Global Tractor,40.0,1
Global Construction Machineries Usa,40.0,2
Brewco Marketing Group,40.0,4
Pacific Wagon Depot Ltd.,40.0,2
Kotug Seabulk Maritime Llc,40.0,1
Spliethoff Transport Bv,40.0,2
Capital Logistics,40.0,2
Spring Brook Marina,40.0,2
The Procter & Gamble,40.0,2
Carina Voyager,40.0,6
Combined Refrigeration Resources,40.0,1
The Procter & Gamble Distributing L,40.0,2
Bliss Management Llc Charter,39.949999999999996,5
Natixis For Account,39.92,6
Mhi Rj Aviation Inc.,39.92,3
Qazaq Auto Group,39.879999999999995,14
The Nisshin Oillio Group Ltd.,39.83,1
Fuerst Day Lawson (Usa) Ltd.,39.81,2
Ez Blockchain Llc,39.78,2
Persico Usa Inc.,39.77,1
Nippon Steel Tradin,39.739999999999995,2
Clean Harbors Env. Ser,39.69,5
Usl Consolidators Llc,39.68,6
Japan Tuna Fisheries,39.66,4
Us Despatch Agency,39.66,2
Powerscreen Texas,39.6,2
Egger Wood Products Llc,39.6,2
Fair Trade Imp. Llc,39.6,16
Hexco Global Fze,39.6,2
"Oxyde Chemicals Singapore Pte., Ltd.",39.56999999999999,2
Suramericana De Montacargas,39.56,2
Ami Sta,39.5,16
Iyke Moore The Two Autos,39.47,32
Maxbet Llc,39.46,1
Gfaco Srl,39.4,1
High Seas Trading Co.,39.36,149
Hoshi Motion,39.32,24
Troop Enterprises Llc,39.3,4
Konecranes Lifting Businesses Tm,39.28,2
Metso Cap Equip,39.24,2
Takisawa,39.22,2
3 V Sigma Usa Inc. 888 Woodstock,39.2,2
Motor Truck Distributors Nz Ltd.,39.2,4
Survitec Miami,39.19,3
Wirth Steel A General Partnership,39.18,2
Raymond Samuels,39.18,32
Eduardo Castaneda,39.12,36
Lake Park Tool & Machine,39.09,1
Ofcumic Steel Usa Inc.,39.08,2
"Fujishiro Motors Co., Ltd.",39.08,2
Caymus Vineyards,39.04,2
Max Henry Rios,39.02,21
High Speed Machinery Technologies C,39.0,1
Sterman Masser Inc.,39.0,2
Republic Lagun Machine Tool Co.,39.0,1
Faccin Usa. Inc.,39.0,1
Abs Remorques Inc.,38.94,2
Ahli United Bank,38.91,10
A.A.Bin Hindi Co Bsc (C),38.900000000000006,6
Southern Plains Equipment,38.9,3
Vacaya Llc Group,38.81,7
Jora Imp. Llc,38.8,11
Petropol,38.8,2
Dsv Ocean,38.78,1
Pedigree Motorcars,38.76,14
Porsche Colombia S.A.S,38.74,2
Central Steel Service Inc.,38.72,2
Asama Coldwater Mfg. Inc.,38.72,2
A6 Jung North America Llc.,38.72,2
Aero Mag Lga Llc,38.64,2
Dana Corporation Sterling,38.64,3
Aceros Alcaldes.A. De C.V.,38.62,2
Auto Guadeloupe Developpement,38.6,4
Trans Global Logistics Europe Gmb H,38.6,18
Ivarson Inc.,38.58,3
Stephany Cargo Express Srl,38.56,2
Naos Yachting Inc.,38.54,2
Siemens Energy Inc. 8841 Wadford,38.54,1
Mafi Technology Corp.,38.480000000000004,4
Errol Azofeifa Castro.,38.480000000000004,19
Sun Valley Auto Sales,38.48,13
Jdm Rhd Car & Motorcycle Llc,38.44,19
Ati Auto Transport International,38.44,16
Bdk International Distributors Inc.,38.44,2
Waste Management Co Covanta Essex,38.4,4
Auto Simplified,38.4,30
Princess Yachts Australia,38.4,2
Argosy Llc,38.36,4
Feam Aero,38.33,2
Lohr De Mexico Sa De Cv,38.33,2
Q&B Foods,38.31,1
Bull Moose Tube Compamy,38.28,2
Scripps Institution Of Oceanography,38.28,2
Kapco Inc.,38.24,4
0126 Av Bn 03 Coedet2 Reart32,38.24,1
Lindsay Transportation Solutions,38.2,2
Arab,38.2,6
Pg Del Pacifico,38.14,2
Lotus Auckland,38.12,4
American Marine Safety,38.1,63
Retro & Serv,38.1,2
Kalu Trading Co.,38.06,14
Midnight 42 Llc,38.0,2
Circle C Equipment,38.0,2
La Vigie Sailing 450 F Llc,38.0,1
Adm Sea Investment Llc,38.0,1
Swift Ag And Repair Llc,38.0,1
Bg Steel Supply,38.0,1
Sogetra,38.0,2
Dc Lynch Shows Inc.,38.0,2
Tx Motors,37.980000000000004,16
Bernhard Rothfos Gmb H,37.97,1
Pa Flax Project Cooperative Inc.,37.95,3
Agustawestland Philadelphia Corp,37.92,8
Hcr Racing Llc,37.86,2
Lassonde Pappas & Comany Inc.,37.84,2
Capital Logistics International Ll,37.8,6
Bahamas Bulk Materials Ltd.,37.7,2
Car City Inc.,37.68,10
Horizon Airfreight,37.65,1
Structurecraft Builders Usa Inc.,37.64,2
Brenntag Puerto Rico Plaza Bairoa,37.54,11
Mapei Corporation,37.519999999999996,4
Mariner Internationaltravel Inc.,37.510000000000005,2
Rolls Royce North America,37.51,1
Emball'iso Inc.,37.43,4
Ykk Usa Inc.,37.4,2
Quality Motor S A Cedula,37.4,2
Russel Metals Inc. Alberta,37.34,2
Pester Usa Inc.,37.34,4
0065 Mp Co Mp Co. Abn,37.34,2
Elite Rv (Pty) ) Ltd.,37.32,3
Prestige Motors Sa,37.3,2
Chilli Enterprise Imp.,37.26,6
Ftr Logistics Project Sas,37.24,2
Koolmees Equipment Inc.,37.24,2
Bechtel Mfg. & Technology,37.19,2
Korpan Tractor,37.18,3
Eaton Steel Corporation,37.17,2
Bolzoni Auramo Inc.,37.16,6
Dp & Jp Services,37.12,16
Caravan Shippers Gmb H,37.1,5
Rushmore Interprises Inc.,37.08,1
Anx Motors Llc,37.08,15
Trading Services Uc S.A.S.,37.04,2
Elisa Pichardo Bierd,37.04,34
Hank,37.02,2
Embotelladora Fersan S.A. De C.V.,37.0,2
Yacht Sales International,37.0,4
Southern States Toyota Lift,37.0,2
Billings Airport,37.0,2
Hypec Inc.,37.0,1
Imp. Exp. Amcar Ltda,37.0,2
Hanse Yachts Aktiengesellschaft,36.94,6
Reach Media,36.89,7
Inversiones Daleja Srl,36.82,6
Nachi Tool America Inc.,36.78,2
Les Products Metalliques A.T. Inc.,36.76,2
Vvf Illinois Servies Llc,36.75,2
Compania Agropecuaria Copeval S A,36.72,4
Onesubsea Llc,36.7,2
Evraz Inc. Na Canada Evraz Regina St,36.7,1
Framecad America Inc.,36.68,1
Wilhelmsen Ship Manhattan,36.68,32
Koenig & Bauer Latam Sapi De Cv,36.6,2
Tna Imp. Llc,36.589999999999996,49
Neostyl Llc,36.57,27
Van Industries,36.56,2
Btb Usa Corp.,36.53,1
Omnisource Corp.,36.52,2
Aviagen New Zealand Ltd.,36.52,2
Pembina Pipeline,36.5,1
Emilio Adams,36.480000000000004,9
Invest Bank,36.46,2
West Indian Traders Inc.,36.41,1
Hamilton,36.400000000000006,2
Smartlam Na Enterprises Us Llc,36.4,2
Machinery & Energy Ltd. | Tax Id 100,36.4,2
Cma Cgm Pregolia 2739 Signal Parkway,36.31,103
Edge Metal Works,36.3,4
Ebm Papst Inc.,36.3,2
Ortalis Concrete,36.29,1
Lv Logistics Uk,36.28,10
Jbt Aerotech,36.28,2
Ohio Auto Hub Llc,36.28,6
W1 Pe 842 D Trans Bn,36.28,2
Advance Steel Co.,36.26,1
Van Industries Inc.,36.26,2
Equistar Chemical Lp,36.24,2
Resansil Sa Panama Arturo Arauz H,36.22,2
Resansil S.A. (Panama),36.22,2
Rigging Gear Sales,36.22,2
Bauer Foundation,36.2,2
Jr Roads Llc,36.2,2
0006 In Bn 04 Combined Arms B,36.13,1
Gray,36.12,2
Sw3115 Us Dept Of Defense,36.11,1
Rheinmetall Man Military Vehicles,36.08,2
Nedrac Inc.,36.06,20
World Imp. Usa Inc.,36.04,16
Transocean Offshore Deepwater,36.01,3
Zeelander Yachts,36.0,2
Elecnor Servicios Y Proyectos S.A.,36.0,2
Gilette Shows Inc.,36.0,2
Funways Inc.,36.0,2
Kejay Farms,36.0,2
Nmt Projects International,36.0,2
Solvay Chemicals Inc.,36.0,1
Tso Catenaires,36.0,2
Vertiv Mexico S.A De C.V,36.0,1
Vestas American Wind Technology,36.0,1
Mainroad Maintenance Products Lp,36.0,6
Deere Construction & Forestry,35.98,2
Logistica Integral Tayrona S A S,35.94,2
Stitchin Heaven,35.93,6
A.F. Seideman Co Inc.,35.92,2
Carrox Ltd.,35.92,2
Jet Propulsion Laboratory,35.9,3
Precision Custom Components Llc,35.88,1
Sandvik Mining And Construction Usa,35.84,2
Ofthe Scotiabank,35.84,2
Safetek Emergency Vehicles Ltd.,35.82,1
Quito Motors S A Comercial E Indus,35.82,2
Intl Flavors,35.81,2
Innovative Materials&Refractories,35.78,1
Riverview Steel,35.75,1
Marine Max Northeast Llc,35.74,2
Gillette Steel Center,35.72,2
Carl Zeiss Industrial Quality,35.7,4
Corporacion Domi S.A.,35.68,2
Bay Crane Northeast Llc,35.68,2
Mccullough Ltd.,35.64,10
Gaia Produce,35.64,1
Spt Intercontinental Srl,35.64,2
Amadeus Yachting Gmb H,35.6,2
Not Available,35.58,2
Paxton & Vierling Steel Co.,35.58,1
Npk Construction Equipment Inc.,35.56,3
Ocmulgee Autosport,35.55,15
Miller Electric Mfg. Co.,35.54,2
Bank Of America N.,35.5,10
Finger Lakes Dairy Services Inc.,35.5,4
Freightplus (Australia) (Pty) ) Ltd.,35.5,2
Vag Usa Llc,35.44,2
Blue Origin Island Fl,35.38,2
Banco Lafise Honduras S.A.,35.36,4
Delta Valve Inc.,35.36,2
Thompson Tractor,35.35,4
Advance Metals Recycling,35.3,1
Advanced Heat Treat Corp.,35.3,2
Power Gen Industries Sa,35.28,2
Southern California Edison,35.24,2
Inc. Enercon Chile Sp A,35.2,1
Bernard Travaux Polynesie Sa,35.2,2
Superboats & Yachts Dba,35.2,10
Jd Discovery Corp.,35.2,2
Gkn Aerospace Newington Llc,35.14,6
Andriaki Shipping,35.07,6
0379 Cm Co Plt T1 Chem Co.,35.05,3
Penguin Shipping,35.04,20
Pilcrow Llc,35.04,2
Cruise Plus Services,35.04,10
Chuck Hovey Yachts Llc. 901,35.0,1
Gill Dairy,35.0,2
Thornton Welding,35.0,2
Twin Oaks Dairy Llc,35.0,2
Delta Power Equipment,35.0,2
Thermal Works Llc,35.0,2
Camso Mfg. Usa Ltd.,35.0,1
Pietracoup Et Ass. Inc.,35.0,1
Victory Procurement Services Llc,35.0,1
Buhler Aeroglide Corp.,35.0,2
Cargologic Carga Logistica S.A,35.0,2
Ritchie Brothers,35.0,1
Pacific Tri Estar Inc.,35.0,2
Prolift Louisville,35.0,2
Sask Power Western Plants,34.93,1
Machinery Corp. Of Guyana Ltd.,34.9,2
China Machinery Engineering Corp.,34.87,1
Salobo Metais S A,34.82,1
Hylcon,34.82,2
Theault North America Distribution,34.81,8
Ascensus Us Corporate Inc.,34.8,2
Van Ko Chopping,34.76,2
Wolfreign Motors Llc Mr. Alexander,34.76,25
Tpi Composites,34.74,3
Icici Bank Ltd.,34.7,1
Denison Yacht Sales Inc.,34.64,2
W905 Hl,34.63,5
Esmil Corp.,34.58,2
Hi Lite Airfield Services Llc.,34.56,6
Oktdemexicos.Adec.V.,34.56,1
Weslake Plastics Co.,34.54,2
Apple Inc.,34.52,2
W58 N7 M W7 Nu Uspfo Activity Oh Arng,34.52,4
Fb2029 Oo Alc Ddhu Cntr,34.510000000000005,2
Steen Enterprises Inc.,34.4,2
Azv Trading Llc,34.36,1
Itochu Machine Technos Corp,34.34,2
Atc Comafrique,34.32,2
Cleveland Crane,34.29,1
Zenviro Tech Us Inc.,34.2,7
Flint Engine Operation,34.17,1
0005 Ad Bn 04 Hhb T0 Rear Det,34.16,2
Mitsuiand Co. (Usa) Inc.,34.08,2
"Ebs Co., Ltd.",34.06,1
Siemens Mobility Inc. Vehicle Divisi,34.02,2
Tighten Up Llc,34.02,1
Sungas Corp. Of Fl,34.019999999999996,3
Scientific Protein Laboratories,34.019999999999996,2
Elitevancouver Motors,34.019999999999996,4
Snijder Bv,34.0,1
Top Lift Enterprises Inc.,34.0,2
Green Bay Drop Forge,34.0,1
Bosch Rexroth Corp.,34.0,4
Pw Bus Orgs; Asheville Operations,34.0,2
Galati Yacht Sales Llc,34.0,2
Seatrade International Sa,34.0,4
Elling Shipbuilding Bv,34.0,2
Lippmann Milwaukee Inc.,34.0,2
Ahli,33.96,6
Speedy Food Group,33.94,2
El Palacio Del Rescatista Sa De Cv,33.92,2
Usa Heavy Equipment And Parts Inc.,33.9,2
Tuberias Y Vulvulas Del Nordeste,33.9,1
Rolls Royce Motor Cars Auckland,33.88,10
Avopiling Holdings (Pty) ) Ltd.,33.8,2
Orthoprenuers Group,33.75,1
Cumins Inc. Dba Cssna,33.7,1
Yachting Assets & Operations Llc,33.7,2
Aurora Mfg. Inc.,33.65,1
C Innovations,33.62,2
Casaluker Usa Inc.,33.6,2
Agco Corp.,33.6,2
Nexus Media Corp. Srl,33.6,2
American Trailer Rentals,33.6,2
Thames Builders,33.6,2
N V Semc Hardware,33.56,4
Ett Usa Holdco Llc,33.5,1
Fletcher Equipment,33.5,4
J Mfg Llc,33.5,1
Mainfreight Air & Ocean Airfreigh,33.44,2
Junker Inc.,33.44,3
Rare Garage Auto,33.36,28
J&K Fresh,33.3,2
Urphy E&P,33.29,1
Fives Bronx Inc.,33.2,2
Xolur De Mexico Sa De Cv,33.2,1
Ryerson Inc.,33.2,2
Baker Hughes Oilfield Operatiions,33.14,12
Eurosport Imp.,33.12,18
Dy Concrete Pump Inc.,33.12,3
Roberts Welding And Fabricating Ltd.,33.12,2
Little Boy Ventures Llc,33.12,2
Coca Cola Exp. Corp,33.06,2
Passion Sport Jdm Llc,33.06,30
Cameron France Sas Slb,33.0,1
Corp. Trus,33.0,2
Metso Minerals Industries Inc.,33.0,1
Rcs Inc.,33.0,1
City Of Nashua,33.0,1
Orizon Aerostructures,33.0,2
Hartwig Inc.,33.0,2
Bombardier Aerospace Canadair,33.0,12
Bes Global,32.96,2
Hyundai Kia America Technical Cen,32.94,5
Virgin Island Motors Corp.,32.92,16
Dai Ichiusa Ltd.,32.92,2
Servicios Estructuras Y Metalurgica,32.82,2
Alltrista Plastic Llc,32.76,2
Island Imp. Ssi Llc,32.739999999999995,10
The Housing Bank For Trade And,32.7,2
Inchcape European Distribution,32.7,4
Agrozafra S.A.,32.68,2
Agroganadera Eben Ezer S.A.,32.68,2
Sboat Marine Llc,32.66,1
Us Navy,32.66,1
Wilcox Steel,32.64,1
Aji Panama S.A.,32.64,2
R & B Power Inc.,32.56,2
Trailler Birdge International,32.55,1
Extreme Logistics S.A.,32.54,4
Nlmk Peru Comercial De Aceros Sac,32.52,1
Alpha Steel Llc,32.5,1
North American Fishing Supplies Inc.,32.480000000000004,5
Ohio Refining Co. Llc,32.48,2
North America Quality Center,32.44,10
Tierra Equipment,32.4,3
Continental Motores Sa De Cv,32.4,4
Sacs Marine Usa,32.4,3
First Enterprise,32.38,4
Clean Harbors Enviromental Service,32.31,19
J.A Riggs Tractor Co.,32.24,2
Extreme Global,32.22,6
Fischbach Usa,32.2,2
Hi Lite Airfield Services Llc,32.2,2
Productos De Carretera,32.2,2
Auto Rennen Cars,32.18,20
Dana Corp. Humboldt,32.12,2
Southport Imp. Llc,32.1,29
Cutlite Penta America Llc.,32.1,2
Cmcc Galvabar,32.1,2
Airgroup,32.08,1
Automotores Y Anexos S.A. (Ayasa),32.08,2
0940 Tctm Tm Aa Rear Det,32.04,4
Ljl Mecanique Inc.,32.019999999999996,4
Jdr Cables Systems,32.0,2
Cypress Enterprises Llc,32.0,2
Sparber Mexico International S.A D,32.0,2
Lego Op De Mexico,32.0,2
Guardian Off Road Inc.,32.0,2
Tayler Lee Lee's Jdm & More,32.0,31
Elv Select Inc.,32.0,2
Fifty Ltd. Aif Corporate Services Lt,32.0,2
Master T T Lady Moura,32.0,2
Falcon Airport Services,32.0,2
Delta Powerboats America,32.0,4
Lego Op.Mexico Sa De Cv,32.0,2
Coaneq Srl,32.0,2
Blue Label Packaging Co.,32.0,1
Ntro Arrb,32.0,2
Lagersmith Llc,32.0,1
Rcs Entertainment Llc,32.0,2
Rotech Subsea Llc,31.98,2
Haven Development,31.98,1
Universal Tire International,31.96,2
Naps North Atlantic Pacific Seafood,31.95,1
Bank Of American.A,31.860000000000003,4
Gea Process Engineering S.A. De C.,31.82,2
Apibat,31.8,2
Car Imp. Direct Ltd.,31.8,4
Auto Franklin A Perez Srl,31.76,6
Sun America Llc,31.76,2
Kestrel Liner Agencies Ltd.,31.75,1
Takatsu Mfg. North America,31.75,4
Bombardier Learjet Inc.,31.74,2
Seafood Producers Cooperative,31.700000000000003,4
Integrated Supply Network,31.68,2
Sia Ste D Importation Automobiles,31.64,2
Daikin Mfg. Mexico,31.62,1
Mae Eitel Inc.,31.6,2
Schryver Del Ecuador S.A.,31.590000000000003,2
Evergreen Motors,31.58,2
Jeremias Inc.,31.5,2
Minetec,31.49,2
Vicem Yachts Llc. Usa,31.45,1
Casatoro S A,31.34,2
Finnairsea Logistics (Pty) ) Ltd.,31.32,2
Coil Innovation Usa Inc.,31.3,2
Gec Construction,31.3,4
Thyssenkrupp Industries Solutions,31.29,1
Parker Apac Ocean Lax,31.28,9
Evens Joseph Chilli Enterprise Im,31.259999999999998,22
Joshua Lucas Rhd Specialties,31.22,19
Three Rivers Chrysler Jeep Dodge,31.21,1
Bmg Mexico Cia Ltda S.A. De C.V.,31.2,2
Bavarian Motor Cars Usa Inc.,31.16,18
Free Breeze Inc.,31.15,2
Bombas Centrifugas Alemanas,31.14,2
Mak America Inc.,31.14,15
Customized Brokers,31.08,1
Cars4 U Inc. (Dba) Verginia,31.08,8
Spg Dry Cooling Usa Llc,31.08,2
Hearte International,31.07,5
Saemie Corp.,31.06,4
"Yantai Oriental Protein Tech Co., Ltd.",31.04,1
Commercial Freight And Logistics,31.0,1
Dsv Air & Sea Ltd. I850 19 Landing Drive,31.0,2
Bradford Marine,31.0,17
Fairchild Equipment,31.0,2
Niagara (Temple),31.0,2
Hylas Yachts International Llc,31.0,1
Powerscreen Canada Ltd.,31.0,1
Saab,31.0,2
Nuqul Automotive Ltd. Co.,31.0,8
Brent Bowling,30.98,13
Espaillat Motors,30.94,10
Bruzzone Shipping Inc.,30.92,2
Ellwood Crankshaft And Machine Co.,30.84,2
Cj Equipment Inc.,30.82,2
Nimbus Florida,30.8,4
"Ming Hau Industrial Co., Ltd.",30.8,1
Stewart Systems Baking Llc,30.78,1
Mobil Equatorial Guinea Inc.,30.75,1
Island Wheelz Enterprises Co.,30.72,20
Innomotics Llc,30.72,1
North Coast Logistics,30.72,1
Intl Metals Enterprises,30.72,2
Salcedo Motors S.A. Salmotorsa,30.7,1
Blanford & Mccray Llc,30.7,33
Pladis North America,30.6,2
W8000 Q,30.6,4
Dreyfus Ashby Inc.,30.57,3
Expeditors International Los Angeles,30.56,2
Ritchie Bros. Auctione,30.56,2
0151 Sc Bnco C0 Rear Det,30.53,7
Durr Systems Inc.,30.5,1
Tennplasco Llc,30.46,2
Transporte Rampel Srl,30.42,2
Lulin Farm Usa,30.4,4
Micar Co.,30.38,6
Charles Smith,30.38,28
Allied Equipment Sales,30.34,1
Zahn Ventures Llc,30.32,28
Machinerie R. Gagnon Inc.,30.32,2
Nordtrafik Ab,30.3,2
Inversiones Gf,30.28,2
Servicio Turisticos Anthony Srl,30.28,2
Manar Inc.,30.27,1
Stone Eqiptment,30.26,1
Kimbex,30.25,16
Transporte Y Servicios Clemente Fam,30.24,2
Penn Machine Works Inc.,30.22,2
German Motors S.A.S.,30.200000000000003,6
Co. Industrial Technologies And,30.2,2
Concours Motor Co 1962 Ltd.,30.2,18
Atlas Copco Comptec Llc,30.16,2
Scm Gl Inc.,30.16,2
Rbna Bosch Farmington Hills Mi,30.14,4
Foreign Connect Llc,30.14,12
Silver Arrow Auto Sales Corp.,30.12,20
Elite Multimedia Productions,30.1,2
Rb Ritchie Bros.,30.09,1
Fluorone Trading Llc,30.09,1
Deep Ocean International Logistics,30.03,1
Auto Shine Maui,30.009999999999998,31
Marine 360,30.0,1
Industrial Technologies And Service,30.0,2
Bucher Muncicpal North America,30.0,2
Scion Drilling Llc,30.0,2
Isla Guadalupe Llc,30.0,1
Pacific Northwest Yachts,30.0,2
Victaulic,30.0,1
Axxess International Inc.,30.0,2
Global Distribution And Logistics,30.0,2
Crane Worldwide Logistica Do,30.0,2
R. Hallifax Fam. Fun Tyne Amus.,30.0,2
Cantiere Del Pardo Sp A,30.0,2
Waste Management Sustainability Ser,30.0,1
Zimmerman Farms Llc,30.0,2
Aviagen North America Inc.,30.0,2
Southwire,30.0,2
Geus Steam Plant,30.0,2
Halekulani Llc,30.0,1
Millbrecht Llc,30.0,2
Blmk Shipping Inc. Trust Co.,30.0,2
Flagstaff Marine,30.0,2
Mako Marine Ventures,30.0,2
Gt Bars Llc,30.0,1
Aloha Ocean Charter Boat Sa,30.0,2
Two Ocean Catamarans Srl,30.0,1
Glr Llc,30.0,1
Goodfellow Equipment Llc,30.0,1
Tecnologia De Excelencia Maquinaria,30.0,2
Grupo Erh,30.0,6
Pluscargo Transporte Mexicana Sa De,30.0,2
Wright Yachts Sales,30.0,2
Anvera Yacht Us,30.0,2
Gcg Ground Services (Barbados) Ltd.,30.0,1
Manior Industries Inc.,29.96,2
Pharmacy Lite Packaging,29.96,2
Renishaw Inc.,29.96,4
Ryerson Canada Inc.,29.96,3
Drs Sustainment Systems Inc.,29.94,1
Yacht Sales West Inc.,29.939999999999998,3
Kemet Electronics Corp.,29.9,1
Weeks Massman A Joint Veture,29.9,1
Stp Multipress,29.9,2
Msp Imp. Llc Mark Paulus,29.88,17
Branden R. Cummins,29.85,18
Hydrofarm Llc,29.810000000000002,2
Ulog Sas Codigo Aci 0387,29.8,4
Importadores Caraballo,29.76,2
St. Maarten Amigo Tours N.V.,29.74,2
Jeld Wen Inc.,29.7,1
Custom Builders,29.689999999999998,5
Arroyo Auto Sales,29.68,20
National Marine Suppliers,29.68,4
Marubeni Transport Service,29.66,4
Bac International B,29.64,4
Deerhaven V Inc. Dba Kitsap Tractor,29.6,2
Nelo Tours,29.54,2
Tycoon Paper Inc.,29.520000000000003,8
Voestalpine Nortrak Inc.,29.52,5
Turbo Systems Usa Inc.,29.51,59
Arcelor Mittal Dofasco G.P.,29.51,1
Gava International Freight,29.5,1
Rm Srl Unipersonale,29.5,17
Whelen Engineering,29.5,2
Industrial Machine Tool Inc.,29.45,1
Sweetings Auto,29.44,22
0044 Ad Bn 02 Ada Battalion,29.439999999999998,5
Hayden Machinery Llc,29.4,2
Sandvik Mining Pu Winnipeg,29.4,4
Fob Services Llc,29.380000000000003,18
Coombs Country Autos,29.34,10
Global Courier & Services,29.32,10
Richard J. Dadeo Trustee Of The Ri,29.24,4
Partt And Whitney Aircraft,29.22,2
Iturri S A,29.2,2
Beaver & Beaver Llc,29.2,2
Molinos El Pais,29.2,2
Allied Aviation Services Inc.,29.14,2
General Atomics Aeronautical,29.14,2
Hailiang Cooper Texas Inc.,29.13,1
Greenzone Usa Ltd.,29.1,11
Auto Exp. Corp.,29.1,10
Mt Clearocean Marauder,29.1,1
Soleras Advanced Coatings,29.099999999999998,3
1 Chesapeake Spice Co.,29.09,1
Ct Industrial Services Llc,29.03,2
Riekes Equipment Omaha,29.0,2
Stratford Farm Equipment Ltd.,29.0,2
J & J Rides Llc,29.0,2
Familiy Fun Shows Inc.,29.0,2
Veolia Water Technologies & Solutio,29.0,1
Wet Kisses Llc,29.0,2
M. Neves Inc.,29.0,2
Head Steel Services,29.0,2
Bluegrass Rides,29.0,2
Ultraequipment Llc,29.0,1
Fitzgerald Equipment Co. Inc.,29.0,2
Engineered Systems Inc.,29.0,2
Michael Center,28.990000000000002,23
S.A. Recycling,28.96,5
Y.K. Almoayyed And Sons,28.94,4
Tmg Yachts (Pty) ) Ltd.,28.94,2
Bellainternational Corp.,28.92,2
Kendon Brown,28.92,18
J&J Rail Sales Inc.,28.880000000000003,2
Keystone Shipping Services Inc.,28.88,2
Mach 1 Aero Servicios Srl De Cv,28.86,2
Ivor Gumbs,28.86,22
Natixis For The A,28.84,2
Sig Combibloc Inc.,28.84,3
0163 In Bn 01 Hhc Combined Ar,28.8,1
Jeff Martin Auctioneers Inc.,28.8,1
Artikel Restore Kft,28.78,2
Insular Trading Inc. Br. Alka,28.78,13
Abbycel Substrate Ltd.,28.78,2
Cp Energy Services Inc.,28.77,1
Space Exploration Techn,28.72,2
Key Construction,28.69,5
Access Global Forwarding Sa De Cv,28.68,2
Pride Machinery Sales Inc.,28.68,1
Wartsila Norway As,28.610000000000003,6
Clayton International Inc. Usa,28.6,6
Adam Peterson,28.56,20
Fmc Technologies Inc. Fmc Surface Wellhead,28.55,1
Dupont Em Cmp Llc,28.54,2
Crane World Wide Logistics,28.54,225
Clean Harbors Environmental Svcs,28.5,8
Ecoharbor Llc,28.5,1
"Ss International Co., Ltd.",28.48,2
Lantigua & Perez Lp Automoviles Srl,28.46,6
Covanta Marion Inc.,28.46,1
0001 Av Hhc Hhc Aa Rear Det,28.42,2
Equipos Mineros La Hacienda Sa De,28.4,2
Ham Chile Sp A,28.4,2
Priproty Roro (Sjn),28.35,13
Adcon Environmental Llc,28.340000000000003,4
Jalacar,28.33,15
Prime Time Auto Sales,28.32,24
Rehrig Pacific Co.,28.32,2
D&J Car Rentals Inc.,28.32,4
Amle Comercial Inc.,28.3,20
Dodaac M11200,28.28,2
Importadora Y Exportadora,28.28,2
Chequered Flag Specialist Cars L,28.259999999999998,6
Bolidt Cruise Control Corp.,28.25,14
"Abdul Latif Jameel Co., Ltd.",28.240000000000002,4
Poettinger Australia (Pty) ) Ltd.,28.2,2
Kubota Australia,28.2,1
Namalco Construction Services Ltd.,28.17,1
Laparkan Shipping Trinidad Ltd.,28.1,2
Stena,28.080000000000002,3
Rose Tours And Travel Inc. Charter,28.06,9
Wrist Ship Supply Usa,28.05,77
Specialized Utility And Fiber,28.03,3
St. Thomas Gas,28.02,3
Dystar Lp,28.02,10
Cnh Industrial New Zealand,28.0,4
Northwest Asset Service,28.0,2
Colless Young (Pty) ) Ltd.,28.0,2
Performance Boats S.A. De C.V.,28.0,2
Pangeo Tours,28.0,2
Tooma Station (Pty) ) Ltd.,28.0,2
Itsec 2024 Both 871 Orange County,28.0,2
Falcon Express Maritime & Aviation,28.0,2
Saertex Usa Llc,28.0,2
Hermle Mexico S De Rl De Cv,28.0,2
Iron City Park S A,28.0,2
Hirata Corporation Of America,28.0,1
"Panamax Container Line (Pxcl) Asia Pte., Ltd.",28.0,1
Johan Ipenberg,27.98,10
Transporte Gil S. A.,27.96,2
Tempel,27.86,2
Agricola Schultz Sas,27.84,2
Mark Plumb,27.84,24
Ligentia Australia (Pty) ) Ltd.,27.8,2
James Vasquez,27.78,24
Metrogas Srl Rnc 101540567,27.74,2
Western Express,27.74,16
Olly Public Benefit Corp,27.73,2
Ge Bangor Service Center,27.7,2
Sasu Associate And Mr,27.68,2
Yaguazu Trucks Srl,27.62,2
Techni Services,27.6,2
Incheon Auto Imp. Srl .,27.6,2
Ibi Yachts,27.6,2
Sun Country Truck Equipment Inc.,27.58,26
Hardline Equipment,27.56,2
Bio Agri Mix Lp,27.54,2
Pushpam Traders,27.54,1
Tulsa Motorworks Scott Martin,27.54,16
Cho Taw Inc.,27.5,1
"Vuong Viet Anh Co., Ltd.",27.5,1
Pacific Dutch Group Llc,27.5,4
W2 Bus Srl,27.5,2
Selden Motors,27.46,3
Thyssenkrupp Airport Systems,27.46,2
Pik Rite Inc.,27.46,7
Hugsteel Group,27.44,2
Nagra Afd Auto Imp. Srl,27.44,4
Adcom World Wide,27.42,140
Bussey Bros Auctioneers,27.4,2
Power Transformer Services Inc.,27.4,2
Cjs Equipment Inc.,27.4,2
"Mit Cereal Co., Ltd.",27.4,2
Hayes Equipment & Sales,27.3,1
Together Trade Inc.,27.28,1
Sdmo Generating Sets Inc.,27.26,1
Caterpillar Inc.,27.240000000000002,8
Ace Aeronautics Llc,27.22,2
0153 In Bn 02 Hhc T0 Rear,27.22,4
Automobiles Generales,27.22,2
Cuerpo De Bomberos De Spm,27.22,6
Ar Hq Co A Sig Intel,27.22,2
Caribbeantrading Systems Inc.,27.200000000000003,6
Republic Equipment,27.2,1
Moises Arce Product Mgr. Florida,27.14,8
Lucky Trader Inc.,27.13,35
Clawson Usa Inc.,27.1,2
R S Godwin,27.04,4
Bioforcetech Corp.,27.0,2
Msl Engineering Ltd.,27.0,1
Metal Technologies Auburn Llc,27.0,1
Techlift International,27.0,2
Nelson Caravans Ltd.,27.0,6
Suzhou Comfort Vanguard,27.0,1
Icons International Llc,27.0,14
Rb Ritchie Bros,27.0,2
Dsv Air & Sea S.A. De C.V.,27.0,1
Distribuidora Nissan S.A,27.0,6
Dsv Air & Sea (Pty) ) . Ltd. 47 Watson Drive,27.0,2
Promax Auto Llc,27.0,3
Pittman Construction,27.0,1
Herc U Lift,27.0,2
Voith Us Inc. (Vti),26.939999999999998,4
General Electric Morelia Service Ce,26.9,2
Cruisingagents.Com Inc. Group,26.9,9
Destilerias Campeny S.A.,26.88,1
Gw Atlanta,26.86,2
"Inteqc Flour Mill Co., Ltd. 65623791",26.85,1
Chan Kong Holdings,26.82,1
Coatesville Mill,26.8,1
Equipment Plus Co.,26.8,2
Dentons Cohen & Grigsby P.C.,26.8,2
Tkd Trading,26.8,2
Pcb Freight Management Ltd.,26.8,4
Valaris 102,26.78,2
Continental Ag Contitech Usa,26.76,2
Willow Bonsai Llc,26.74,2
Loreal Uruguay Sa,26.7,3
Racine Riverside Marine,26.66,2
Maurice A. Auerbach Inc.,26.63,1
26 Degrees North Llc,26.6,2
Supfina Machine Co. Inc.,26.599999999999998,4
Sobel Network Shipping Co. Inc.,26.59,16
Resorts World Bimini Bahamas (Rwbb),26.58,16
To Harney Motors Ltd.,26.560000000000002,6
Ruhrpumpen Argentina S.A.,26.55,1
Newrest Monteal Corp.,26.549999999999997,3
Dhl Global Forwarding (Nz) Ltd.,26.54,6
Poly Tp,26.53,1
W58 Tnt,26.49,1
"Dnv Food Products Pvt., Ltd.",26.45,1
Dts World Cargo Services Inc.,26.44,2
West Coast Yachts Llc Dba Marine S,26.4,4
First Trucks S.A.,26.4,2
E. C. Phillips And Sons,26.36,3
Coca Cola,26.34,1
Mini Monsters Llc.,26.34,10
Automoviles Y Camiones Srl Limita,26.32,2
Roxberg Williams,26.32,24
Intercruises Shoreside & Port Services Inc.,26.32,2
Heavy Materials Llc,26.31,1
Hesscorporation,26.31,1
Team Stichd,26.3,2
Man Mar Technical Inc.,26.25,10
Servindliz S.A. De C.V.,26.24,2
Beyond Gravity Inc.,26.23,4
Jag West London,26.22,2
Pt Surabaya Pelleting Co.,26.22,1
Metal Global Korea S.A. De C.V.,26.18,2
Bullseye Car Rental,26.16,20
Ntc America,26.1,1
Gem Chain Bar,26.1,2
Green Light Auto Mall,26.1,14
South Hams Autos,26.08,22
Lcbo Grimsby,26.08,1
Unikauto Imp. Inc.,26.04,4
Blackfoot Bridge Mine # Bayer,26.04,2
Direct Helicopter International Ltd.,26.04,5
W Yachts York Road Marine Llc,26.04,6
Blast Cleaning Technologies,26.02,10
Little Seven Ilp,26.0,2
Solaris Power Srl,26.0,2
Laguna Marine Transportation Llc,26.0,2
Lg Srl,26.0,2
Coal Hill Tractor Llc,26.0,4
Woods Hole Oceanographic,25.96,10
Antunez And Son Produce,25.919999999999998,12
Stena Offshore,25.85,2
0126 Av Bn 03 Co Bdet1 Reart32,25.830000000000002,5
Randy Hoffman,25.790000000000003,17
Inversefa Autos Srl,25.72,12
Sterling Merchandise,25.68,3
Foraco Chile S.A.,25.68,2
Schwanog Llc,25.66,2
Car Match Llc,25.62,4
0217 Od Co Co Aa Rear Det,25.6,2
Industrias John Deere Sa De C.V.,25.6,6
Rooth Of Mina,25.6,1
Rodeo Food Distribution Inc.,25.59,1
Neustar Mfg. Inc.,25.58,4
Margaritaville At Sea Paradise,25.56,56
"P & K Yacht Inporter Co., Ltd.",25.5,1
Selladores Cobian Llc,25.46,12
"Yamagin Tsusho Co., Ltd.",25.46,16
Twin Mill Pallet & Shavings Llc,25.45,1
W91 Tda,25.42,3
Maestri D'italia Inc.,25.4,2
Raytheon Sas Ontario,25.4,4
N42158,25.4,1
Blue Whale Marine Inc.,25.4,2
Htec Vehicle Leasing Corp.,25.4,2
Sgm Magnetics Corp.,25.36,2
Bbva Uruguay S.A.,25.36,4
Khamaron Pinder,25.36,22
Indel Power Group Llc,25.3,1
Sandvik Financial Services,25.3,1
Pipe Line Unique Services,25.3,1
Econoautos Superiores Sociedad,25.28,2
Voestalpin E Railway Systems,25.26,2
Am General Llc,25.26,2
Destellos De Grecia Sa,25.259999999999998,2
Oheng Supply Chain Management,25.200000000000003,2
Scan Global Logistics Fll,25.2,2
Imi Critical Engineering Z&J,25.2,2
Ward Equipment,25.2,2
Atlas Van Lines International Corp.,25.18,17
Dg Global Inc.,25.13,1
Heavy Equipment Imp. Nilsoncp S.,25.12,2
Bruce Wayne Enterprises Inc.,25.12,14
Brian Portolese,25.11,23
Titan Aviation Fuels,25.1,2
Sims Group0 Global Trade Corp.,25.09,1
Toyota Tsusho Canada Inc.,25.08,2
3 G Productions,25.06,1
Conplant (Pty) ) . Ltd.,25.06,2
Marioff Corp. Oy,25.05,29
Pt Grand Miletindo Sejahtera,25.02,1
Sms International Shore,25.01,2
Big Iron Nj Llc,25.0,1
Massy Machinery Ltd.,25.0,2
Halliburton Group Canada,25.0,1
Us Equipment Global Sales Rental,25.0,2
Dasthar Inc.,25.0,2
Net Systems Inc.,25.0,1
Grupo Union De Maquinaria Xlvii Sa,25.0,2
My Papa Enterprises Llc,25.0,2
Torrecid Mexico S.A. De C.V.,25.0,1
Nemo Point Llc,25.0,1
Miller Formless,25.0,1
Paskesz Candy Co.,24.990000000000002,2
Autohub New Zealand Ltd.,24.96,6
Leon Equipment,24.95,1
Cargo S De Mexico Sade Cv,24.94,2
Crown Automotives,24.9,2
Burkes Garage Ltd.,24.88,32
Southwest Wire Rope Lp,24.85,1
Idilia Foods Corp.,24.849999999999998,3
Osborne Ltd.,24.840000000000003,6
Radiant Global Logistics Inc.,24.84,70
Curtis Phillips,24.82,18
Jdi Holdings Llc,24.8,2
Intl Shipping Ltd.,24.8,2
Adrian Blackwell,24.8,18
Ebenezers Motorsports Darri,24.78,8
Santo Domingo Motors Co.,24.74,2
Fracht Logistics De Mexico S A De,24.72,2
Entrotech Inc.,24.72,1
Meyn America Llc,24.71,7
Adamba Imp. International Inc.,24.7,1
Worldwide Auto Imp. & Exp. . Ll,24.68,20
Pepsico Caribbean Inc.,24.68,17
Worldwide Logistic Partners Inc.,24.66,1
Newman Technology Of Alabama Inc.,24.599999999999998,3
Agco Nsi Warehouse,24.56,2
Interfracht Container Overseas Gmb H,24.5,2
Master Of Mt Antofagasta (Cmc),24.5,1
Car City M.S.F Agencies,24.48,2
Crane Worldwide Logistic Sfo,24.47,125
Jdm Imp. Specialists Llc,24.44,16
Banco Del Pais Sa,24.43,7
Hn Autos S.A.,24.42,2
Christopher Harris,24.41,7
Weir Slurry Group Inc.,24.4,2
Recinto Portuario Interior En El In,24.4,2
W0 V2 Usasfc Pmt Site,24.4,2
Wind Access Engineering Inc.,24.33,3
Korea Motors S.A.,24.28,8
Niagara Bottling Llc Lnc,24.28,2
Lu Lin Farms Rissler,24.24,2
Caribbean Premium Motors Ltd. Utility Drive Cassada Gardens P,24.24,2
Kelvin D James,24.22,14
Mobro Marine,24.22,2
Betty K Agencies,24.22,24
W56 Zfb,24.21,1
Expeditors Atalanta,24.18,6
Expedited America Do Brasil,24.18,2
Greentree Partners,24.16,1
Waterblasting Technologies,24.14,2
Main West Equipment,24.1,1
Adam Chovanak,24.099999999999998,23
Voestalpine High,24.05,2
Poettinger Us Inc.,24.04,4
Olson Yacht Group,24.0,1
Paniolo Tonewoods Llc,24.0,1
Holland Farmer S.A.S.,24.0,2
Zarpo Llc,24.0,2
Clinton Harborside Marina Llc,24.0,2
Proteus Ltd.,24.0,1
Salish Sailing Llc,24.0,2
Pioneer Equipment Co.,24.0,2
Hammer Yachts Llc,24.0,4
"Kmb Yacht Co., Ltd.",24.0,2
Setaero 5800 Miami Lakes Drive Mi,24.0,2
Acme Stone Inc.,23.96,2
Tk Gt Cars Usa Ltd.,23.94,17
Just In Time Auto,23.919999999999998,13
Eastern Shipping Worldwide Inc.,23.9,2
Modig Machine Tool Us Inc.,23.88,1
W0 K4 Usa Osc Pine Bluff Ars,23.86,2
Fm Safford Main,23.85,1
Arctic Steel Product Ltd.,23.85,1
Leatherneck Construction,23.8,2
Bank Of,23.8,2
Summit Series,23.8,5
Eddbarry Motors,23.799999999999997,8
Norwood Medical,23.74,2
Innomaq S.A. De C.V.,23.74,2
Valaris 75,23.73,3
Frech Usa,23.72,2
Intl Motors Ltd. Te1. Julio Rodriguez Us Customs Broke,23.7,2
Deshon Cia Ltda,23.64,2
Aersale,23.64,2
Ul Llc,23.64,1
Contitech North America Inc.,23.64,2
Auto,23.62,4
Klh Us Holding Corp.,23.62,1
Zf Passive Safety Systems Us Inc.,23.61,3
Rb Scott Co.,23.6,1
"Nakazawa Kikaiten Co., Ltd.",23.6,2
Mac International Fze,23.58,6
Hitachi Industries Equipment & Solu,23.54,2
Horizon International Cargo I,23.53,16
Hillsborough County Aviation Author,23.5,2
Marmon Keystone Canada Inc.,23.48,2
11852400 Canada Inc.,23.479999999999997,4
Cars4 U Inc. (Dba) Virginia,23.44,6
Gridiron Forwarding Co. Inc.,23.42,12
Iron Bridge Sod Farms,23.4,2
Laurel Imp. Llc,23.39,15
Condor S.A.C.I.,23.38,4
Summit Produce Inc. 7600 N. Ingram,23.38,2
Lucky Center,23.37,11
Threeo Construction,23.37,1
Trans Global Auto Logistics In,23.32,6
Todd Doney,23.3,32
Ansa Prefabricados S.A. De C.V.,23.3,2
Tsi Technologies,23.26,2
Campofresco Corp.,23.259999999999998,8
Indiana Mills & Mfg. Inc.,23.24,1
Ntil Mar Textiles Inc.,23.23,1
Ship And Shore Environmental,23.23,1
Sucafina Na Inc. 109 North 12 Stre,23.23,1
Gestion Tropical Srl .,23.220000000000002,4
"Stephens Ross Auto Co., Ltd.",23.22,1
Virtue Yacht Tender Llc,23.2,2
Multiservices Tahiti Vidange,23.2,2
Intergrated Process Engineering,23.2,1
Sotram Global Network,23.19,2
Tkt Innovations (Usa) Ltd.,23.18,2
Pellenc Australia,23.16,2
Nkg Bero Italia Sp A,23.15,1
Adcom Worldwide,23.15,39
Hexatronic Rochester Cable Inc.,23.13,1
Bavaria Yachts Australia (Pty) ) Ltd.,23.12,2
Cwl Auto Lease Inc.,23.12,16
Rideout Auto Sales,23.1,10
Rodriguez International Auto Venta,23.1,4
Vi Waste Management Authority,23.09,1
American Gfm Corporation,23.04,2
C.A. Picard Inc.,23.04,2
Kolenberg Motors,23.02,10
Ziegler N.V.,23.02,4
Va Bien International,23.01,78
Altorfer Industries Inc.,23.0,1
Martin Grinder Llc.,23.0,2
Alpine Metal Tech Na Inc.,23.0,2
Astec Mobile Screens Inc. Astec Mo,23.0,2
Mitsui Co.,23.0,2
Schenck Process Llc,23.0,2
Babcock & Wilcox De Monterry,23.0,2
Modern Produce Equipment,23.0,4
Gem Chem,23.0,1
Spirit Marine Qld (Pty) ) Ltd.,23.0,2
Applied Cooling Technology,22.990000000000002,15
Hanse Yachts Us,22.98,2
Moonbio Tech Co.,22.95,1
Zhaotao Tan,22.94,14
American Ambassador,22.92,2
Labounty,22.840000000000003,4
Dream Classics Llc,22.84,6
Holden New Zealand Ltd.,22.84,2
Intl De Comercio Y Destile,22.82,1
Kizbel (Bermuda) Ltd.,22.8,2
C H Robinson International Inc.,22.8,1
Rondar Raceboats Inc.,22.8,7
Red Sun Racing,22.78,13
Smc Brier Hill,22.75,3
Cliff Berry Incoporation,22.71,1
Hoyer Global Transport Bv,22.71,1
Permasteelisa North America,22.71,3
Seaquest Marine Llc,22.68,36
Conway Ford,22.67,2
Drug Farm Pharmacy,22.660000000000004,15
J Benton Construction Llc,22.66,8
Ranford Patterson,22.66,14
Cofino Stahl S.A. De C.V.,22.66,2
Alianza Occidental Arso S.A. De C.,22.6,1
Global Hbs Delli Srl,22.59,1
Ocean Imp.,22.560000000000002,5
Certainteed Gypsum Operating Co.,22.56,1
Tin Star Resource Inc.,22.51,1
Contel Fresh Inc.,22.51,1
"Belize Estate Co., Ltd. Chrysler",22.51,7
Mh Equipment Co.,22.5,1
Emerald Pacific Yachts,22.5,1
Valmont Coatings,22.5,1
Gulfstream Aerospace Corp.,22.5,3
Savi World Transport (Pty) ) Ltd.,22.48,2
Top Secret Rtp Imp. Attn Brendo,22.46,6
Md Tm Medical Detachm,22.45,3
0126 Av Bn 03 Co Cdet1 Reart10,22.44,5
Jeff Kucy,22.419999999999998,12
Eastside Auto Collision,22.419999999999998,14
Peter Ferraro,22.41,19
Thompason Gold Dust Dairy,22.4,2
Peravia Motors S.A.Autopista Duart,22.4,2
Orbital Sciencesllc,22.4,2
Polynt Composites Usa Inc.,22.36,1
Subcom,22.36,2
Turbo Systems Us. Inc.,22.34,27
Mickayell's Enterprise,22.34,2
Seaway7 Us Inc.,22.310000000000002,3
Eagle Lake Mfg. Llc.,22.3,2
Caribbean Auto Mart,22.3,6
Paltank Ltd.,22.3,1
Sodiko Nv,22.27,1
Mile Hi Mini Trucks Llc,22.259999999999998,6
Myer Marine & Mfg.,22.24,4
Musashi Auto Parts Canada Inc.,22.23,1
Xtreme Beauty International,22.22,1
Aireko Construction,22.22,10
Sanchez S.A. De C.V.,22.21,1
Yachting Mexico Yachting Mexico,22.2,2
Javanimports Inc.,22.18,2
Hydro Extrusion Usa,22.17,1
Trust Importacao E Exportacao,22.1,1
Tti Metals,22.08,2
Archroma Us Inc. 5435 77 Center,22.06,1
Russell Auto Imp.,22.05,22
Oppo Cars Ltd.,22.040000000000003,16
St Auto Sales,22.02,14
Hansen Shipping (Uk) Ltd.,22.0,2
Sms Ny Terminal,22.0,1
Us Spars Inc.,22.0,2
Frabel Sa De Cv,22.0,2
Ottawa Macdonald Cartier,22.0,2
Marcus Zimmerman Equipment,22.0,2
Gulf Stream Transports,22.0,2
Transworld Shipping (Usa) Inc.,22.0,8
Constructora Leojin Srl,22.0,1
Peters May Ltd.,22.0,2
Bhf Psari Yachting,22.0,1
Delta Modtech,22.0,2
Cantiere Nautico Cranchi Usa Llc,22.0,3
Maher Terminals Llc,22.0,2
Active Tree Services,22.0,2
A.N. Farm Equipment,22.0,2
Advanced Marketing Intenational In,22.0,1
Pepsico Caribbean,21.96,24
Santiago Metal Mfg Crop,21.96,1
Gulf Marine Contractors 27347,21.96,3
Ateco Group Nz Ltd.,21.94,2
W8 Sd Me Arng Fms 3,21.94,5
Zeppelin Power System Gmb H,21.89,16
Spotlight Studios,21.869999999999997,16
Lusk Automatics Ltd. T A Choice Cars,21.86,4
Aquaquim Sa De Cv,21.81,1
Sika Corporation,21.8,2
Sales & Services Ltd.,21.78,8
Pr Asphalt,21.77,1
Ward & Burke Tunneling Inc.,21.76,2
Business Consultant International,21.73,6
Tyler Barg,21.7,24
Enerfab Process Sol & Fabricated Pr,21.68,2
Pateman Autos Ltd.,21.64,2
Yatespeed L.L.C,21.64,14
R A Car Rental Ltd.,21.62,12
Test Equipment Distributors Llc,21.62,2
Diamond Roof,21.61,1
Steelforce Nv,21.59,1
Universal Marine Medical Supply,21.57,95
Jungerhans Maritime,21.57,13
Atlantic Track,21.56,2
Equinix Canada,21.56,2
O Hara Machinery,21.52,2
Matthews International Granite,21.51,1
Corner View Land & Cattle Ltd.,21.5,1
Wine Establishment,21.5,1
Bryan Rajkumar,21.48,16
Yuasa Exide,21.48,2
Mill Steel Corp.,21.46,2
Atlanta Auto Imp.,21.459999999999997,4
Cl North Dock,21.45,1
J & A Motors Kent Ltd.,21.42,2
Magna Motors,21.42,2
All American Marine Inc.,21.42,1
Tahiti Bull,21.4,2
Bebidas Purificadas S De Rl De Cv,21.4,1
0126 Av Bn 03 Coddet4 Reart32,21.39,2
Aquatech International Corporation,21.38,1
Serac Inc.,21.38,2
Acier Leroux Div Metaux Russel,21.36,4
Cable Arm,21.34,2
Advanced Machine Engeneering Co.,21.32,2
Fampar S.A.,21.3,2
European Cars Importers Llc.,21.3,14
Bermuda Container Line Co.,21.29,4
"Japan Food Science Co., Ltd.",21.23,1
Juan Gabriel Auto Imp. Srl,21.200000000000003,8
Imperative Logistics,21.2,2
Gami Ingenieria E Instalaciones,21.18,1
Casapellas S.A,21.16,6
Kw International Inc.,21.15,1
Precision Kidd Steel Co. Inc.,21.14,1
Solvay Usa Inc. 504 Carnegie,21.1,1
Seward Garbage Collector,21.1,4
Jdm Tuners Inc.,21.08,4
Iff Inc. 600 State Highway 36,21.05,1
All Ways International Customs Hous,21.05,11
Texas Instruments Dmos 6,21.04,2
Martinique Automobile,21.02,2
Dl Greendields Llc,21.01,1
Rcg Usa,21.01,49
Si Group Inc.C O. Morgantown Plant,21.0,1
Speciality Pipe & Tube Of Tx Inc.,21.0,2
Woodcrest Rng Llc,21.0,2
Rv Direct 2019 Ltd.,21.0,4
Sevenstar Yacht Transport Agency Uk,21.0,6
De Antonio Yachts,21.0,2
Tech Auto Sales,21.0,6
Larson Mfg. Co.,21.0,2
Icl Ip America Inc.,21.0,1
Nico Buik,21.0,6
Hellas Construction Inc.,21.0,1
Trinity Shipping Inc.,20.99,1
Azimut Benetti Americas,20.98,1
Car Imp. Direct Ltd. T A Winterst,20.98,4
Plush Auto Sales Llc,20.98,12
Scania Usa Inc.,20.98,2
Panamerican Coffee Trading,20.98,1
Progress Rail Services,20.95,1
Oceanic Fisheries,20.92,1
Helios Gear Products Llc,20.9,2
Ge Steam Power Systems,20.9,2
Crb Express Gmb H,20.9,11
El Almacen De La Belleza,20.88,11
Ndc Autos Srl,20.88,12
R H Investments Ltd. Ricardo Hamil,20.86,18
Maersk Logistics Services,20.86,1
Narita Motors,20.86,2
Goni Distribution Network Inc.,20.84,1
Operadora De Yates De Cancun Sapi D,20.84,1
Unik Autoimport Inc.,20.82,4
Exothermics Inc.,20.8,2
Auc Machinery,20.8,1
0579 En Bn Co A0 Rear Det,20.78,2
Direction Fly Inc.,20.78,9
W13 Mda,20.73,1
Efico Nv,20.71,1
Romani & C Sp A,20.71,1
Unitd Equipment Co.,20.7,2
Alianza Gunary,20.7,1
Gmz Importaciones Y Eportaciones,20.7,1
Inmobiliaria Maadjo S.A De C.V.,20.7,1
Charter Container Line,20.69,1
Bvi Airport Authority,20.62,1
Lup Tak Nicksonwong,20.619999999999997,10
Ma Caribbean,20.619999999999997,4
Medgyn Products Inc.,20.61,2
Sun Soaked Orchard Llc,20.6,2
Bedrock Trading Usa.,20.6,1
Sarl Tahiti Ingenierie,20.6,2
Hitrac (1974) Inc.,20.6,2
Emsco Llc,20.6,2
Lucky Motors S.A,20.59,8
Otaola Distributors Llc,20.58,22
Bigfood Crane Co. Inc.,20.58,1
Enterprise Offshore,20.57,3
White Pass Co Inc.,20.56,2
High Meadowfarm Llc,20.54,6
Veritas Automotive Llc,20.54,10
Naval Air Warfare Center Air D,20.5,1
Go Electric Srl,20.5,2
Inbound Motorsports,20.5,12
Global Cement Products Inc.,20.490000000000002,22
Island Rentals Inports,20.46,4
Us Ecology Inc.,20.46,17
Profiroll,20.44,2
Nouryon Functional Chemica,20.44,1
Herrera Premium Sa De Cv,20.439999999999998,4
Candela Marine Technology Corp.,20.43,9
Maryland Aviation Administration,20.42,2
Tres Amigos Holdings Llc,20.4,2
Overlander Shipping Hamburg E.K.,20.4,4
Wsu Niar Advanced Machining & Proto,20.4,2
American Track Rentals Lcc,20.4,2
Fe5000 673 Lrs Lgmr,20.38,1
"Central Valley Imp. Co., Ltd.",20.38,18
Gargour Automotive Co. S.A.L.,20.38,2
Schutte Tgm L.L.C.,20.36,4
Khs Inc.,20.34,6
Just Jap Imp. Ltd.,20.32,14
Caribbean Craft Spirits Ltd.,20.32,25
Auma Sa De Cv,20.3,1
Nu Tek Precision Optical Corp.,20.3,2
Thames River Chemical Corp.,20.3,1
"Island Wheelz Enterprises Co., Ltd.",20.28,16
Vermolen Amusement Nederland Bv In,20.28,2
The Lubrizol Corp. 29400,20.25,1
Miguel Angel Gomez Montilla,20.2,10
Rio Tinto Alcan,20.2,1
Nelson Brothers Llc,20.19,1
Oceania Cruise Lines,20.18,43
Nevada Mini Trucks,20.16,8
Davinci Gelato Originale Inc.,20.14,2
Motorzone Coventry Ltd.,20.12,14
Us Sp A Rs Inc.,20.1,2
Oac Shipping Co. Inc.,20.1,1
Prins Greenhouses Ltd.,20.1,2
Fdl (Usa) Ltdc O Fdl Seattle,20.09,1
Kuruma Hunter Auto Ltd.,20.08,8
Denison Yachting,20.08,2
Resansil S A,20.05,1
Jrw Llc,20.0,1
Mfg Chemical,20.0,1
Sasol Chemicals Usa Llc,20.0,1
Gian Carlo Stoneworks,20.0,1
Clean Harbors Env Newark,20.0,1
Soltex Solvents Ltd.,20.0,1
Solvay Usa Inc. Attn Novecare,20.0,1
Constructora Damuji Srl,20.0,1
Textile Rubber & Chemical Co. Inc.,20.0,1
Haigh Farr Inc.,20.0,2
Ugly Johns Custom Boats Llc,20.0,2
Bell Usa Llc,20.0,1
Prinova Us Llc,20.0,1
Ittum First Class Eas,20.0,1
Midwest Salt,20.0,1
Hydra Service Inc.,20.0,1
Linden Bulk,20.0,1
Nouryon Surface Chemistry Llc,20.0,1
Nouryon Functional Chemicals Llc,20.0,1
Green Sustainable Solution Llc,20.0,1
Blue Ocean Hawaii Llc,20.0,2
Pandanus Enterprises Ltd.,20.0,1
Hawaii Reel Escapes Llc,20.0,2
Tahoco Logistics,20.0,1
Evonik Corp. 299 Jefferson,20.0,1
Nemaska Lithium Inc.,20.0,1
Mane Usa,20.0,1
Accurate Marine,20.0,1
Biscayne Bay Pilots Inc.,20.0,2
Gujarat Alkalies And Chemicals Ltd.,20.0,1
Moma Enterprise,20.0,1
Foster Logistics Tank Warehouse Supreme Resources,20.0,1
Advanced Marketing International Inc.,20.0,1
R & B Power Llc,20.0,2
Warrior Won Llc,20.0,2
Total Quality Logistics,19.98,1
Chattanooga Group,19.97,1
Ezchem Llc,19.96,1
Millar Plant Sales,19.96,2
Winmarine Ventures Llc,19.96,2
Stericucle Aqua Clean Ship Caribe,19.96,1
Fdl (Usa) Ltd.,19.95,1
Baosteel Zhanjiang Iron St,19.94,1
Erick Paddy,19.91,24
Ham Criogenica Peru S A C,19.9,2
Rotorcraft Support,19.9,2
S.O.S. Logistics,19.9,1
Cbx Global Int Branch,19.87,1
Pht International Inc. 8133 Ardrey,19.87,1
Bertschi North America Inc.,19.86,1
Kia Argentina S.A.,19.84,4
Hybrid Imp. North West Ltd.,19.84,4
Colour Sound Experiment,19.84,1
Nippon Concept America Llc,19.82,1
Hyzon Usa,19.8,2
Licheng International Trading Co.,19.8,1
Full Sail Marine,19.79,39
Agency 21 Consulting,19.79,1
Fred Lee Frye,19.76,14
Paul & A Fruit Wholesaled Inc.,19.76,1
Upl Na Inc. 630 Freedom,19.76,1
Pedro Paulino Auto Imp. Srl,19.759999999999998,8
Michal Piersztel,19.74,12
Johnson Turbine Support Llc,19.74,2
D Max Llc,19.73,10
Csr Sa,19.72,1
Ineos Composites Us Llc,19.7,1
Trans Global Shipping Inc. 2023 24,19.69,1
Clean Harbors Caribe,19.68,6
Office Now,19.65,7
Incheon Auto Imp. Srl,19.6,4
Sunnyside Cove Llc,19.6,1
Olympic Steel Inc. C O Olympic,19.59,1
Jns Car Sales Sharmin & John Hodge,19.57,15
Maritime Diesel Electric Inc.,19.56,24
Hantsman Interbation Llc,19.55,1
Firmenich Inc. Ftz 49 H,19.54,2
Wastequip Mfg. Co.,19.54,2
Gwa (Bvi) Ltd.,19.520000000000003,4
Brew Hub,19.51,1
Tosoh Specialty Chemicals Usa Inc. For Shipment To Solenis Savannah,19.51,1
Nexus Media Corp. 130437238,19.5,1
Western Sugar Cooperative,19.5,1
Commissariat Imp. Inc.,19.5,1
Bedrock Studios Ltd.,19.5,1
Cbsl,19.5,1
Mitchell Rail Gear,19.5,2
Standley Batch Systems,19.5,3
Consortium Wine And Spirits Llc,19.48,4
Builders Merchant,19.48,14
Gorgeous Rides Co.,19.44,12
0068 Cs Bn Co A Composite,19.44,2
Trophy Tractor Inc.,19.43,1
Four Star,19.43,1
Fassmer Service America Llc,19.42,7
Advanced Chemical Concepts Inc.,19.42,1
Americ Machinery Coporation,19.4,2
Langer Material,19.4,2
J.A. Riggs Cat Equipment Sales And,19.4,1
Worldwide Logistics Group,19.39,1
Capital Logistics International Llc,19.39,10
Fenwal International Inc. (Maricao),19.34,4
Apo Ae Camp Buerhing Kw Camp Buehri,19.33,2
Pt Garuda Mataram Motor,19.3,4
Major Tool & Machine,19.3,1
Boiler Tube Comapny Of America,19.28,2
Landstar Global Logistics 4901,19.28,1
F.M. Brown's Sons Inc.,19.24,2
Chipolbrok America Inc.,19.2,3
Technical Distribution Center,19.2,9
Artisan Vehicle Systems Inc.,19.2,2
Sunny Sheu,19.2,6
Starbucks Coffee Co.,19.2,1
Murast Hawaii Llc,19.18,8
Porsche Colombia S.A.S. Nit,19.18,2
Ial,19.119999999999997,4
Horizon Construction Jamaica Ltd.,19.06,2
Asphalt Maintenance Solutions,19.06,2
Ets. F.A. Kettaneh S.A. Kettaneh F,19.06,4
Hyundai Motor Co. (Hmgma Qc),19.040000000000003,3
Taylored Imp. Llc Mud Hog Minitr,19.04,20
Ramble On Ltd.,19.0,2
Stericycle Sms International Shor,19.0,1
Billings Flying Service,19.0,2
Schuyler Maritime,19.0,2
Ama Sea Mermaid Corp.,19.0,1
Lower River Ship Serve,19.0,1
Ragnartech Inc.,19.0,2
Michael Aronov Nexcar Llc,19.0,7
Jvr Land & Cattle Llc,19.0,2
Atp Yachts Llc,19.0,1
Noatum Logistics Chile Limitada,18.98,2
Wdm (Usa) Ltd.,18.98,2
Agrisolutions Rock Island,18.97,1
Kucera Farm Supply Ltd.,18.96,2
Ingenieria Estrella Nit 102318816,18.96,2
0449 Cs Bn Co A0 Rear Det,18.96,1
Baker Hughes Trinidad Ltd. Intq Division,18.95,5
Lockheed Martin Missiles And Fire,18.95,1
Eagle Copters Ltd.,18.94,2
Lift A Loft,18.94,2
Albany Developer,18.94,2
Helix Energy,18.94,2
Flaer Ben,18.94,14
Advantage Auto Sales,18.92,22
Nexum Corp. Nexumcorp S A,18.92,2
Adrian Blackwell Rare Garage Auto,18.91,15
Canadawide Fruits Wholesaler,18.9,1
Porsche Chile Sp A,18.9,2
Sava Marine Ltd.,18.9,2
Siemens Energy Inc. Sei Transmission,18.84,2
Atlantis Events Inc.,18.82,2
Horizon Auto Shipping,18.82,6
Stewart Systems Inc.,18.8,1
Jtekt Bearings North America Llc,18.78,2
Warsila Canada Inc.,18.700000000000003,2
Agritec Comercial S A,18.66,2
Dona Yiya Foods Inc.,18.65,8
Berdex Usa Llc,18.6,2
Ais Inc.,18.6,2
Saveco North America,18.6,2
Jr Mfg. Windows And Doors,18.54,13
Ore Husk,18.54,8
De Boer Dairy,18.52,2
Bred Banque,18.52,2
Mt Tractors,18.52,1
Nippon Steel Pipe America Inc.,18.52,2
Eastern Chb Llc.,18.5,1
Gostart International Inc.,18.5,1
Kawaihae Offshore Adventures Llc,18.5,1
Seh America Inc.,18.49,1
Mama Lycha Foods,18.48,2
Dc Norris North America Llc,18.48,2
W1 Bg Def Dist Depot San Joaqun,18.48,2
Gen Ag Inc.,18.46,2
Virgin Port Services,18.46,5
Storm Proctor,18.419999999999998,16
Marine Max Miami,18.4,4
Roman Stone Construction Co.,18.4,5
Plasan North America,18.4,2
0142 Av Bn 03 Co C0 Rear Det,18.4,5
Cloud City Technologies Llc,18.38,2
Yang Enterprises Inc.,18.349999999999998,2
Sonsray Machinery Llc Portland,18.34,2
Balmoral Tanks Llc,18.34,2
Discount Tire,18.3,2
Hhg,18.3,4
Hays Solar Lp,18.3,2
M I S Equipment,18.3,1
7 Eventh Auto Sales,18.3,16
Nakamura Farms Ltd.,18.3,2
N Como Kenyata,18.28,8
Ethox Chemicals Inc.,18.23,1
Crane World Wide Logistics Lax 2650 Commerce Way Commerce,18.22,62
Empresa De Apoyo A La Produccion De,18.21,1
Safari Wineries Inc.,18.2,2
Extrude Hone Corp.,18.2,2
Atlantic Container Line,18.16,4
Scranton Mfg.,18.16,2
Skycoach Llc,18.14,2
Everson Tesla Inc.,18.14,2
On Site Environmental,18.14,2
Autoverse Innovations Inc.,18.12,20
Lc Group Llc.,18.11,1
Construccion Y Mantenimiento De Pav,18.1,2
Simmons Cars,18.09,13
Grupo Q Honduras S.A. De C.V.,18.08,2
Gcia J Auto Imp. Eirl,18.08,4
Classic Cars Sonsalla,18.07,7
Wavelength Llc,18.04,2
Platinum Motor Sports,18.04,6
Norton Lilly Charleston,18.02,2
Lekker Boats International Bv,18.0,2
Aschenez Usa Corp.,18.0,1
Biermans Concrete,18.0,2
Cazenovia Equipment Co.,18.0,2
Ptc Holdings Llc,18.0,1
Brunswick Family Boat Group Co.In,18.0,8
Full Moon Farm Llc,18.0,2
Attn Accounting Department,18.0,1
Sahara Imp. Llc,18.0,4
Eriez Mfg. Co.,18.0,4
Concretos Asfalticos Tecamac Sa De,18.0,2
Fabbro Yachts Llc,18.0,2
Askew,18.0,2
Condon Johnson & Associates Inc.,18.0,1
Buggyra Powersports Ou Vat# Ee10221,18.0,2
Hiker Cargo Logistics Sa De Cv,18.0,2
Madison Precision Products Inc.,17.98,2
Panama Global Logistics Pgl S A,17.96,2
Palmerola Autolote S. De. Rl,17.92,6
Nabertherm,17.9,4
Sarl Api Concept,17.9,2
Overseas Food Trading,17.88,1
Fastec Holdings Ltd.,17.869999999999997,5
Dakota Hood,17.86,12
Off Road Mini Trucks Llc,17.86,6
Heavy Mix Concrete B.V.,17.86,2
Comptech Engineering Llc,17.85,20
Misa Imp.,17.81,1
Endorphin Group,17.81,2
Jdm Autos,17.8,4
Dean Freight International Ltd.,17.8,2
Mobile Track Solutions,17.78,2
Ssab Eu Co Earl Paddock Terminals,17.78,2
O'neal Steel De Mexico S. De R.L. D,17.78,1
Alexander Gaboras,17.78,8
Seko Worldwide Llc,17.78,7
Haskins Steel,17.78,6
Zeppelin Power Systems Gmb H & Co Kg,17.77,18
Tahiti Auto,17.76,2
Ideal Auto Inc.,17.74,2
Machinery Marketing International,17.72,1
Lucas Jackson Imp. Llc,17.72,4
A P Motors Srl,17.72,2
Intec Maritime,17.68,18
Janjua Logistics Ltd.,17.66,14
Nathel International Inc.,17.66,2
Viging Packageing Technologies,17.65,3
Polytainers Inc.,17.6,2
Sulmara Subsea Inc. Co Offshore Com,17.6,1
Central Valley Imp. Andrew,17.6,14
Villa Exclusivo Nv,17.6,4
Triturados Y Asfaltos De,17.58,2
J R Brisson Equipament Ltee,17.56,2
Carmichael International Service,17.54,1
Anheuser Busch Companies Llc.,17.54,1
Initial Rhd Auto Importer Llc,17.54,2
Panjapan Spolka Z O O,17.54,4
Alpine Armoring,17.5,1
Bluenose Yachts Newport Ri Yacht,17.5,7
T Geddes Grant (Distributors),17.5,2
Luxotic Motor Group Llc,17.47,9
Steelforce Packing Mexicana S.A.,17.47,1
Valaris Ds 12,17.46,1
Hyster Yale Materials Handling Inc.,17.44,8
Deshon Cia.Ltda.,17.44,2
Hireways Nzam Ltd.,17.44,2
Vancouver Velocity Cars Ltd.,17.42,4
Terex Global Business Services,17.42,1
Van Wall Equipment,17.4,2
Mid America Overseas Inc.,17.4,2
0855 En Det Det Aa Rear Det,17.4,2
Japanese Carhub Llc.,17.4,8
Central Oceans,17.37,1
Cma Cgm Dalila,17.35,6
Zodiac Maritime Agencies Ltd.,17.34,55
Tayyaba Group Ltd.,17.32,6
Sas Solutions Approvisionnements Se,17.3,2
Weir Canada Inc.,17.3,1
Agco,17.25,3
W50 Nlq,17.240000000000002,4
0158 In Bn 01 Hhc T0 Rear Det,17.22,2
Cetco Energy Services,17.21,1
All The Way Express (Taiwan) Co.,17.2,1
Motorcar Studio Inc.,17.2,10
North East Autoimports,17.18,4
Eastern Lift Truck,17.16,1
Luxembourg Pamol,17.14,1
Cullum Usa Inc.,17.13,3
Fleming Ultimate Garage,17.12,12
Autotrade Ltd.,17.12,4
Scan Global Logistics Iah,17.11,8
Car Connection Llc,17.1,22
Fabricca Usa,17.1,2
Republic Services,17.1,2
Romasco Group,17.03,5
Distribuidora Ferdoc Inc.,17.02,4
Axopr Llc.,17.0,2
Cowtrain Llc,17.0,2
Mount Sinclair,17.0,2
C.H. Robinson Worldwide (Au) Ltd.,17.0,2
Automobiles Reunion Sn,17.0,2
Gnt Usa Llc,17.0,2
Allround Forwarding Midwest Inc.,17.0,2
Magilla Llc,17.0,2
Cigarette Racing Team Llc,17.0,1
Tlck Equipment Repair Service,17.0,1
Caterpillar Morton Parts Facility,16.98,4
Nov Xl Systems L.P.,16.95,1
Breakwater International Florida,16.93,9
Powers Summit Exp.,16.92,2
Hussar Yacht Llc,16.9,4
Evterra Recycling Llc,16.9,2
Cj's Auto,16.9,14
Best Equipment & Service Srl,16.88,2
Gf Agiecharmilles,16.88,2
La Orocovena Biscuits,16.88,18
Ford North America,16.86,2
0032 Md Hhd Hhd Aa Rear Det,16.84,2
Cruise Production,16.84,2
Co.?Ia Agropecuaria Copeval S.A.,16.82,2
Putsch And Co.,16.82,4
Reverie Films,16.8,1
Jet Engine Technology,16.8,2
Canterbury Car Centre Ltd.,16.8,10
Old Lyme Dock Co.,16.8,2
Lisban Hire Ltd.,16.8,2
Wal Mart Canada Corp.,16.799999999999997,4
Soma Imp. Kyle Demelo,16.78,11
Mid Gulf,16.77,24
Airbus Helicopters,16.77,3
Timbro Trading Sa,16.76,2
Carnival Dream,16.71,48
Jjapanimport Llc,16.7,12
Global Auto Sells,16.68,14
Gm Engineering Llc,16.67,1
Forgital,16.65,1
Itq Gom Operation,16.64,4
Attc Mfg. Inc.,16.630000000000003,3
Rmz Oilfield Engineering,16.6,2
Sonatra Auto Parts Srl,16.6,2
Worldwide Logistics Partners Inc.,16.6,1
Ej Usa Inc.,16.6,2
Metals Inc.,16.58,2
Gearheadz Inc.,16.55,4
Mangaauto Imp.,16.54,2
W6 Dx Peo Gcs Ft Cavazos,16.53,1
Yamazen,16.52,2
Sonsray Machinery Llc,16.52,2
Shell Oil Co.,16.5,1
Toyota Material Handling Midwest,16.5,1
Caribbean Logistic Solutions Inc.,16.5,1
High Voltage Capital Inc.,16.5,4
Plumettaz America Corp.,16.5,2
Total Warehouse Inc.,16.5,1
Volvo Logistics North America,16.490000000000002,3
Worldwide Logistics,16.48,1
Rhd Connection,16.47,7
Jdm Hawaii Llc,16.46,22
Parra Auto Imp. Srl,16.44,2
Speedway Motors,16.43,12
Access Auto Sales,16.43,9
Tennant Co.,16.42,1
Decent Motors S.A,16.42,6
Zona Nicaraguense De Automoviles .,16.42,2
Caf Usa Inc.,16.419999999999998,4
Cls Clayton Distribution Center,16.419999999999998,4
Phoenix International Tahiti,16.4,2
Silver Flag Inc.,16.4,1
Ismaeel Mohammed Ali,16.36,10
Golfe Car Rental,16.34,4
Water Spirit Freight Services,16.34,10
Woodside Energy,16.33,1
High Lite Puerto Rico Llc,16.33,1
2325844 Alberta Ltd.,16.32,4
Carl Zeiss Imt Corp.,16.32,4
Paragon Logistics Inc.,16.32,2
Biblio Services Inc.,16.3,8
Gls,16.3,6
Miguel A Gomez Ortiz,16.28,4
Yota Imp.,16.240000000000002,5
Margaritaville At Sea Islander,16.240000000000002,37
Sunshine Quality Solutions,16.24,2
Hunter Food And Spirit,16.24,4
Llog Production,16.21,2
Seanet Bd95008 Llc,16.2,2
Valmet Inc. 56 150840007,16.2,4
Datrex Inc.,16.18,2
Classic Hunters. Llc,16.18,3
Dk Spec Inc.,16.16,2
Caseysmith,16.12,4
Esun Investment Inc.,16.12,1
L & D Trailers Llc,16.1,8
Teka North Amercia Inc.,16.1,4
High Voltage Capital Inc.Hvc Mini,16.1,6
Parker Hannifin Corp.,16.080000000000002,3
Maruichimex S.A. De C.V.,16.08,1
Midland Cogeneration Venture,16.08,2
Industries Fabkor,16.04,2
Cool Whips Llc (Adam Wold),16.03,7
Adams Warehouse & Delivery Inc.,16.03,4
Lightering Lcc,16.0,2
Mercy Farm Equipment,16.0,1
Accuromm Mexico S.A. De C.V.,16.0,2
Bombardier Mass Transit Corp.,16.0,1
Endless Playtime Llc,16.0,1
Tractorland,16.0,2
Americold,16.0,1
Island Offshore Management As,16.0,1
Dynemite 18 Llc,16.0,1
Poole Forge Stables Llc,16.0,2
Camilo Burgos Luciano,16.0,2
Kang Jdm Imp. Inc.,15.98,6
Pulses Del Bajio S.A. De C.V,15.96,1
0244 Av Bn 01 Co C0 Rear Det,15.959999999999999,3
Altro Usa Inc. D B A Compass Floorin,15.95,1
Walgreen Co.,15.93,1
Marian Motors Ltd.,15.92,2
Bimini Shipping Llc.,15.91,6
Kemor,15.89,4
Usvi Department Of Health,15.88,1
Agriteer Llc Leola,15.88,2
Apl Le Havre,15.87,20
Ford Motor Co. Van Dyke Transmi,15.87,1
Pj Gaffers And Films Inc.,15.84,37
Unibank S.A.,15.84,4
Many Mini Trucks Of Franklin,15.83,19
Just In Time Auto Sales,15.83,8
E Imp. Llc,15.82,8
Siemens Energy Global Gmb H & Co. Kg,15.8,2
Didion Mfg. Co.,15.8,4
Uplift Auto & Parts Ltd.,15.780000000000001,6
Foreign Automobile Importers Assn,15.78,7
1889 Hq Hhd Hhd Aa Rear Det,15.78,2
Bahamas Bus & Trucks Co.,15.78,2
Sextant Marine Consulting,15.76,23
Intercruses Galveston,15.75,4
"Caribbean Development Co., Ltd.",15.74,1
Rollins Machinery Chemainus,15.74,2
Hybrid Car Traders,15.72,10
Lavatec Laundry Technology Inc.,15.71,1
Fmc Midwest Llc,15.71,7
Babcock & Wilcox De Monterrey S.A.,15.69,1
Antigua Concrete Services Ltd.,15.68,2
Mijlweg 75 3316 Be Dordrecht,15.68,1
Dream Car Motors Llc,15.66,8
Knm Sales & Service,15.66,2
Gema Saga Mexico S. De R.L. De C.V.,15.6,2
Equipment Hire & Lease Ltd.,15.6,1
Mexklinsol Sa De Cv,15.6,2
Jersey 31 Auto Sales,15.59,20
0011 Ad Bde Ada Bde Hqs,15.58,4
A.Hartrodt Australia (Pty) ) Ltd.,15.58,1
Edward Minaya Auto Imp.,15.58,4
Medov Logistics,15.58,17
Bullseye Car And Scooter,15.58,12
Sac City Auto Parts Inc.,15.58,8
Maritime Endeavors Shipping Co.,15.55,34
Dfi Consultants Sp Z O O,15.54,4
Auto Enterprise Inc.,15.54,6
Liteform Technologies Llc,15.5,1
N.B. Handy,15.5,1
Deanco Auction & Real Estate Inc.,15.5,1
University Of Wisconsin,15.48,2
Overlander Shipping Hamburg,15.48,2
Pemtechnologies Llc,15.48,2
Open Air Imp. Llc,15.48,12
General De Vehiculos Sa De Cv,15.46,2
Southeast Non Ferrous Alloys,15.45,1
Marhum Auto Imp. Srl,15.44,8
Splus Logistics Ltd.,15.44,2
White Drives Motors And Steering Ll,15.41,3
Zahors Used Cars & Repair,15.4,6
Giza Associates Auto Llc,15.4,12
Jaiden All Service Auto Club,15.379999999999999,10
Xced Aviation Services A Division O,15.37,3
0009 Md Hhd Hhd Aa Rear Det,15.34,2
Capital Imp.,15.32,12
Survitec Survival Products Inc.,15.299999999999999,2
Webco Industries Inc.,15.28,2
Apply A Line,15.27,1
Alc Ddhu Control Rcv,15.24,1
Wartsila New Orleans,15.22,5
Textron Systems Corp.,15.2,1
Delmar International,15.2,2
Nucore,15.2,4
Hardin Maritime Lcc,15.2,2
M B Companies Inc.,15.2,2
Cork Supply Usa,15.2,1
Fleet Link Inc.,15.18,1
High Strength Plates & Profiles,15.18,4
Alohina Llc,15.14,10
Nim Trading Fzco.,15.13,3
Bf 3 Rivers Jd Spv Llc,15.12,2
Dorado Metal Inc.,15.11,5
Interline Ship Maintenance And Repa,15.1,2
St Maarten Shipping And Stevedoring,15.1,2
Beachcomber Ltd.,15.1,2
St Maarten Port Services Nv,15.1,2
Chanel Inc.,15.09,3
Auto Kia Sa De Cv,15.06,2
Apple Equipment Llc,15.04,1
Wartsila Service Workshop,15.01,6
Ducker Ringwood Automation,15.0,2
0606 Qm Tm Tm Aa Rear Det,15.0,2
Blue Power Farms Llc,15.0,2
Wmh Solutions Inc.,15.0,1
Checkshop,15.0,4
Right Choice Movers,15.0,2
Bioworks Energy Llc,15.0,1
Qx Maritime Llc,15.0,2
Metro Shore Services,15.0,1
K+S Kali Gmb H,15.0,1
Auto Globe Llc,15.0,4
Universal Marine Electric Inc.,14.99,10
Ravago Chemicals North America,14.99,1
Virgin Voyages,14.98,57
Morrison Engery,14.97,1
Olein Recovery Corp.,14.96,6
Easy Shine Car Rental Sharon Rahmi,14.95,13
Cost U Less,14.940000000000001,3
Allan Mcdonald,14.920000000000002,14
Jdm Imp. Ct,14.91,10
Unitec Marine,14.89,25
Marco St. Croix Inc.,14.87,4
Sneakezy Llc,14.86,2
Akmr Terminal,14.85,1
Ultimate Car Club Rental,14.84,4
Kitsap Tractor & Equipment,14.8,2
Adv Mobile Llc,14.8,10
Deshon Cia. Ltda,14.8,2
Dla Distribution Depot Hill,14.78,2
Encore Metals Division Of Rmcl,14.76,2
Caribbean D Lite Inc.,14.76,7
Boly Auto Imp.,14.76,2
Dynamic Haulers,14.74,1
Kombi Brazil Bv,14.7,2
Supply Chain International,14.7,2
Gc Graphis Llc,14.66,8
Rovop,14.66,9
Jtekt Automotive Mexico Sa De Cv,14.6,1
Equipment Hire And Lease Ltd.,14.6,1
G P Car Imp.,14.6,10
To Hsbc Bank Middle East Limitied,14.58,2
Soremar Zac De Sai,14.58,2
Nachi America Inc.,14.56,2
Nio Usa Inc.,14.56,2
Sterysicle,14.52,1
Delaware Elevators,14.51,1
Metal Master Shop Inc.,14.51,1
Allport Imp. Exp.,14.51,1
Pmr Bahamas Realty,14.51,1
Pmr Bahamas,14.51,1
Building & Earth,14.51,1
Environmental Chemical Corp.,14.51,1
Silver Sides Llc,14.51,1
Haskell,14.51,1
Jka,14.51,1
Signature Solar,14.51,1
Maison De Carine Llc,14.51,1
Childers Roofing & Sheet Metal,14.51,1
Disney Destination Resort Castaway,14.51,1
Greenview Ag,14.5,1
Baker Hughes Nuovo Pignone Int.Srl,14.5,1
Heic High Energy Impact,14.5,1
Summit Handling Systems,14.5,1
Gulf Stream Marine,14.49,1
Nutrinova Us Llc,14.48,5
Molson Coors,14.48,2
Bbm Cpg Technology Inc.,14.48,2
Horiban Automotive,14.47,1
Nov Completion And Production,14.46,2
Carnival Legend,14.450000000000001,26
Alexander Dennis Ltd.,14.44,2
Linamar Automotive Systems Nl Inc.,14.42,2
Scania Stc,14.4,2
Transocean Offshore Deepwater Drill For Houston Mateiral Centre,14.4,2
Talma Group Corp.,14.4,2
Logwin Air Ocean Chile S.A.,14.4,2
Ctl P C Supercal Equipment Sarl,14.4,2
Daniel J Pontoni,14.4,16
Jungerhans,14.399999999999999,6
Mancala Llc,14.36,16
Res Ventures Alpha Llc,14.34,2
Geolabs Inc.,14.33,1
Seadrii,14.33,1
W41 Pyd,14.32,4
White Mountain Aviation Services In,14.32,2
Mark Oxenreiter,14.3,14
Wayb,14.3,1
Jaco Services Ltd.,14.26,2
Wilcox Turret Cold Drawn Inc.,14.25,1
Rochester Iron Metal,14.25,1
Ritchie Bros Auctioneer (America) Inc.,14.25,1
Cts Holding Group,14.24,6
Wilhelmsen Ships Service,14.229999999999999,30
Bepar Auto Imp.,14.22,2
W1 A8 Dla Disttobyanna,14.22,2
Carnival Sunshine,14.209999999999999,66
Europarts,14.200000000000001,5
Agcentral Farmers Coop,14.2,2
New York Exp.,14.14,6
Esco Supply,14.14,2
Sdt North America Inc.,14.12,16
Arkel Rolle T A Viking Rentals,14.1,12
R.E.S. Imp.,14.08,13
Genag Inc.,14.08,2
3 D Systems Inc.,14.06,2
Zwl Auto Ltd.,14.06,4
Fino Auto Imp. Srl,14.06,2
Carver Business Group,14.02,18
Regent Horse Boxes Llc,14.0,2
Intrepid Monello Ltd.,14.0,2
Rocky Mountain Equipment Canada Ltd.,14.0,2
Lion Group Inc.,14.0,1
Las Nubes Queseria Artesanal Llc.,14.0,2
C.A.R. Consulting Group Inc.,14.0,4
Owls Nest Holdings Llc.,14.0,2
European Car Imp. Ltd.,14.0,2
Nautor Italy Srl,14.0,2
Love Beets Production Llc,14.0,3
Northeast Earth Mechanics Llc,14.0,2
Hawk Hill Country Club,14.0,2
Cirque Bouglione Usa Llc,14.0,2
Seapike,14.0,2
Merit Rv,14.0,2
Trans Market,13.99,1
Pristine Car Nv,13.98,4
Beyond Gravity Usa Inc.,13.98,2
Acty Autos Llc.,13.98,16
Tristan Reid,13.96,14
Rk Power Generator Corp.,13.96,1
Alstom Hornell Motor Shop,13.95,5
Peru Motors Srl,13.94,2
Luxxy Life Llc Homegrown Studios,13.93,2
Nevin Excavation,13.9,1
Tdbbs Llc,13.9,2
Daehan Shipping Agency Inc.,13.89,14
Olson Carbide Inc.,13.88,2
Chevo Auto Imp. Srl .,13.88,2
Rockwell Collins Inc.,13.879999999999999,4
Mikhail Avelichev,13.879999999999999,12
0063 Sc Bn Co C0 Rear Det,13.86,2
Latin Shots Inc.,13.86,20
Ups Customs Brokerage,13.85,1
Reindeer Auto Relocation,13.85,9
Sound Image,13.84,1
Kundig Usa Inc.,13.82,2
A.C. Mccartney Fulton,13.82,2
Teague Custom Marine,13.82,2
Slt Collection Inc.,13.8,2
Les Moteurs Reunis S.A.,13.78,2
Automotora Autostar S.A.,13.74,2
John Deere Product Engineering Cent,13.72,2
Livingston International (Quebec),13.71,1
Distribution Pro Excellence Inc.,13.700000000000001,4
W1 Na 841 St Us Army Trans Bn,13.7,2
Jim Carey Car Sales Ltd.,13.7,2
Premirr Plastic Inc.,13.7,2
Cape May Marina Llc,13.7,2
Willobey Investments Llc,13.7,8
Transportacion Carretera S.A. De Cv,13.68,1
Jalacarnit108043444,13.68,6
Deal Equipment Ltd.,13.67,1
Rds Auto,13.66,8
I2 I Engineering,13.62,2
Atl Autobahn,13.62,2
Quality Sandblasting Inc.,13.61,1
Seaboard Marine Ltd.,13.61,1
I Deal Affordable Auto Sales,13.600000000000001,12
Frutosa B. V,13.6,2
Royal Shipping Lines,13.6,2
Tokyo Motors S.A.,13.58,2
Execujet Caribbeanb,13.58,2
Wilhelmsen Ahrenkiel Ship Managemen,13.57,17
Show Me Shortline Co.,13.56,2
Rotzler Usa Inc.,13.540000000000001,3
Wilhelmsen,13.54,56
Aptar Pharma,13.54,2
Williamson Balfour Motors S.A.,13.54,2
Carnival Conquest,13.54,37
Sales Auction,13.5,1
Thompson Pacific Logistics,13.5,10
Nucor Towers & Structure La Cross,13.5,1
Stallion Bus And Transit Corp.,13.5,1
Shapowza Sailing Llc,13.5,1
Glazing Vision Inc.,13.48,8
Swiss Emporium Ltd.,13.440000000000001,10
Eti World Logistics Inc.,13.42,4
Vetrotech Saint Gobain,13.42,2
Ant Logistics,13.42,8
Visionary Partners Ltd.,13.41,1
Sachitra Enterprisesusa Llc,13.4,1
Park Energy S.A. De C.V.,13.4,1
Riggers Inc.,13.4,2
Madcute Llc,13.38,2
Airbus Oneweb,13.379999999999999,3
Sterling Service,13.36,2
Rs Imp. & Classics Llc Colin Smi,13.36,16
Ncl Tampa Facility,13.349999999999998,7
Landesigns Inc.,13.33,1
Justin D Lynch,13.32,12
Cedar Hill Custom Imp.,13.32,2
Carnival Breeze,13.309999999999999,40
Aci Distributors,13.3,1
Vuteq Usa,13.3,2
Durable Packaging International,13.3,2
U Cargo S Dominicana Srl,13.3,2
Transmaritim International Gmb H,13.28,2
Fuji Adventure Vehicles,13.26,6
Generalatomics Aeronautical System,13.26,1
Best Cars,13.26,6
Flowserve Pump Corp.,13.26,1
Nass Cars Uk Ltd.,13.239999999999998,12
Maritime Tactical Systems Inc.,13.22,2
Dynasty Motorwerks Llc,13.200000000000001,6
Blueberry Aviation Ltd.,13.2,2
Terratech Machinery. Ltd.,13.2,1
Edison Chouest Offshore,13.19,4
Hormann Flexon Llc,13.18,2
Joshua Michael Coen,13.18,11
Ellis Mill,13.16,2
0048 In Hhc Hhc Aa Rear Det,13.13,4
Tropigas De Pr Inc.,13.09,3
Strongco Ltd. Partnership,13.08,2
Jdm Ohio Direct Inc.,13.08,12
Tiruna America,13.07,2
Zeppelin Systems Usa Inc.,13.06,2
Mbh Sarl Maisons Batiments Habita,13.04,2
Clean Blast Llc,13.02,2
Af Yachting Ltd.,13.0,2
Post Equipment Co. Llc,13.0,2
Technic Fmc Usa,13.0,1
Derco S.A.,13.0,2
Rekord Tent Llc,13.0,1
La Rosa Del Monte Express,13.0,2
"Morooka Co., Ltd.",13.0,2
Usa 61957 Llc,13.0,2
Gmd Shipyard,13.0,1
Ramon Cecilio Alonzo Blanco,12.99,7
Zf Marysville Llc,12.99,13
Sulzer Turbo Services,12.98,1
Uj Enterprises Ltd.,12.94,2
Dream Factory Garage Llc,12.89,11
Hyundai Motor Mfg. Alabama,12.879999999999999,4
Jose Contreras,12.86,8
Usa Lucky Star,12.82,8
Florida Imp. Exp. Trading,12.82,2
Prodrift Uk,12.81,5
Asco Power Technologies,12.8,2
Hino Autos S A (Rnc. 130 25916 1),12.8,2
Ritchie Bros Bros. Auctioneers Inc.,12.8,2
Transworld Marine Services Inc.,12.78,2
Iowa State University,12.76,2
University Of Missouri,12.76,2
Arbor Metals Metals Inc.,12.75,1
Logistique Et Transit Polynesie,12.73,1
Premix Precision Mixed Concrete Co.,12.72,2
Marioff Corporate Oy,12.719999999999999,11
Nuark Warehouse And Logistics,12.7,2
Seko Worldwide,12.7,2
Sanitary Trashmoval Services,12.7,1
Avangarde Autos Srl,12.7,6
Bulk Distributor,12.7,2
Central Rail Supply Ltd.,12.7,1
0151 Sc Bn Co A0 Rear Det,12.68,2
Auto Franklin A Perez Srl .,12.68,2
Mcdermott Inc. Co Gmc,12.63,2
Jalp Clothing Llc,12.62,2
Mirtillo Orchard (Pty) ),12.62,2
Hyundai Kia North American Quality,12.600000000000001,6
Rivatours Llc,12.6,2
Ogoyi Group,12.56,12
Marketing & Digital Media Llc,12.54,8
Townwest Sales Inc.,12.53,3
Sale & Service Ltd.,12.52,4
Izzy Jap Cars Ltd.,12.52,4
Marine Express,12.5,2
Big Fish Entertaiment,12.5,2
Haumiller Engineering Co.,12.48,1
Alsertec S.A.S. Y O Gecolsa,12.48,2
Top Of The Range Ltd.,12.48,2
Black Beauty Car Rental,12.44,2
Logfret (Antwerp),12.38,2
New England Motor Cars,12.379999999999999,6
Man Energy Solution Se,12.34,12
D & J Car Rental Inc. Hyundai Motors,12.32,4
Trackside Solutions,12.3,2
Fluid Mechanics Inc.,12.3,2
Nrg Energy,12.280000000000001,3
Over And Under Flying Services Llc,12.28,2
Jeffrey Howard & Associates,12.28,4
Home Light Collections Llc,12.26,2
First Marine Ltd.,12.26,2
Spence Heavy Eq,12.26,1
T'royn Cornish,12.24,11
Rohr Aerostructures,12.23,1
Ideal Fastener Corporation,12.22,2
Triple M Imp. Llc,12.219999999999999,6
Tires Ch S. De R.L,12.21,1
Nachi Robotic Systems Inc.,12.21,1
Link Induction Llc,12.2,2
Bayerische Motoren Werke Ab,12.2,2
Cateyes Equipment Trading Inc.,12.18,1
Green Future Hybrid Cars,12.170000000000002,9
Nocolex Duro Bag,12.16,2
Tech Services Inc. (Tsi),12.16,2
Zangger Popcorn Hybrids,12.16,2
Somic Packaging,12.16,2
Bar Marine Group,12.16,2
Sgci,12.16,2
Isuzu Vehiculos Comerciales De,12.14,2
United Ag & Turf,12.14,2
4 X4 Hawaii Llc,12.14,8
Gtc Mfg. Inc.,12.14,12
Nomar Distributors,12.120000000000001,14
Grammer Inc.,12.12,21
Braunability R&D Center,12.12,2
Fiat Chrysler Automobiles,12.110000000000001,3
United Electrical Supply Inc.,12.100000000000001,6
Princess Cruises,12.1,106
Caresoft Global Technologies Inc.,12.1,5
Intel Corp. Fab D1 D,12.06,1
Precon Marine Inc.,12.06,4
Trade Link West Indies Llc,12.06,39
Izzy Quality Motors Ltd.,12.04,2
Rtp Co.,12.04,2
Aspen Custom Trailers,12.04,2
Am General Corp.,12.02,2
Hertz Dba Preffered Rental Inc.,12.02,2
R V Shipping Ltd.,12.0,2
Just Catamarans Inc.,12.0,1
Syngenta Seeds Inc.,12.0,2
Pelican Trans International Inc.,12.0,2
Master Msc Pratiti,12.0,1
Water Spirit Freight Service Inc.,12.0,2
Adamar My Llc,12.0,2
J P Steel Llc,12.0,1
Linda Vista Aviation Inc.,12.0,2
Infinity Building Solutions Llc,12.0,2
Kp Marine Llc,12.0,2
Agnico Eagle Mines Ltd.,12.0,2
Just Date,12.0,2
Polytra,12.0,1
National Energy And Light Inc.,12.0,1
Esco Technologies Inc.,12.0,2
Dhl Globalforwarding Mexico,12.0,1
Haas Saw & Supply,11.98,2
Shuto Imp. Llc.,11.96,6
Gac North America Logistics 162,11.959999999999999,26
Boise Auto Arena Llc,11.94,6
Moto Ganassi,11.93,4
Carrie International Freight,11.92,4
Muller Technology Co Inc.,11.92,2
Heli 1 Corp.,11.9,2
Jet Davis,11.89,9
Evoqua Water Technologies Pasco Prrc,11.88,2
Landy Customs Llc,11.879999999999999,4
Newman Tractor,11.86,2
Future Forwarding Co.,11.850000000000001,2
Groff Tractor Holdings Llc,11.85,1
Hellmann Worldwide Logistics S,11.85,1
Carolina Business Ltd.,11.84,6
Corie Prince,11.82,6
Banco Lafise Panam,11.82,2
Orbezo Consulting Group,11.81,1
Promotora Geotecnica Berma Sapi De,11.8,2
Wartsilar North America Inc.,11.8,1
Midland Asphalt Materials Inc.,11.8,2
Kayakeros Del Caribe Srl,11.8,2
Anderson Air Force Base,11.79,1
N57100,11.79,1
Car Zone,11.78,9
Wilhelmsen Ship Service,11.76,31
Silvino Erik Ramos,11.74,8
Fb5240 36 Lrs Lgr,11.74,2
White Toque Inc.,11.74,5
Infinity Specialty Gases,11.72,1
Uberballer Corp.,11.719999999999999,6
Euro Classix Cars Llc,11.7,9
Freight Forwarders & Logisitics Ser,11.7,6
Cruises Logistics Usa,11.69,14
Wabtec Transportation Systems Llc,11.68,4
Chitchaat,11.68,6
Carnival Paradise,11.68,92
Porsche Ag,11.68,2
Active Auto Group Inc.,11.68,15
Fuerza Industries Inc.,11.66,2
Salyers Marine Inc.,11.65,1
Federal Mogul Corp. Power,11.64,1
Yehuizhao,11.64,4
S A S Tahiti Bull,11.620000000000001,4
Norton Lilly International Houston,11.620000000000001,37
Holland America Brothers Inc.,11.620000000000001,6
J&R Adventures Llc,11.62,1
Maximo Solar Industries,11.62,2
J And S Distributors Inc. Dba Aci D,11.61,1
Border States Inc.,11.6,2
Volvo Equipamentos De Construcao,11.6,2
The Whiskey Project Group Usa,11.6,2
Alcoa Aerospace Center,11.6,2
Cool Air Mechanical,11.6,2
New England Rides & Amusements Inc.,11.6,1
Kam Lung Motors Ltd.,11.58,6
T.C.I Car Rentals Tokena Fox,11.58,10
Erwin Junker Machinery Inc.,11.58,2
M & M Virgo Ltd.,11.57,7
D8 Quality Motors Ltd.,11.56,2
Asg Melbourne (Pty) ) Ltd.,11.56,2
Just In Time Auto Prestige Laundrom,11.55,7
Intl Business Trade,11.54,2
Cs Wind Portugal Nep Teq Deliver,11.54,2
Foxconn Ev Systems Llc,11.52,1
Sertelsa Solar Servicios Tecni,11.52,2
Operadora De Minas E Instalaciones Mineras S.A.De C.V.,11.51,1
Mak International Freight Ltd.,11.5,2
Lugura Corp.,11.5,13
Carbon Crusher Inc.,11.5,1
Douglas Marine Corp.,11.5,1
Cfl Agencies Usa,11.5,1
Mobilstage Network.Com,11.5,3
Jdm Powerhouse Llc,11.48,12
Cirrus Systems,11.46,2
J K Midland Services Ltd.,11.42,8
Vaquita Auto Imp. Srl,11.42,2
Francisco A. Santos Pp Motors Srl .,11.42,2
Brices Rentals,11.4,10
Cleveland Cliffs Coshocton Work,11.4,2
Wintersteiger Inc.,11.4,2
Sn Auto Car Parts & Accessories,11.4,6
Michels Corp.,11.4,2
Otay Warehouse,11.4,1
Gepr Energy Canada Inc. Aero Deri,11.399999999999999,3
Cargolog Usa Inc.,11.39,3
Roger Sommer,11.389999999999999,13
Sabre Adhesives Ltd.,11.38,2
Quality Car Imp. Ltd.,11.38,2
Triple B Enterprises Bahamas Ltd.,11.36,8
Vivot Equipment,11.34,1
Rb Auto,11.34,6
Linquenda Dairy Ltd.,11.3,1
Ride Now Auto,11.3,10
Tampa Bay Auto Experts Inc.,11.280000000000001,4
Rasamny Younis Motor,11.28,6
Defender Motor Sport Inc.,11.28,6
Cerrey S.A.De,11.28,2
Bruce Farara,11.26,8
Rolls Royce Motor Cars Melbourne,11.26,2
Neoworld Ltd.,11.22,4
Gripple Inc.,11.22,2
Jfc Interbranch Distributioncenter,11.22,2
Rkh Logistics Ltd.,11.22,2
Tons Per Hour Inc.,11.19,1
Kathryn Sandifer Llc Dba Japana Dir,11.18,2
Torque Holding Group Usa Llc,11.16,6
H&W Enterprises Inc.,11.16,2
Mb Pro Sound And Staging,11.15,2
Dialed Automotive Group,11.14,6
Fp Racing Ltd.,11.14,4
"Sds Commercial Trading Co., Ltd.",11.13,1
Right Side Imp. Inc.,11.12,2
Jk Moving Services,11.11,6
Blackberry Smoke,11.11,1
Sasind Aviation Inc.,11.1,1
F T Precision Inc.,11.1,4
"Iseki & Co., Ltd.",11.1,1
Meridian Aero Parts Corp.,11.1,1
Soc. Comercial Importmaq Ltda,11.1,2
John Deere Parts Distribution Cente,11.08,6
Asp Augusta Soluble 11,11.06,2
Alpla Caribe Inc.,11.06,2
Afs Cooltrans,11.049999999999999,3
Transportes De Materiales Peligroso,11.02,1
Fc Coty Hfc Cockeysville Beaver Us,11.01,3
Optimax Systems Inc.,11.0,1
Pakoil Denizcilik Ticaret Ve,11.0,1
Schenker (Nz) Ltd.,11.0,2
Corbin T. Jewell Brewco Marketing G,11.0,1
Land Overs Llc,11.0,4
Kinder Morgan Bulk Terminal,11.0,2
Fb6044 144 Fw Lgs,10.98,2
Fy6254 131 Bw Lrs Lgrddc,10.98,2
Imp. Auto Haus Inc.,10.96,14
Hardway Group,10.940000000000001,6
Couch Off Road Engineering,10.94,2
Establissements Emile Vongue,10.94,2
Erbsloeh Aluminium Solutions Inc.,10.94,2
Bullseye Enterprise,10.94,8
Urban Motors Ltd.,10.920000000000002,8
"Belize Estate Co., Ltd.",10.92,2
H & H Cars Ltd.,10.9,4
Wartsila Canada Inc. Ws Van,10.899999999999999,4
Seadrll,10.89,1
Marine Auto Design Services Llc,10.88,2
Eric Roman,10.879999999999999,9
Trans Global Logistics Uk Ltd.,10.879999999999999,6
Sgs North America Inc.,10.870000000000001,42
Techs Equipment Sales,10.86,2
Master Makina,10.85,1
Shell International Marine Cruise,10.85,1
Gp Cargo Agenciamento De Cargas Ltd.,10.84,1
Intl Armored Group Zirhli,10.82,2
Best Auto Market Ltd.,10.8,8
Imi Hydronic Engineering,10.8,2
Nokad,10.8,6
Bermuda Marine Supply,10.8,2
Kimball Electronics,10.79,9
Tac Armatures & Pumps Corp.,10.79,28
Haribo Of America Inc.,10.78,1
Randall Carvajal Fernandez,10.78,1
Direct Helicopter International Ltd. .,10.78,2
Phil Waters,10.78,6
Servicios Industriales,10.77,1
Springer Motors Inc.,10.74,6
Rovema North America,10.72,2
Wacker Neuson Production,10.72,1
Isuzu Technical Center Of America,10.71,1
Global Auto Sales Ltd.,10.7,8
Newship Inc.,10.7,1
Weatherford Canada Partnership,10.69,1
Z Motorz,10.68,6
Sartorius Stedim Filters Inc.,10.68,11
Earth Pkg Llc,10.66,1
Comercial 63 S.A.,10.65,1
Alstom Transport Inc.,10.65,6
All Ways International Shipping,10.64,6
Selcia A. Mckinney,10.64,8
T.G.V. De Colombia S.A.S.,10.620000000000001,2
Mti Equipment,10.62,2
Hde Inversiones Srl .,10.6,4
Ugc Ltd.,10.6,4
Tenias Harvester Usa Corp.,10.6,2
Airbus Helicopters Inc.,10.59,2
Cartiology Llc,10.59,5
Proxes Inc.,10.58,2
Timeless Cars Inc.,10.56,4
Automotive International Of Charlot,10.56,6
Akeem Sanusi,10.540000000000001,10
Msc Seaside,10.51,22
Hyundai Motor Group Metaplant Ameri,10.5,2
Pilot Airfreight Llc Dba Pilot Mari,10.5,2
Lange Oldtimerhandel,10.5,4
Mfs Engineering,10.5,4
Carnival Jubilee,10.49,39
Carson Valley Distribution Center,10.48,2
Valsamis Inc.,10.47,11
R&B Power Llc Marine Divison,10.45,1
Arrow Aviation,10.44,2
Ship Overseas,10.44,6
Hensel Phelps Construction Co.,10.44,14
Equusir Usa Inc.,10.44,4
Hellenic Marine Llc,10.42,12
Newmont Suriname Llc,10.42,2
Autogrand Motors Ltd.,10.42,4
Card Players Cruises,10.42,3
Waste Management Tampa,10.4,3
Paul White & Adam Langelier,10.4,4
Graybar Electic Co Inc.,10.4,2
Winesellers Direct Llc,10.4,1
Cincinnati Test Systems,10.4,2
Westinghouse Electrical Co.,10.4,2
South Lake Automation Inc.,10.4,2
Jdmimports Hawaii Llc,10.4,12
Winesellers Ltd.,10.4,1
Savino Del Bene Cleveland,10.399999999999999,4
Inmet Div Of Multimatic Inc.,10.38,1
Thomas P Waters Ltd.,10.379999999999999,4
Dallas Howell,10.379999999999999,12
Fdc Warehouse,10.37,5
Parallel Llc Yousif Memon,10.36,6
Jdmz Corp.,10.36,2
Caribbean Flavours And Fragances,10.36,2
Knoll America Inc.,10.36,2
David Adderley Affordable Auto,10.34,10
Bp Exploration & Production Inc.,10.34,1
Toprocket Llc,10.34,4
Carnival Valor,10.32,51
Capital Auto Finance Inc.,10.32,6
Dsv Air & Sea Inc. Dba Dsv Ocean,10.32,2
Jayco Cleaning Technologies Inc.,10.32,2
Land N Ride Llc,10.32,2
Blueprint Auto Mall Srl,10.3,4
Imp. R Us Ltd.,10.3,4
Totalenergies Marketing,10.280000000000001,4
Northeast Coating Technologies,10.27,8
Mv Stena Icemax,10.27,1
Imts,10.26,2
Carnival Liberty,10.24,50
Maxwell Cruise Pro Co Rose Toure,10.22,5
Titan Logistics,10.22,2
Central Maine Dairy Equipment Inc.,10.2,2
Transportes Y Gruas Industriales S,10.2,2
Husteel America Inc.,10.2,2
Comcor Tech Llc,10.190000000000001,8
Naftilos Shipping Llc,10.19,6
Duramax Marine Llc,10.19,1
Centergate Entertainment Cage,10.19,83
Kusano International Llc,10.18,4
Msp Imp. Llc,10.18,6
Gateways International,10.17,5
Dean Laumbach Consulting Llc,10.16,4
Cogema,10.16,4
Marine Logisitc Service And,10.16,13
Petmate Kansas,10.15,1
Paccar Technical Center,10.14,2
Cahekllc,10.14,4
Auto Paradise Imp.,10.12,2
Hutchinson Antivibration Systems In,10.1,2
Niron Magnetics Inc.,10.1,2
Agco Apg,10.1,2
5 Star Jdm Auto Llc,10.1,4
Alexander & Blake Ltd.,10.08,2
Newmarket Logistics Ltd.,10.08,2
Gabriel Alberto Laysola Ares,10.08,6
Reefership Marine Services Llc,10.07,15
Midwesta Tool,10.05,1
Auto Smart,10.04,12
Rig 75 Valaris,10.02,1
0126 Av Bn 03 Co Cdet2 Reart32,10.02,3
Wolfspeed Inc.,10.02,2
Kahikatea Stables Ltd.,10.0,2
Pima Air & Sp A Ce Museum,10.0,2
Terrawagen,10.0,2
Baxx Entertainment,10.0,1
Tt Ocean Logistics,10.0,2
Waste Management Usda Regulated,10.0,1
Ingersoll Milling Machine Co.,10.0,2
Belize Island Holding Ltd.,10.0,1
Northeren Gulf Service Llc,10.0,5
Rafael Ceballo De La Rosa,10.0,2
T2 Bravado,10.0,1
All Flex Soloutions Inc.,10.0,1
Enviromental Restoration Group Llc,10.0,1
Rodgers Yacht Sales Llc,10.0,1
Southern Cross Llc Ben Pickett,10.0,1
Squeekys Inc.,9.98,8
Gdf New Zealand,9.98,2
World Cat Of South Florida Inc.,9.98,2
Imp. Autos Ltd.,9.959999999999999,6
Apiario Guare,9.92,4
Sam & Sons Rental And Transportatio,9.92,8
Klueber Lubrication Texas,9.91,1
Fb Marine Sales Llc,9.9,2
Southern Dredging And Marine,9.89,1
Wilhelmsen Supply,9.88,26
Autobox Logistics Ltd.,9.88,2
Davidson & Sons Usa Ltd.,9.88,4
Sunauto S.A.#T 45 Blvd Du 15,9.88,2
North Bay Produce Inc.,9.86,1
W7 Mw Uspfo Activity Ar Arng,9.86,4
Waev Inc.,9.86,1
To Beachcomber Ltd. Or,9.86,2
Kuhn North America Inc. Tn Mach.,9.86,1
Wartsila Global Logistics Services,9.85,55
0411 En Hhc Hhc Aa Rear Det,9.84,2
Aignep Usa Centerville,9.84,1
Taurus Logistics Ltd.,9.82,4
Distribuidora Ferdoc,9.81,11
Portagent,9.8,2
Atj Imp. Ltd.,9.8,2
Dof Subsea Usa,9.8,1
Caterpillar Usa,9.8,1
United Rentals Corp.,9.8,7
Tbi Airport Management Inc.,9.8,1
Autoview Cars,9.8,2
Voestalpine Eifeler Coating,9.8,2
Voestalpine High Performance Metals,9.8,2
Jwf Defense Systems Inc.,9.8,2
Cascade Corporation,9.79,2
Destilerias Ferri,9.78,1
Neeltran Inc.,9.76,2
Aw Philadelphia Final Assembly Dep.,9.76,6
Azul Y Rojo Imp. Exp. S.L.,9.75,1
Zap Surgical Systems Inc.,9.74,1
Open Systems Technologies Internati,9.74,2
Auto Excel De Nicar,9.72,4
Chiyo Inc.,9.72,2
Amr Cars Ltd.,9.7,4
Dsv,9.66,6
Clive Lowe Pacific Trading,9.66,3
Enemy Ink,9.65,3
Imp. Exp. Pituka Limitada,9.64,4
L Oreal New Zealand,9.64,2
Gecom Usa Corp.,9.64,8
Sht,9.63,3
Hahn Automation,9.62,2
Bbrg Houston,9.62,2
Hd Hyundai Marine Solution,9.61,13
Bacan Motor S.A,9.6,1
Dsv Air & Sea Inc. I902,9.6,2
Hawthorne Power Systems,9.6,1
Distrubtion Management Officer,9.58,3
Pentagon Freight Services As,9.58,1
Jc Motors Ltd.,9.58,6
Wizard Trading Ai Llc,9.56,2
Ge Steam Power,9.54,1
Experior Motors Llc,9.54,2
Technip Fmc Plc,9.530000000000001,21
Refuse Rethink Rebuild Music,9.52,1
0502 Md Co Dental Co.,9.52,2
Gcia. Jautoimport Eirl,9.52,4
Cheboygan Village Marine,9.52,2
Aet Offshore Service Inc.,9.51,39
Motoren Werke Llc,9.5,4
Berry Global Inc.,9.5,2
Mini Trucks Of Texas Attn Mr. Tyl,9.5,2
De Groot Diesel Marine Services Bv,9.5,2
Hartmann Dry Cargo Gmb H & Co Kg,9.5,1
Baker Hughes Trinidad Ltd.,9.5,1
Clean Earth Aerrc,9.48,15
Westbrook Motors Irl Ltd.,9.48,2
Siegwerk Eic Llc,9.48,5
Jk Cars Bv,9.46,2
Caribbean Dreams Foods Ltd.,9.46,2
Luis Yaniel Rolling Door,9.46,7
Body Wrappers By Wcf Trading Corp.,9.45,1
Sinico Mtm Us Inc.,9.44,2
Kop Auto Inc.,9.44,6
Automare Srl,9.42,2
Simple Global,9.42,4
Bms & Associates,9.42,8
"Transcontainer (Usa), Inc.",9.42,3
Reality Auto Sales Dba Tire House,9.4,2
Mlm Car Sales,9.4,8
Dynapac Compaction Equipment Ab,9.4,2
Shazza Imp. Exp.,9.4,4
Loos & Co. Inc.,9.38,1
Systems Integrated Group Llc,9.38,1
Shaw Heavy Equipment Repair,9.37,1
Agricultural Science Center,9.36,4
Archer Oil Tools,9.36,2
Sifa Tahiti,9.35,1
Winding Road Motorcars Inc.,9.34,4
Aero Brigham Llc,9.33,3
Ing Michal Sebesta Ph D,9.32,6
Wilhelmsen Ships Service Inc.,9.32,14
Baker Automotive Ltd.,9.32,4
Prolink Auto Repair,9.31,7
"Sea Side International Co., Ltd.",9.3,4
Us Yachiyo Inc.,9.3,1
Red Hospitality,9.3,1
Tx 35 Auctions,9.3,12
Loha Metals Ltd.,9.29,1
Rimco Lcc,9.28,2
Hde Inversiones Sri.,9.28,4
Minequip Corporation,9.26,1
Pro Coating Treatments Inc.,9.25,19
Chandon,9.24,1
Maritime Case Ltd.,9.23,1
Gallagher Staging,9.23,1
Intl Flavours & Fragrances,9.23,1
Logistics Plus Inc.,9.22,4
Dongzi Pan,9.200000000000001,7
Marinemax Inc.,9.2,2
Randel & Molly Osborne,9.2,2
Waldrich Coburg Na Inc.,9.2,2
Gilbert's Car Rental,9.2,6
1470915 Bc Ltd.,9.18,4
Best Cover Mfg. & Auto,9.18,14
The Imp. Guys,9.16,8
"Knowles Construction & Development Co., Ltd.",9.16,6
Carolina Building Materials Inc.,9.16,2
Madagascar Automobile,9.16,2
General Services Administration,9.15,1
Viking Life Saving Equipments,9.14,17
Saputo Cheese Usa Inc.,9.14,5
Clark Dietrich Building Systems,9.13,1
Resortes Manizales S.A.S.,9.11,1
Randulf Motorwerke,9.1,6
Kt Plumbing Llc,9.1,1
Moto Vated Glen Adams,9.1,2
Blazer Wilkinson Lp,9.09,1
Jaca & Sierra Testing,9.08,2
Sosea Imp. Exp.,9.08,2
El Once Motors Srl,9.08,2
Lbg Marketing Inc.,9.08,2
Vanequipped Sp. Z O .O.,9.08,2
Ultimate Automobiles N V,9.08,4
0267 Mp Co Co Aa Rear Det,9.08,2
Ultimate Automobiles Inc.,9.08,2
Autogaleria S.A.,9.08,2
Maulvins Trucking,9.07,1
Grander Marine,9.07,1
Puerto Rico Terminals Llc.,9.07,1
Sagoma Construction International,9.07,1
Seawater Seafood Co.,9.07,1
Timber Junction Llc,9.05,1
Wayne Fueling Systems Llc,9.04,6
Toyota Boshoku Canada Inc.,9.03,1
Bavarian Motors Crs.A.,9.02,2
Les Produits Gilbert Inc.,9.02,2
The Culitivated Collector Llc,9.02,6
Gac Shipping Usa Inc.,9.0,1
Master Of Msc Charleston,9.0,1
Empresas Berrios Inc.,9.0,2
Fire Up Video Inc.,9.0,1
France Display,9.0,3
D.A.L Farms,9.0,1
Oakhill Enterprises Llc,9.0,2
Ocean Blue Operations Llc,9.0,1
Pride Marine Group Ltd.,9.0,2
Messer America,9.0,2
Explect Bv,9.0,2
Tiger Haven,8.98,10
Stang Industries Inc.,8.96,2
"Steele's Auto Supplies Co., Ltd.",8.96,2
Rancho Laguna Farms Llc,8.96,12
Eastern Colorado,8.96,2
Manga Auto Imp. Inc.,8.94,2
Us Army Research,8.92,4
Sweetwater Llc,8.92,1
Ensign Yachts International,8.92,2
Olympic Shipping,8.91,9
"Akatsuki Co., Ltd.",8.9,1
Parker Europe Ocean,8.88,12
Top Of The Line Transport,8.86,2
Cts Testing,8.86,2
Prosper Nutrition Llc,8.86,4
My Lineage Inc.,8.86,1
Nestor Gonzalez Romero,8.83,15
Caribbean Pavement Solutions Ltd.,8.82,4
Luis Aneury R. Auto Imp.,8.82,6
L&R Development Inc. Montana Mini,8.82,4
Leotha Rahming (Lkn Car Rental),8.81,7
Grand Brass Lamp Parts Llc,8.81,3
Indoeuropa Automotive Ltd.,8.8,4
Parts4 Less Trading Llc,8.8,4
Miller S Mini Mudder S,8.8,2
Aqua Mechanics Corp.,8.8,2
Centro International De,8.8,2
Global Wafers America,8.8,1
Nucore Enviromental Services,8.8,3
P Nihill Engineering,8.780000000000001,6
Auto Paniagua. Srl .,8.78,4
W6 Yf Usalrctr Ft Johnson,8.78,2
Motoray Ltd.,8.77,3
Transcanada Turbines Inc.,8.75,1
Comcortech,8.74,5
Ottoexllc,8.72,4
Josh Pierry Jp Family Holdings.Llc,8.71,7
Wingamm Corp.,8.7,1
Oneup Llc,8.7,6
Dl Green Fields,8.7,1
Intertrans Nv,8.7,2
Autoliv Safety Technology,8.68,3
Fya Vargas Auto Imp. Srl,8.66,4
Agent Ex Llc,8.66,2
David Suazo,8.66,12
Kenyon Cargill,8.64,6
Industrial Service Solutions,8.64,2
Steven Phillips,8.620000000000001,6
O Sullivan Motors,8.62,2
Geoenvirotech Inc.,8.62,2
Rainham Motors Mot Ltd.,8.6,6
Trading International Group Inc. C,8.6,2
Ajr Mfg. Corp.,8.6,12
Ffc Imp. Llc,8.6,1
Bahamaslease. Inc.,8.6,6
Matthew Condie,8.6,10
Corp. Of Hamilton,8.6,2
Auto Ejecutivos Logistics Zaya,8.6,4
George Montes,8.6,10
Dla Distribution Anniston,8.58,1
Treviicos Corp.,8.57,1
Usda Ars Pacific West Area,8.56,2
Caribbean Trading,8.56,22
Reliable Car Imp.,8.56,8
Quality Business Center Ltd.,8.559999999999999,4
Wolfreign Motors,8.540000000000001,6
Blue Eagle Consol. Services,8.54,1
Autobahn 66 Usa Llc,8.54,4
Api Sp A,8.54,13
Cartwright International Van Lines,8.52,5
Ozark Mini Trucks,8.52,2
Transdisel Ltd.,8.52,4
Compania Comercializadora De Maquin,8.51,1
Lipp America Tank Systems Llc.,8.5,1
Anchor Works Llc,8.48,2
Japan Imp. Car Store Uk Ltd.,8.48,6
Get Your Car Ltd.,8.48,4
Aryz31 Inc.,8.48,6
One Subsea Llc,8.47,1
S Tier Llc,8.459999999999999,4
Willy Hilario Auto Imp. Srl,8.440000000000001,4
Heavy Duty Equipment Llc,8.44,2
Super Wholesale B.V,8.44,2
Klearnow Corp.,8.42,2
W0 Vc Res Co. Cont,8.42,2
Hyundai Kia North America Quality C,8.4,2
Bmw Group Technology Usa,8.4,2
Night Way Factory,8.4,6
Cleco Mfg. Inc.,8.4,2
Frederick Wildman & Sons Ltd.,8.4,1
Mitsubishi Motors Corp.,8.4,4
Mer Holdings Llc,8.399999999999999,3
Pyramid Technologies Llc,8.36,2
Fleming S Ultimate Garage,8.36,4
Geoline Enterprises Inc.,8.36,4
0137 Av Bn 01 Co C Assault Co.,8.35,1
0140 Av Bn 01 Co B Assault Co.,8.35,1
0244 Av Bn 01 Co B Assault Co.,8.35,1
0285 Av Bn02 Co A Assault Co.,8.35,1
0183 Av Bn 01 Co D Aviation M,8.35,1
0285 Av Bn 02 Co C Assault Co.,8.35,1
0147 Av Bn 01 Co D Aviation M,8.35,1
Dulzura Borincana Inc.,8.34,17
Pk Motors,8.34,2
Wotco,8.34,2
Roman Makedons Ky,8.32,2
11 Jm Automotive,8.32,4
Belen Morla Auto Imp. Srl,8.32,6
Autobueno Sp A,8.32,2
Cummins Scania Xpi Mfg. Rl,8.31,1
3 C Marine,8.3,1
Zf Transmissions Gray Court Llc,8.3,1
Wilhelmens Ships Service,8.28,51
Edney Distributing Co Inc.,8.28,2
Motorcar Sutdios Inc.,8.28,2
Wm Classics Ltd.,8.26,2
Yume Cars Llc,8.24,6
Metaltek Inc.,8.24,2
Mainfreight International (Pty) ) Ltd.,8.23,1
Mapes & Sprowl Steel,8.23,1
Mackay Marine,8.22,17
Matsumoto Us Technologies,8.22,2
Norbert Pietruszka,8.22,5
Japan Mpv Motors,8.219999999999999,4
Crossroads Auto Sales,8.219999999999999,4
United Launch Alliance Llc,8.2,2
Belize Diesel And Equipment Co.,8.2,2
Solaryield Eb,8.2,2
Royal Street Rovers Llc,8.2,4
Erd Trade Ltd.,8.2,2
Wt Cargo Llc,8.2,2
Neal Dollar,8.2,4
Broadway Subway Constructors Genera,8.2,2
Jason Berry Action Auto,8.2,6
Rarejdmimports Llc,8.18,6
Five Star Shipping,8.17,9
1065 Md Co Medical Co.,8.16,2
Northwest Ltd.,8.16,2
The Flashing Fish Llc,8.16,6
Beach Body Llc Group,8.16,1
Dj Cargo Srl,8.16,2
Integrity Auto Group,8.15,5
Euromotors Llc,8.14,6
Palmbeach Fix It,8.14,10
Prestige Classic Enterprises Corp.,8.129999999999999,3
Gere Gerna Pns Pensacola,8.12,2
Wel Cab Ltd.,8.12,2
Kubz Baby Goods,8.12,2
The Buccaneer,8.1,4
Darina Auto Imp. Srl .,8.1,2
Autoshine Maui,8.08,10
Eduard Ludwig,8.08,6
Auscano Goodman,8.08,8
Geoquip Marine,8.08,2
Mv Fulmar Explorer Co Gulf Marine,8.07,10
Universal City Studios Llc,8.06,2
Mid State Tree Service,8.04,2
Pac & Krish Imp. Exp. Services,8.03,1
M&B Car Hire Ltd.,8.02,7
Agco International Gmb H,8.02,2
Maersk H2 S Safety Services A S,8.01,1
Bittersweet Farms,8.01,1
Join Themoment Forwarding,8.0,2
Seal Dog 52 Llc,8.0,1
Attractions Of Barbados,8.0,1
Thaimagicwork Llc,8.0,8
Freeport Launch Lp,8.0,1
Nobel Automotive,8.0,2
Direct Helicopter,8.0,2
Mv Bsg Bahamas,8.0,1
Tadano America Corp. (Ior),8.0,2
Nexgen Tooling Llc,8.0,1
Ulmer Tool Grinders Inc.,8.0,1
Scout Motors,8.0,2
Port Of Spain Trinidad & Tobago,8.0,2
3 G Boat Llc,8.0,2
American Motors (Pty) ) Ltd.,8.0,2
Schneider Electric Usa,7.99,5
Msc Divina,7.99,25
Busch Agriculture,7.98,2
Peace Carvin V Detachment Rsaf,7.98,2
Worldwide Traders Llc,7.98,2
Miba Sinter Usa Llc,7.9799999999999995,16
4 Wheel Classic Car Collector & Sal,7.96,2
Stern Automotive Enterprises N V,7.94,4
Feliz Services Llc,7.9399999999999995,7
Cma Cgm New Jersey,7.9399999999999995,27
Vincie Llc,7.93,6
Mitch Mckee Mm Holdings,7.92,2
Shafique Mini Trucks Llc,7.92,4
Optimum Autos,7.92,4
Four D Inc.,7.9,1
O Sullivan Films,7.9,2
Yonezawa Usa Inc.,7.9,2
Gunite Pools Of Nassau Ltd.,7.9,6
Accelerate Motor Works,7.8999999999999995,4
W7 Mu Uspfo Activity Ak Arng,7.88,2
A 1 Auto Sale,7.86,2
Hafen Outdoors Llc,7.859999999999999,10
Philip Pope And Seymour Pope Imp.,7.859999999999999,4
Enterrpise,7.8500000000000005,2
Guildford Autos,7.84,4
Automotores,7.84,4
Maltacourt Ltd.,7.84,2
Autobedrijf Zwanikken Nv,7.82,2
North Star Fishing Co. Llc,7.82,2
Black Bart International,7.82,1
New York Express A.F.,7.819999999999999,17
Man Primeserve Houston,7.81,4
Bear Communications Inc.,7.8,2
Coastal Ship Services,7.8,29
Rov D Usa,7.8,1
Volcom Inc.,7.8,3
Phoenix Packaging Operations,7.79,1
Texas Instruments Inc. Ti Sherman Sfab,7.78,1
Ibaraki West Auto Trading Inc.,7.779999999999999,4
Accord International Inc.,7.779999999999999,6
Earthbound Holding Llc Dba Earthbou,7.760000000000001,3
Bo's Garage,7.76,6
Nsk Gerdau Ameristeel,7.76,2
Ginza Jdm Cars Bogdan Vovk,7.74,6
Servicore Gs Corp.,7.720000000000001,2
Recars Inc.,7.720000000000001,4
"Keiai Orthopedic Appliance Co., Ltd.",7.72,2
Pullaz Auto Car Imp.,7.72,2
Kt Graham,7.71,1
Keis Jdm Auto Llc,7.709999999999999,5
Fsc Japan Auto Ltd.,7.7,2
Loadmaster Industries,7.7,2
Tvi,7.7,2
Harney And Sons Fine Teas,7.7,1
1 Ceva Logistics,7.7,2
Industrial Motor Power Corp.,7.7,1
York Distribution Center,7.7,2
The Uttermost Co.,7.7,1
Kaffer Comapny,7.7,1
M & M Virgo Ltd. Dba Virgo Car Renta,7.699999999999999,8
Ecolab,7.680000000000001,15
Hahn Automaiton Group Inc.,7.68,2
Sw Automobile Gmb H,7.68,2
Thomas Flowers,7.68,8
Samurai Trucks Inc.,7.68,2
Space Factory Ltd.,7.66,2
Dsv Air & Sea Inc. Us,7.66,1
Turbocam Energy Solution Llc,7.65,2
Baker Hughes Vetco Gray Llc,7.64,1
Mud Hog Minitrucks Llc,7.64,2
Silgan Dispensing Systems Corp.,7.63,3
Ace Taravao,7.63,1
Belt Power Llc,7.62,1
Cape Marina,7.62,1
Cosmic Car Sales,7.62,6
Polyflake Llc,7.62,6
Jim Kiss O A St.Paul Mini Trucks,7.62,10
Blue Parrot Offshore S.L.,7.62,6
Level Customs Ltd.,7.62,8
Micar Co. North Shop,7.6,2
Stihl Inc.,7.6,2
Mobile Stage Network,7.6,2
Seaway Logistics (Pty) ) Ltd.,7.58,2
Jdm Dreams Llc,7.58,6
Capel,7.57,8
Flexport International Llc,7.5600000000000005,7
Stellar Motor Group,7.5600000000000005,4
Travieso Polo International Inc.,7.56,2
Mfac Llc Dba M F Athletic,7.550000000000001,2
Mareleng,7.55,28
Rgb Elect. Svcs & Supplies Inc.,7.54,14
Cosmo Uk Ltd.,7.54,4
Bank Of Jordan Plc,7.529999999999999,3
Mini Monsters Llc. Southern Ut Mini,7.52,2
Asi Auto Shipment Gmb H,7.52,2
Kumho Tire Georgia Inc.,7.5,2
In House Autofinance Inc.,7.5,4
Curren Supply,7.5,3
Dark Star Productions,7.5,2
Oklahoma State University,7.5,2
Valls Ship Agencies Lp,7.5,1
Kinetix International Logistics,7.5,4
Kcc Transport Systems Inc.,7.49,8
Brooklyn Coachworks Inc.,7.48,4
Sesaco,7.48,2
Valhalla Auto Group,7.4799999999999995,4
Seamtec Corp.,7.4799999999999995,23
Ybj Inc.,7.47,1
0673 Qm Co Co T1 Co. H,7.46,1
Obi Seafoods Llc,7.46,1
Team Nine Sal,7.44,2
Freshpoint Puerto Rico,7.44,2
Carnival Spirit,7.44,50
Hammerhead Mt Llc,7.42,4
Tayvon Fish,7.4,2
Cmc Steel Florida,7.4,2
Qantas Airways,7.4,2
Northside Marine,7.4,2
Gateway Cvns & Motor Vehicles Ltd.,7.4,2
Cartali Auto Imp. Srl,7.380000000000001,4
White Bay Villas,7.38,2
Motor Vehicle Trading Co.,7.38,2
Saint Gobain Gypsum Usa Inc. Gypsum,7.36,1
Texas A&M,7.36,2
Mfs Marine Freight Services,7.36,8
All Service Auto Club,7.359999999999999,6
Georg De Preter Joes Classic Cru,7.3500000000000005,3
Nursecon At Sea Group,7.33,2
North Ocean Co Mcdermott Inc.,7.33,4
Lic. Customs House Broker,7.32,2
Marathon Oil Corporation,7.32,1
Turtola Pekholtz Srl .,7.32,4
Bombardier Aerospace,7.32,2
Schenker Australia (Pty) ) Ltd.,7.32,2
Teledyne Fur Surveillance Inc.,7.3,2
Bishop & Rook Llc,7.3,4
Gridauto Ltd.,7.3,2
Vision Auto Imp. Srl,7.3,4
Don Cho Srl .,7.3,2
"Waida Mfg. Co., Ltd.",7.29,1
Intl Trade One Corp.,7.29,1
Streck Transportges Mbh,7.28,2
Savi Srl,7.2700000000000005,8
Ivadell Shipping International Inc.,7.26,1
United Resources Ltd. Co.,7.26,1
Enterprise 263,7.26,1
Polaris Logistics,7.26,2
Vi Rescue Tag,7.26,1
Jones Trailer Co.,7.26,10
Rhdmarket601 Llc,7.25,3
Car Craze Ltd.,7.24,4
Gojo Auto Sales,7.24,4
Harmon Inc.,7.220000000000001,3
Structurflex Ltd.,7.22,2
Master Of Marvel Pelican,7.2,2
Duxford Automotive Ltd.,7.2,2
Ihi Press Technology America Inc.,7.2,1
Honship Maritime Service Corp.,7.2,1
Guerlain Inc.,7.2,2
Ultrasonic Technology Llc,7.2,2
Dantech,7.2,14
Cliff's Bus Service Inc.,7.199999999999999,6
Shareta Danielle Bowe And Ramos Rom,7.199999999999999,6
Barnhill Autos Ltd.,7.18,2
2 Brothers Auto,7.16,4
Shunichi Harada Adventure S&M Co.,7.16,10
Baxter Healthcare Corp.,7.16,6
Landstar Global Logistics Inc.,7.15,2
Man Energy Solution Usa Inc.,7.140000000000001,12
Pbs Auto Chemin De La Piscine Saint Jean 971 33,7.12,2
Humble Best Buy Auto Inc.,7.12,10
M40 Van Centre Ltd.,7.12,6
Advanced Wholesale Distributors Co.,7.12,10
Gardyn Inc.,7.12,2
Gsm Fuji Llc,7.109999999999999,30
Lta Galactic,7.1,1
Sunlight Batteries Usa Inc.,7.1,2
Grand Way,7.1,16
World Ship Supply (Houston) Inc.,7.09,2
Mid America Shows Delaware Inc.,7.08,2
Velsigur Ltd.,7.08,2
Dollar Tree Stores Dc 10,7.07,2
Co Ge Ma Srl,7.06,1
Sundance Mountain Resort,7.06,1
Seed To Shelf Llc,7.06,1
Carnival Horizon,7.04,51
Garcia Trucking Services Inc.,7.04,6
Samurai Trucks,7.04,2
Imp. Exp. Gabriel Alberto Laysola,7.04,2
Global Imp.,7.02,1
Globelink West Star Shipping Llc,7.02,2
Sethbrown,7.02,2
Johns S Conner Inc.,7.01,4
8 Sea Vii Llc,7.0,2
Glos Group Lojistik Ve Teknoloji Hi,7.0,2
Sentinel International,7.0,2
Sencorpwhite,7.0,2
Sunzil Ocean Indien,7.0,2
Sandbox Auto Sales Llc,7.0,2
Hermanos Ruiz Inc.,7.0,2
5 F Construction Corp.,7.0,2
Globe Metal,7.0,2
American Hydro Corp.,7.0,2
Ae And Ge Holdings Ltd.,7.0,2
Ernrydcars,7.0,2
Mht Machine Handlers,7.0,2
Rupert Forester Bennett,7.0,4
Catch The Dog Llc,7.0,4
Marshland Storage Ltd.,7.0,2
Bermuda Aborist,7.0,2
Elkana Moss,6.98,6
Rgc Usa,6.9799999999999995,15
Ta Chen International,6.97,1
Gas Innovations,6.96,7
Bayamon Stationery Inc.,6.9399999999999995,6
Ejb Florida Enterprises Llc,6.9399999999999995,4
N F Motors Ltd.,6.92,2
Cipac,6.92,2
Naval Construction Group One,6.92,1
United Airlines Inc.,6.91,1
Crowley Caribbean Service Llc,6.9,7
Thome Croatia,6.9,2
Isuzu Motors Ltd.,6.9,2
Kafar Houna Property Llc,6.8999999999999995,3
Airgas Refrigerants Inc.,6.89,16
Taylor Listug Inc. Dba Taylor Guita,6.88,2
Carnival Freedom,6.88,29
Riviera Sports Cars,6.86,2
Wartsila Deutschland Gmb H,6.84,3
Submer Inc.,6.84,1
Auto Service E Laukert,6.84,4
Tress Enterprise,6.84,6
Burox Engineering,6.83,158
Arrow Tank & Engineering,6.82,2
Arles Trading Co. Inc.,6.82,1
Carnival Miracle,6.8100000000000005,48
V42 Marine Holdings,6.81,1
Siegwerk Usa Co.,6.8,4
R&M Electrical,6.8,7
Rolling Unit Inc.,6.8,2
Lta Research And Exploration,6.8,1
Minpro Logistics Management,6.8,2
Salish Sea Contracting Inc. Spencer,6.8,2
Boston Dynamics,6.8,1
Nielsen Brown,6.789999999999999,3
Justin & Tario Rentals,6.78,6
Dis 247 Llc,6.78,4
Gallo 12 Llc,6.78,6
Cd Imp.,6.78,4
Alp S Cagatay,6.779999999999999,4
Auto Star Ltd.,6.779999999999999,4
Freudenberg Nok General Partnership,6.76,1
Baker Hughes Energy Services Llc,6.76,1
Viacore Solutions Llc,6.76,2
Sc Datowatch,6.76,4
Motional Ad Inc.,6.75,3
Bayshore Produce Llc,6.75,1
Rival Downhole Tools,6.74,1
Logwin Solutions Deutschland Gmb H,6.720000000000001,4
W.I.E.S,6.72,4
Flavor Farms Llc,6.72,1
H.J. De Vries Motors N.V.,6.72,2
Rocky Mountain Imp. Ltd.,6.72,4
Jacques Auto Exp. Inc.,6.72,4
Alcinor Auto Sales,6.71,3
C.H.Robinson Worldwide,6.7,1
Ctw Investment Ltd. Charles Tsz,6.7,4
Airgas Doral Inc.,6.7,1
Luxury Limousines,6.7,2
Mozzanica Ffa Solutions,6.7,12
Aa Elite Traders Ltd.,6.69,2
Cma Cgm Pregolia,6.69,22
Intertek,6.69,1
American President Lines,6.68,4
Nasser Bin Khaled & Sons Automobile,6.68,4
Signature Autosports Llc,6.68,4
S. A. Al Haddad & Bros. (Bsc),6.68,2
Kaldoche Imp.,6.68,4
Hachette Book Group,6.67,3
Jetblue,6.67,1
A1 Auto Salon,6.66,4
Virgin Island,6.65,1
Hall Equipment Co.,6.65,1
Agence Caledonienne De Transit,6.65,1
Bahamas Industrial Technology,6.65,1
Mini Trucks Of Texas,6.64,2
Power Connector Specialties Inc.,6.64,1
Barberi International Inc.,6.64,2
Cartiologi Llc,6.62,4
Rapid Car Llc,6.62,4
Serge Ferrari Americas,6.609999999999999,2
Northwestern Agricultural Research,6.6,2
Weatherford Us. L.P.,6.6,2
Verkol,6.6,1
Safer Exploration & Production Oper,6.6,1
Fronius Usa Llc,6.58,2
Empack Usa Corp.,6.58,1
Rio Auto Imp. Sr.,6.58,2
Christian Dior Perfumes Llc,6.5600000000000005,2
Ultimate Dream Cars,6.5600000000000005,4
All State Belting Llc (221),6.56,2
Neptunes Lines Inc.,6.54,2
Neptune Lines,6.54,2
Harding Retail,6.54,17
Werkmebel,6.54,4
Sinky Bay Ltd.,6.54,2
Interglobo North America (Miami),6.54,7
Telethon Band,6.53,1
Benefit Cosmetics Cranbury Dc,6.52,4
Grid Auto Ltd.,6.52,4
Ruxton Chocolates,6.51,1
Lenroy Jones The Wooddoctor,6.5,4
Thielenhaus Microfinish,6.5,2
Arentsen Farm Supply,6.5,1
Hecla Greens Creek Mining Co.,6.5,1
Pioneer Flower Farms Ltd.,6.5,1
Hasco Construction Ltd.,6.48,3
Oiwa,6.48,6
Dsv Ocean Transport A S,6.47,18
Vicon Japan Kk,6.47,1
Marquies Cotton,6.46,2
Rb Auto Ryan Bates,6.46,6
Continental Equipment Inc.,6.45,1
Tiffany's & Co.,6.44,4
At Construction Solutions,6.44,2
Bi Pac Nutraceutical Inc.,6.44,2
Imp. Exp. Danny Ltda,6.4399999999999995,4
Right Drive Inc.,6.4399999999999995,4
Sans Honneur Wine,6.43,5
Church Dwight Co. Inc.,6.42,2
Wartsila Quantiserv Netherlands,6.4,2
Ecu Worldwide,6.4,6
Burckhardt Compression Ag,6.4,8
Fentys Markin's,6.4,4
Domenico Tinto,6.4,6
Drive Green Vi,6.4,2
Roberto Victoria Ultimate Dream,6.38,2
Atlantic Stone Contractorsm Llc,6.38,4
Neptumar Nv,6.36,2
National Parts,6.36,2
Energy Products & Engineering,6.359999999999999,16
Imp. Exp. Cecilia Beatrizrut 7,6.359999999999999,4
Seaward Marine Service,6.35,1
Enterpise Offshore,6.35,1
Hybrid Services Llc,6.35,1
Rolls Royce Marine North,6.35,1
East Coast Auto Body And Glass,6.35,1
Blue World Travel,6.35,1
Auto Car Sales And Rental,6.34,4
Allrad Lic Dba Iglhaut Usa,6.34,2
Kai Uwe Schroter,6.34,4
Zf Restraints Us Inc. Chihuahua St,6.33,3
Coretrax Americas Ltd.,6.33,1
Fender Musical Instruments Corp.,6.33,2
Carnival Glory,6.33,34
The Paper House Corp.,6.32,7
Pheron Moss,6.32,5
Prins Projects Llc,6.32,1
Intl Trade Corp.,6.32,4
Cbi Cliff Berry Inc.,6.32,2
Sb Estampados Y Bordados Ponce,6.32,13
V.R. Camelot Inc.,6.3100000000000005,9
Comercial He Llc,6.300000000000001,6
Travon Gibson,6.3,4
Pr Supplies,6.3,10
Steris Isomedix,6.3,1
Motorambar (West Indies) Inc. Motor,6.3,2
Forum Energy Technologies Inc.,6.3,2
Diesel Elektrik F. Tacke Gmb H,6.29,1
Jr Automation Technologies Llc,6.28,1
Ivory Automotive,6.28,4
Ej Cars Ltd.,6.28,2
0004 Av Bn 04 Hhc T0 Rear Det,6.28,4
Grupo Q Nicaragua S.A.,6.28,2
Simplified Lending Ltd.,6.279999999999999,4
Le Marche Francais Ltd.,6.279999999999999,12
Wc Autos Corp.,6.279999999999999,6
Hayes International Inc.,6.2700000000000005,5
Res Co. Cont,6.26,1
Bricksncotrading And Construction,6.26,2
Resortes Manizales Sas,6.26,1
Global Imp. Llc,6.26,1
Premier Contractors Supplies Ltd.,6.26,4
Alax Peters,6.26,1
Sg Master Group Llc,6.26,4
One Color Automotive Options Srl,6.24,4
Mountain Rose,6.24,2
Viking Life Saving Equipment (Usa),6.24,20
Mariflex Pump Service Bv,6.24,7
Terra Industrial New Zealand Ltd.,6.24,2
United Bulk Terminals,6.24,1
Riley Sherman Shipping Agency Inc.,6.22,9
Warren Valves Lp,6.21,1
Marlog Car Handling,6.209999999999999,3
Brien Hamrick,6.2,4
Walter Maschinenbau Gmb H,6.2,2
Soto Enterprises Inc.,6.2,2
Premier Cruises,6.2,1
Wallenius Wilhelmsen Solutions Uk L,6.199999999999999,4
Alaskan Brewing,6.19,9
Zf Industries Llc,6.18,2
Cnh Industrial America,6.18,2
D Shalom Auto Imp. Srl,6.18,2
Lucky Enterprises,6.18,4
Cargill Rent And Ride,6.18,6
Zackery Cupples,6.18,4
Don Cho Auto Srl,6.18,2
Carcass,6.17,1
Axis Global Logistics,6.17,24
Marelli North America Inc.,6.16,1
Seaserve Los Angeles Llc,6.16,7
Waveguide Communications,6.15,9
Sealdog 52 Llc,6.15,1
Aerostream Cargo Services,6.15,7
Cc1 Virgin Islands Wine Spirits,6.14,2
Lv Logistics,6.14,2
Hubner Component Solutions,6.14,2
0699 En Tm Tm Aa Rear Det,6.13,2
Tbi Brokers Inc.,6.13,4
Boadad Commercial Supply Stx,6.12,2
Bells And Bain Group,6.11,1
Keith T. Bulle 2 Nd,6.1,2
Quickpart Ltd.,6.1,2
Reid Traylor Traylor Motorsports,6.08,5
Atlanta Ga Pdc Warehouse Porsc,6.08,1
Fujiwara Auto Llc,6.0600000000000005,6
Cory Brothers Shipping Agency Ltd.,6.04,15
Hl Packaging Llc,6.04,1
Topline Motors,6.04,4
Trust Fall Prod Group,6.03,1
Grupo Ronicol Y Asociados Srl,6.02,2
0228 Sc Hq Hq Aa Rear Det,6.02,2
Sevenfiteen Logistics Llc,6.02,2
Sevilla Auto Imp.,6.02,2
Sevel Uruguay S A,6.02,2
Grupo Q Guatemala S.A.,6.02,2
Vitesco Technologies Usa Llc,6.01,9
Nemc Llc,6.0,2
Prepac Mfg.,6.0,1
Brand Safway Llc,6.0,2
Ground Support Equipment International Inc.,6.0,2
Tahitibull Sarl,6.0,2
Pr Generators,6.0,2
East Coast Yacht Sales Inc.,6.0,2
0345 Md Det Det Aa Rear Det,6.0,2
Salemwolf Llc,6.0,2
Xcelle America Llc,6.0,2
E & S Morgans Ltd.,6.0,2
Rre Global Llc,6.0,2
Wellington Yacht Partners Llc,6.0,2
Stubbs Marine Enterprises Llc,6.0,1
Man Prime Serv Houston,6.0,2
Skier S Marine Inc.,6.0,2
Keithley Chambers,6.0,4
Te Connectivity,6.0,9
Antwon Dance,5.98,3
Aps Jdm Cars Ltd.,5.98,4
Great Plains Stainless,5.98,3
Folio Fwp,5.97,1
Chad Barcelona,5.96,4
National Agencies Group For General,5.96,2
Tave Dent,5.96,2
Hughes Perpall,5.94,2
Uk Car Club Ltd.,5.9399999999999995,6
Century Auto Sales,5.92,4
Coda Autos Ltd.,5.92,4
Mazda North American Operations,5.92,4
Jfc International Inc.,5.91,1
Dhl Global Forwarding (Mexico) Sa D,5.91,2
Nuk016 Electric Boat,5.91,1
Philips Usa Latham Magnet Mri,5.9,4
My Guy Imp.,5.9,2
Jn International Inc.,5.9,4
Warehouse Associates Corp.,5.89,1
Jonathan Rowland,5.88,4
Niwc Pacific Matcals Fleet Sup,5.88,4
American Block Co.,5.88,1
D R Autos Car Sales Ltd.,5.88,2
Bamitel,5.88,2
9296 2133 Quebec Inc.Affiliated,5.88,1
Dice Tower Cruise Llc Group,5.87,1
Us Customs And Border Protection,5.86,2
Givaudan Nl,5.86,1
Nissin Corp.,5.86,2
South Ocean Estates Ltd.,5.86,4
Harriskatz,5.84,2
Gmp Logistics Group Srl,5.84,2
Serta Matress Co.,5.84,12
Danylowerbowy,5.82,4
Hill Country Mini Trucks Llc,5.82,8
Ramon Misla Villalba,5.800000000000001,4
Cars Usa Shipping Llc,5.8,2
Mobile Stage Enterprises Ltd.,5.8,2
Tyco Safety Products,5.8,1
Rs Engineering Llc,5.8,4
Goodwill Industries Of South Florida Inc.,5.8,9
Aston Martin,5.8,1
Pacific Coast Terminals,5.79,1
Serafin Wholesale,5.79,1
Dallas Christian,5.789999999999999,3
Sasquatch Durgin,5.78,4
Peugeot Ltd.,5.78,1
D Snohj Autoimport,5.78,2
King Juice Co. Inc.,5.76,1
Vision Motorsports Inc. Andrew Jue,5.76,4
Japan Carfl Llc,5.74,2
Bear Leasing,5.739999999999999,4
City Autos Llc,5.72,6
407 Th Army Field Support Brigade Lo,5.72,2
Ev Cargo Global Forwarding,5.72,3
Y R R S A Als Global Solutions,5.7,2
Soframe,5.7,1
Rav Advisors,5.68,4
Premium Utility Contractor,5.67,1
J C Shipping Services Ltd.,5.66,4
Bray Controls,5.66,1
Cats Automotive,5.640000000000001,4
M & M Virgo Ltd. T.A Virgo Car Re,5.64,6
Kr Performance,5.64,4
Solar Tubines Inc.,5.64,2
Rolls Royce Motor Cars Brisbane,5.64,2
Doyle Motors Ltd.,5.64,2
Dhlglobal Forwarding,5.64,2
Smiley Monroe Inc.,5.63,1
Interroll Atlanta Llc,5.63,1
Carriere Industries Supply Ltd.,5.62,2
The German Baking Co.,5.62,2
Russell Auto Imp. T A Lundy Russ,5.62,6
Selicia Copening,5.62,1
Cls 3 Pl Llc,5.62,2
Unique Touch Construction,5.62,2
Msc Seashore,5.62,24
Indigo Productions,5.6,1
Rand Boats Usa Llc,5.6,4
Premier Products,5.6,3
Iba Proton Therapy Inc.,5.6,2
Houston Ship Repair,5.6,4
Natixis For The Acc,5.6,2
Barg And Sons Autos Ltd.,5.58,4
Fl Ti Family Life,5.58,1
Eccentric Cars Co.,5.5600000000000005,4
Rennsport Classics,5.56,4
Belimed Life Science Inc.,5.56,2
Hardy Louis Sa,5.54,2
Uplift Auto,5.54,2
Quality Transport Ltd.,5.54,2
Woodthorpe Cars Ltd.,5.52,2
Montana Beall,5.51,2
Taylored Imp. Llc Dba Mud,5.5,6
Brumride Rentals Ltd.,5.5,4
Fivesquare Inc.,5.5,2
Alaskan Waste,5.5,3
Timberline Helicopters Inc.,5.5,1
The Group B,5.5,4
Woodside Energy (Deepwater) Inc.,5.49,1
Benefit Cosmetics Llc,5.48,8
Man Energy Solutions Usa,5.48,18
Osaka Japanese Auto Parts Inc.,5.48,2
Canon Motors Ltd.,5.48,2
Symphony Auto Imp. Llc,5.48,4
Cristian David Gonzalez,5.48,2
Gerardo A Macias Gdm Auto Sales L,5.46,2
Gac Brokerage Llc,5.45,1
Spitzer Industries,5.44,1
Fema Ship,5.44,4
Frc South West North Island.,5.44,1
Gt Motors Ltd.,5.44,2
Travis Body & Trailer Inc.,5.44,1
Sanut Dominicana S.A.,5.44,4
Caribbean Pool Maintenance And Repa,5.44,1
Atlantis International Ltd.,5.4399999999999995,4
Randy Grinalds,5.4399999999999995,4
Lea Machine Serv Inc.,5.43,30
Hempel (Usa) Inc.,5.43,3
Armour Magnetic Components Inc.,5.42,1
Automilla Srl,5.42,2
St Thomas True Car Rental And,5.42,1
Mastercargo Inc.,5.42,2
Gswf Performance Films Ltd.,5.42,4
Walker Autoworks Llc,5.42,4
Sar Motors Ltd.,5.4,2
Solhebon Ltd.,5.4,2
D1 Euro Imp.,5.4,4
Autohub Usa Inc.,5.4,2
Seward Garbagr Colector,5.4,1
Abat Gmb H,5.4,2
Grupo Aduanal Galvan Av Dos,5.4,1
Nascar Services Ltd.,5.4,2
Cargolive Worldwide Logistics,5.4,2
Castle Combe Motorsports Llc,5.3999999999999995,4
Wilhelmens Ship Service,5.39,23
Goodmayes Motors Sales Ltd.,5.380000000000001,4
Canese Tomorow,5.38,4
Scanship Americas Inc.,5.38,26
Jucobie House,5.38,1
Gallovich Consulting Llc,5.38,2
David Brown Satasalo Usa Inc.,5.36,1
Mp Mercury Sales,5.34,1
Morales Distributors Inc.,5.34,4
Grimaldi Atlantic Container Line,5.34,2
A And P Pvt. Bus Service,5.34,4
After The Burial,5.33,1
Worldwide Autoimport & Exp. Llc,5.32,6
All Ways International Customs,5.32,2
Diva,5.3100000000000005,2
Industrial Rubber Inc.,5.31,1
Caribbean Trading Inc.,5.300000000000001,2
Metalectrik Mfg.,5.3,4
Fimor North America Inc.,5.3,1
Gls (Dst),5.3,2
Desmet Usa Inc.,5.3,1
Hyundai Kia America Technical Cente,5.3,2
Tienda Bamby De Humaco,5.3,22
Starboard Cruise Services,5.29,13
Cummins Juarez Emission Solutions,5.29,1
Lr Oliver And Co. Inc.,5.29,1
Garrett Mc Grath,5.28,4
Peters And May Usa,5.28,1
Al Mansour Iraqi Automotive Co.,5.28,2
Farrier Ltd. T A Farrier Supplie,5.28,2
Car Store London Ltd.,5.28,2
Grand Pointe Mini Trucks,5.28,6
Mv Wind Scylla,5.2700000000000005,2
Crystal Hills,5.26,3
Winchester R Cato,5.26,2
Hella Corporate Center Usa Inc.,5.26,2
Gc Graphis,5.24,2
Eastbay Logistics Hayward Coffee,5.24,1
Inversiones Y Negocios Hucs Sp A,5.22,2
Julio Rodriguez Us Customs Broker,5.22,7
Jtekt Brasil Ltda,5.22,1
0098 Sc Bn Co C Joint Area,5.22,2
Tri Gas Inc.,5.22,1
Alaska Waste Juneau,5.22,2
Eosys Group Inc.,5.2,1
Rosewood Little Dix Bay,5.2,7
Forward Ventures Group Partners Llc,5.2,2
Schuster S Gate Operators Llc,5.2,2
Shisto Rais,5.2,2
Bullet Motorsports Inc.,5.2,2
Lime Ventures,5.1899999999999995,2
Straighline Logistics,5.18,2
Apex Car Rental,5.18,2
Maral Engineering Corp.,5.18,2
Lost Returns Inc.,5.17,102
Ma Auto Llc,5.17,2
Carnival Celebration,5.16,51
Dfi Dauerflora Hellmann,5.15,2
Tld Wic,5.140000000000001,3
China Mart Imp. & Exp. Ltd.,5.14,2
Rival Peintures,5.14,1
Volvo Group Trucks Technology,5.14,2
Black Sea Imp. Inc.,5.14,1
Wilhemsen Ship Service,5.14,22
Autonica S.A.,5.14,2
Alex Ciccolinifoley,5.12,5
Paini Us,5.11,1
Carnival Panorama,5.1000000000000005,51
Power Farming Wholesale Ltd.,5.1,2
Ucm Holland,5.1,1
Cal Tex Lumber Co.,5.1,1
Phoenix Supermarket,5.1,2
Anker Holsteins Ltd.,5.09,1
Worldwide Auto Imp. & Exportllc,5.09,4
Barcelona Chad,5.08,4
Terra Cotta Warriors Ltd.,5.08,2
Jonker Sailplanes Inc.,5.08,5
0376 Ag Co Plt A4 Rear Det,5.08,1
W901 Le,5.08,1
Team Orange Inc.,5.08,4
Zayas Metal Warehouse,5.07,5
P3 Paper Plastics Products Llc,5.07,4
Linea Peninsular,5.0600000000000005,2
Usa Wine Imp. For Ldm Wines,5.06,1
Diversified Marine Inc.,5.05,1
Prudential Stainless & Alloys Lp,5.04,2
Dsmg,5.04,2
Ar Gorringe And Partners,5.04,6
Pacific Mfg. Ohio Inc.,5.03,1
Riello Canada Inc.,5.03,2
Gulfstream Services Inc.,5.03,1
Limnos Sponge Co. Inc.,5.0200000000000005,5
We Are Born 2 Strive Llc,5.02,2
Mongol Motors,5.02,2
"Out Standing Usa Co., Ltd.",5.02,2
Merchants Fastener Corp.,5.02,2
Travel Partners In Dublin,5.0,1
Arkadis Consulting Inc.,5.0,1
World Cat Power Cat Marine,5.0,1
R F Motors Ltd.,5.0,2
Rays Truck & Parts Inc.,5.0,1
Bmw Ag,5.0,2
Bahamas Metal Structures Ltd.,5.0,2
Manatee Marine Unlimited,5.0,1
Kouba Motors Group,5.0,2
Arnold Ag,5.0,2
National Shipping Nli,5.0,1
Mountain Park Pharmacy,5.0,2
Us Border Patrol,5.0,2
Construction & Development Coop,5.0,2
Manatee School For The Arts,5.0,1
Driller Sas,5.0,2
Jsm At Stelton Iii Llc,5.0,2
Intercorp Trading Llc,5.0,2
Porsche Centre Vaughan,5.0,2
Randulf Motorwerke Llc,5.0,4
Saffi Foods,5.0,1
D2 Marine Solutions Inc.,5.0,64
Ladmin Ltd.,5.0,2
B&B Trucking Llc,4.99,1
Five Star Motors,4.99,3
"Pixiu Imp. & Exp. Co., Ltd.",4.98,2
Intercars Garage Ltd.,4.98,4
At Construction Solutions Llc,4.98,2
Trading International Real Auto,4.98,2
Man Primeserve,4.970000000000001,11
Welldex Logistics Mcallen Inc.,4.970000000000001,9
Xaler System Llc,4.97,6
Welstand Strategic Inc.,4.96,2
Hybrid Auto Dealers Ltd.,4.96,2
Oneales Transport,4.96,2
Leszek Kik,4.949999999999999,3
Artiom Vitcovschi,4.94,2
Jam Industries Usa Llc,4.94,1
Arizona Automotive Resource,4.94,2
Tokyo Trading Llc,4.94,2
Creedtouring,4.93,1
Zf Off Highway Solution Minnesota,4.92,2
Lock Solutions Ltd.,4.92,4
Top Secret Rtp Imp. Attn,4.92,2
Clc & Motors Llc,4.92,2
Chen I,4.92,1
Caleve A. Turnbull,4.92,1
Sanritsu America Inc.,4.92,2
Wrist North America,4.91,13
R&W Brand Inc. Dba Dieleman Fundrai,4.9,1
Modern Homes B.V,4.9,4
Assurance Car Rental,4.9,4
Vivot Equipment Corp. Vecch,4.9,2
340 Rides & Sales,4.8999999999999995,3
Bakell,4.89,1
Imaginative Design Na Inc.,4.88,1
Sound Concrete,4.88,1
L'occitane Distribution Center,4.88,2
Ralph Lauren Corp.,4.87,6
Invictus Trading Fze,4.86,2
To Magna Motors S.A. Yo,4.86,2
Rosario Grullon Tours Srl,4.86,2
Centro Medico De Diagnosticos Y,4.86,2
Eurl Tiare Market,4.86,2
Sj Autos,4.86,2
Kliffs Classic Cars,4.86,2
Sharaf Shipping Agency Lda,4.86,2
Teka Group Tarim Insaat Lojistik An,4.86,2
Omirbi Portugal Lda,4.86,2
Kia America Inc. (Kai),4.86,2
Lathera Sharvonne Marche,4.859999999999999,4
Mariana Editores,4.859999999999999,4
Liebherr Chile S.A.,4.85,1
Mobil Serv Lubricant Analysis,4.85,243
Lipatech S R O,4.84,2
Uhlmann Packaging Systems Lp,4.84,1
Vampt Motors Ltd.,4.84,2
The Paperhouse Corp.,4.84,6
Precision Strip Inc.,4.83,1
Sparrow British Automotive Used Car,4.82,2
Not Just Scooters,4.82,4
0831 En Co Co Aa Rear Det,4.82,4
Speed House Llc,4.82,2
Dresser Rand Co.,4.82,1
Gem Classic Cars,4.81,4
Valgo,4.8,2
Tahiti Auto Accessoires,4.8,2
Key N Go Car Rental,4.8,4
T P Waters,4.8,4
E.J's Auto Car Sales,4.8,4
Exclusive Car Rentals & Sales,4.8,4
D&F International Group Llc,4.8,2
Intec Marime Servioce Corp.,4.8,1
Md Jdm Motors Inc.,4.79,4
Cc Bosch Charleston,4.78,2
Miranda Imp. Sp A,4.78,2
Team Boss International Takayuki,4.78,6
Quadient Inc.,4.77,5
Mersen Usa Greenville Mi Corp.,4.77,1
Vision Motorsports Inc. Nikolas M,4.76,2
Hazelius Enterprises Ltd.,4.76,2
Bay Colony Rover Imp. House,4.76,4
S604 Inc.,4.76,2
Ethiotrade Group Dis Ticaret As Ay,4.76,2
Bavarian Motro Cars Inc.,4.76,2
Dematic Corp,4.76,1
Case Marine And Industries,4.75,7
Carnival Radiance,4.75,63
Rock City Cargo,4.74,2
H145 D2 Llc,4.74,2
Intertransport Air Logistics S.A.,4.74,2
All Tools Inc.,4.74,1
Crane Worldwide Logistics Lax,4.74,14
"Mark Mc Eneff And Co., Ltd.",4.72,4
"The Graycliff Co., Ltd.",4.72,2
Unique Auto Imp. Srl,4.72,2
Squadra Verde Llc,4.72,4
Ct Specialized Downhole,4.72,2
Fe4528,4.72,1
Riley Sherman Shipping Agy Inc.,4.71,1
Tamura Corp. Of America,4.71,2
Uab Kojara,4.7,1
Premiera Motors Imp. & Exp. B.V,4.7,2
Medix Specialty Vehicles,4.7,1
United Ship Service,4.7,1
Karimar Construction Inc.,4.7,2
Sarinafreeman,4.68,2
Airport Car Rental,4.68,4
Vision Motorsports Inc. Adam Jaco,4.68,3
Profrssional Transmissions,4.68,2
Badmoon Media Co. Casey Acaster,4.68,2
Atrmis Athene,4.67,3
Passenger Service Americas,4.67,3
First Class Cargo,4.67,33
Sebastien Doucet Emerald City Moto,4.66,2
Grupo Lfa Srl,4.66,2
Owen V Keeper,4.66,2
Dana Sealing Products Llc,4.65,1
Lululemon Athletica Canada Inc.,4.65,10
Knol Cleaning Solutions Bv,4.65,1
"Wainwright Bros & Co., Ltd.",4.640000000000001,4
Inversiones Jaom 1908 Srl,4.64,2
Cat Dealers Worldwide,4.64,2
Maximo Solar Industrial,4.64,2
Island Oasis Frozen Cocktail Co Inc.,4.64,11
Clcl Motors Llc,4.64,2
Marquizes Canadamarquizes,4.64,1
Cubro Ltd.,4.64,16
Ayuntamiento Municipal,4.64,2
Akzo Nobel Coatings Inc.,4.64,2
Havila Subsea,4.63,4
Emhart Teknologies,4.63,1
Expeditors,4.63,1
Zhao Zhiyuan Post Office,4.62,2
Jdm Imp. Arizona,4.62,2
Msc Seascape,4.61,19
Explora 1,4.61,10
Gaz De Tahiti,4.6,2
Toy Store Group,4.6,2
Seattle Yachts,4.6,2
Advanced Atomization Technologies,4.6,2
Rjds Contrator,4.6,2
Auto City N.V.,4.6,2
Ministry Of Health & Wellness,4.6,2
Contitech Fluid Distribuidora Sa,4.6,2
Dana Driveshaft Mfg Llc,4.6,1
Great World Express Corp.,4.6,2
Unicat Catalyst Technologies Inc.,4.6,1
Euro Stock Imp.,4.6,2
Acme Overland,4.6,2
Euro Stock Imp. Tahiti Menager,4.6,2
Threeline Imp. Inc.,4.59,1
Napletons Hyundai,4.59,1
Gmv Enterprises Ltd.,4.58,2
Olympus Fireworks Inc.,4.58,6
Ario's Vehicles Of Distinction Inc.,4.58,2
Dog By Dr Lisa,4.58,1
Affordable Auto Sales And Rentals,4.58,4
Jdmimport Ltd.,4.58,2
Florida Aquastore,4.57,1
Expeditors Charleston,4.57,2
Jema Corporation,4.57,9
Kies Kars,4.5600000000000005,3
Comercial Autoskim Ltda,4.56,2
Inc. Trustees Church Of England Hol,4.56,2
Super Negro Auto Srl,4.56,2
Terrell Best,4.55,2
Sy2314,4.55,3
Alloy Imp.,4.55,1
Rsc Motors Inc.,4.54,2
Vi Recycling,4.54,1
Mc Motor Works Llc,4.54,2
Inteq Lafayette La Csc & Ops,4.54,3
Morrision Engery,4.54,1
Imp. Y Exp. Quira Motors,4.54,2
Tgal Trans Global Auto Logistics,4.54,2
Ultimate Automobiles N.V.,4.54,2
Williamson Balfour Motors Sp A,4.54,2
Berick Enterprises Inc.,4.54,1
Sas Totem Wines,4.54,2
Matrix Visual Solutions Charter,4.54,1
Bell Textron Inc.,4.54,1
Csa Ocean Sciences Inc.,4.54,1
Lar Lor Auto Rental & Sales,4.539999999999999,4
Kobelco Compressors America Inc.,4.53,1
Guardian Security Bahamas Ltd.,4.52,2
Pasaporte C5 Hphnj9 N,4.52,2
Omsc Ltd. Overseas Military Sales,4.52,2
Modern Motors Sales Ltd.,4.52,2
Milo European Car Specialists,4.52,2
Bvi Markets,4.52,4
Jdl Fx,4.52,1
Bamytrucks Reunion,4.52,2
American Fuji Seal,4.52,2
Marathon Eg Production Ltd.,4.51,1
Bizerba Engineered Solutions (Bes),4.5,4
Master Of Msc Antonia,4.5,3
Zeljko Mijatovic Boise Paramotors,4.5,6
Gkn Aerospace Chem Tronics Inc.,4.5,1
Brown Build City S R O,4.5,3
Dopag (Us) Ltd.,4.5,1
First Bauxite Llc,4.5,1
Dan Funke Farms,4.5,1
Ke Marine Worldwide Diesel Power,4.5,3
Cartainer Ocean Line Fmc 1,4.5,2
Interlodge Sailing Llc,4.5,1
Behrens Garage,4.5,4
Raia International,4.49,9
V.J Xray Inc.,4.48,2
W7 Nn Uspfo Activity Nh Arng,4.48,2
Rudisa Motor Co. N.V.,4.48,2
Autos Ejecutivos Logistics Zayas,4.48,2
No 1 Capital Ltd.,4.48,2
W7 N1 Uspfo Activity Tn Arng,4.48,2
Rec Advanced Silicon Materials Llc,4.48,2
Drew Marine Usa Inc.,4.48,25
Embassy Of Republic Of Seychelles,4.46,2
Boubyan Bank Ksc,4.46,2
Cma Cgm Tigris,4.45,3
K&J Clothing,4.45,32
Cartel Music Llc,4.44,1
Autow Solutions,4.4399999999999995,4
The National Forwarder Singapore,4.42,1
Road Town Wholesale Trading Ltd.,4.42,2
Rusty Eck Ford Inc.,4.42,2
West End Car Rental,4.41,2
Vision Motorsports Inc. Tad Olsowsky,4.4,4
Iperionx,4.4,2
Stay The Course Llc,4.4,2
Kaki Trading Co.,4.4,2
Chilisauser As,4.4,1
Manciple Llc,4.4,2
Woodyswagens E Classic Cruisers Llc,4.4,2
Siparila Oy,4.4,2
Parts Authority Llc,4.39,1
Dsv Air & Sea Inc. I902 400,4.38,2
Louis Mendez,4.38,2
P.S. Auto Enterprises Inc.,4.38,2
Sumo Moto Imp. Inc.,4.38,2
Blitzkrieg Autoworks,4.38,2
Abdolreza Manzouri,4.38,6
Mountain Top Usa,4.38,1
Business Mail & Cargo,4.38,2
Cooper Standard Automotive,4.37,2
Global Auto Sells Ltd. 221 12 Th St.,4.36,4
Twi Group Inc.,4.36,1
Gul Motors And Parts,4.36,4
Transcontainer Ltd.,4.36,2
Sevenstar Yacht Transport,4.36,2
Kaisha Cropley,4.36,2
Zayd Khan,4.359999999999999,6
Ishii Motor Industries,4.359999999999999,4
Ev. Mechanical Pr,4.35,12
Grain De Sail Usa Corp.,4.35,4
W80 Apf,4.35,1
Mh Technology Group. Llc,4.340000000000001,6
Mr Lawrence Kitchen,4.34,2
Us Automobile Sas,4.34,2
La Casa Agricola Del Campesino De,4.34,1
Oishii Imp.,4.34,4
New World International,4.34,3
Glsna (Bldg. 1),4.34,2
Impex Motors Ltd.,4.34,2
Stone Care Inc.,4.33,8
Apl Qingdao,4.33,25
Luminai Auto Services Ltd.,4.32,2
Iaq Technologies,4.32,5
Stewart Maples,4.32,2
Man Energy Solutions,4.3100000000000005,44
Ralph Lauren Canada Lp,4.3100000000000005,8
Auntie M Creative Consultants,4.31,1
Ez Shipping Ltd. Clyde Chalwell,4.31,1
Highline Exotics Llc,4.3,2
Taylor Magaziner,4.3,2
Unitec Marine (Warehouse),4.3,2
Christian Dior Inc.,4.3,1
Mr Matt Groves,4.3,2
Ask Media Co Sixthman,4.3,2
Win Win Thein,4.29,3
Avalon Fire And Safety,4.28,43
Haley Shutter,4.28,2
W7 Mx Uspfo Activity Ca Arng,4.28,2
Albatrans Inc. Nyc,4.28,1
Ait Worldwide Logistics S. De R.L.,4.28,2
T G Motors Inc.,4.28,2
Quinton Poitier Q & A Car Rental,4.279999999999999,4
Navistar Inc.,4.27,1
Cameron,4.26,2
Brazil Trading Ltda Rod. Gov. Mario,4.26,2
Shipley Bridge Garage Ltd.,4.26,4
Volkswagen Group France,4.26,2
Nj Mini Truck Llc,4.26,2
Denver Davis,4.26,6
Alegra Motorsports Llc,4.26,1
Jobs Auto Imp.,4.26,2
Crown Motors Ltd.,4.26,4
Tramec Sloan Llc,4.25,1
America In Motion Llc,4.24,2
Best Shipping,4.24,2
"Direct Service, Inc.",4.24,2
Evomarine Inc.,4.24,14
Roziyevshatlik,4.24,2
Sun Chemical Colombia S.A.S.,4.23,2
Cuttica 1862,4.22,2
Nextep Farms Llc,4.22,2
0022 Ag Co Plt A4 Postal P,4.22,2
Platinum Motors,4.22,2
Luxusautos Cars4 You,4.22,2
Stacks Logistics Inc.,4.21,3
Priano Marchelli Usa,4.21,7
Farnaval Llc,4.2,2
Vanlife Polynesia,4.2,2
Sgl Australia (Pty) ) Ltd.,4.2,2
National Van Lines,4.2,3
Donnawei,4.2,2
Gary Motors Inc.,4.18,2
Royalty Logistics Inc.,4.18,2
Cortes Industrialorganization,4.18,4
Beckon Entertaiment,4.18,1
L & V Coastline Taxi & Car Rentals,4.18,4
Glenn L. Lobas (Lchb) Customs And,4.18,2
Lanceauto Ltd.,4.18,4
Rsm Auto Co.,4.18,6
Platformgarage Imp. Ltd.,4.16,4
Miniso Goods Retail Llc.,4.16,2
Braeden Park,4.16,2
Viking Life Saving Equipment,4.16,18
Master Paints & Chemical Corp.,4.16,4
Cayago Americas Inc.,4.16,1
4 Slog,4.16,2
Overoceans Inc.,4.16,1
Nomads Nation Media Llc,4.16,1
Eduvigis A. Camacho Lora,4.15,14
Oak Trading Ltd.,4.14,2
Magna Mirror Systems Monterrey S.A.,4.14,2
Interport Pnw Llc,4.13,1
Mt Motor Trading Limitada,4.12,2
Sussex Car Centre Ltd.,4.12,2
Crown Motor Co.,4.12,2
Mitsubishi Motor Sales Of Caribbean,4.12,2
Mrg Design Llc,4.12,2
Wr Electric Handyman,4.12,13
The Catholic University Of America,4.12,2
Ecopackables Llc,4.12,2
Highend Auto Sale,4.12,4
Max Miller Autos,4.12,4
Cma Cgm Neva,4.119999999999999,15
Dole Fresh Fruit Co.,4.109999999999999,12
C & M,4.109999999999999,3
Royal Defender Imp.,4.1,2
Oaktrading Ltd.,4.1,2
Arkonik Llc,4.1,2
Triumph Airborne Structures,4.1,3
Sun Belle Inc.,4.1,1
Importadora Josua Paula Motors Srl .,4.1,2
Premium Car Rental,4.1,1
Alex Kouznetsov,4.08,2
Colt B Melte,4.08,1
Liberty Scrap Metal,4.08,2
Rogerville Entrepot Manutention,4.08,2
Classic Minicoopers Of Miami,4.08,6
Kline America Inc.,4.08,4
B Pro Auto Ltd. Decan Mccaw,4.08,2
Felix Trucking Co.,4.08,2
Minsu Park,4.08,2
Hess Coporation,4.08,1
Tsi Mitchopat,4.08,1
Wwtai Airopco 1 Bermuda Ltd.,4.08,2
Triple A Imp.,4.08,4
Flash Car Rentals And Sales,4.0600000000000005,4
Michelle House,4.06,1
Igm Gumruk Musavirligi Ltd.Sti,4.06,2
Gordon Motor Cars Llc,4.06,6
Tsukurukougei Inc.,4.06,2
Luis Amaury Jose Volquez,4.05,23
Victoria Branch,4.05,1
Abb Marine And Ports,4.04,9
C Y R Auto Imp.,4.04,2
0592 Od Co A1 Rear Det,4.04,2
Sterlin Bethel,4.04,4
Susithdunukara,4.04,2
Draco Freight Logistics Corp.,4.04,2
Dovydas Strasunskas Cars Sf,4.04,2
Kyrsys Sierra Arenas,4.04,2
Scott Oncken,4.04,2
Fangguo,4.04,2
Aduana International,4.03,2
Itw Food Equipment Group,4.029999999999999,5
In Motion Auto Imp.,4.0200000000000005,4
Uniflex Of America Llc,4.02,2
"Rokkey Co., Ltd. 1 18 1 Magamoto",4.02,2
Norton Lilly Intertional,4.02,1
Nomadic Van Sun Vally,4.02,2
Advantage Fleet And Auto Ltd.,4.02,2
Weilichen,4.02,2
Acero De Leeco S De R.L. De C.V.,4.01,1
Latesha Black,4.01,2
Cliff Berry Incp.O. Box 13079,4.01,1
The Chiller Ltd.,4.0,2
Bci Buckeye Corrugated,4.0,3
Stellamar,4.0,1
W F Auto Imp. Srl,4.0,2
Extra Measure Enterprises Llc No Filter,4.0,1
Envirocars Llc,4.0,2
Mak Americas Inc.,4.0,1
Oversea Ship Services,4.0,1
Importadora Exportadora Varomo,4.0,2
Selden Mast Inc.,4.0,2
Hamilton Carriers Inc.,4.0,2
Sky Top Holdings Uk Ltd.,4.0,2
Tj Ocean Rentals Dba Budget Rent A,4.0,2
Borgwarner Pds Anderson Itc,4.0,1
Foodeez,3.99,1
Maximilian Behrens Behrens Racing,3.98,2
Linfengliu,3.98,2
Robertshewell,3.98,2
Defender Black Ops,3.98,2
Jgz And Co Llc,3.98,2
Nh Karcasa Auto Imp. Srl .,3.98,2
A Hq Logistics Inc.,3.98,2
The Goverment Of The Virgin Islands,3.97,1
Nigatake Enterprises Ltda,3.96,2
Iconisus Llc,3.96,2
L3 Dfx Llc,3.96,23
Dana Spicer Axle South Africa,3.96,2
Diversified Services,3.96,3
S And S Auto Group Inc.,3.96,2
Lukas Rusnak Ceva Logistics,3.96,2
Kharim Walters (Aquam Tech),3.96,2
Aldrich Cleark,3.96,2
South Florida Defenders Llc Attn S,3.96,2
1 St Penguin Shipping Ltd.,3.96,2
Grzegorz Moc,3.94,2
C&H Technology Inc.,3.94,1
Startz,3.94,2
Carkoi Sas,3.94,4
Sebastien Doucet Emerald City Motor,3.94,2
Super Plastico Inc.,3.94,9
Eps America,3.93,1
Alco High Tech Plastic Inc.,3.9299999999999997,12
Wallenius Wilhelmsen,3.92,2
Pak Auto Imp. & Exp. Srl,3.92,2
Cxc Simulation Llc,3.92,2
Tailor Made,3.91,7
M T Chem Cobalt,3.9,4
Curry's Enterprises Llc,3.9,1
Allison Shipping International Inc.,3.9,2
Automotores Jimenez Andujar Srl .,3.9,2
Sky Solar And Power,3.9,2
Heavylift Services,3.9,1
Medina Garcia Auto Imp. Srl,3.9,2
Freight Forwarders & Logistics Serv,3.9,2
Car Investment Belgium Bvba,3.9,2
Vertrack Del Caribe Vdc Srl,3.9,2
Hrh Imp.,3.9,2
Interport Freight Systems Inc.,3.8899999999999997,3
Jp Custom Metals Inc.,3.8800000000000003,4
Telecommunications Regulatory,3.88,2
Corporacion Reyes Y Negi Groups Srl,3.88,2
Heights (Uk) Inc.,3.88,4
Auto Gallery Of Everett,3.88,2
La Dubz Llc,3.88,4
Justin Alexander Peplowski,3.88,4
Bulk Ship Management,3.88,10
"Dakwah Lau Logistics Co., Ltd.",3.88,4
Iberian Llc,3.88,2
Traeger Brothers,3.87,1
Xbs Properties Llc Starz Hotel,3.8600000000000003,2
Capital Logistic Tnternational,3.86,2
Juan Pagan Caraballo,3.86,4
Cy Gabourie,3.86,2
Texas Direct Tires Llc,3.86,4
Ranooka,3.86,2
Us Customs & Border Prote,3.86,2
Shacola Clay,3.86,2
Cis Global Llc,3.85,2
Cjh Inc.,3.85,1
Global Engine Stands Inc.,3.85,1
9250 7987 Quebec Inc. Numero 1,3.84,2
Cornerstone Partners Llc,3.84,4
Adventure Golf & Sports,3.84,4
Vintage Improcar Corp.,3.84,2
Caribbean Auto Terminal Ltd.,3.84,2
Seawater Pro Llc,3.84,1
Top Traders Inc.,3.84,2
Botre,3.84,2
Dbc Marine Safety Systems,3.84,1
Maroun Investment Inc. Dba Txtcharli,3.8200000000000003,4
Heather House,3.82,2
Brand Energy & Infraestructure,3.82,2
National Oilwekk Varco L P,3.82,1
Yv Autos Ltd.,3.82,2
Mvm Solution Ltd.,3.82,2
Insub Jeong,3.82,2
Lance Robinson Outland Defender Co.,3.82,2
Exel,3.81,1
Freedom Fresh,3.81,3
Geislinger Gmb H,3.8,1
Sapphire Imp. & Exp.,3.8,4
Fl Direct Inc.,3.8,2
Cohen Stanley,3.8,2
Moog Usa Inc.,3.8,1
Bunker Savannah,3.8,2
Symphony Gardiner,3.8,2
Tw Imp.,3.78,2
Carlitos Auto Imp.,3.78,2
Tiffany Tra Wood,3.78,2
Kelvin Mcdowells Exclusive Car Re,3.78,2
Illinois Puckett Johnson,3.78,2
Andersen Material Handling,3.77,2
Arial Trobaugh,3.77,1
Caribe Compostables,3.77,5
Sky Green Commercial Air Conditioni,3.7600000000000002,8
Customs And Border Protection,3.76,2
J Benton Constuction Stt,3.76,2
Crystal Clear H20,3.76,2
Delfin R Hontanosas,3.76,2
Hassan Nazeer Ltd.,3.76,2
Apollo Ship Chandlers,3.76,5
Patricio Imp. Y Exp. Be Lu Cars Sp A,3.76,2
Johnson Controls France,3.75,2
Jr Angeles Autos Srl,3.74,2
Taj Motors,3.74,2
Alemar Bamba,3.74,2
John Deere Parts Distribution,3.74,4
D' Rose Beauty Center Llc.,3.74,4
Potlatch Club,3.74,2
W804 Sp,3.74,1
Casas Truck S.A,3.74,2
Cma Cgm Nashville,3.74,2
Mt Performance Usa Inc.,3.74,4
X1 Consulting Llc,3.72,2
Back Office Consulting S.A,3.72,2
Authomas Imp. Exp. Limitada,3.72,2
W58 N7 M,3.72,2
"Peter Fox Construction Co., Ltd.",3.72,2
Subcom Llc,3.7199999999999998,3
Demaco Trading Corp.,3.71,3
United Ship Supply Warehoise,3.71,5
Complete Marine Freight,3.7,2
Bree Dail,3.7,2
Uni Auto Services Imp. Srl .,3.7,2
Hozon Auto Mexico S. De R.L.,3.7,2
Ramps Logistics Llc,3.7,1
Grenzebach,3.7,2
Deac Auto Imp. Srl,3.7,2
Captain Shark's Marine Center,3.7,1
Navistar,3.69,1
"Ug Co., Ltd.",3.68,2
Baobab Commercial Supply,3.68,2
Lili Ge,3.68,2
Rafael J.Nido Inc.,3.68,1
Berry Glo,3.68,1
David Mcgovern,3.68,2
Sunbelt,3.67,1
Ups Ocean Freight Services Inc. Fm,3.67,1
Ussc Llc,3.67,1
Lotus Spirits Inc.,3.66,4
Imcd Pr,3.66,1
Pacific Consulting Llc,3.66,2
Cook Ham Classics Ltd.,3.66,2
Bombardier Aero Sp A Ce Inc.,3.66,1
Lafitte Corck And Capsule,3.65,2
Autoliv Asp Inc.,3.64,1
Ceva Air And Ocean New Zealand Lt,3.64,2
Markallen,3.64,4
Rasmoco Ltd.,3.64,4
Jdm Offroad Brian Cox,3.64,4
Derichebourg Recycling Usa,3.64,2
Gosselin Suisse Sa,3.6399999999999997,2
Triangle Logistic Bv,3.63,1
W0 Ml Usa Dep Tobyhanna,3.63,1
American Yacht Agents,3.63,1
No Ltd. Staging Llc,3.63,1
Caribbean Sails & Rigging Llc.,3.62,2
Cleveland Telemacque,3.62,2
Deepblue Yacht Ltd.,3.62,2
Hydroforce,3.62,2
Avis Rent A Car System,3.62,2
Wagner Spray Tech Corp,3.61,1
Sima Maritime,3.61,6
Tan Memora,3.6,2
Pye Kywe,3.6,2
Dometic Germany Holding Gmb H,3.6,2
Kevin Hanna,3.6,2
Hyundai Motor America (Hma),3.6,2
Calmcar Vision Systems,3.6,2
Tecnavi Srl,3.6,2
Bj Services Do Brasil Ltda,3.6,2
"Derek L. Wang Co., Ltd.",3.6,1
Savong Nuth,3.6,2
Millecento Consominium Association,3.6,1
Auto Shoppers Inc.,3.6,2
Hermanos Marte Estrella Auto Imp.,3.6,2
Scw Preformance,3.6,2
Les Stover,3.6,1
Zona Cochrane,3.6,2
Joes Classic Cruisers Llc,3.6,2
Nonstop Imp. Llc,3.6,2
Sonnel Browne,3.59,2
Compak America Llc,3.58,2
Bericap North America,3.58,2
Idris Auto,3.58,2
Felo Auto Sales,3.58,2
Pgt Industries,3.58,1
Larryjohnson,3.57,1
Expro Americas,3.56,1
Ebenezers Motorsports Llc,3.56,2
Xaler Systems Llc,3.56,2
Importadora Y Exportadora William,3.56,2
Doug Snow,3.56,2
Serrort Auto Srl,3.56,2
"Lap Co., Ltd.",3.56,2
Goya De Puerto Rico Inc.,3.55,3
Cma Cgm Maupassant 2739 Signal Parkway,3.55,7
Dixon Smith Associates,3.54,2
Trident Maritime Systems,3.54,3
Assit Air Cargo,3.54,2
Jay's Auto Imp.,3.54,2
J2 Trading Llc,3.54,2
Jaca & Sierra Testing Laboratories,3.54,6
Auto Serve Car Sales Ltd.,3.54,2
Sweetery Corp.,3.54,2
Contitech Thermopol Llc,3.54,2
Morgan West,3.5200000000000005,4
Wartsila Norway As Rubbestadneset,3.52,1
Dodaac W5011 G,3.52,1
Giesecke Devrient Currency,3.52,4
Inversiones Breddy Auto Imp. Srl,3.52,2
Vy Tran,3.52,2
Pacific Imp. Vehicles Llc,3.52,4
Alto Shaam,3.51,2
Ddp Specialty Electronic,3.51,3
Ari Armaturen Usa Lp,3.51,2
Florida Distribuition Grand Pr Inc.,3.5,1
Pieda Alliance Llc,3.5,2
M D Building Products Inc.,3.5,1
I.S.Y. Design Inc.,3.5,1
Collado Motors Srl,3.5,2
Formtechnic Swh Precision Inc.,3.5,1
Building,3.5,1
Quality Services Ltd.,3.5,2
Amatrans,3.5,2
Wtv Overland Llc,3.5,1
Clean Harbors,3.49,2
First Gear Project,3.48,2
Van Stev Sp Z O O Sp K,3.48,2
Importadora Y Exportadora Carlos Az,3.48,2
Onespa World Ltd. Concession,3.48,62
Business Consultants International,3.48,7
Carnival Elation,3.47,37
Aesseal Inc.,3.47,1
Francis Herrera Auto Imp. Srl,3.46,2
Sgs Trading Usa Llc,3.46,2
Fj Colusa Inc.,3.46,2
W1 A8 Dla Disttobyanna W25 G1 W,3.46,2
Km3 Design Llc,3.46,2
Syston Mpv Ltd.,3.46,2
Stonington Imp. Llc,3.46,4
Island Productions,3.45,3
Arc Surveying & Mapping Inc.,3.45,1
Arena,3.45,1
Mvm Solutions Ltd. Uk,3.44,2
Rogal Construccion Corp.,3.44,2
Starboard Distribution Center,3.43,71
El Platanal,3.4200000000000004,6
Stoportis Autos Srl,3.42,4
Dakota Ford,3.42,2
Rolito Academia,3.42,2
Jasonlatrace,3.42,2
Estes Point Development Llc,3.42,2
Unimix Solutions Llc,3.42,1
Hueelectric Inc.,3.42,2
Robert Marley,3.42,4
Taps Charleston Assembly,3.41,3
Luxor Cars Usa Llc.,3.4,2
M T Chem Mercury,3.4,2
Confetti And Fog Fx Inc. Charter,3.4,1
Authority Imp. Inc.,3.4,2
Solivan Racing Logistics,3.4,2
Cote D'or Imp. Usa,3.4,1
Euro Imp. Llc,3.4,2
Prysmian Cables And Systems Usa Llc,3.4,1
N Comokenyata,3.4,2
Rybovich Boat Co. Llc,3.4,2
West Coast Ship Supply,3.39,4
Plaber America Inc.,3.38,1
Autofit Dornheim V Kerasidis,3.38,2
Surlepont Garage,3.38,2
Embajada De Corea En La Republica,3.38,2
Jdmotoring Inc.,3.38,2
Rabbio Ng. 1191 Stag Hollow,3.38,2
Global Logistic Group Gmb H,3.38,2
Zimmermann (Usa) Inc.,3.38,2
Yuchenwang,3.38,2
Co. Name Rabbio Ng,3.38,2
Bellyjoe O Kirong,3.38,2
Capital Logistics International,3.38,2
Garlon E Rolle,3.36,2
Jdm Connection Inc.,3.36,2
Florida Trailer Mfg. Corp.,3.36,2
Setna Io,3.36,1
Rod Lynch,3.36,2
Borgwarner Propulsion Systems Llc,3.36,1
Imp. Exp. Danny Ltd.,3.36,2
Sentia Roberts,3.36,2
Iconisus,3.36,2
Christi Brown,3.36,2
New Shipper,3.36,2
Triple B Erterprise Bahamas,3.36,2
Sipac Papeete,3.35,1
Cm Contract,3.35,8
Hunter Hood,3.35,1
Jawun North,3.35,1
Api Usa,3.3499999999999996,7
Martial Lesage,3.34,2
Supernova Cars Maurycy Kochanski,3.34,2
Zawawi Trading Co.Llc.,3.34,2
Zaire's Pastry,3.34,2
Bluchip Direct,3.34,4
Cargocom Inc.,3.34,11
Jerard Nixon Preserve Plus Servic,3.34,2
Chauto Corp.,3.34,2
Saak Dischyan,3.34,2
Saza Auto Group,3.34,2
Jdm Engine Shop Va Inc.,3.34,2
Msc Meraviglia,3.33,17
Greggs Marine Interiors Ltd.,3.33,2
Gs Operating Llc Dba Gexpro Service,3.33,2
Hamilton Piano Co.,3.3200000000000003,4
Berlies Car Rentals,3.32,2
Logistique Et Transit Martin,3.32,2
Alfa Laval Fresno Service Center,3.32,1
Bermudez Longo Diaz Masso Llc,3.32,6
S A Business Enterprise Ltd.,3.32,2
Simplified Lending,3.32,2
Johnson India N.,3.32,2
Cervecera De Pr Inc.,3.32,2
Technip Theodore Spoolbase,3.3100000000000005,4
Carnival Magic,3.31,30
Wartsila Canada Inc. Marine & Energy,3.3000000000000003,2
Todol Products Inc.,3.3000000000000003,4
Sanuki Corp.,3.3,2
Racall Bell,3.3,2
Shawnigan Lake School,3.3,4
715 Motor Haus,3.3,2
Rotarian Dzhoni,3.3,2
Treca Whymns,3.3,2
Inet Jamaica Ltd.,3.3,2
Vision Motorsports Inc. Gavin Pizzo,3.3,2
Darrell Hobbs Offroad Autoplex Ll,3.3,2
Nickel City Surplus Inc.,3.3,2
Tk Elevator Mfg.,3.3,1
Carnival Pride,3.29,30
Pathcon Laboratories,3.29,199
Carnival At Centergate Warehouse,3.28,2
Ofv,3.28,1
Gac Motor Mexico S.De Rl. De C.V,3.28,2
Prospeed,3.28,2
Fulmar Explorer,3.27,6
Cma Cgm Maupassant,3.27,15
Toyota Of St. Thomas,3.27,1
Phoenix International Holdings Inc.,3.2600000000000002,3
Bcs Automotive Interfacce Solutions,3.2600000000000002,2
Cheyenne L Brookfield,3.26,4
Beyond Limits Imp.,3.26,2
Ui Szafarzy 5,3.26,2
Z30 Concepts Llc (Rene A. Molnar),3.26,2
Christopher Smith,3.25,2
Torq Llc,3.24,2
Coca Cola Pr Bottlers,3.24,6
Hoheplate Ug & Co Kg,3.24,2
Universal Warehouse Inc.,3.24,4
Max Medica,3.24,2
Excellency Motors Ltd.,3.24,2
Cazoon Ltd.,3.24,2
Rita Corporation,3.24,1
Novo Nordisk Inc.,3.24,2
Carucci Casa,3.23,1
Suddath Relocation Systems,3.23,2
Ptr Holland Houston,3.23,4
Martin Imp. Llc,3.22,2
Fosber America Inc.,3.22,1
Shield Cars Ltd.,3.22,2
Frank Felix Auto Srl,3.22,2
La Data D. Rahming,3.22,2
Kolks Gmb H,3.22,2
Daryl Pinder Trading As Bread Of Li,3.22,2
Mtndewds Distribution Inc.,3.22,1
Almonte Auto Imp. Srl .,3.22,2
Alpha Mar Imw,3.22,7
Waterfront Maritime Servics,3.2199999999999998,8
Pleiades Shipping Agents Sa,3.21,29
Vision Motorsports Inc. Scott Holm,3.2,2
Sage Parts Mem 2,3.2,1
Teddy Figueroa Portillo,3.2,12
Leidos Security Detection & Automat,3.2,2
Marneasia Stubbs,3.2,2
Patina Collective,3.2,2
World Direct Shipping Llc,3.2,2
Landy Customs,3.2,2
Sulzer Ems Services (Us) Inc.,3.2,1
Mb Rental,3.2,2
Vision Motorsports Inc. Ming Hang,3.2,2
The Fort Garden Center Ltd.,3.2,6
Ph Car Sales,3.2,2
Hoegh Autoliners Sas Pc Marmedsa,3.2,2
Topflight Mechanical Services Llc,3.2,1
Imperial Dade Cruise Division,3.19,3
Zf Chassis Systems Tuscaloosa Llc,3.19,1
Framo Houston Inc.,3.18,10
0492 Ag Co Hr Hq,3.18,1
Sia,3.18,2
Auto Sport East Inc.,3.18,2
Dal Auto Imp. Srl,3.18,2
Mi Compra Llc,3.18,3
Fuel Required Llc,3.18,2
Collins Aerospace,3.18,2
Stealth Transport Group,3.18,1
Omni. Care,3.18,4
Timur Kapp,3.18,2
Agencia Maritima Espanola Evge,3.18,2
Inside Edge Commercial Interio,3.18,2
United Boats Parts Liquidators,3.18,1
W8131 A,3.18,1
Quality Auto & Equipment,3.18,1
Propper International Inc.,3.1799999999999997,8
Granite State Importsllc,3.1799999999999997,4
Zafacones Soterrados Ramos Inc.,3.17,3
Rsa Works,3.17,1
Hunter Foods,3.17,5
Bahamas Wholesale Auto,3.16,2
Tech Marine Systems,3.16,5
Used Jdm Engine Inc.,3.16,3
Earth Mappers Llc Attn Jeff,3.16,2
Aureen Richardson And Emris Rogers,3.16,2
Americas Imp. & Exp. .,3.16,4
France Wood,3.16,2
Direct Imp. Antonio J Wallace,3.16,2
Abell Auction Co.,3.16,2
Dms & Jdm Imp. Ltd.,3.16,2
Paulo Moncores,3.16,2
Avenida Charles De Gaulle #03 Plaza,3.16,2
Name Mud Hog Mini Trucks,3.16,4
Spears Cars & Imp. Ltd.,3.16,2
Cris Guns,3.1500000000000004,3
Sv Business Group,3.15,1
Gerolamo Scorza Sp A,3.15,2
Importadora Exportadora Automotora,3.14,2
Dcg Motors,3.14,2
S & C Corp. Srl,3.14,2
Elvin Auto Parts Srl,3.14,2
Medrano Almonte Auto Imp.,3.14,2
Paladar Mfg Inc.,3.14,2
Yankee Motors Auto Imp. Srl,3.14,2
Co. Name Ansarakram,3.14,2
Affordableluxury Cars,3.14,2
Imp. Y Exp. De Vehiculos Usados Jap,3.14,2
Serenity Recycling Llc,3.14,1
Marioff Hifog High Seas Trading,3.14,3
Nilton Grand Maison Da Fonseca,3.14,2
Nvent Hoffman Anoka Enc,3.1399999999999997,3
Mhw Ltd.,3.1399999999999997,2
South Florida Mastercraft,3.13,1
Terrence Macdonna Of Parts Haven N,3.12,2
Autovise Auto Imp.,3.12,2
Y3 Pm Global Ug,3.12,2
Hcc Car Imp.,3.12,2
Worldwideauto Imp. & Exp. Llc,3.12,2
Rb26 Imp. Llc,3.12,2
Ali Alim,3.12,2
Stormont Holdings Llc,3.12,2
Vision Motorsports Inc. Edgar Soto,3.12,2
Ebro Armaturen Usa,3.11,1
Triple B Forwarders,3.11,1
Imp. Exp. Nelsonfreddy Diaz Lopez O,3.1,2
Cliff Ikeda Ikeda Enterprises Llc,3.1,2
Arai Motor Sport . Ltd.,3.1,2
Innoaim Sp Z O O,3.1,2
7000 Rpm Ltd.,3.1,2
Agropur Inc.,3.1,1
Imp. Exp. Mc Ltda,3.1,2
Sheca Marica Cochrane,3.1,2
Kemica Browne,3.1,2
Lotus Wheels Ltd.,3.1,2
Brown Entertainment International,3.0999999999999996,4
Fit Automotive,3.0999999999999996,4
Hawk Bp Enterprises Llc,3.09,2
Ahle Investment Group Llc,3.09,3
The Sponge Warehouse,3.09,4
Supermercado Juquilita Inc.,3.08,2
Tools Hardware And Supplies,3.08,2
Sqn Ldr Gareth Cothill Uk Aswc,3.08,2
Vision Motorsports Inc. Mauricio,3.08,2
Cameron Mitchell Ccm Auto,3.08,2
Southwest Auto Group,3.08,2
Mckinney Bancroft & Hughes,3.08,2
United Imp. Inc. Michal Piersztel,3.08,2
Cma Cgm Leo,3.08,7
Vision Motorsports Inc. Ibtihaj Ah,3.08,2
J H Design Llc,3.08,4
Exclusive Imp.,3.08,2
F & F Ltd. The Delphi Club,3.08,4
1000146351 Ontario Inc.,3.08,2
Turnbulls Funeral Home,3.08,1
Sea Walker Media Corp.,3.08,1
True Kaizen Inc.,3.08,4
Lb Foster,3.08,2
Latina Constant,3.08,2
Stel Marine Srl,3.07,6
Lakeside Camper Conversions Ltd.,3.06,2
J & M Auto Source,3.06,4
Gallardo Llc,3.06,2
Silicon Rapid Arc Welding Contracti,3.06,1
P&L Corp. Dba Label Graphic Caribe,3.06,2
Omnilin Llc,3.06,2
Roam Yan,3.06,2
Methodauto Group Llc,3.06,4
X Co.,3.06,1
Rgb Electrical Services Supplies,3.05,1
Lighthouse Shipping Agency,3.04,5
Alimentos Liquidos Industriales,3.04,2
Mr Luis Co.,3.04,2
Anfi Transportation Inc.,3.04,2
Evil Raccoons Gbr,3.04,2
Kao Collins Inc.,3.04,5
Germain Murrain Communication And W,3.04,2
Allied Internatio,3.0300000000000002,2
Commercial Beverage & Galley,3.03,52
Zhaoying Sun,3.02,2
Shini Construction Corp.,3.02,1
Eccentric Cars Co. Kevin Lee,3.02,2
Midland,3.02,1
Clint Nation,3.02,2
Fmc Technologies Inc. Surface Ame,3.02,1
Island Hop Dental Repairs Lex Foun,3.02,2
Lux Vehicles Ltd.,3.02,2
Pochino L Scavella Salty Pond,3.02,2
1130 Fi Det Det Aa Rear Det,3.02,2
Apex Mbh Group Llc,3.02,4
Oceanus Maritime Services,3.02,2
C. Nelson Mfg. Co.,3.02,1
Nexo Tecnico Corp.,3.02,2
Priority Imp. Consultation & Shi,3.02,2
Battelle Memorial Institute,3.01,1
Union Atlantic Cargo Llc,3.01,1
Oliner Fibre Co Inc.,3.01,1
Lh Business Group Llc,3.0,2
Co. Name Yiming Guo,3.0,2
Surge Sail Racing Llc,3.0,2
Accelleron Industries Houston Angi,3.0,1
Cole International,3.0,2
Sevenstar Yacht Transport Uk,3.0,2
Diamonette Party Rentals,3.0,1
Mladen S Batinovic,3.0,2
Fotios Dionisopoulos,3.0,2
Big Country Labs Llc,3.0,2
Wagenborg Shipping,3.0,2
Advance Auto Mall Group Corp.,3.0,2
Stericucle,3.0,1
Flv Design Llc,3.0,2
Cma Cgm Florida,3.0,11
Near East Shipping Agency Sa Yakin,3.0,2
Bellingrodt Creation Corp.,3.0,2
Bluestone S.A.M,3.0,1
Georgia Stavropoulos,3.0,2
Advetec Uk,3.0,1
Camper Logic,3.0,2
Interiors Idea Srl,3.0,2
Baobab Commercial Supply Llc,2.99,1
Sms International Shore Ops,2.9899999999999998,10
Dsrepp Motorsports Llc.,2.98,2
Cor Motorcars,2.98,2
Wistar Motors Inc.,2.98,2
Ibrahim Investments Llc,2.98,2
Alonza Gmb H,2.98,2
Huco Sales Imp. & Rentals,2.98,2
Jensen And Charles Inc.,2.98,2
Uberballercorporation,2.98,2
Method Auto Groupllc,2.98,2
Majortechnix,2.98,2
Cristhian Rene Martinez Ruiz Diaz,2.98,2
Rafelito Punta De Eje,2.98,2
Transfer To Sister Ship,2.98,1
Ccl Legend,2.97,1
Wilkerson Co Inc.,2.9699999999999998,2
Mks Car Rental,2.96,2
R And R Imp.,2.96,2
Japanese Mini Trucks Imp. Llc,2.96,2
Savannahblandford,2.96,2
Garrett Power,2.96,2
Roamer Llc,2.96,2
Colt Struckmeyer,2.96,2
Keiken Imp. Llc One Up Llc,2.96,2
Tekin Jdm Imp.,2.96,2
My Car Corp.,2.96,2
Rank1 Industries Llc,2.96,2
Geno Williams,2.96,2
Coyle Peace S.,2.96,2
Jannat Ventures Ltd.,2.96,2
0082 Av Hhc Hhc Combat Avn,2.95,1
Morivivi Llc,2.95,8
Dauerflora Usa Hellmann,2.95,2
W917 Gc,2.95,2
Sociedad Figueroa Y Mora Compania,2.94,2
Keira White,2.94,2
Alexusgrant,2.94,2
Dba Bulara Automotive Ltd.,2.94,2
Salines And Co.,2.94,1
Abilene Tx Us 79602,2.94,2
Stjohns Ship Building,2.94,1
Trash Doctors,2.94,3
Mint Co Imp.,2.94,2
Maqs Motors,2.94,4
Enerpac Tool Center,2.94,1
Bulbous Environmental & Logistics,2.93,9
Wayne Fueling Systems Llc Dba Dover,2.93,2
Aaa Auto,2.92,2
Mat Latos,2.92,2
Accesorios Importados,2.92,2
Cmp Products Texas Inc.,2.92,2
Chevalier Place Jr,2.92,2
Fifthgear Fenton Ltd.,2.92,2
America S Imp. & Exp. . Ast.,2.92,2
Kelly Tractor Co.,2.92,1
Alex Tripunov,2.92,2
Jatt Motors Ltd.,2.92,2
Decarveus Madison,2.91,1
Axmed Xussen Cali,2.9,2
Vision Motorsport Inc. John Prentic,2.9,2
Gasco Garage,2.9,2
Danmar Logistics Bvba,2.9,2
Metro Motors Stt,2.9,1
Aplus Alliance Ltd.,2.9,2
Countess Miller,2.9,2
Cavalier Logistics,2.9,2
Global Autosales Ltd.,2.9,2
Marriott Vacation Club Group,2.8999999999999995,3
Elster American Meter Llc,2.89,1
Fillette Green Shipping Services,2.89,58
Sam Cadogan,2.88,2
O And G Corp.,2.88,8
Carnival Mardi Gras,2.88,21
Atlasvan Lines International,2.88,2
Puerto Rico Rolling Doors Inc.,2.88,2
Vision Motorsports Inc. Axel Luca,2.88,2
Cheriz Jr. Imipono Macion Musico,2.88,2
Trico Products Corp.,2.88,2
Nef Development & Consulting,2.88,4
James Hardie Building Products,2.88,2
Habanacuba Cigars Distributor,2.88,2
Van's Aircraft Inc.,2.87,1
Distribution Marleau,2.86,2
Sud Americana Corporacion Srl,2.86,2
Jovanny,2.86,2
Dakotahood,2.86,2
Vision Motorsports Tahsin Syeed,2.86,2
Vision Motorsports Inc. Keion J Best,2.86,2
Electric Rodeo,2.86,1
Intec Racing L.L.C.,2.86,2
Three Garage Llc,2.86,2
Donoghue & Co. Llc. 621,2.86,4
Autoland Hi A,2.86,2
Drift99 Motors Ltd.,2.86,2
Roamer Llc Attn Michael Mcgovern,2.86,2
W & J Carrentals & Sales,2.85,3
Majestic Princess,2.85,29
Subtle Jdm Llc,2.84,2
North Caribe Imp. Of Puerto Rico,2.84,4
Haban Enterprise Llc,2.84,4
Texas Direct Imp.,2.84,2
Straightline Logistics,2.84,1
Ashley Pichardo Portes,2.84,24
Keyz Rent A Car & Auto Sales,2.84,3
Saskcars Auto Ltd. Noel Isorena,2.84,2
Vision Motorsports Inc. Frank Dar,2.84,2
Minha Trading Llc,2.84,4
Wilhelmsen Marine Products,2.83,5
Sunrise Point Co.,2.83,3
Roxfox Media Inc.,2.8200000000000003,2
Transportation Services Internation,2.8200000000000003,3
Globalauto Sells,2.82,2
Ambassadorial Taxi Tours & Limousin,2.82,1
Mouhcine Belhamra,2.82,2
Nathaniel Smith D.B.A. Toccoa Valle,2.82,2
Lizard Auto Exp.,2.82,2
Singer Vehicle Design,2.82,2
Francis Ulerio Auto Imp. Srl,2.82,2
Leighton Kano,2.82,2
Vision Motorsports Inc. William M,2.82,2
Ahmed Transport & Trading Ltd.,2.82,2
Tupperware Us. Inc.,2.82,2
Kiss Media Group Ltd.,2.81,1
Holistic Holiday At Sea,2.81,1
Olympus Marine,2.81,9
Innovaciones Psicoeducativas Inc.,2.8000000000000003,6
44 Solaris Llc,2.8,1
Messer General Gases Puerto Rico,2.8,2
X Shore Americas Inc.,2.8,1
United States Postal Services (Sju),2.8,2
Jm Texas Motorgroup Llc,2.8,2
Ellevi Interiors Srl,2.8,3
Peachtree Rides Inc.,2.8,1
Luis Nieves Alvarez,2.8,4
Yijunjin,2.8,2
Da Yummy Llc,2.8,1
Mj Racing Llc,2.8,1
Ingersoll Rand Dock 29,2.79,2
Pareto Aluminium System Llc,2.79,2
Lth Baas As,2.7800000000000002,4
Electra Solutions Group Llc,2.78,1
K&J Japanese Vehicles,2.78,2
Malik And Sons Trading Corp.,2.78,2
Intl Graphics Llc,2.78,2
Dvaros Newman,2.78,2
13550192 Canada Inc.,2.78,2
Lake Wales Used Auto Parts Llc,2.78,2
Incircle Business Development Inc.,2.78,2
Noram Engineering Bc,2.78,2
Dalton Motors Ltd.,2.78,2
Creative Co Op Inc.,2.77,1
Fluid Hose Coupling Inc.,2.77,1
Ziggys Auto Sale Inc.,2.76,2
Dream Motors,2.76,2
Two Brothers Auto Group Inc.,2.76,2
Hurst Cars Ltd.,2.76,2
Jlkcars Ltd.,2.76,2
Solgar New Zealand Ltd.,2.76,2
Kzsimports Llc,2.76,2
Schumacher Cargo Logistics Inc.,2.76,2
Cars 4 Days,2.76,2
Apex Auto Solutions,2.76,2
Pro Level Rental Llc,2.76,1
A1 Car Sales Ltd.,2.76,2
Forwarding Minfer & Logistics,2.74,2
Greenworld Car Group Ltd.,2.74,2
Unique Motors And Tires,2.74,2
Port Cargo & Logistics Llc,2.74,5
Baysideauto,2.74,2
Dhl Global Forwarding Colombia Ltda,2.74,2
Valrhona Inc.,2.73,4
Christian Reflogal,2.73,2
Bollore Logistics France,2.72,2
Bailey Cummins,2.72,2
Bailey Waste Management & Delivery,2.72,1
Dl Cars Srl (Rnc 132088948),2.72,2
Beautylicious Supplies Beyond,2.72,5
Morky Auto Imp. Inc.,2.72,2
Kendric D Spain,2.72,2
Zeller Gmelin Printing Inc.,2.72,1
Mv Carnival Radiance,2.71,5
Carnival Vista,2.71,35
Red Hospitaliy Transportation Llc,2.71,1
Sam Loomis,2.7,2
Grapplers Escape Group,2.7,1
Best Choice Hire Ltd.,2.7,2
Insidesource Receiving,2.7,3
Stone Mountain Access System Inc.,2.7,2
Wilhelmsen Service,2.7,6
Act Enviro Hazardous Waste Disposal,2.7,1
Vision Motorsports Inc. Elioenai,2.7,2
Deep Ocean Resources Development Co.,2.7,6
Discovery Princess,2.7,29
Tongo Motors Ltd.,2.7,2
Burris Optics,2.7,3
Imadul,2.7,2
Machinist Inc.,2.7,1
Colfor Mfg. Inc.,2.69,2
Aggreko,2.69,1
Ensign Corp.,2.69,2
Cosdel International Co. Inc.,2.68,2
Estee Lauder Companies Inc.,2.68,4
Ste Salid Sarl,2.68,1
Ellwood Mill Products,2.68,2
De Wave,2.68,4
Editorial Panamericana Inc.,2.68,2
Mitsab Inc.,2.68,2
Kuruma Trader S R O,2.68,2
Priority Roro Services,2.68,2
Tfmarine Inc.,2.6700000000000004,19
David Jones,2.67,1
Odice Llc Ctc Receiving P 706 557,2.67,1
Tes Electric Us Llc,2.67,2
Wilhelmsen Ship Service Galveston,2.66,6
Brendanworcester,2.66,2
Autong Inc.,2.66,2
Leewalker,2.66,2
Sonic Net Inc.,2.66,1
Martin Martinez Vision Motorsport,2.66,2
Carnival At Centergate,2.66,3
Wilhemsen,2.65,9
Carnival Venezia,2.65,31
Allports Imp. Exp. Inc.,2.65,1
Wow Auto Sales Address,2.64,2
Zeblo Ventures Llc,2.64,1
Chance Wirey,2.64,1
Eagle 4,2.64,1
Michael J.Enrico,2.64,4
Carisbrooke Shipping,2.64,1
Al Hayes Motors Ltd.,2.64,2
Wheels And Deals Ltd.,2.64,2
0166 Md Tm Tm Aa Rear Det,2.64,2
One Sp A World Co Carnival Cruise,2.64,1
Euro World Design Inc.,2.64,2
Alan Mears Car Sales Ltd.,2.64,2
Unlimited Motors,2.62,2
Sobel Shipping Co. Inc.,2.62,2
Onego Shipping & Chartering,2.62,6
Cruise Line Agencies Of Alaska,2.62,54
Apac Group Ltd.,2.61,1
Msc Industrial Supply,2.61,2
Yonder Holdings Ltd.,2.61,2
Gallo Glass,2.61,1
Mercury Marine,2.6,1
Elenteny Imp. For Ldm Wines,2.6,1
Lazy Horse Media,2.6,2
Agilent Technologies,2.6,1
Dustinyates,2.6,1
Bunker One Usa Inc.,2.6,15
The Toro Co.,2.6,2
Atelier Du Mahogamy,2.5999999999999996,4
Aaronreese,2.59,1
Cma Cgm Butterfly,2.59,2
Baker Hughes Oilfield Operations,2.58,1
Omya,2.58,1
Autos Ejecutivos Logistics Zayas Ag,2.58,2
Sially Auto Imp. Srl,2.58,2
Vision Motorsports Inc. Sandra Ba,2.58,2
Gussy Classic Auto Llc,2.58,2
"Taiyo Electric Co., Ltd.",2.58,1
L1 M Supply Inc.,2.57,6
2410555 Alberta Ltd.,2.56,2
Conlifie Green,2.56,2
Johncerda,2.56,2
Enredos Llc,2.56,10
Bertel Shipping Co. Inc.,2.56,4
Nova Benington,2.56,1
Hitachi America Ltd. Hitachi Site,2.55,3
Houston Ang,2.55,3
Eversana Life Science Services Llc,2.55,1
Priano Usa Llc,2.55,2
Silzer Electro Mechanical Services,2.55,1
Marine Teknik,2.54,9
Gamen Huang,2.54,2
J S Motors,2.54,2
Pirosska Higgs,2.54,2
Cozy Car Rental,2.54,2
P.E.N.G. Electric Ltd.,2.54,2
Knightdrive Tv Llc,2.54,2
Pwr Imp. Llc,2.54,2
Xo Cruise,2.5300000000000002,2
Handicap Safety Group Dba Trinity,2.53,1
Mobile Power Solutions Llc,2.53,1
Consolidated Diesel Co.,2.53,1
"Five Star Shipping Co., Ltd.",2.53,3
Pride Mfg. Co. Llc,2.53,1
Plastic Suppliers,2.53,1
City Communications Corp.,2.52,4
Burckhardt Compression (Us) Inc.,2.52,18
B And J Plumbling,2.52,2
Swank Motion Pictures Inc.,2.52,296
Omya Inc.,2.52,2
Bellofram Corp. Dba Marsh Bellofram,2.51,1
Humanware Usa Inc.,2.51,1
Houston Ang Turbo System Us Inc.,2.51,3
Parkk Marine,2.51,3
Delmar Safety Huston,2.5,6
Hunter Food And Spirits,2.5,4
I Sq. R Power Cable Co.,2.5,1
Apl Paris 2739 Signal Parkway,2.5,26
Dsv Solution Gmb H,2.5,8
Plumbing Pros,2.5,2
Josh South,2.5,2
Phyl Car Sales And Services Llc,2.5,2
J. Trading Logistics Corp.,2.5,2
Cavallino Motors Inc.,2.5,2
Viking Life Saving Equipment Americ,2.5,2
Nixon Grand,2.5,1
Mak (Miramar),2.5,1
Pterodactyltactics Llc,2.5,2
Dialo Fountain,2.5,2
Capital Imp. Inc.,2.5,2
Turbo Diesel Engineering Europe Bv,2.5,1
Realityworks,2.49,1
Spunglo Nz Ltd.,2.49,7
Diversified Engineering Service,2.49,1
Brunvoll As,2.4899999999999998,2
Procon Professional Contractor,2.48,2
Just Driven Llc,2.48,2
Ariel Carlos,2.48,2
Rspec Llc Philip Liu,2.48,2
Nrz Holdings Llc,2.48,2
Championx Llc Div Production Chemic,2.48,1
Unlimited Designs,2.48,2
Timeless Enterprises Llc,2.48,2
Dwight Tuckerc O Dt Plumbing,2.48,2
Automotive Solutions,2.48,1
Qin Industries Llc,2.48,2
2414837 Alberta Ltd.,2.48,2
Vision Motorsports Inc. Markku,2.48,2
Vision Motorsports Inc. Mario Gas,2.48,2
Nati S Imp.,2.48,2
Man Diesel North America Inc.,2.47,6
Marine Scaffolding Specialist,2.46,1
Mascot Corp.,2.46,2
Mellis Marine Management Llc,2.46,4
Jasonmoss,2.46,1
Expeditors International Bv,2.46,1
Go Imp. Club Llc,2.46,1
Save A Dollar Mini Mart,2.46,2
U. S. Navy,2.46,1
Vision Motorsports Inc. Jeffrey Si,2.46,2
Hja Imp.,2.46,2
Nowak Llc,2.46,2
Chuck Autos,2.46,2
Rare Garage Auto Llc Adrian,2.46,2
Kobe Wilcox,2.46,2
The Mavericks,2.45,1
Galaxy Shipping Agency,2.45,1
Katalan Group,2.45,1
Cma Cgm Rhone,2.4499999999999997,2
Societe Maritime Genmar S.A.R.L.,2.44,2
Jeffrey Sales,2.44,2
Cristian Boya Id Espbfn12455797762,2.44,2
Maximecurioz,2.44,1
Cataler North America,2.44,2
Owain Drought Car Sales Ltd.,2.44,2
Ctm International Giftware Inc.,2.44,1
Inbound Motorsport Inc.,2.44,2
Al Jabr Trading,2.44,2
Mdf7 Ltd.,2.44,2
Ste City Cars,2.44,2
Videlio Hms,2.44,77
Vikand,2.44,41
Avery Dennison Materials Group Na,2.43,1
Rcl Harmony Ots,2.43,3
Donnell Fair,2.43,1
D I David International Hische Gmb H,2.4299999999999997,3
Rs Engineering,2.42,2
13892212 Canada Inc. Lima Automoti,2.42,2
Amigo Del Tapicero Inc.,2.42,2
Taylored Imp. Inc.,2.42,2
Mikado Jdmc Llc Michael S Leslie,2.42,2
Editorial Isla Negra,2.42,6
Uk Leicester Services Ltd.,2.42,2
Jdr Engineers & Developers Inc.,2.42,2
Sound Factory,2.42,1
Caribbean Retail Ventures Inc.,2.42,2
Jaysonburrous,2.42,1
Sand Dollar Car Rental Compass,2.42,2
Lava Inc.,2.4,2
Pedronique,2.4,2
West Capital Services & Consultants,2.4,2
Governor Control Systems Inc.,2.4,27
Continental Productions Inc.,2.4,2
Inbound Motorsports Inc.,2.4,2
Auto Ejecutivos Logistcs Zaya Aguer,2.4,2
Powellautoimport Srl,2.4,2
Jeridet S Car Rental Services,2.4,2
Kent Corporation,2.4,1
American Lamprecht Transport Inc.,2.4,2
Thunderbolt Marine Inc.,2.4,2
American Shipping & Chartering,2.4,1
Dao Group Llc,2.4,2
Waste Management Sustainability Svc,2.4,1
Avery Rolle,2.4,2
Olympian Motors Inc.,2.4,1
Red Roses Auto Rental,2.4,2
Quang Cipara,2.4,2
Berr Parcel Service,2.4,2
Seitz Automobile,2.4,1
Cityscape Car Rental,2.4,2
Fs Solutions,2.4,2
Jdm Palace,2.4,2
Abtec Autocare,2.4,2
Hortons Car Rental,2.4,2
Usanza Llc,2.4,2
Chlorine Depot And Pool Supply Co L,2.4,2
Beach And Paradise Environmental Ca,2.4,2
Tropical Leaf Lounge Tll Srl,2.4,2
Arima Imp. Inc.,2.4,2
Tucker International Llc,2.4,1
Mnl Motorsports Llc,2.4,2
Jamaal,2.4,2
Charly Pena Auto Imp. Srl,2.4,2
Scottandersen,2.39,1
Valsamis Inc. Warehouse,2.39,3
Pure Power Technologies,2.39,2
Naga Logistics,2.39,2
Imp. Wizards Amc Imp. Ltd.,2.38,2
Avant Auto Sas,2.38,2
Praxair Puerto Rico Bv,2.38,3
Intl Motors Ltd. 1. Julio Rodriguez Us Customs Brok,2.38,2
Thermal Research Corp.,2.38,2
Clintfiloialii,2.37,1
Flakt Marine,2.3699999999999997,2
Cma Cgm Tarpon,2.3600000000000003,4
0153 In Bn 02 Co C0 Rear Det,2.36,1
Artemis Recycling Inc.,2.36,2
Stone Hopkins,2.36,2
Ckf Distribution Co. Llc.,2.36,2
Sea Air Systems,2.36,2
Comcor Tech Warehouse,2.35,5
Haka Life Nutrition,2.35,1
Bollore Logistics,2.35,2
Offshore Suppliers,2.3499999999999996,4
Triangle Marine Services,2.34,1
Raute Canada Co.,2.34,1
Comercializadora Hervaru De Quereta,2.34,2
Brock Davidson,2.34,1
Tlc Automotive Restoration Llc,2.34,1
"Japan Motor Sales Co., Ltd.",2.34,2
Fytexia Corp.,2.33,1
Hatecke Service Usa Llc,2.33,19
Shah Holdings,2.33,1
Dulceria Naranjito,2.3200000000000003,4
H Automotive Roy Hunt,2.32,2
Cnc Car Scooter & Atv Rental,2.32,2
R&J Car Sales,2.32,1
Vg Ip Valliant,2.32,1
Applied Cooling Technology Llc,2.32,4
Dp&Jp Services,2.32,1
Numeat Packing Inc.,2.32,2
La Xiong,2.32,2
Contitech Antriebssysteme Gmb H,2.31,2
Chasejohnson,2.31,1
Ship Or Land Operations Agency Inc.,2.3,6
Oak And Fort Corp.,2.3,2
Parkwest,2.3,12
Easy Freight,2.3,2
Centon Electronics Inc.,2.3,1
Dmiitriy Levshin,2.3,2
Siera Dames,2.3,2
Standard Aero,2.3,1
Golten Workshop,2.3,1
Windmar Pv Energy Inc.,2.3,4
Crown Automotive Sales Co. Inc.,2.3,1
2 M Auto Services Uk Ltd.,2.3,2
Sajraw Motors Ltd.,2.28,2
Intl Cargo Solutions,2.28,2
Costello Vehicle Logistics Ltd.,2.28,2
Mv Hybrid Ltd.,2.28,2
Miesha Johnson Mks Car Rental,2.28,2
Piage Cope,2.27,1
Cma Cgm Dutch Harbor,2.27,11
Ron's Electric Motors,2.27,1
Evenstar Structures,2.27,2
Jialun Sun,2.27,1
Nexans Skagerrak,2.27,1
Green Marine & Industrial Equipment Co.,2.27,1
Abdo's Auto Sp A Inc.,2.27,1
Epic Solutions,2.27,1
"Berkley Motor Co., Ltd.",2.26,2
Surrealty Holdings Llc,2.26,2
Cars4 Days,2.26,2
Wj Car Imp.,2.26,2
Miami Jet Ski And Water Craft Servi,2.26,2
0909 Ag Co Plt A2 Rear Det,2.26,2
Adamkarcz,2.26,2
Singer Metal Recycling,2.26,2
Jarred Booth,2.26,1
Suncoast Electric Motor Service Inc.,2.26,2
Princess Cruises Caribbean Prince,2.26,1
Marathon Production Eg Ltd.,2.25,1
Getsten And Olufsen,2.25,1
Hydac Techn Corp. Accumulator Div,2.25,3
Sig Engineering Llc,2.25,3
Citrosuco Europe N.V. Co Mv Carlos,2.25,1
Jacobsmith,2.24,1
Grant Walker Walker Autoworks,2.24,2
Caribbean Coast Construction,2.24,2
Dingasu Dreams,2.24,2
Virgin Island Water & Power Authori,2.23,1
Lodi Gas Storage,2.22,1
Erving Morelius,2.22,1
W6 Yr Usalrctr Ft Hood,2.22,1
Ceo Wine Collection,2.22,4
R&R Imp. & Exp. Auto Sales,2.22,2
Internationalmotors Ltd.,2.22,2
Ava's Auto Imp. Parts And Access,2.22,2
Antianna Church,2.22,2
Joby Aviation,2.22,2
Progress Rail Locomotive Inc.,2.21,1
Marine Care Usa Inc.,2.21,4
Raleigh Walker,2.21,1
Spicer Ayra Cardan Sa,2.21,1
Audemars Piguet (North America) Inc.,2.21,1
Cameo Demps,2.21,1
Calebcox,2.21,1
B 5 Stats Cleaning Services,2.2,2
Ag Motors,2.2,2
Restaurante Los Pinos Inc.,2.2,2
Wycombecars And Spares Ltd.,2.2,2
Ecobank Benin,2.2,2
Alstom Panama S A,2.2,2
Chisti Orinetal Mart Ltd.,2.2,2
Capital Imp. Of Central Florida,2.2,2
Lucky Wholesale,2.2,2
Usa Kombi Connection Llc,2.2,2
Trophy R Cars,2.2,2
Xteinser Srl R.N.C 130786356,2.2,2
Case Marine Inc. 82915,2.2,3
Compassion International Inc.,2.2,2
Hot Water Motion Llc,2.2,2
Carnival Luminosa,2.2,32
Capital Group,2.2,2
All Effects,2.2,1
Alstom Ferroviaria Sp A,2.2,2
Automotive Options Ltd.,2.2,2
Mt Marvel Pelican,2.2,2
Jko Enterprises Inc. James Kong,2.2,2
Industries Supplies Co.,2.1999999999999997,21
Pit Stop Gas And Supermarket,2.19,3
Precetti Inc.,2.19,5
Mequail Fridge,2.19,1
Huntsman Quimica Brasil Ltda,2.19,1
Integrity Global Logistics Llc,2.19,1
Cma Cgm La Traviata,2.18,8
Rgr Global Logistics Llc,2.18,1
Steve Argueta Hmotorsonline Inc.,2.18,2
Radson Tactay,2.18,2
Dignitas Professionals,2.18,2
Bml Blackbird Charter,2.18,1
"Thompson Trading Co., Ltd.",2.18,2
Reederei F. Laeisz Gmb H,2.18,1
Preferred Auto Sales Llc,2.18,2
Madison Sundling,2.18,1
13550192 Canada Inc. Chuanming Liu,2.18,2
T And N Auto,2.18,2
Beau Blackwell,2.18,1
Davann Irons,2.18,1
Dietraleastman,2.18,1
Artist Instrument Rentals Group,2.1799999999999997,2
Yoke Fulfillemnt,2.1799999999999997,2
Ecolab Inc.,2.1700000000000004,18
Debonaire Munalem,2.17,1
Verst Group Logistics,2.17,3
Nassau Agencies 1995 Ltd.,2.17,1
Boats Ltd.,2.16,2
Sadechurch,2.16,1
Dune Auto Imp.,2.16,2
Geo Resolution,2.16,2
A.R. Wilfley And Sons Inc.,2.16,1
Joel.T. Osborne,2.16,2
Tivory Reed,2.16,1
Vision Motorsports Inc. Floyd Mck,2.16,2
Juliaorr,2.16,1
Sharene Sawares,2.15,1
Howden Gmb H,2.15,1
Delfort Usa Inc.,2.15,1
C&L Auto Sales Llc,2.15,1
Vinfast Usa Distribution Llc,2.15,1
Briker's (555714 B.C. Ltd.),2.15,1
Brightwater Pools And Construction,2.14,2
"Equity Logistics Pte., Ltd.",2.14,2
Vestas Wind Technology Inc.,2.14,2
Zuko Inc.,2.14,2
Witzenmann Usa Llc,2.14,2
Ergo Baby Carrier Inc.,2.14,1
Royce Williams,2.13,1
Mshs,2.13,14
Treighten Bauer,2.13,1
Fram Group Operations Llc,2.13,1
Austinparrott,2.13,1
Iesa Young,2.13,1
Jordanhowett,2.13,1
Weissmans Theatrical Supplies Inc.,2.13,1
Alone Wolf Construction,2.13,1
Amazon Us,2.13,1
Inland Star Distribution,2.12,1
Imp. Exp. Mobi Limitada,2.12,2
Quebec,2.12,4
Ideal Clamp Products,2.12,2
1 Network,2.12,1
Alfa Laval Service Center,2.12,2
Banner Zimmerman,2.12,1
Tara Pipes,2.12,1
Hapag Lloyd Sp A In S.L.,2.12,1
Shipworkx Engineering Llc,2.11,1
Albandervishi,2.11,1
Julianwilsontabron,2.11,1
Keonebolosan,2.11,1
Sable International,2.1,1
Maverick Beverage Co. Texas,2.1,1
317 Jdm Imp. Llc,2.1,2
Coastal Blooms,2.1,1
Parker Ipf Metallics,2.0999999999999996,3
Bahamas Island Adventures,2.0999999999999996,2
Ryland De Pol,2.09,1
Chase Call,2.09,1
Joshuaclark,2.09,1
Dakota Baker,2.09,1
Valmony Coating American Galvanizin,2.09,2
Ac Motorcars,2.08,2
Ami Sta Tahiti,2.08,2
Avens Valcin,2.08,2
Kelley Comer,2.08,1
Percentie's Imp. & Car Sales,2.08,2
Symphony's Aluminium & Vinyl Co Lt,2.08,2
Jamal Flowers,2.08,2
Adam's Garage Llc,2.08,2
Lucayan Car Rental,2.08,2
Hcl Fasteners Houston,2.08,1
Ami Sta S A,2.08,2
Stevenjones,2.08,1
Aguilera Llc,2.08,6
Christopher Beck,2.08,2
Lucky's Mini Trucks,2.08,2
Parroquia La Milagrosa,2.08,4
Adventures Caribbean,2.08,2
Milt Poll,2.07,1
Burnham Commercial Cast Iron,2.07,1
Intl Operations & Services,2.07,1
Kemin Industries Inc.,2.07,1
Kalan Clark,2.06,1
Caseyvargo,2.06,1
Air Care Solution,2.06,6
Leatherback Brewing Co Cll,2.06,10
Lakiyah Sheffield,2.06,1
Twisted X Boots,2.06,1
Marko Grgic,2.06,2
Poltrona Frau Usa Corp.,2.06,3
Franslux Sa De Cv,2.06,2
Allyx Mcmunn,2.06,1
Sterling Mccain,2.06,1
Niles Riz,2.06,1
Montes Trading Co.,2.06,2
Meera's Car Rental,2.06,2
Man Jin Park,2.05,1
Prosolar Systems Llc Ben Salzbrun,2.05,1
Aew Wrestling,2.05,1
Ngam Voma,2.05,1
Dree Boggs,2.05,1
Kormarine Engine Service Llc,2.05,2
Frasmar Inc.,2.05,1
West End Car Rental Mgi Inc. Hertz R,2.05,1
All Elite Wrestling,2.05,1
Nathan Grill,2.04,1
Forever Classic Cars,2.04,2
Wave Solar Corp.,2.04,2
Chops Imp.,2.04,2
Chung Hau Harmony Motor,2.04,2
Xiatou Inc.,2.04,1
Land Rover,2.04,1
Inter Strap Packaging Systems,2.04,2
Aj Worldwide,2.04,1
Neda Auto Sales Inc.,2.04,2
Glensewell,2.04,2
Apex Mechanical Corp.,2.04,4
Cma Cgm Rimbaud,2.04,6
The Mailboat Co.,2.04,1
Fay Head,2.04,1
Silasotto,2.04,1
Intl Flavors & Fragrances Inc.,2.04,2
Jamal Ferguson Autoworld242,2.04,2
Hydro Dynamic Solutions,2.04,1
Emo Trans Bwi,2.04,1
Trans Continental Mfg.,2.0300000000000002,3
Tydis Tripp,2.03,1
Lakeshia Mills,2.03,1
Lendon Head,2.03,1
Rileyspears,2.03,1
Jacobearl,2.03,1
Nightwalker,2.03,1
Halliedishaw,2.03,1
Andregreen,2.02,1
Aaversal Global Relocations,2.02,1
Jacobwall,2.02,1
Somboon Puengsawangwong,2.02,2
Men's Couture Inc.,2.02,8
Caribbean Trading Co.,2.02,6
Jamesgibbs,2.02,1
Hunter Rock,2.02,1
Auto Toybox Of Mercedes,2.02,2
Andrewjo,2.02,1
Scottish Decorators,2.02,3
Triad Holdings Llc Lonnie Rice,2.02,2
Orlaco Inc.,2.02,1
Fairway And Greene,2.0100000000000002,4
Holloway Houston Inc.,2.01,4
Brentgibson,2.01,1
Geislinger Corporation,2.01,5
Paulast Hill,2.01,1
Lea Machine Services Inc.,2.01,14
Kalibfinley,2.01,1
Ascent Aviation Services,2.01,1
Legero International (Holland) Bv,2.01,1
Pgs Geophysical,2.0,2
O Cor Corp.,2.0,1
Morse Hydraulics Usa Llc,2.0,2
Quantiserv Priano Marchelli,2.0,1
Global Air Compass Marine Log,2.0,2
Gleason Lafeuillee,2.0,2
Hub Argentina S.A. Jointly And Seve,2.0,2
Rhd Auto,2.0,2
Siebrand Niewenhous Iv,2.0,1
Topsfield Motors,2.0,2
Mossby Yogah,2.0,1
Horizon Air Frieght Of Texas,2.0,1
San Pedro Harbor Ship Supply,2.0,1
National Renewable Energy Laborator,2.0,1
Wcr Southeast Region,2.0,1
General Steamship Corp. Ltd.,2.0,3
Kastamonu Usa. Inc.,2.0,1
Dobinsons Spring & Suspension Usa,2.0,1
Madison Keeting,2.0,1
0138 Ag Tm Tm Aa Rear Det,2.0,2
Car Cave Usa,2.0,2
Open Til Closed Inc.,2.0,2
Long Beach Warehouse,2.0,1
Ilwon Seo,2.0,2
A3 Services Inc.,2.0,2
Master Of Silver Millie,2.0,1
Pet Professionals Inc.,2.0,1
Artemis Voyager,2.0,6
Farm Truxx,2.0,2
Carnival Splendor,2.0,11
Job Ojo,2.0,1
"Automotive Options Co., Ltd.",2.0,2
Novam Marine Service,2.0,5
Intertrade Inc.,2.0,1
Compass Consignments Llc,2.0,1
Prentice Mcafee,1.99,1
Thai Sanders,1.99,1
Cobatco Inc.,1.99,38
Mykylebarton,1.99,1
Paramount Transportation Systems,1.99,1
Vince Makiling,1.99,1
Kemmio,1.98,2
Advanced Flow Solutions,1.98,1
Alapont Global Usa Llc,1.98,2
Sky Frame Inc.,1.98,2
Pepsi Cola Sales And Distribution I,1.98,1
Triangle Logistics Bv,1.98,11
Benyoung,1.98,2
Royal Jackson,1.98,1
Kopauto Inc.,1.98,2
Fuse Technical Group,1.98,1
Pride In,1.98,1
T.C.I Car Rentals Tokena Mcquay,1.98,2
Brooklyn Coachworks,1.98,1
Wahl Clipper,1.98,1
The Cars Den Ltd.,1.98,2
Nathanlipscomb,1.97,1
Tuiofa Kalapa,1.97,1
Sidique Stronge,1.97,1
Amdan Inc. Dba The Medicine Shoppe,1.97,1
M V Enchantment Of The Seas,1.97,2
Darienbrooks,1.97,1
Bossard Canada,1.97,2
Dagan Schroeder,1.97,1
Kipling Stanton,1.97,1
Latitude 1 Maritime,1.9699999999999998,3
Lane Lockmanese,1.96,1
Smart Building Solutions,1.96,2
P &J International Llc,1.96,2
Quetel Rolle,1.96,2
0257 Md Co Dental Co.,1.96,2
Rosedon Hotel,1.96,2
Geodis Mexico S A De C V,1.96,2
Mingoes Car Rental And Sales,1.96,2
Champion Cycle,1.96,2
Jacobus Van Roie Dba Five Star,1.96,2
Scott Atwell,1.96,2
Montana Corriveau,1.95,1
Kraig Shutters,1.95,1
Sakura Beauty And Health Inc.,1.95,1
Qwyx Technologies Llc Group,1.95,1
Dauerflora Usa Inc.,1.95,5
Calebtorrey,1.95,1
Garfield Cross,1.95,1
Terryscott,1.95,1
Treeince Harness,1.9400000000000002,2
Carlos Uriarte Gonzalez,1.94,2
Desert Dragon,1.94,2
Design And Direct Source,1.94,1
Wm Morris Enterprises Llc,1.94,4
Psp Imp. Llc Dba Psp Global Win,1.94,1
Capital Logisticsattn Imp.,1.94,1
Kylecross,1.94,2
Absoulte Garage,1.94,2
Nova Marine Service,1.94,5
Us Marshal Service,1.94,1
Jc Autos,1.94,2
Budget Marine Vi,1.94,2
Adventure S And M Co Inc.,1.94,2
Shonny's Car Rental,1.94,2
Tylermason,1.93,1
Mettle Toledo Llc Pius Po,1.93,1
Lane Campbell,1.93,1
Cotransa,1.93,4
Ashtonbanks,1.93,1
Port Of Port Angeles,1.93,1
Fincantieri Sp A,1.92,9
E Z Auto Sales,1.92,2
Adam Dupere,1.92,2
Intense Llc,1.92,1
Duncan Imp. & Classic Cars,1.92,2
Clear Choice Home Center,1.92,2
Kenneth Auto Corp.,1.92,2
Clevelandmoto Inc.,1.92,2
Hennig Inc.,1.92,2
Kmj Holdings Llc,1.92,2
Bishop Rook Llc,1.91,1
Lebry Cinack S,1.91,1
Hodge,1.91,1
Hb S Properties Llc,1.91,1
Taylorscott,1.91,1
Clean Harbours Env Serv Baton Rouge,1.91,1
Exie France,1.91,1
Multipisos Caribbean Corp.,1.91,4
Yazoo Express Logistics Llc,1.91,1
Distribution Co. 90 Th,1.91,1
Go Bahamas Car Rental,1.9,2
Randa Corp.,1.9,2
Arteast,1.9,1
Denaise Johnson Black,1.9,2
Japanese Car Sales Ltd.,1.9,2
Allen Edmonds Rmdc,1.9,4
The Embers Group,1.9,1
Peaches Knowles,1.9,2
Andrew Brown Everything & More,1.9,2
Cruise Planners Group,1.8900000000000001,3
Transatlantic Connection Inc.,1.89,1
Mankiewicz Coatings Llc,1.89,1
Sullivan Steel Service,1.89,1
Mtn,1.8800000000000001,11
Landiche Cyma,1.88,1
Kendice Bain A Plus Car Rental,1.88,2
Suorjames,1.88,1
Kerriweiss,1.88,1
Juliamccormick,1.88,1
Tannertryon,1.88,1
Divinity Car Rental,1.88,2
Ever Logistics Inc.,1.88,2
Alianza Marine Llc,1.88,9
K & D Car Sales Ltd.,1.88,2
Sunshine Knapp,1.88,1
Stevenclark,1.88,1
David Longstreth,1.88,2
Jamesspreter,1.88,1
Enterprise Rent A Car,1.87,1
Lazarus Services Ltd.,1.87,1
Proptech Caribbean Llc,1.87,5
Hanon Systems Efp Canada Ltd.,1.87,1
Tuttle Tile & Marble Inc.,1.86,2
Jonahfoster,1.86,1
Timothy Odom,1.86,2
Tylerbarker,1.86,1
Prime Bees Llc,1.86,2
Makarios Distributors,1.86,1
Avesta El,1.8599999999999999,2
Jerrell Rice,1.85,1
Ty Gerber,1.85,1
Jabil Circuit,1.85,2
Anglo American Enterprises Corp.,1.85,1
Bis Marine,1.85,7
Linville Hairstone,1.85,1
Odis King,1.85,1
Templeton Tours Incs,1.84,1
Cameronkoehler,1.84,1
Lemnyuy Bushu,1.84,1
Chester Black,1.84,1
Corzell White,1.84,1
Nocompany Motors Inc.,1.84,2
Sytek Electric Co.,1.84,2
Hurl Millikin,1.84,1
Turbo Diesel Engineering,1.8399999999999999,15
Davidbunker,1.83,1
Alfa Laval Aalborg,1.83,8
Norseman Shipyard,1.82,1
Pauls Auto Imp.,1.82,2
Paradise Freight,1.82,2
Hydro Tech Ltd.,1.82,2
Fot Invesments Llc,1.82,2
Res Imp.,1.82,2
Ford Dearborn Engine & Fuel Tank,1.82,2
Houston Tylerkidd,1.82,2
Thermo King Americas,1.82,2
Vesuvius Usa,1.82,1
Caribbean Liquors & Tabacco,1.82,4
Innately Italy Llc,1.82,1
Brandon Pack,1.82,2
Grupo Sawgrass Srl,1.82,2
Master Of Mv Nyk Laura,1.8199999999999998,2
N32253 Pearl Harbor Naval Shipyard,1.81,1
Dereklasser,1.81,1
Basileus Corp. Group,1.81,1
Ramardowner,1.81,1
Westernexpr,1.81,1
Pb Global Sourcing & Supply Llc,1.81,1
T.0. Six Llc,1.8,2
74 Motors Llc,1.8,2
Initial Imp. Llc,1.8,2
Hurrikane Story,1.8,1
Ligmallc,1.8,2
Jordan Mooring,1.8,1
Advanced Auto,1.8,2
Pwr Imp. (Andrew Chval),1.8,2
Sociedad Anonima,1.8,1
Yefreddy Auto Srl,1.8,2
Reuben A. Fox T A Old Snapper Car,1.8,2
Merijn Leerentveld,1.8,1
Sukjulee,1.8,1
Sulzer Dowding & Mills,1.8,1
Sulzer Electro Mechanical Services,1.8,1
Waypoint Marine Group,1.8,1
Rizos Divinos Llc,1.8,7
Travis Gowing Boston Yacht,1.8,2
Cedrick Mooring,1.8,1
Boston Line & Service Co.,1.8,1
Dtech. Inc.,1.8,2
The Boeing Co. Bgs Sc Seattle,1.8,1
Raising The Bar,1.8,1
Shamene Sweeting,1.8,2
Bryantmaisonetsoto,1.8,1
Erreous Lint,1.8,1
Immec Inc.,1.8,1
Anfernee Dent,1.8,1
Onursan Marine Freight Services,1.7999999999999998,6
Jkt International Sp Z O O,1.79,1
Sandvik Smc Distribution Ltd.,1.79,1
Jim Buys,1.78,2
D And J Shipping Inc.,1.78,1
Kai Ryder Winchester,1.78,2
Ethanfairey,1.78,1
Trentbailey,1.78,1
Century Titan Llc,1.78,4
Berl V Owens,1.78,2
Mardi Gras,1.78,16
Wilson Investments,1.78,2
Cooper Autoworks Llc,1.78,2
Quesos Vaca Negra Inc.,1.78,2
Bh Broussard,1.77,3
Port Marine Of California Inc.,1.77,6
Devon Rico,1.77,1
Techcross Inc.,1.77,15
Freddie Groomster,1.77,1
Robertcorkrum,1.77,1
Empresas Brunet,1.77,1
Jamonte Green,1.77,1
Cosco Container Lines,1.76,4
Austinpalmer,1.76,1
The Boring Co.,1.76,1
Bonifacio Cabling,1.76,1
Zion Hogan,1.76,1
Baek Ma Forwarding (Busan Dept),1.76,1
Emmatoilolo,1.76,2
Star Ocean Services,1.76,10
Sagemccluskey,1.76,2
Khore Barber,1.76,1
Teco Chemicals As,1.76,7
Dolcemente Inc.,1.76,2
Proplas S.A.,1.76,1
Chemiese Hall,1.75,1
Walter Hiltebrand Marine,1.75,1
B&B,1.75,1
Bc Service Inc.,1.75,3
Godwinopoku,1.74,1
Kevingoering,1.74,1
Levi Rollf,1.74,1
Zambrero North East Operations,1.74,2
Mitsubishi Power Systems Americas,1.74,1
Robert Helms,1.74,2
Fern Fields,1.74,1
Zavierward,1.74,1
Jm Control,1.74,9
M V Vision Of The Seas,1.74,1
Teho International,1.74,4
Kone Marine Us,1.74,16
Keyauna Council,1.73,1
Markel Scarbrough,1.73,1
Clarindaholton,1.73,1
Total Marine Solutions Inc.,1.73,123
Blade Woodham,1.72,1
Alexizanderia Rideaux,1.72,1
Micelaneas Leumar Inc.,1.72,2
Georgette Springs,1.72,1
The Brand Group Llc,1.72,2
Nestor Reyes Inc.,1.72,2
Compas Gmb H,1.72,2
Evansasare,1.72,1
Traven Wetzel,1.71,1
Dakotaferris,1.71,1
Precision Spray And Coatings Llc,1.71,1
Brennden Terpening,1.71,1
Real Swim Shop,1.71,1
Deirdre Fudge,1.71,1
Medmix Healthcare Us Inc.,1.71,1
Cougarpayne,1.71,1
Mistirosas,1.71,1
Kiante White,1.71,1
Free Graves,1.71,1
Proptech Donald Clement,1.71,3
Climeon,1.7000000000000002,4
Magnuson Group,1.7,2
Man Primeserv,1.7,1
Nuova Vita Sales Llc,1.7,2
Gersonamaya,1.7,1
Cross Mayes,1.7,1
Various,1.7,2
Reecesenda,1.7,2
Vunguyen,1.7,2
Aarongriffin,1.7,1
Marcus,1.7,1
Janetreyes,1.7,1
Saba Holding Co. Llc,1.7,1
Crazy Aaron Enterprises Inc.,1.7,1
Wes Wood,1.7,2
Les Miller,1.7,2
A R Wilfley And Sons Inc.,1.7,1
Jaredsteele,1.7,1
Ty Vanscoy,1.7,1
Henri Steel,1.69,1
Jerrell Butler,1.69,1
Collinbosse,1.69,1
Nicholas Matics,1.69,1
Horizon Air Freight Of Florida,1.69,7
Kai Schmidt Cosmo Automobile,1.69,1
Junaid Banday,1.69,1
Black Wolf,1.69,2
Tavia S Morton,1.69,1
Tylerfuselier,1.69,1
Jordan Greenleaf,1.69,1
Eldor Automotive Powertrain Usa Llc,1.68,1
Liberty Blue Shipmanagement Gmb H,1.68,2
Hydril Co.,1.68,1
Dje Sound & Lighting Inc.,1.68,1
Phoenix International Forwarders In,1.68,1
Gabor S. Antalics,1.68,1
Norrisjohnson,1.68,1
Chelseebidwell,1.68,1
Arpin Inernational Group Inc.,1.68,1
Torinpalmer,1.68,1
Ian Quinn Car Sales,1.68,2
Daryle Tripp Ii,1.68,1
Suddath Global Logistics,1.68,1
Wilhemsen Ship Life Rafts Inc. Of Pr,1.67,5
Tyleravret,1.67,1
Nakoma Pratt,1.67,1
Huntermulock,1.67,1
Paramont Mfg Llc,1.66,2
Softex Products Inc.,1.66,1
Precious Moss,1.66,2
Optimal Construction Management Ll,1.66,1
Nestle Professional Beverages,1.66,11
Owen Green,1.66,1
Polaris Voyager,1.66,2
Hometown Motors Inc.,1.66,2
Divine Funeral Home,1.66,1
Kobe Keller,1.66,1
Multi Gasses,1.66,5
Master Of Warnowborg,1.66,1
Kennet Auto Corp.,1.66,2
Intransit Trucking,1.6500000000000001,2
Champion International Moving,1.65,1
Derekcicchitto,1.65,1
Jasonwalker,1.65,1
Mack Trucks Inc. Powertrain Divisi,1.65,1
Vp Trading Center Corp.,1.65,1
M V Ensenada,1.65,1
Shawngreen,1.65,1
Sove Srl,1.6400000000000001,4
Wilhelmsen Ships Services,1.6400000000000001,7
Janel Kumse,1.64,1
Image Solutions Apparel Inc.,1.64,1
V.I. Regulated Waste Management,1.64,2
Warner Winborne,1.64,2
London Tiner,1.64,1
Berlin Aniciete,1.64,1
Justinryan Ochoco,1.64,2
Jahkaiwiggins,1.64,1
Yan Clermont,1.64,1
Riverhawk Co.,1.64,1
Happy Land Yogufruti Corp.,1.64,2
Jasonpadama,1.64,1
Wartsila Turbocharger Att Nebojsa,1.64,1
Eglonangel,1.64,1
Heath York,1.64,1
Sloman Neptun (Insurance Dept.),1.64,1
Brockturner,1.64,1
Briese Schiffahrts,1.64,4
Pratt & Whitney Co. Leasing,1.64,2
Antheo Green,1.64,1
Sierra Dopfel,1.64,1
C Cruises (Usa) Inc.,1.6300000000000001,8
Vps Testing And Inspection Inc.,1.6300000000000001,666
Charles T Lively & Jill A. Lively,1.63,1
Linceto Charleswell,1.63,1
Sterling Pariseau,1.63,1
Usa Wine Imp.,1.63,1
Cole Messex,1.63,1
Arrow Signal Llc,1.63,1
Tobbyallen,1.63,1
Wilkerson Aircraft Tires,1.63,1
Sharif Word,1.63,1
Vantacairuamyarti,1.63,1
Haugland Virgin Islands,1.62,1
Worldwide Headquarters,1.62,1
Carterrichardson,1.62,1
Blake E Leathers,1.62,2
Stm Sales,1.62,2
Samuelparmentier,1.62,1
Dayja Southern,1.62,1
Air Sea Safety & Survival Inc.,1.62,4
Atom Peppe,1.62,1
Go Sailing Inc.,1.62,2
Multi Electric Supply Corp.,1.62,4
Ulysses Banks Iii,1.62,1
Edward .S. Hepburn And Branderlee H,1.62,1
White On Rice Llc,1.62,2
Jasonadams,1.61,1
Justice Parrott,1.61,1
Givaudan Flavors Corporation,1.61,1
Juliana Ltd.,1.61,1
Jaylinjohnson,1.61,1
Sterling Smith Hill,1.61,1
Ame Campbell,1.61,1
Tyronedavis,1.61,1
Khaiyon Rice,1.61,1
Daytonmaultaby,1.61,1
Lake Street Drive Touring Inc.,1.6,1
Jobson Italia Srl,1.6,1
Carrensha Hayes,1.6,1
Boro Motors Srl Rnc 130 526834,1.6,2
Dallas Huntington,1.6,1
Larry Cohen Group,1.6,2
Machinefabriek Bolier Bv,1.6,6
Northeast Florida Auto Solutions,1.6,2
Haley Photis,1.6,1
Platform Garage Imp. Ltd.,1.6,2
0319 Sc Bn Hhc Expeditiona,1.6,2
Covanta Essex,1.6,1
Dariusjones,1.6,1
Garretchambless,1.6,1
Be Speranza Inc.,1.6,1
Axopar Boats Poland Sp. Z.O.O,1.6,2
Firetrol Protection,1.6,2
Ecolab Food And Beverage Divition,1.6,1
Atx Custom Auto Llc,1.6,2
Riston Mais,1.6,1
Guggisberg Cheese Factory,1.6,2
Sabrina House,1.6,1
Samuelreichenthal,1.6,1
M V Hoegh Jacksonville,1.6,1
Wartsila Workshop,1.6,3
Orgo Thermit Goldscmidt,1.6,1
Everest Auto,1.6,2
Isaiahnelson,1.59,1
Clayton Agri Marketing Inc.,1.59,1
Sony Zetrenne,1.59,1
Home Fabrics Ltd.,1.59,1
Anadarko Petroleum Corp.,1.59,1
Servic Trade Co.,1.59,1
Kevinjack,1.59,1
Damin Stanturf,1.59,1
K International Transport Co. Inc.,1.59,3
Automotores La Trinidad S.A.,1.59,1
Juean Archival Monneus,1.58,2
Lateasha Goldsmith,1.58,1
Space X,1.58,1
Jerrycollins,1.58,1
Faithreynolds,1.58,1
Jordanbailey,1.58,1
Every Inc. Parts Department,1.5799999999999998,8
Schindler Sp A Co Columbus Srl,1.57,1
Zacchery West,1.57,1
Le Willdrick Stone,1.57,1
Mb92 La Ciotat M Y Obsidian,1.57,1
Faudrois Enterprices Llc,1.57,1
Austinjames,1.57,1
Dakota Moss,1.57,1
Trey Watts,1.57,1
Albian Sewer,1.57,1
Amoy Pickering,1.57,1
Claa Ketchikan,1.57,6
Trupixedl Prodcutions Group,1.57,1
Princess Blanchard,1.56,1
Mantas Rysevas,1.56,1
Tri Ho,1.56,1
Helimax Aviation Inc.,1.56,1
Puff N Puff Llc,1.56,2
Umeer,1.56,1
Construction Helicopters Inc.,1.56,1
Robertsmith,1.56,1
Marquel Green,1.56,2
Paris Bell,1.56,1
Tayler Lee With Lee S Jdm And More,1.56,2
Car Shop Midori,1.56,1
Us Joiner Llc,1.56,2
Asia Mather,1.56,1
Hja Imp. Global Ltd.,1.56,1
Kairos One Corp.,1.56,2
Banthony Walls,1.56,1
Ty Trebing,1.56,1
Ke Na,1.56,1
Cma Cgm Ventania,1.56,6
Suntyx Poggesi,1.55,2
Zev Rovine Selections,1.55,2
Packer Blazzard,1.55,1
Govlog Nv,1.55,2
Chiffon Hazewood,1.55,1
Royal Princess,1.55,26
Wilhelmsen Ship Service Co Oasis Tr,1.55,1
Brooklyn Cruise Terminal,1.55,38
Ty Westover,1.55,1
Shaquail Green,1.55,1
Ok Kids,1.5499999999999998,2
Duclot La Vinicole,1.5499999999999998,2
Genevaghee,1.54,1
Gam Alquiler Mexico,1.54,2
Habitat For Humanity Broward Coun,1.54,3
Jasoncampbell,1.54,1
Harlow Jap Autos,1.54,1
Acts Chb Inc.,1.54,2
Jam Barles,1.54,1
Dawntenewell,1.54,1
Amjad Khoury Dba Mra Midwest Llc,1.54,2
Keara Park,1.54,1
Jimi Eddings,1.54,1
Titan Engineered Solutions,1.54,1
Tylerfefee,1.54,1
Wayne Spring,1.54,2
Merge Conflict Llc,1.54,2
Axerre Ntabana,1.53,1
Vid Vang,1.53,1
Kali Tackitt,1.53,1
Alanagrant,1.53,1
Dyese Turnbull,1.53,1
Koboyo Peketi,1.53,1
Griffin Dubrule Turn Zero Llc,1.52,2
Arron Vens,1.52,1
Daniel Serrano Zapata D.B.A. C Red,1.52,2
Alexanderowings,1.52,1
Devingantt,1.52,1
Marquis Craft,1.52,1
Cap Auto Imp. Ltd.,1.52,2
Bmc Worldwide Usa Corp.,1.52,2
Autosport Designs Inc.,1.52,2
Msk Imp. Llc,1.52,2
Us Marine Works,1.52,2
Havensight Properties Llc.,1.52,4
Christian Glass,1.52,1
Platform Garageimports Ltd.,1.52,2
Aila Benz,1.52,2
Primeserv Los Angeles,1.52,2
Tylercoe,1.52,1
Parker Peabody,1.52,2
Tre Hayes,1.52,1
Bordignon Stone Ltd.,1.52,2
Gage Waugh,1.51,1
Nori Sannoh,1.51,1
Aeden Pecoraro,1.51,1
Phi Maritime Inc.,1.51,7
Taylorodell,1.5,1
Diamond Graham,1.5,1
Whitewater West Industries Ltd.,1.5,2
Pontem Llc,1.5,1
Eastern Mfg. & Design Inc.,1.5,2
Wart Services Switzerland Ag,1.5,1
Tasia Council,1.5,1
Hf International Srl,1.5,1
Adage Walker,1.5,1
Madison Yodts,1.5,1
11595229 Canada Inc. Dba Louis Tell,1.5,2
Porsche Cars North America,1.5,1
Jesseprice,1.5,2
Act Applied Cooling Technology,1.5,1
Lee S Jdm & More Llc Tayler D Lee,1.5,2
Alison Management Corp.,1.5,1
Tonu Imp. Llc,1.5,2
Act Entertainment,1.5,6
Breon Hill,1.5,1
Wartsila Canada Incoporated,1.5,3
Occ Corp.,1.5,1
Edgware Premier Autos Ltd.,1.5,1
Fitzgerald Outdoors Llc Adam Fitz,1.5,2
Katsuminamiki,1.5,2
Kennethsesock,1.5,1
Sardo Bus & Coach,1.5,1
Averyous Fields,1.5,1
Merchandizing Of Automotive,1.5,2
Galene Water Treatment Llc,1.5,1
Name Atx Custom Auto Llc,1.5,2
Brandon Roberts Inc.,1.5,2
Island Site Development,1.5,2
Gorelik Industries Corp.,1.5,2
Krystal Stahl,1.49,1
Tylerlape,1.49,1
Sevanna Wolf,1.49,1
Renato Zapata Y Cia,1.49,1
Taveonnottingham,1.49,1
Ellevi Srl,1.49,2
Ntonfor Fube,1.49,1
Aalberts Hydronic Flow Control Inc.,1.49,1
Gatorstep Florida,1.48,3
Surveymt Llc,1.48,2
India Johnson,1.48,1
Lrb Llc.,1.48,2
Hunterhays,1.48,1
Dankennedy,1.48,2
Ssab Sales Inc.,1.48,2
Baha Fresca,1.48,2
James Sales,1.48,2
Scott Felt,1.48,1
Ring Power Corp.,1.48,3
Charge Air Cooler Wartsila Workshop,1.47,1
Malaysia Stubbs,1.47,1
Deionneal,1.47,1
Luciustoney,1.47,1
Rickyshoots Photography,1.47,1
Nova Robbins,1.47,1
Aeroservicios Usa Inc.,1.47,1
Tionni Shade,1.47,1
Schleifring Medical Systems Llc,1.47,1
Slade Bales,1.47,1
Sierra Cross,1.47,1
Oceania Llc,1.47,1
Dallas Caulfield,1.47,1
Emileemyers,1.46,1
Takahama,1.46,2
Quavone Carr,1.46,1
Az Foods,1.46,2
Monster Mini Trucks Llc,1.46,2
Grise Waters,1.46,1
Ben Canning,1.46,2
Fireplace Creations Inc.,1.46,2
William Z Inc.,1.46,2
Peterthompson,1.46,1
Pilatus Business Aircraft,1.46,1
Comtexx Corp.,1.46,2
Tony Reaves Ii The Toota Group Llc,1.46,2
Galeon Sp.Z.O.O. Sp.K.,1.46,2
Joshgale,1.46,2
Kameronclark,1.46,1
Yuriyvoznyarskiy,1.46,1
Bambi Inc.,1.46,8
Lynden Sands,1.46,2
Onix Morillo,1.46,1
Mouse Technologies Llc,1.46,2
Sierrabonner,1.46,1
Bria Canada,1.46,1
Outhern Rivers And Properties,1.46,2
Caribbean Liquors & Tobacco,1.46,2
Bard Davol,1.45,1
Seabird Exploration As Co Gulf Mar,1.45,3
Alpinestars Usa,1.45,1
Industries Specialties Inc.,1.45,1
Destryscott,1.45,1
Chippenhook,1.45,1
Innov Wire Technology Ins,1.45,1
Reeceryden,1.45,1
Blaine Courtway,1.45,1
Franks International,1.45,1
Deatrice Middlebrook,1.45,1
Zim American Integrated Shipping Se,1.4400000000000002,7
Biodecon,1.4400000000000002,4
Thyssen Krupp Elevator,1.44,1
Goodwill Long Point Outlet,1.44,1
Jersey Auto Cars Llc,1.44,1
Braydon Fisher,1.44,2
Man Energy Solutions Se,1.44,13
Thane Rolens,1.44,2
Rs Imp. & Classics Llc,1.44,2
Stateline Chevrolet Gmc,1.44,2
Kevin Mcmahon,1.44,2
Inspired Images Restoration And Fab,1.44,2
Boise Paramotors Llc,1.44,2
Automax Inc. Att,1.44,2
Kinomi Tradings Llc,1.44,2
Maruichi Inc.,1.44,2
Phoenix 340 Llc,1.44,1
Tampa Trucks Unlimited,1.44,2
Merioff Carrier Co.,1.44,1
Vadia's Car Rental,1.44,1
Vertiv Corp.,1.44,1
Todddoney,1.44,2
Egger Turo Pumps North America Inc.,1.44,2
Gallrein Farms Shelby County Llc,1.44,2
Stetsen West,1.44,1
Toppert Sales & Leasing,1.44,2
Alfa Laval,1.44,3
Just Call Kelly Llc,1.44,2
Ian Mccoy Ibuy Rides Llc,1.44,2
The Last Frontier Inc.,1.44,2
Autoneum North America Inc.,1.44,1
Kaitlin Maddox Design,1.44,2
Kiaraewing,1.44,1
Jdubs Marine Detailing,1.44,2
Southeast Floor Maintenance,1.44,2
Chelsea Froom,1.44,1
Advanced Supply Concepts,1.4300000000000002,5
Navaltech Llc,1.4300000000000002,8
Saequan Battle,1.43,1
Treyvon Hamilton,1.43,1
Keplerwest,1.43,1
Mackinmacdonald,1.43,1
Courtland Ford,1.43,1
Marie's Sewing Center Group,1.43,1
Zhongsun,1.42,2
The Dixie Pickers,1.42,2
Rpi Services Llc Attn Joseph,1.42,2
Dixon Smith & Associates Inc.,1.42,2
Caterpillar Inc. (Usa),1.42,1
Cannon Irons,1.42,2
Crystal Warehouse Corp.,1.42,1
Master Msc Pamela,1.42,3
Cortland Williams,1.42,1
Calvinspeed,1.42,1
Focal Shipping Services Llc America,1.42,10
Laval Cote,1.42,2
At&T,1.42,2
Holland Greer,1.42,2
Pez Products Llc,1.42,2
Veston Brock,1.42,2
Ngone Lo,1.42,1
Diss,1.42,2
Mia Todd Studio,1.42,2
Shamiahumbles,1.42,1
Clay Caldwell,1.42,2
Albea Cosmetics America Inc.,1.4100000000000001,2
Enchanted Princess,1.4100000000000001,14
Felm Srl,1.4100000000000001,3
Zamzam Musisi,1.41,1
Tationa Clark,1.41,1
Butler Automotive Sales,1.41,1
Caribbean Wholesale Bv,1.41,1
Merccedes Shoemaker,1.41,1
Advics Mfg Ohio Inc. Caviper Plant,1.41,1
0242 Od Hhd Hhd Ordnance Bn,1.41,1
Chase Chance,1.41,1
Electrical Engineer Lead Serv,1.4,1
Green World Building Solution Corp.,1.4,2
Puerto Rico Open Sportfive,1.4,2
Ewa Podkowa,1.4,2
Sky Williams,1.4,1
Transporte Rodriguez Asphalto Inc.,1.4,2
Hutchinson Autopartes Mexico,1.4,1
Kevinbutler,1.4,1
Globe Ship Management,1.4,3
Colby Truss,1.4,1
Depth Logistics,1.4,2
Oregon 3 D Imaging Llc,1.4,2
Jovonn A Industrious,1.4,1
La Sierra Fire Equipment Inc.,1.4,2
Wickert Maschinenbau Gmb H,1.4,2
Br Auto Llc Maurice Biart,1.4,2
Antipodean Wines Llc,1.4,2
Umbrella Motocorp Ug,1.4,2
Cma Cgm Christophe Colomb,1.3900000000000001,5
Vistana Cruise Event Group,1.39,4
California Faucets,1.39,1
Tecnavi Warehouse Genova,1.39,1
Merit Automotive Electronics System,1.3800000000000001,2
Vesuvius Uk Ltd.,1.38,2
Polynesian Produce Stand Inc.,1.38,2
Uniqueauto Group Llc,1.38,2
Paolo Sy,1.38,2
Lindt & Sprungli Usa Inc.,1.38,1
Foreign Affairs Motorsport,1.38,1
Landa International Inc.,1.38,2
Interboro Motors Inc.,1.38,1
Dylanrussell Woods,1.38,2
Comcor Tech 750 Ne 7 Th Avn,1.38,1
Prop Tech,1.38,4
Diamond Owens,1.38,1
Kompressorteknik,1.38,2
Garcia Leather Llc,1.38,2
Nvent,1.38,1
Phe Polymer Engineering Llc,1.37,1
Justinreynolds,1.37,1
Bryanamckinney,1.37,1
Prestige Autos Ltd. Sales,1.37,1
Cam Quoc Ha,1.37,1
Ford Kansas City Assembly Ap06 A,1.37,2
Montana Storey,1.37,1
Serenablanford,1.37,1
Rockingham Carriage,1.3699999999999999,2
Marquaya Blackwell,1.36,1
We Buy Scrap Metal Llc,1.36,1
Yakosei Automotive,1.36,2
Jeff Denmeade Meadesports,1.36,1
Shopper Inc.,1.36,1
Tworogers Associates Ltd.,1.36,1
Shift Automotive Ltd.,1.36,2
Civil Resourse Management Technolog,1.36,1
Decordova Bend Estates Owners,1.36,2
Erial Hallock,1.36,1
Octavious Sams,1.36,1
Ichiban Imp. Llc,1.36,2
Aliyahhicks,1.36,1
Kitchen Stuff Plus,1.36,1
Blue Water Shipping A S,1.36,1
Front Line Systems,1.36,2
Chichibu Crew Llc,1.36,2
Kolbyshea,1.36,1
Kered Class,1.36,1
Rodom Inc.,1.35,1
Grain De Sail,1.35,1
Adcom Worldwide Inc.,1.35,4
Paytonmerkel,1.35,1
Pferd Milwaukee Brush,1.35,1
Diamond Bell,1.35,1
Us Spares Llc,1.35,6
C B Supplies Ltd.,1.35,1
Stuartlindland,1.35,1
Orient Express Container (Thailand),1.34,2
Sund Birsta Inc.,1.34,2
Nadia Al Momory,1.34,1
Dallas Grubbs,1.34,1
Fast Metallurgy Inc.,1.34,1
Johndickinsdon,1.34,2
John Deere Coffeyville Works Inc.,1.34,2
Judah Soles,1.34,1
Cma Cgm Whiteshark,1.34,4
E&P Imp. Inc.,1.34,2
Trokon Woods,1.34,1
Jj Connection Llc,1.34,2
Zahn Ventures Llc Steven Miller,1.34,2
Indigo Vaughan,1.34,1
Japancar Fl Llc,1.34,2
Dachisulava,1.34,1
Mv Viking Mars A1 A Delivery,1.34,2
Malachai Pickering,1.33,1
Hellmann Worldwide Logistics Inc.,1.33,7
Robertson And Caine Inc.,1.33,1
Technip Spoolbase,1.33,5
Amarvion Dawson,1.33,1
Tiendas Libres De Impuestos,1.33,1
Ike Horn,1.33,1
Uniqueodum,1.33,1
Basf Mobile Emission Catalysts Llc,1.33,1
Mjm Marine Ltd.,1.33,3
Wartsila North,1.33,1
Axxel Pasos,1.33,1
Lifeline Usa,1.32,1
Juston Caston,1.32,1
Gerner Maersk,1.32,2
Chris Marie Usa Llc,1.3199999999999998,5
Continental Shipping Inc.,1.3199999999999998,4
La Vue,1.31,1
Mckinlee Leap,1.31,1
Wartsila Service Switzerland,1.31,4
Jasonnoh,1.31,1
Traviswagner,1.31,1
Cerlondrequekio Mcgahee,1.31,1
Ezechieldarville,1.31,1
Coleman American Moving Services In,1.31,1
A&R Houston,1.31,1
Serenity Colon,1.31,1
Chasitygilmore,1.31,1
Intec Maritime Corp. Ship Or Land,1.3,1
Black Dog Physio,1.3,2
Treyvon Prophet,1.3,1
Zayhirtruesdale,1.3,1
Talishawilliams,1.3,1
Wilhelm Rump Kg (Gmbh & Co.),1.3,2
Seacor Island Lines Llc,1.3,4
Keito Black,1.3,1
Audio Wire Connection Llc,1.3,2
Light & Wonder,1.3,21
Los Portales De Madeco Inc.,1.3,5
Ceara Hughes,1.3,1
John Deere Davenport Works,1.3,2
Kalaesylva,1.3,2
Comercializadora Yukey S.De R.L. De,1.3,2
Comercializadora Yukey S Del Rl De,1.3,2
Robert Bosch Tool Corp.,1.3,1
Soma Imp. Kyledemelo,1.3,2
Damar Industries Ltd.,1.2999999999999998,3
Imperial Dade,1.2900000000000003,4
Crown Battery,1.29,1
Davon Oulds,1.29,1
Kahale Ricketts,1.29,1
All Waysinternational Shipping,1.29,1
Tre Davis,1.29,1
Wrist Ship Supply,1.29,9
Ivy Winters,1.29,1
Goltens Houston,1.29,30
Bladen Draper,1.29,1
Kelvion Inc.,1.29,1
Aarondavis,1.28,1
El Museo Del Barrio,1.28,1
Romer Labs,1.28,1
4 Host Llc,1.28,1
Senator International Ocean Llc,1.28,1
Saintnals Llc,1.28,4
Mv Carnival Sunshine,1.28,5
Reaseellison,1.28,1
Coca Cola Beverages Florida Llc,1.28,1
Broadbent Inc.,1.28,1
Naples Motorsports,1.28,2
Christopher John Ltd.,1.28,2
Enrobage Concassage Et Infrastructu,1.28,2
Wellingham Weldling Solution,1.28,2
John Deere Reman Core Center,1.28,2
Nguyen San Le,1.28,1
Marine Turbo The Genuine,1.27,1
Cma Cgm Cassiopeia,1.27,5
P.E.N.G. Electric Ltd. Jevon Smith,1.27,1
Fae Usa Inc.,1.27,1
Metalisteria Pylsa S.A. De C.V.,1.27,1
Gm Cca,1.27,2
Huntershafer,1.27,1
Fl Smidth Salt Lake City Inc.,1.27,2
"Gmbe Pte., Ltd.",1.27,1
Marine Freight Services,1.2600000000000002,12
Paycomplete North America Llc,1.26,2
Enj Used Auto Sales,1.26,1
Abc Sun Control Llc,1.26,3
Merima,1.26,1
Mainfreight Inc. Phx,1.26,1
Dimar International Cargo Corp.,1.26,2
Colbycoleman,1.26,1
Caribe Compostable,1.26,2
Mighty Cabanlit,1.26,1
Shaunking,1.25,1
Tfmarine Inc. For Delievry To,1.25,1
Cruise Trading And Services Cts,1.25,1
Precious Johnson,1.25,1
Tionne Apping,1.25,1
Man Energy Solutions Cph,1.25,2
The Bartel Shipping Co.,1.25,1
Lzmfg,1.25,1
Sms International Shore Ops Seattle,1.25,4
Vision Motorsports Inc. Paul Ferr,1.25,1
Keosha Story,1.25,1
Advance Depot Solutions,1.24,2
Jdm Connect Llc,1.24,1
Vision Motorsports Inc. Christophe,1.24,1
M T Ethane Opal V. 18,1.24,2
Ace Forming Systems,1.24,2
Surveillance International,1.24,30
Global Trade Deal Llc,1.24,1
Megen Gold,1.23,1
Chandler Baker,1.23,1
Savannara Reoung,1.23,1
Sterling Crawford Ii,1.23,1
Valresa Coatings Inc.,1.23,1
Garrett Westmoreland,1.23,1
Falcon Engineering Corp.,1.23,1
Aristrocrat Technologies Inc.,1.23,3
Fugro Usa Marine Inc.,1.23,3
Mg Total,1.23,3
Irish Manalang,1.23,1
Kenning,1.2200000000000002,4
Sunshine Cordage Corp.,1.22,1
Dyukonkarnga,1.22,1
Tequila Mariangel Sa De Cv,1.22,2
Windstar Cruises,1.22,7
Southern Trucks Equipment,1.22,1
Jtekt Column Systems North America,1.21,1
Evanavara,1.21,1
Sullivan Palatek Inc.,1.21,1
Sirio Outfitting Srl,1.2000000000000002,2
Direct Supply Llc,1.2,1
Straightline Logistics For Delivery,1.2,2
Flextronics Mfg. Juarez,1.2,1
Rayteam Inc.,1.2,1
"Hhh Marine & Logistics Pte., Ltd.",1.2,4
Safehouse Habitats (Scotland) Ltd.,1.2,2
Lithopress,1.2,2
De Wave Co Ciesse,1.2,1
Prudnikov Maxim,1.2,1
La Guarapera Franchising Llc.,1.2,2
Benway Solutions Gmb H,1.2,1
Hitachi Astemo Manaus Powertrain,1.2,1
Epc America,1.2,1
Complete Production Resources,1.2,1
Panamerican Grain,1.2,2
Myr Contractors Inc.,1.2,2
Candy Johnson,1.2,1
Rubio Imp. Inc.,1.2,2
South Coast Metal,1.2,1
Brembo North America Inc.,1.2,1
Singer Electric Co. Inc.,1.19,7
Apl Sentosa 2739 Signal Parkway,1.19,5
Kablem Srl,1.19,1
Evansville In Pl,1.18,2
Jtoo Much Sylvia Llc,1.18,1
Te Connectivity Ltd.,1.17,2
Global Boiler Service A S,1.16,1
Natural Plus Usa Inc.,1.16,2
M T Nord Superior,1.16,1
Sun Chemical Corporation,1.16,1
Midwest Industrial Sales,1.16,1
Oceanus Maritime Servicess,1.1500000000000001,21
Prysmian Cables And Systems Usa,1.15,1
Dollar Tree Distribution Inc.,1.15,3
The Amalgated Sugar Co. Llc,1.15,1
Bizlink Technology Inc.,1.15,2
Tote Services Inc.,1.1400000000000001,13
Adroit Usa Inc.,1.1400000000000001,2
Eaton Danfoss Power Solutions Ii,1.14,1
Utophee Ltd.,1.14,1
Master Of Alliance Fairfax,1.14,1
Ralph Lauren Corporation,1.14,1
Coreycrosser,1.14,1
Weight Distribution Llc Cba,1.14,2
Zodiac Pool Systems Inc.,1.14,1
Draaijer Turbo Service Bv,1.1300000000000001,2
Navy Exchange Service Center,1.13,1
Entech Supply Llc.,1.13,1
Eckard Enterprised,1.13,1
Elai Roll,1.13,1
Bhi Wh4 R Tomball Div Of Bh Oilfield,1.13,1
Princess Cuises Fdc Warehouse,1.13,1
Custom Fenestration Products Intern,1.13,1
Margaritaville At Sea Paradisemar,1.12,3
M V Jewel Ots,1.12,1
Cma Cgm La Scala 1600 Lower Rd,1.12,1
Tea Butler Canada Imp. Ltd.,1.12,1
Loran Gulf Coast Holding Co.,1.12,1
Oribe Hair Care,1.1199999999999999,2
Vive Hermosa Salon Llc,1.11,1
Pocholo Navarra,1.11,1
Aromatic Fillers Llc,1.11,1
Global Marine Systems Ltd.,1.11,21
Florida Electric Motor Co Of Miami,1.1099999999999999,6
Wilhelsemn Ship Service Inc.,1.1,2
Esmarlin Gil Manzueta,1.1,4
Goodies Candy And More Inc.,1.1,2
Los G4 Merch Llc.,1.1,4
Swos,1.1,3
Kroma Superfoods Pbc,1.1,1
Kobe Steel Ltd.,1.1,4
Maggiali,1.1,2
Leroy Delgado (Api Representative),1.1,2
Beauty Express Llc,1.1,6
Nortek Global Hvac,1.1,2
Elan Artists Ltd.,1.1,1
South Seneca Storage,1.1,2
Adejiagray,1.1,1
Ian Mansell Applied Cooling Techno,1.1,2
Parker Hannifin Hcs Div,1.1,1
Manitoa Cosntruction Inc.,1.1,4
Misakee Marine,1.1,2
Marioff Corparation,1.1,1
World Resort Bimini,1.09,1
Dunlop Aircraft Tyres Inc.,1.09,2
Nms Inc.,1.09,1
Jet Sea International Shipping Inc.,1.09,1
Tuttle Tile & Marble,1.09,1
Cma Cgm Don Pascuale,1.09,3
Flintec,1.09,1
Winnipeg,1.08,5
Seppic Inc. Etablissement Richmond,1.08,1
Hvacon Marine Systems,1.08,3
Pratt & Whitney Dallas Distributi,1.08,2
Focal Shipping Services Llc,1.08,11
Outpower,1.08,2
Las Americas Travel Cargo And,1.08,1
Alco High Tech Plastics,1.08,4
Via Trieste 13,1.08,1
Lys Beauty,1.08,1
Scanfil Inc.,1.07,4
Albert Bichot Usa Llc,1.06,1
New England Mobile Crushing Inc.,1.06,2
Drew Marine Singapore,1.06,2
Bulkship Management As,1.06,2
Harvester Lsc Main,1.06,1
Golten Service,1.06,3
Zschimmer & Schwarz Interpolymer I,1.06,1
Kerry Brands,1.06,7
The Cruise Club Bvi,1.06,2
Archroma Colombia Sas,1.05,1
Tylok International,1.05,1
Basf Environmental Catalyst And Met,1.05,1
Fontana Usa Distribution Center,1.0499999999999998,3
A 9 Trucking,1.04,2
Wilhelmsen Unitor,1.04,3
Intl Graphics,1.04,2
Island Pennies Rentals & Sales,1.04,1
James Durbin & The Lost Boys,1.04,1
Tonu Retail Investment Llc,1.04,2
Club Med Ixtapa,1.03,1
Magic Ventures,1.03,1
"Maritime Endeavors Shipping Co., Ltd.",1.03,4
Allied Metals Llc,1.03,1
Acal Warehouse,1.03,1
Sur Le Pont,1.03,1
Architectural Stairways Inc.,1.03,1
Compania Global De Pinturas S.A.,1.03,1
Torkworx,1.03,8
Emos Not Dead,1.03,1
Ensinger Special Polymers Inc.,1.02,1
Webber Italia Srl,1.02,2
Turbo System Us Inc.,1.02,5
Cinema Management Of Puerto Rico In,1.02,2
Creative Group Group,1.02,2
Norton Lilly,1.02,2
Fema Ponce Warehouse,1.02,4
Clearflow Solutions Llc,1.02,1
O.E. Durant Ship Chandler,1.02,6
Jewish Educational Toys,1.01,1
Yellowbox Collective,1.01,1
Jst Corp,1.01,1
Adient Us Llc,1.01,2
Tops Vaccum And Sewing Group,1.01,1
Gacucon Group,1.01,2
Hb Usa Holdings Inc.,1.0,1
Shepard Van Llc,1.0,1
Crivellari Divani E Poltrone Srl,1.0,1
Geodis,1.0,1
E Latin Food Llc Zaguan Bakery,1.0,2
Platinum Cargo Logistics Inc.,1.0,2
Rodi Cargo International Group,1.0,2
Ellevet Sciences Llc,1.0,1
Yellow Deck Services Corp.,1.0,2
Trigo Corp,1.0,2
North American General Agents,1.0,1
New Wave,1.0,1
Dnv Se Dnv Envilab,1.0,2
Tonu Retail Onvestment Llc.,1.0,2
Marvel Eagle,1.0,2
Lock N Stitch Inc.,1.0,2
Iaq Technologies Inc.,1.0,1
Haulotte Group Bil Jax,1.0,1
Clean Harbors Env,1.0,1
Hef Usa,1.0,1
Wilhelmsen Ships Serivces,1.0,2
Del Zotto Products Of Florida,1.0,1
Ubersoca 2024 Cruise,1.0,1
Scan Global Logistics Sfo,1.0,3
Calico Coatings,1.0,1
Suntyx Poggesi Co Acal Geodis,1.0,1
Scan Lobal Logistics,1.0,1
Magris Talc Usa Inc. 17509 Van Road,1.0,1
Crystal Nottage,1.0,1
Alfa Laval Vicarb,1.0,1
Cupey Alto Ice Plant Llc,1.0,2
Xylem Water Solutions Usa Inc.,0.99,1
Hastens Store Santa Fe Luxbedmex Sa,0.98,1
Digital Video Systems,0.98,2
Bryant Marine Co. Llc,0.98,2
Discount Liquors Wine Cellar,0.98,1
Control Av,0.98,16
Windgroup Holdings Llc,0.98,1
Krones Inc. Tel 14144094000,0.98,1
Franmara Incorporpated,0.98,1
Abb Motors And Mechanical Inc.,0.98,1
Ralph Mercado Enterprises Llc,0.98,1
Platinum Disabilities Services,0.97,1
Unitor,0.97,4
Boulder Scientific Co.,0.97,1
Boehlerit Gmb H & Co. Kg,0.97,1
Paris Industrial Services Inc.,0.97,1
Cma Repair Llc,0.97,1
Take As Needed Llc Eyehategod,0.97,1
M V Carnival Mircle,0.97,1
Jety Trading Inc.,0.97,1
Luminaire Inc.,0.9600000000000001,3
Anl Ag Norton Lilly International,0.9600000000000001,6
Mrsn Llc,0.96,1
Ic Intracom Usa Inc.,0.96,1
Sure Logix,0.96,1
Union Mini Amrt,0.96,2
Mshs Motor Services Hugo Stamp Inc.,0.96,8
Jetex Air Express Inc.,0.96,1
Dao Trading Llc,0.96,1
De Wave Srl,0.96,6
Itq Gom Operations Broussard,0.96,1
Fabrizio Canu Creative Workshop,0.96,1
Steelite International Warehouse,0.96,2
Williams International,0.9500000000000001,2
M T Nord Swift,0.95,1
Carnival Studios,0.95,30
Juny Car Covers Inc.,0.95,1
Final 500 Llc,0.95,1
Mapei,0.95,1
Surf City Llc,0.95,1
Logistic Department,0.95,6
Ingram Micro Mobility,0.95,1
"Modern Korea Co., Ltd.",0.95,2
Babcock International Group,0.95,1
W And O Suuply,0.95,4
Mozzanica Workshop Refilling Center,0.94,2
Intl Automated Brokers Inc.,0.94,1
Cortes Hermanos Llc,0.94,4
Rnr Rentals,0.94,1
Proline Group Ltd. T A Proline Weldi,0.94,2
Culinary Collective,0.94,2
Pennel Usa,0.94,1
The Mustang Group Ltd.,0.93,1
Leda Logistik,0.93,1
Accelleron,0.9299999999999999,3
Editorial Plaza Mayor,0.92,2
Swift Marine,0.92,6
Quanta Cloud Technology Usa Llc,0.92,1
Bermuda Boat Sale,0.92,2
Kasthall North America,0.92,2
Fruetec Technical Supply,0.92,8
Electro & Co.,0.91,1
Expanscience Laboratories,0.91,4
Global Support And Development,0.91,1
Crystal Cruises,0.91,2
Pentel Of America Ltd.,0.91,1
Pxgeo Do Brasil Ltda,0.91,1
Ford Dearborn Assemblyford Motor,0.91,1
Cma Cgm Elbe,0.91,4
Crowley Caribbean Services Llc,0.91,2
Hydrotec Inc.,0.91,1
Baymarine Services Ltd.,0.91,1
Flanders,0.91,1
Wiwynn International Corp.,0.91,1
Kanner Corp.,0.9,1
Kabco,0.9,2
All Port Facility,0.9,2
R&B Marine Power Engineering,0.9,29
Spector Mfg. Inc.,0.9,2
Golden Imp. Corp.,0.9,2
Lmd Integrated Logistics,0.9,1
Master Of Hellas Athina,0.9,1
"Hudong Heavy Machinery Co., Ltd.",0.9,1
Mesa Trading Llc,0.9,2
Survitec Group Houston,0.9,4
Carnival Mardi Gras Shop Manager Harding Retail,0.9,1
Citizen Pictures,0.89,1
Tyex Equipment Ltd.,0.89,1
Rs&Co Imp.,0.89,1
Techniques Surfaces Usa,0.89,1
Benzi America Inc.,0.89,1
Asmpt Smt Usa Llc,0.89,1
Aquaspersions North America Ltd.,0.88,2
Huckberry Inc.,0.88,1
Badeloft Usa Llc,0.88,1
Reliablee Protection Llc,0.88,2
Edwards Lifesciences,0.88,1
Cma Cgm T. Jefferson,0.88,5
The Beverly Hills Hotel,0.88,1
Hmt Inspection,0.88,3
R And S Godwin,0.88,2
Poison The Well Llc,0.88,1
Cma Cgm Pelleas,0.8700000000000001,4
Eight Tool America Dp Brandel,0.87,1
American Sterilizer Co.,0.87,1
Pacific Adventure Attn Tech Dep,0.8600000000000001,3
Siegwerk,0.86,1
Bay Crane Service Inc.,0.86,1
Cmrb Llc Ein,0.86,2
The Delivery People,0.86,4
Demerara Imp.,0.86,4
The Market Stx,0.86,2
Ajs Marine Shipping Solutions,0.86,2
Future Electronics,0.86,1
Man Energy Solutions Primeserv,0.86,2
Surescan Corp.,0.86,4
Ocean Quay Terminal,0.85,1
Trilogy Med Waste,0.85,8
Build A Bear World Headquarters,0.85,9
Wilhelmsen Ships Service As,0.85,5
Onate Framing,0.85,1
Poseidon Marine Llc,0.85,1
Cma Cgm Rigoletto 1600 Lower Rd,0.85,1
Master Paints & Chemicals,0.85,1
Truck Crane Solutions,0.85,1
Otp Corp.,0.8400000000000001,4
Anl Container Line (Pty) ) Ltd.,0.84,2
Firmenich Inc. Organic Chem,0.84,2
Dyna Mig A Division Of F&P Mfg.,0.84,1
Almax Industries,0.84,2
R.R. Intertrans Llp,0.84,2
Federal Mogul Powertrain,0.84,1
Cma Cgm Thames,0.84,5
Eli Lilly International Corp.,0.84,1
Elite Install Services,0.84,2
Bird Gard Llc,0.84,1
Sulzer Electro Mechanical Services Inc.,0.84,1
Msc Ocean One,0.8300000000000001,2
Accelleron Industries,0.83,3
Royally Imperfect Group,0.83,1
Econtrols,0.83,1
Erico Solon Inc.,0.83,1
Nortek Monterry,0.83,1
Sweeping Statement Inc. 1704 46 Th St,0.83,1
Momentive Performance Materials,0.83,1
Hilton Resorts Corp.,0.8200000000000001,5
Seaking Ltd.,0.8200000000000001,5
"Dsv Solutions Pte., Ltd. Carnival Pr",0.8200000000000001,46
Filter,0.82,1
Cma Cgm Pointe Noire,0.82,1
Intl Roofing And Waterproo,0.82,2
Adam Hall North America Inc.,0.82,2
Bare Necessities Tour & Travel,0.82,1
Taw Miami Service Center,0.82,2
Red Bull North America,0.82,1
Maritime Enforcement,0.82,1
Ajk Shipping Services,0.82,1
Trident Bmc Sp. Z O.O.,0.82,1
Central Welding Supply,0.82,4
Cook Solutions Group,0.82,1
Stahl De Mexico S.A. De C.V.,0.81,1
Novomet Usa Inc.,0.81,1
Aam North America Inc.,0.81,1
Nfi Parts,0.81,1
Royalty Relocation And Storage Llcl,0.81,1
Zf Trw Active And Passive Safety Te,0.8099999999999999,2
Global Ship Services,0.8099999999999999,7
Harman International Industries,0.8099999999999999,11
Smoki Usa Inc.,0.8,1
Terravas,0.8,2
Macgregor Germany Gmb H,0.8,1
Mv Celsius Canberra Legero,0.8,1
Red Wanting Blues Operation,0.8,1
Wilhemsen Puerto Rico,0.8,1
Ca Marine Services Inc.,0.8,3
Carnival Panorama Dry Dock,0.8,1
Priano Aerostream Llc,0.8,1
Wagenborg Shipping Bv,0.8,4
03 Centergate,0.8,17
Acgi Shipping Llc,0.8,1
Precetti Sp A,0.8,2
Cinionics Returns,0.8,1
Kt Touring Kt Install,0.8,1
Soulfly,0.8,1
Matmarine Sp Z.O.O.,0.8,1
Universal Instruments Corp.,0.8,1
Evac Service Center,0.8,1
Flor De Monte Inc.,0.8,2
Seaboard Globe,0.7999999999999999,2
Belgiums Chocolate Source,0.79,1
Tdk Electronics Inc.,0.79,1
Smart Apparels (Us ) Inc.,0.79,1
Deme Offshore,0.78,2
Irs Bayamon Headquarters,0.78,2
Msc Procurament & Logistic Sp A,0.78,3
The Construction Stx,0.78,2
Paradise Travel Groups Llc Group,0.78,2
Msc Indusal Supply Inc.,0.78,1
Bonneville Contrcacting Technology,0.78,4
Therapak Corp.,0.78,2
On Site Environmental Inc.,0.78,2
Fairway And Greene Ltd.,0.77,1
Kinesis Corp.,0.77,1
Aeospace Dynamics International,0.77,1
Mann Hummel Water E Fluid Solutions,0.77,2
Bianchi & Cecchi Service Inc.,0.77,3
Carisam Ship Supply,0.77,2
Msc Mexico City,0.77,1
Magellan Aerospace Haverhill Inc.,0.77,1
Gaming Arts Llc,0.77,6
Us Marine International Serv,0.77,1
Brandmark Llc.,0.76,4
Ricks Motorsport Electrics Inc.,0.76,1
Heavenly Water,0.76,4
Pec (Europe) Gmb H,0.76,1
The School Of Visual Arts,0.76,1
Doyle Sails New Zealand Ltd.,0.76,1
Global Kitchen Solutions,0.76,4
Hasty Magic,0.76,1
Dallas Harmon,0.76,1
Enco Mfg. Corp.,0.76,2
Delmar Safety Houston,0.75,3
Miami Digital Inc.,0.75,7
Warren Rupp Inc.,0.75,1
Tuson Corp.,0.75,1
Dauerflora,0.75,1
Wilhelmsem Ship Servic,0.75,5
Centergate Warehouse,0.75,3
Traelopaq Cargo Inc.,0.75,1
Msc Magnifica,0.75,7
"Pmax One Technologies Pte., Ltd.",0.75,4
Cma Cgm Callisto,0.75,1
Kenstan Lock And Hardware Co.,0.75,1
West End Trading Co.,0.75,1
Renacer Agra Corp.,0.74,2
Paradocs Medical,0.74,1
Juar Gon Corp.,0.74,1
Emerson Supply Chain Optimizat,0.74,2
Standen S Technologies Inc.,0.74,1
Nickeda M Sands,0.74,1
United Electrical Supply,0.74,2
Mode Internationale Ariella Inc.,0.74,1
Chemical Solutions Llc,0.74,4
Accelleron Turbo Systems Us Inc.,0.74,2
Bleeding Trough,0.73,1
Fb6221 127 Th Lrs Lgrmm,0.73,1
Lily Little,0.73,1
Cma Cgm Rigoletto,0.73,2
Make For Ever Ssc Lvmh,0.73,1
Suntix Llc Dba Poggesi Usa,0.73,1
Johnson Controls Systems & Service,0.73,1
Ldc Chambersburg,0.73,1
Do T Le,0.72,1
Libreria Paulinas Puerto Rico,0.72,4
Dutch Tour Enterprises Nv,0.72,2
Wavy Wonders Llc,0.72,1
A&H Armature Works Inc.,0.72,1
Marine Custom Metal Works Corp.,0.72,3
Mitsubishi Logisnext Americas,0.72,1
Herc Rental,0.72,1
Romey Inc.,0.72,6
Epson Do Brasil Industria E Comerci,0.72,1
Modine Lawrtn,0.72,1
Master Of Freycinet,0.72,1
Seeside,0.72,2
Attrans Ltd.,0.72,2
Luxury Sp A Srl,0.72,1
Caribbean Lottery Services Inc.,0.72,4
Meyer Werft Gmb H,0.7100000000000001,5
Viking Life Saving Equipment As,0.71,3
Brother Auto Hunt,0.71,1
Lines Of Denmark,0.71,1
Diamond Resorts International,0.7000000000000001,2
Richies Produce Inc.,0.7000000000000001,8
Euro Caribe Packing Co. Inc.,0.7000000000000001,4
Chefs Pantry,0.7000000000000001,4
Capital Resorts Group,0.7000000000000001,4
Los Angeles Spirit C Ogac North Ame,0.7,2
Gerardo Tapicerias,0.7,2
Aflac Tv And Pelican Case,0.7,1
Wrist Ship Supply Nola,0.7,6
Tci Texarcana Inc.,0.7,2
Abb Inc. Marine Division,0.7,2
Green Instruments Usa Inc.,0.7,5
Alexander Ryan Marine And Safety,0.7,2
Louis Deliganis Port Cargo & Logist,0.7,5
Gametime Auctions,0.7,1
Formaticum,0.7,1
Intercuises Port Service,0.7,1
Soteco International Srl,0.7,1
Melling Engine Parts,0.7,1
American Cruise Aid,0.7,1
Nec Corporation,0.7,1
Apl Mexico City,0.6900000000000001,2
World Chandlering Inc.,0.69,8
Palfinger Marine Usa Inc.,0.69,6
Master Of Msc Carmen,0.69,1
Elenteny Imp.,0.69,1
Source Furniture,0.68,1
Genesis Electric,0.68,2
Ghost Town Entertainment Inc.,0.68,1
Valmony Coating,0.68,1
Distribuidora Gaudi Llc,0.68,2
Centro De Apoyo Familiar,0.68,2
Jones Sign Co.,0.68,1
Assemblers And Fabricators Of Pr I,0.68,1
Bainbridge International Inc.,0.68,2
Tpi Mexico V Llc Roser And Cowen,0.68,1
Baldwin Scale Co.,0.68,1
Yemi Llc,0.68,2
Ship It Poker Cruises Llc Group,0.68,1
Workshop & Refilling Center,0.6799999999999999,4
Desser Tire & Rubber Co.,0.6799999999999999,2
Paramount Sewing And Vacuum Group,0.67,1
Tropic Oil Co.,0.67,1
Sidel Sp A,0.67,3
Anova,0.67,1
Fulfillment & Warehousing Solutions,0.67,1
Major Cinemplex Group Plc,0.67,1
Mol Logistics,0.67,1
Fl Smidth,0.67,1
Lifesrafts Inc. Of Puerto Rico,0.67,3
Ram Alloys Llc,0.66,1
Teco Maritime Inc.,0.66,1
Igt Florida,0.66,39
Akg North American Operations Inc.,0.66,1
Mozzanica,0.66,5
Linak Us. Inc.,0.66,1
Map Cargo International Ltd.,0.66,2
Rexframe Usa,0.66,1
Mesab Usa Llc,0.66,1
Dow Silicones Corp. Taxid,0.66,1
Necker Island,0.66,2
Sea Safety International Inc.,0.66,2
Master Of Msc Anzu,0.66,1
Alpha Logisitcs,0.66,2
Xp Metal Detectors,0.66,1
Lindblad Expeditions,0.66,1
Wren Kitchens,0.66,1
Currents,0.66,1
Zupt Llc.,0.65,5
Technava S.A.,0.65,1
Technava S A,0.65,1
Survitec Safety Services Houston,0.65,1
Ca Carey Corp.,0.65,1
C&C Costruzioni,0.65,2
Givaudan Flavors,0.65,1
Contitech Luftfedersysteme Gmb H,0.65,1
Chios Global Marine Repairs,0.65,1
Holsum De Puerto Rico Inc.,0.64,4
Nautical Envirotech Sl,0.64,3
Nassau Paper Co.,0.64,2
Rivera Garage Doors Inc.,0.64,2
Msc Poesia,0.64,6
Amazon Co Mcdermott Inc.,0.64,3
Casas Y Proyectos Del Golfo S.A De,0.64,4
Kloska Energie And,0.64,2
Wartsila Caribbean Inc.,0.64,4
Breakwater International,0.64,7
Dd Construction,0.64,1
Mamiya America Corp.,0.64,1
Flexo Wash Llc,0.63,1
Detailed Solutions,0.63,19
Crc Evans Pih,0.63,1
Marioff Corporation Oy,0.63,3
Motorola Solutions,0.63,1
Best Global Logistics,0.63,4
Silverwell Technology Inc.,0.63,1
American Vulkan Corp.,0.62,1
Pine Peace Mini Mart Inc.,0.62,2
Fountain Beach Residence Ltd.,0.62,2
Point Blank Enterprises,0.62,1
Seabulk Towing Holdings Inc.,0.62,1
Te Connectivity Corp.,0.62,1
Quantum,0.62,1
Lancer Skincare Llc,0.62,1
Pepsi Beverage Co.,0.62,1
Celebrity Dance,0.62,1
Alxalta Powder Coatings Systems,0.62,1
Tokyo International Cruise Terminal,0.62,1
C S Wave Sentinal,0.62,1
Agencia Maritima International,0.62,2
Dyno Nobel Inc.,0.62,1
Electrolux Home Products,0.62,1
Summit Spirit,0.62,6
Southern Marketing Affiliates,0.62,1
Florida Distribution Center,0.61,18
Breakwater International Californ,0.61,1
Cabla Marine System Usa,0.61,5
Scan Global Logistic,0.61,2
Harding Brothers Retail Ltd. 11140 Nw 122 Nd St Suite 100,0.61,4
"Marlow Navigation Co., Ltd.",0.61,5
Sick Duck,0.61,1
Flomare Llc,0.61,1
Allied Bingo,0.6000000000000001,4
Automotive Lighting Llc,0.6000000000000001,3
"Francois Marine Services Pte., Ltd.",0.6000000000000001,4
Air Conditioning Solutions Inc.,0.6,4
Becker Lane Organic Farm,0.6,1
Clemenger Bertling Projects (Pty) ) ) L,0.6,2
High Products,0.6,2
1330 Eastaugh Way,0.6,1
Rhl Reederei Hamburger Lloyd Gmb H,0.6,2
"Scorpio Marine Mng India Pvt., Ltd.",0.6,2
Triumvirate Environmental,0.6,1
Tomcas Work & Safety Shoes,0.6,1
Delta Integrator,0.6,1
Seaking Inc.,0.6,1
Pkz Corp. Dba Kury Joyeros,0.6,2
Xcel Hermetic Motor Rewinding Inc.,0.6,2
Gs Hydro Huston,0.6,1
Clean Harbors Enviromental,0.6,1
Josam Distributors Inc.,0.6,2
"Wartsila Singapore Pte., Ltd.",0.6,2
Beisler America Llc.,0.6,1
Bcool,0.6,1
Cma Architects & Engineering,0.6,2
Goodwill Industries,0.6,1
Goodwill Industries Of S Fl,0.6,1
Marine Logistics Services,0.6,1
Yusen Logistics,0.6,1
Petroleum Brokers Llc,0.6,2
Schlenk Metallic Pigments,0.6,3
Pivot Corp.,0.6,1
Man Prime Serv Houston Workshop,0.6,1
Vectair Systems Inc.,0.6,2
Amphenol Sine Systems,0.6,2
M.J.Hans And R.E Hans,0.6,2
Miguel Angel Alvarez Sanchez,0.6,2
Central Mare Inc.,0.6,1
Macgregor Germany,0.5900000000000001,2
Mozzanica Breakwater International,0.5900000000000001,6
M V Marella Discovery,0.59,1
National Cement Co.,0.59,1
Cincinnati Mine Machinery,0.59,1
Aal Pusan,0.59,1
Neon Production Supply Llc,0.59,47
Onespaworld (Bahamas) Ltd.,0.59,19
Crane Worldwide Logistics Sfo,0.5800000000000001,3
Midnight Convenience Store,0.58,2
Plumpjack Winery,0.58,1
10 11 2024 Bratt Pfotenhauer,0.58,1
Turbo Wash Town Corp.,0.58,2
Tri Connect Inc.,0.58,1
Seabulk Towing Inc.,0.58,2
Drink Laura Gmb H,0.58,2
Accurate Fulfillment,0.58,1
Danners,0.58,2
Kohaku,0.58,2
Wartsila Italia Sp A,0.58,9
Atlas Copco Drilling Solutions Llc,0.5700000000000001,3
Liferafts Incoporated Of P.R,0.5700000000000001,5
Ametherm Inc.,0.57,1
Gear Services Inc.,0.57,1
Aegean Shipping Management,0.57,1
Kimi S.A. Indistrial And Commercial,0.57,1
Eric Chong Ams Service Sales,0.57,1
Erd Ltd. Inc.,0.57,22
Quality Plast Ltda,0.57,1
Digipas Technologies Inc.,0.57,1
Spruce And Gander Inc.,0.56,2
Goodrich Aerostructures,0.56,1
Swift Marine Bv Contour,0.56,1
Small Hope Bay Lodge,0.56,1
Hyundai Global Service Middle East,0.56,1
Exmar Shipmanagement,0.56,4
Fort Berens Estate Winery,0.56,2
Kineticdog Llc,0.56,1
Department Of Homeland Security,0.56,4
Justise Little,0.56,1
Ang Turbo Systems Us Inc.,0.56,1
Us Marine,0.56,5
Rws Global,0.55,1
Epiroc,0.55,3
Max Shipping Inc.,0.55,7
Tabony Industries Ltd.,0.55,1
Turbinen & Motoren Services Gmb H,0.55,3
Team Illuminata Motorsport,0.55,1
American Plumbing And Electrical,0.55,15
Logan Industries (Hadco),0.55,1
South American Sales Llc,0.55,1
Unichem,0.55,1
Wilhelmsen Marine Product,0.55,1
Black Diamond Equipment Ltd.,0.55,1
Raiffeisen Switzerland Cooperative,0.54,41
Hempel Coatings Usa Inc.,0.54,1
Unitor Wilhelmsen,0.54,1
Valmet Inc. 56 150840017,0.54,1
Trans Pac Inc.,0.54,2
Cruising With Friends Group,0.54,1
Epson Argentina Uruguay Sa,0.54,2
Pacific Power Group,0.54,3
Krey Schiffahrts Gmb H And Co Kg,0.54,2
Smart Buy,0.54,4
C Baha,0.54,1
Quality Foods Vi Stx,0.54,2
Liberty Mobile Pr,0.54,2
Alphaone,0.54,3
B S Foodservice Bv,0.54,1
Carlos Morell Rodriguez Dba Cm Outl,0.54,2
Applied Membranes Inc.,0.54,2
Turbo Systems The Netherlands B.V.,0.54,2
00 Nova Tech Engineering Llc,0.54,1
Wilhelmsen Ship Services Unitor,0.54,2
New Jersey Electric Motors Inc.,0.53,1
Long Beach Cruise Terminal,0.53,1
Vision Metering Llc,0.53,1
Deckhouse Ship Supply,0.53,4
Garske Turbo Service Inc.,0.53,3
Port Of Galveston,0.53,1
Boilertechnica G Xenaki Kolykia,0.53,2
Asia Garden,0.52,2
Asi Brands Ltd.,0.52,1
Packsize Llc,0.52,2
Bebella Inc. Dba Beauty Creations Ll,0.52,1
Antilles Power Depot,0.52,4
Prime Trading Llc.,0.52,2
Tideater Marine Llc,0.52,1
Msc Opera,0.52,1
Suntxy Llc Dba Poggesi Usa,0.51,1
Marine Care,0.51,9
M&J Usa Inc.,0.51,1
"Yamaha Motor Corporation, Usa",0.51,1
Model Barn,0.51,1
Entertainment Centergate,0.51,1
Epiroc Elko,0.51,2
Csw Inc.,0.51,1
Luxuryspa Srl,0.51,4
741 Solutions,0.51,3
Grundfos Pump Corp.,0.51,1
Wci Inc. World Chandlering Inter,0.51,4
Ftc Solar Inc.,0.51,1
Wrist Usa (Houston) Inc.,0.51,13
Marine Turbo Engineering Ltd.,0.51,3
Givaudan Fragrances Corp.,0.51,2
R And B Marine,0.51,3
Gn Solids America Llc,0.51,1
Waagner Biro,0.5,1
Allport Opa,0.5,1
Ws Packaging Group Inc. Dba Multi C,0.5,1
Laurentian Pilotage Authority Cpbsl,0.5,1
G.N.I 1926,0.5,1
Clean Earth,0.5,1
Gennaro S.A.S.,0.5,1
Wir Super Market,0.5,4
Backbone Electric Mari,0.5,2
Jf Moran,0.5,2
Club De Aeromodelismo Borinquen,0.5,2
Drew Marine Co West Coast Ship,0.5,1
Mami Suzuki Shipmanagement Group,0.5,1
Geodis Ff Belgium Nv,0.5,2
Ge Energy Power Conversion France,0.5,1
W&O Sypply Netherlands Bv,0.5,1
Cidra Metallic Casket,0.5,2
Mondowood,0.5,1
Clauger Usa,0.5,1
Russell Carter Artist Mgt,0.5,1
D I Davit International Hische Gmb H,0.5,4
Continental Construction And,0.5,2
Vernaval Service Srl,0.5,2
Alpha One Pompano,0.5,1
Waagner Biro Austria Stage Systems,0.5,1
Oy Danfoss Ab,0.5,2
Ibi Customs Services Inc.,0.5,1
Graphic Printing & Design,0.5,2
Xcel Hermetic,0.5,2
Sgs Marine Services,0.5,2
Franmar Distributors Llc,0.5,2
Era Carpet & Flooring International,0.5,1
Helsinki,0.5,2
Packaging Center International,0.5,1
Conformatic Corp.,0.5,4
Fantasia By Giorgio's,0.5,2
Altol Petroleum Products Service,0.5,2
Ships Machinery International Inc.,0.5,1
Nyrev Inc. Dba The Readers Catalog,0.5,2
Valworx Inc.,0.5,1
Bw Lpg Llc,0.5,1
Centro Oncologico Del Oeste,0.5,2
Techni Teak,0.5,2
Axalta Coating Systems Llc,0.49,1
Tino Sana Srl,0.49,2
Imperial Gaming Supply,0.49,1
Dynacom Tankers Management Ltd.,0.49,4
Sport Design Studio Sds Inc.,0.49,1
Tecnoglass,0.49,1
"Fouma Shipping Co., Ltd.",0.49,1
Accelleron Houston Workshop,0.49,1
Express Radio Inc.,0.49,1
Leader Marine Usa Inc.,0.49,2
Law Estate Wines,0.49,1
Emea Best Global Logistics,0.49,1
Nexair,0.49,6
Iveco Sp A .,0.49,2
Wpt Enterprises Inc.,0.48000000000000004,3
Hellman Worldwide Logistic Miami,0.48,1
Sgs Canada Inc.,0.48,12
Autoneum North America Bloomsburg,0.48,1
Veriitiv Operating Co Jacksonville,0.48,2
Trinity Logistics Corp.,0.48,1
American Mechanical And Hydraulic,0.48,2
Ng Trading Inc.,0.48,2
Crowley Goverment Service,0.48,2
Dymtro Starodubtsev,0.48,2
Sas San Antonio,0.48,1
Hill Rom Service Stores,0.48,1
Precetti Inc. Warehouse,0.48,1
Scenery First Inc.,0.48,4
Soto Entertainment Group,0.48,1
Prosolar Pr,0.48,2
Flemings Transport Co Inc.,0.48,2
Mays Chemical Co. Of Pr Inc. Dba,0.48,2
Russmill Safety Llc,0.48,2
Pcv Terminal,0.47000000000000003,10
Reliable Ship Supply Inc.,0.47000000000000003,2
Alfa Laval Technologies Ab,0.47000000000000003,13
Armature Electric Ltd.,0.47000000000000003,2
Sea World Mgmt And Trading,0.47000000000000003,3
Harman Professional,0.47,2
Nuvant Sas,0.47,1
Meritor Laurinburg Specialty,0.47,1
Edward Don & Co.,0.47,6
Holian Ball,0.47,1
Intl Paint Llc,0.47,1
Imtra Marine Corp.,0.47,1
Alfa Laval Inc. (Aalborg),0.47,1
Tough Ole Bird Inc.,0.47,1
Century Packaging Corp.,0.46,2
"C R Laurence Co., Ltd.",0.46,1
Eco Innovations,0.46,2
Community Through Colors,0.46,2
La Mancha Knutsen,0.46,1
Manitoba,0.46,4
Otis Enor,0.46,1
Bobby's Supermarket,0.46,2
Ocean Infinity (Sweden) Ab,0.46,9
The Devil Wears Prada,0.46,2
Wartsila Apss Srl,0.46,32
Tru Marine,0.46,2
Greenwave Transportation,0.46,4
Mode Choc Dolbeau Ltee,0.46,1
High Seas Safety And Trading Co.,0.46,2
"Tru Marine Pte., Ltd.",0.46,2
Holland America Line,0.45999999999999996,5
Ncr Athleos,0.45,1
Diversey Taski Inc.,0.45,1
Mentor Technical Group Sju,0.45,1
M V Ellington,0.45,2
Kim Divincenzo Inc.,0.45,1
3 M Health Care Forest City,0.45,1
Seamless Surfaces Llc,0.45,1
Mv Hoegh Tokyo,0.45,1
Dime Srl,0.45,2
Vasnaval Co De Wave,0.45,1
The Salvation Army Of Galveston,0.45,1
Kongsberg Maritime As,0.45,24
Malco Products Inc.,0.45,1
Emerald Primcess,0.45,1
Capture Events Llc Group,0.45,1
Airgas South Inc.,0.45,1
Sanbec Canada Inc.,0.45,1
South Coast Metal Recycling,0.45,1
Alandia Engineering Estonia,0.45,1
Schatz Bearing Corp.,0.45,1
Mobile Modular Management Corp.,0.45,1
Wartsila Netherlands Bv,0.45,1
J Bourne Plant Repairs Ltd.,0.45,1
W. L. Activewear,0.45,1
4100 Nw 142 Nd,0.45,1
Wilhel,0.44999999999999996,3
Jgp Hellas Ltd.,0.44999999999999996,2
Club Med Management Servi,0.44,1
Sgs Canada Inc. Agri Insp. Services,0.44,3
Bf Shipmanagement Gmb H & Co. Kg,0.44,1
Laselec,0.44,1
Siem Spearfish,0.44,3
Arjo New Zealand Ltd.,0.44,2
Tactical Glass Corp.,0.44,2
368 Sea Safety International Inc.,0.44,1
Schaller Automation Lp,0.44,37
P & O,0.44,1
Hacienda Siesta Alegre,0.44,2
Kluber Summit Texas,0.44,136
Tld Ace,0.44,1
Carnival Cruise Line,0.44,17
Outdoor World,0.44,2
Universal Media Llc,0.44,1
Aerostream 835 S 192 Nd St Ste 100,0.44,14
Ecolab Food Safety Specialties,0.44,1
Ecolab Co. (Us24 Martinsburg Eccc),0.44,2
Jc Beauty Group Corp.,0.44,2
Priano Marchelli Usa Inc.C O,0.44,1
Deere & Co. Harvester Works,0.44,2
Leatherback Stx,0.44,2
Hmma,0.43999999999999995,2
Svanehoj Denmark,0.43000000000000005,5
Acs Productions,0.43000000000000005,3
Silver Whisper,0.43000000000000005,4
Meritor Asheville,0.43,1
Arribas Brothers Co Inc.,0.43,2
Upscapers,0.43,1
Marine Turbo Workshop,0.43,1
Lagunitas Brewery Co. Attn K,0.43,1
Tower Supplies,0.43,2
Unimed,0.43,1
Silver Bay Foods Llc,0.43,1
Vickor Enterprise,0.43,5
Zephair Aviation Llc,0.43,1
Princess Cruises Dance Studio,0.42000000000000004,11
M And C Uniforms Inc.,0.42000000000000004,7
Flosports Inc.,0.42,1
Wartsila Finalnd Oy Services,0.42,1
Sandals Resorts International,0.42,2
Fegeac Aero,0.42,1
"Dsv Solutions Pte., Ltd.",0.42,12
Wilhelmsen Dubai,0.42,1
American Custom Metal Inc.,0.42,2
Subsea Technologies Inc.,0.42,2
Hobie Cat,0.42,1
Fig & Mor Tobacco Corp.,0.42,2
Earthcore Industries Llc,0.42,1
Millerknoll,0.42,1
Veritiv Seattle,0.42,1
Peace Vanguard Det.,0.42,2
Ademco Inc.,0.42,1
Grainger,0.42,11
Hunter Foods Stt,0.42,2
Stealth Maritime Apollon Business,0.42,1
Delta Contract Sp A,0.41000000000000003,4
Abb Inc. Bu Turbocharger,0.41000000000000003,2
Hl Iron Works Corp.,0.41000000000000003,3
Maurer Rides Gmb H,0.41000000000000003,13
Simms Machinery International Inc.,0.41000000000000003,4
Yellowcard Guitars,0.41000000000000003,3
Miami Warehouse Logistics,0.41000000000000003,2
Bren Tronics,0.41,1
Think Promotional Group,0.41,1
Api Sp A (Us Marine International),0.41,2
Harman Professional Inc.,0.41,1
Msc Procurement & Logistics Sp A,0.41,1
Amphenol Sine,0.41,1
R Aqua Ws Sro,0.41,1
Coba Select Sires,0.41,1
Unified Logistics,0.41,1
Ademco Inc. Resideo,0.41,1
Laerdal,0.41,1
Laars Heating Systems Co.,0.41,1
Rki Honduras,0.41,1
Velo3 D Inc.,0.4,1
Atlantic Pacific Marine,0.4,1
Edge Mfg. Inc.,0.4,1
United Refrigeration Inc. Branch #4,0.4,1
Crafty Cruisers,0.4,1
Emc & Lsd Enterprises Y O Elizabet,0.4,2
Mi Sp A,0.4,1
Mht Lighting,0.4,2
Mima's Confections,0.4,4
Performance Boating Sales,0.4,2
A R Savage And Son Llc,0.4,3
Transformando Tu Hogar Gc Inc.,0.4,2
Multiproject Soc Consortile Arl,0.4,1
Shell Trinidad And Tobago Ltd.,0.4,2
L&Z Enterprises Llp,0.4,2
Grace Paws Llc.,0.4,1
Hp Accessory Service Inc.,0.4,4
Diversified Photo,0.4,2
Rfd Construction Inc.,0.4,2
Chimento Design,0.4,2
Ocean Princess 1,0.4,2
Norwegian Offshore Rental As,0.4,1
Wilhelsemn Shp Service Inc.,0.4,1
Captiva Print Llc,0.4,2
Euro Led,0.4,2
Clement Sobler Sas,0.4,1
Edr Antwerp Shipyard Engine Deck R,0.4,1
Kabco Beverage & Mechanical Llc,0.4,2
Master Msc Maya,0.4,1
Dacorum Srl,0.4,1
Promarine Im Und Exp. Gmb H,0.4,7
Katradis Marine Ropes Industries Sa,0.4,1
Woodland Hills Camera & Telescope,0.4,1
Swiss Institute,0.4,1
Cool Carriers Ab,0.4,2
Croma Llc.,0.4,4
Element Yorktown,0.4,1
On Site Enviromental (Stx),0.4,2
Jd Co. Corp.,0.4,2
Vaqueria Tres Monjitas,0.4,2
Libertystone,0.4,1
Horizon Air Freight Of Texas Inc.,0.4,1
Ev Cargo Global Forwarding Sl,0.4,1
Solvang Stavanger,0.4,1
Carrier Transicold,0.4,1
Cruising Agents,0.39,1
Toray International America Inc.,0.39,1
Ags Adventure And Sports,0.39,1
Swiss Naturals Inc. Dba Bioforce U,0.39,1
Deme Offshore Ship Orion,0.39,1
De Wave Co Mediservice,0.39,1
Elamac Ii Srl,0.39,1
Samos Steamship Co.,0.39,3
Ahk Group,0.39,4
Flanders Electric Motor Service,0.39,1
Lnw Gaming Inc.,0.39,5
Wilhelmsen Ships Service Cyprus Ltd.,0.39,1
Jlcooper Electronics,0.38,1
Sottovento Cbf Llc,0.38,2
Coty Us Llc,0.38,2
Oldach Associates Inc.,0.38,2
Pc Fdc External Warehouse,0.38,2
Preferred Transportation Services,0.38,1
Konami Gaming,0.38,4
Nakios Logistics,0.38,1
Artisan Cooperages,0.38,1
Cheney Brothers Inc.,0.38,4
M V Nobleway,0.38,1
Phillipsburg Outboard,0.38,1
Bc Service Europe Srl,0.38,1
Clover Hill High School,0.38,1
Rr Wines,0.38,2
A Makarian Co.,0.37,3
Unique Systems Llc,0.37,2
Unitor Wilhelmsen Ship Service,0.37,1
Commercial Beverage And,0.37,2
Grand Princess,0.37,12
M V Earth Summit,0.37,1
Ppg Industries Colombia Ltda,0.37,1
Tuboscopevetco Capital Ltd.,0.37,1
W&O Europe Bv,0.37,1
Apl Danube,0.37,3
Jotun Paints,0.37,1
The Clorox Co.,0.37,1
Roadgrip Uk Ltd.,0.36,1
Far East Marine Services Llc,0.36,3
Corporate Solutions Stx,0.36,2
Linde Gas Stx,0.36,2
August Burns Red Touring Inc.,0.36,1
Flemings Transport Inc.,0.36,2
Island Way Entretaiment,0.36,4
Savannah Johnson,0.36,1
Performance Marine Inc.,0.36,1
Union Mini Mart,0.36,2
Jose Santiago Inc.,0.36,2
Dwyer Instruments,0.36,1
Pss Governor Services,0.36,8
Koala Eco Co. Usa Ltd.,0.36,1
Green Sky,0.36,2
Belle Chasse Marine Texas L.L.C.,0.36,1
Camelot Warehouse,0.36,1
Esmo Corp.,0.36,2
Sts Logistics North America Inc.,0.36,4
Global Maritime Chartering Llc,0.36,1
Buddy Cruise Group,0.36,2
Wci Inc.,0.35000000000000003,3
Cruise Terminal,0.35000000000000003,5
Design Distribution Llc,0.35,1
Leadership League Experiences Llc,0.35,1
3 M Fall Protection Business,0.35,1
Staubli Corporation,0.35,1
Mr. Lin Ran Kopa Marine Service,0.35,2
Global Maritime Supply,0.35,1
Freeman,0.35,1
So. Ve. Srl,0.35,1
Bowling For Soup,0.35,1
Elation Professional Acclaim,0.35,2
Bulkship Management,0.35,1
Gm Cca Davison,0.35,1
Celtic Quilter Group,0.35,1
Applied Acoustics Engineering Ltd.,0.35,3
Givenchy Corp. Usa,0.35,1
Us Ship Supply,0.35,1
Kloska Gmb H,0.35,1
Jpo Aquila,0.35,1
Dinex Emission Inc.,0.35,1
Camelot Inc.,0.35,1
Carnival Firenze,0.35,8
Sulzer Pumps Solutions Inc.,0.35,1
Cma Cgm Ural,0.35,4
Sovisal Huy,0.35,1
Sioux Rubber And Urethane,0.35,1
Smiths Detection,0.34,1
Visteon Systems Llc Bu# 1795,0.34,1
Egrc Group Corp. Concessions,0.34,32
Fpt Industrial Sp A Driveline,0.34,1
Ocean Cay Shops,0.34,1
Turbo Systems Us Inc. Abb Inc.,0.34,2
Buckeye Bahamas Hub Ltd.,0.34,1
Calstone Co.,0.34,1
Sew Bestie Llc Group,0.34,1
Westly Miller Save A Day,0.34,1
Master Cma Cgm Leo,0.34,2
Seri Emperror,0.34,2
Marichem Marigases Worldwide Servic,0.34,1
Ari Armaturen Albert Richter Gmb H,0.33999999999999997,2
Exuma Resort Developers Ltd.,0.33999999999999997,2
Caribbean Princess,0.33999999999999997,6
Man Netherlands Bv,0.33,1
Surveillance Safety Solutions,0.33,2
Baggermaatschappij Boskalis B.V.,0.33,1
Ring Maritime,0.33,2
Rentex Inc.,0.33,1
Consilium Marine Us Inc.,0.33,11
Vps Veritas Petrol Svcs Test Inspec,0.33,246
Welldex Logistics,0.33,1
Stahl Usa,0.33,1
Quality Electro Plating Corp.,0.33,1
Saacke Usa Inc.,0.33,1
Leelloyds Marine,0.33,1
Mardi,0.33,4
Port Cargo Groups,0.33,1
Turkon America Inc.,0.33,5
Hf Srl,0.33,2
Iron Hoof Touring Orville Pack,0.33,1
Duelle Logistics,0.33,2
Sherwood Cosulting Llc,0.32999999999999996,2
Studio Instrument Rentals,0.32999999999999996,2
"Viking Lifesaving Equipment Mumbai Pvt., Ltd.",0.32,2
Convenient Construction Ser. Inc.,0.32,2
Hamel Innovation Builder Inc.,0.32,1
Susto,0.32,1
Island Supply Jacques Scott Ltd.,0.32,1
Hytorc Northwest,0.32,2
Colart Americas Inc.,0.32,1
Vahterus Oy,0.32,3
Environmental Reclaiming Services,0.32,4
Er2,0.32,2
Cs Supplies,0.32,3
Rotto Diesel,0.32,10
Sumitronics Usa Inc.,0.32,1
New Dimension Mattres Inc.,0.32,2
Don Bruno Mini Mart,0.32,2
Royston Ltd.,0.32,1
Protech Caribbean,0.32,2
Wrist West Coast Houston,0.32,2
Star Marine Services,0.32,2
Marlink As,0.32,5
Mns Aluminum Glass And Tiles,0.32,5
Okeanos Maritime Services Llc,0.32,11
Buccament Bay Management Ltd.,0.32,1
Deith Distributing Inc.,0.32,14
Marinetrans,0.32,6
Abb Ag,0.32,4
Dexco Colombia S.A.,0.32,1
Arison Products Llc,0.32,1
Streamline Marine Services Llc,0.32,5
Ecolab Mfg. Inc.,0.32,2
True Navigation,0.31000000000000005,6
Snider Industries Llp,0.31,1
Robe Lighting Inc.,0.31,4
Fans First Entertaiment,0.31,1
Yellow Deck,0.31,1
Florida Gas Welding,0.31,1
Sarena Hill,0.31,1
New Sabina Industries Inc.,0.31,1
Ikm Laboratorium As,0.31,18
Sims Pump Value Co. Inc.,0.31,3
Adventure Golf Services,0.31,1
Mv Pacific Adventure Attn Tech Dep,0.31,2
Houston Marine Technologies,0.31,2
S&S Worldwide,0.31,2
Mg Total Consultants Inc.,0.31,1
Motivating Graphics Llc,0.31,1
Avo Training Institute,0.31,1
Jeumont Electric,0.31,4
Unity Tx,0.31,1
Sid Tool Co. Inc.,0.31,3
Superior Air Parts Inc.,0.30000000000000004,2
Agence Maritime Brestoise (Amb),0.30000000000000004,2
Scan Shipping Inc.,0.30000000000000004,2
Barcelona Europe Supply S.L.,0.30000000000000004,3
Transcor Of Miami Casino Area Cente,0.30000000000000004,2
Distribution Specialists Inc.,0.3,8
Comcor Tec Broward Shipyard,0.3,1
Micc Center,0.3,1
Dfm Contractors Llc,0.3,2
Grade All Heavy Equipment Inc.,0.3,1
Alphamar,0.3,2
Master Criollos Basketball,0.3,2
Multimar Urugan,0.3,1
R.J. Kates Co. Inc.,0.3,2
Color Jewelry Corp.,0.3,1
Wtdc,0.3,1
Phuong Dong Viet Shipping&Logistics,0.3,2
Usafreight Group Houston,0.3,1
E E Constructions Llc,0.3,2
Technical Center,0.3,1
Nor Am Management Llc,0.3,1
Cass Technava Ltd.,0.3,1
Enviamos Carga Slp Maritime,0.3,1
Jotron Usa,0.3,2
Sirio Outfitting Co Katalan Group,0.3,1
Sparktacular Fx Machines Llc,0.3,18
Lehigh University,0.3,1
Metric Marine & Industrial,0.3,15
Silver Wind,0.3,1
T & G Aluminio Llc,0.3,1
Veritas Petroleum Services,0.3,70
Awful Wrestling Monster Ring,0.3,1
Evac Gmb H,0.3,1
Flor Del Monte Inc.,0.3,2
Rolland Hairtrend Caribbean Inc.,0.3,1
Intermarine,0.3,2
Dp Service,0.3,1
Marflex Europe Bv,0.3,2
Sun Blinds Inc.,0.3,4
Alfa Laval Fresco,0.3,1
Wildermiss Llc,0.3,1
Fps Houston,0.3,1
Fozzy Llc,0.3,1
Prima Nave Spolka Zoo,0.3,1
Pr Powertrain,0.3,2
Pr Logistics Corp.,0.3,2
Whilhelmsen Ships Service Inc.,0.3,1
Emc & Lsd Enterprises Y O Elizabeth,0.3,2
Kennametal Inc.,0.3,2
Gecom Genovese Commerciale Srl .,0.3,1
P.I.A. Gmb H & Co. Kg,0.3,1
Caribbean Tank Technologies Inc.,0.3,4
Normandy Carpet,0.3,1
Dalstrong Inc.,0.3,1
Dasaly Incorporado,0.3,2
Speedcast Communications Kenner,0.3,2
Tefin,0.3,2
Scan Gloabal Logistics,0.3,1
Norsk Analyse As,0.3,10
Fiberx Inc.,0.3,2
Customs Builders,0.3,2
Daikin Airconditioning Norway As,0.3,1
Park West,0.3,1
Cartage Transport,0.3,1
Mastec Network Solutions,0.3,2
Light And Wonder,0.29000000000000004,3
Coastal Delivery,0.29000000000000004,2
Tml Venture Logistics,0.29,1
Limnos Sponge Co.,0.29,1
Clean Beauty,0.29,1
Capitol Percussion Backline,0.29,1
J.R. Moore & Allen Mack Myers Moore,0.29,1
Cabla Systems Usa,0.29,1
Houston United States Of America,0.29,1
Washburn Pos,0.29,4
Industrial Supplies Co.,0.29,28
Global Boiler Aalborg,0.29,1
Knoll Inc.,0.29,1
Meritor York Sales,0.29,1
Multitek Amad Logistics,0.28,1
Driving Test Ezy Ltd.,0.28,2
Brewster Home Fashions,0.28,1
Viking Customs Llc,0.28,1
Halcyon Marketing Ltd. Liability,0.28,1
Velocity & Marine Services,0.28,2
Backline Solutions Llc,0.28,2
Iron Tech Inc.,0.28,2
Mv Normand Clipper,0.28,1
Work House Srl,0.28,1
"Taiwan Wallem Transportation Co., Ltd.",0.28,2
R.H Diesel Parts Inc.,0.28,2
Erwiton S.A.,0.28,1
Canrig Drilling Technology Lt,0.28,1
Bourne Group,0.28,3
Air Group Gas Corp.,0.28,2
Spruce And Gander,0.28,2
Cashman Machinery,0.28,1
Ships Spares In Transit,0.28,2
Msc Virtuosa,0.28,4
Mshs Group Of Companies,0.28,4
Quantiserv Wartsila Netherands,0.28,2
Antwerp Diesel Pumps,0.28,4
Emerald Princess Casino Dept,0.28,2
Viking Mars,0.28,1
Singha North America Inc.,0.27999999999999997,30
Alchemation,0.27,1
Dr Choice Paharmacy,0.27,7
Man Energy Solutions Canada,0.27,1
Northrop Grumman Sperry Marine,0.27,3
Refricentro Hato Rey,0.27,1
Mediterranean Shipping Co. El Salva,0.27,1
Linde Gas Puerto Rico Inc.,0.27,1
Horizon Air Freight Msc E,0.27,1
Skagway Port Agent,0.27,5
Centergate 6301 E 10 Th Ave.,0.27,4
Us Marine International Servicces,0.27,1
Bendix Commercial Vehicle,0.27,1
Wartsila Serck Como Gmb H,0.27,2
Sulmara Subsea Llc,0.27,2
Mind Co. Llc,0.27,1
Kuka Robotics Corp.,0.27,1
Versa Products Co.,0.27,1
Gac Sin,0.27,1
Rossetti Srl,0.27,1
Atlantic Maritime,0.27,1
Quantum Marine Stabilisers,0.27,1
Florida Funeral Home,0.27,3
Lc2 B Productions Llc,0.27,1
Schaeffler Group Usa Inc.,0.27,1
Halkstop,0.26,2
Gea Mechanical Equipment Us Inc.,0.26,3
Intl Mining And Marine,0.26,33
Lmp Inc.,0.26,1
Blue Water Shipping,0.26,2
Love City Minimart,0.26,2
Same Day Service Inc.,0.26,4
Disney Cruise Line,0.26,1
Glovis America Inc.,0.26,2
Alfa Laval Nijmegen Bc,0.26,9
Cma Cgm Mexico Sa De Cv,0.26,2
Lpg Cartier,0.26,1
Glass 2000 Stx,0.26,2
Corp. Micro Bird Inc.,0.26,1
Commander,0.26,2
Roadtown Wholesale Trading Ltd.,0.26,2
Cma Cgm Centaurus,0.26,1
Honeywell Safety Products,0.26,1
Mann Hummel Mexico Sa De Cv,0.26,2
Bucks Food Market,0.26,2
Intercruises Port Ops,0.26,4
"Yongjin Turbo Co., Ltd.",0.26,6
Flowserve Us Inc. Site 140500,0.26,1
Sgs North America,0.26,12
Master Msc Silvia,0.26,1
Santson Holdings Llc,0.26,2
Venuplus Warehouse,0.25,1
Centergate Carnival Cruise Lines,0.25,9
Straightline Logistics Inc.,0.25,3
Skylotec North America L.P,0.25,1
Mv Unity Star,0.25,1
Burris Co. Inc.,0.25,1
Sec Purchasing Solutions Llc,0.25,3
Mayday Parade,0.25,1
Mv Nacc Star,0.25,1
Hilton,0.25,1
Wihelmensen Ships Service 9400 New,0.25,1
Posti Logistiikka Verato,0.25,1
North Sea Davit & Lifeboat Services,0.25,1
Westrock Cp Llc,0.25,1
Master Of Global Sealine,0.25,3
Hp Planet Partner Supplies,0.25,4
Etc Technical Services,0.25,2
Survitec Group Miami,0.25,1
"Dubhe Co., Ltd.",0.25,2
Hubert Inc.,0.25,1
Schneider Electric Sp A,0.25,4
Hcc Broussard Mktg,0.25,1
Norwegian Prima Dufry Cruise,0.25,1
American Roll On Roll Off Carrier,0.25,1
Wilhelmsen Ship Service @Gmb Marine,0.25,1
Silgan Dispensing Systems,0.25,1
Sew O'side Group,0.25,1
Buell Wetsuits And Surf,0.25,1
"Pm Control Systems Pte., Ltd.",0.25,10
Warehouse Supervisor Cruise Lines,0.25,1
Pro Am Safety Inc.,0.25,9
Xtreme Aviation Llc,0.25,1
Fincantieri Ancona Shipyard,0.25,8
Msc Warehouse,0.25,1
Homenature,0.25,1
Laurie Levin Group,0.25,1
Marich Em Gases,0.25,1
Veolia Environmental Services,0.25,1
Habitat Matter,0.25,1
Gma Service Srl,0.25,1
For Crew Only,0.24000000000000002,3
Mobile Instrument Co Inc.,0.24000000000000002,8
Adorama Trades Department,0.24000000000000002,12
Eurofins Environmental Testing Finl,0.24000000000000002,30
Norton Lilly Terminal,0.24000000000000002,4
Laker Fishing Tackle,0.24,1
Gunter Wehrenberg Gmb H,0.24,1
"Unitor Cylinder Pte., Ltd.",0.24,2
Hockmeyer Equipment Corporation,0.24,1
Del Monte Pride,0.24,2
Geometric Marine Service,0.24,1
Viking Polaris Sms International Shore,0.24,2
Anuvu,0.24,73
M V Jazan,0.24,1
Swank Motion Pictures St Louis,0.24,10
Recoup Technologies,0.24,10
Q Con Corp.,0.24,21
Cirexpress,0.24,2
Master Of Mv Clarabelle Ship Spare,0.24,1
Gea Westfalia Separator,0.24,1
Dsv Act2 Services,0.24,1
Raypack,0.24,1
Allied Mineral Products Inc.,0.24,1
Master Of M V Apl Le Havre Ships Spares In Transit,0.24,2
Evac North America Inc.,0.24,1
Hellman Worldwide,0.24,2
Neuenhauser Kompressorenbau Gmb H,0.23,1
Just Play Products,0.23,1
Life Aft Inc. Of Puerto Rico,0.23,1
Central Mare,0.23,1
Link Logistics Warehouse,0.23,1
Comptec Ltd.,0.23,1
Stabil Drill Specialities Inc.,0.23,1
Silver Lake Audio Inc.,0.23,1
Krips Construction Co.,0.23,1
Packard Performance,0.23,1
Story Of The Year,0.23,1
Toklat Originals,0.23,1
Complete Components Llc,0.23,1
Vishay Transduce,0.23,1
Schindler,0.23,5
Seven Seas Water,0.23,1
Accurate Florida,0.23,1
Clipper Eos,0.23,1
Reeds,0.23,1
Sgs North America Inc. Gulf Coast,0.22999999999999998,11
Seabreeze Logistics Llc,0.22999999999999998,2
Fdc Princess Cruises 3671 S.W. 30 Th Avenue,0.22999999999999998,2
Redline Intern. Sped Gmb H Warehouse,0.22000000000000003,5
Admiralty Environmental,0.22000000000000003,3
Perez Distributors Inc.,0.22,2
Pj Circular Engineering As,0.22,2
Interlink Construction Inc.,0.22,2
The Soul Rebels,0.22,1
Musicbox Kingdom Inc.,0.22,1
Storm Electrical Testing,0.22,2
Lifescience Logistics,0.22,1
Strata Sustainability,0.22,2
Macgregor Logistic Centre Europe,0.22,2
Global Maritime Logistics,0.22,1
Wicklewood Ltd.,0.22,1
The Moornings Ltd.,0.22,2
Oventrop Gmb H & Co Kg,0.22,1
Insect Shield Llc,0.22,1
305 Roasters Llc,0.22,1
Valhalla Ship Agency,0.22,1
Avalon Marine Sales,0.22,2
Banco Popular De Puerto Rico,0.22,2
Caribbean Condiment,0.22,4
Tecnavi,0.22,1
Assa Abloy Accentra A Div Of Assa,0.22,1
Ignite Cruises Llc,0.22,1
Cma Cgm Francoise Sagan 2739 Signal Parkway,0.21000000000000002,2
Axis Global Logistic,0.21000000000000002,2
Johnson Controls,0.21000000000000002,2
Cma Cgm Fidelio,0.21000000000000002,3
Lubmarine Laboratory,0.21000000000000002,43
Cma Cgm Almaviva,0.21,1
Nri Analytical Laboratory,0.21,31
Bp Lubricants,0.21,1
Msc Euribia,0.21,1
Costume Specialists Inc.,0.21,8
Manchester High School,0.21,1
Bulbous Enviornmental & Logistics,0.21,2
Long Road Touring,0.21,1
Carnival Cruise Line Mail Room,0.21,10
Wilhelmsen Ships Serivces Usa,0.21,1
Teck Metals Ltd.,0.21,1
Quay Side Services Bvda,0.21,7
Alsico Hi Tec,0.21,1
Kloska Technical Marine Sales Gmb H,0.21,3
Cs Durable Master,0.21,1
Carnival,0.21,1
Hyundai Marine Solutions,0.21,5
Hubscher Ribbon Corp. Ltd.,0.21,1
Padgett Swann Machinery Co.,0.21,1
Mshs Governor Control System,0.21,1
Acs Production,0.21,1
Bp Lubricants Usa Inc.,0.21,1
Ellsworth Dispensing Solutions,0.21,1
Asia Vision,0.2,2
Ashtead Technology Offshore Inc.,0.2,1
Mckinney Family,0.2,1
Caribbean Refrescos Inc.,0.2,1
Property Of Comcor Tech Llc,0.2,1
Proslide Technology Inc.,0.2,1
Scan Global Logistics Sea,0.2,1
Atlas Event Rental Co.,0.2,1
Wrist Usa (New Orleans) Inc.,0.2,1
Waxahatchee Inc.,0.2,1
Drew Chemical,0.2,1
Pacific Adventure,0.2,1
Donghwa Pneutec,0.2,3
Martec Sp A,0.2,5
Star International Imp. & Exp.,0.2,1
Elektro Hoch Gmb H,0.2,1
Ship Spare Logistics,0.2,2
Holiday Inn Club Vacations Group,0.2,1
Hellespont Progress,0.2,2
Endocospy Medical Systems,0.2,2
Desert Orchid V 01,0.2,1
Costa Firenze,0.2,1
Marinetrans Benelux,0.2,3
Diagomar Plus Laboratory,0.2,6
Kongsberg Discovery As,0.2,8
Norton Yachts Sailing School,0.2,1
Onespaworld,0.2,5
Meico Usa Llc,0.2,2
Nuova Imei Srl,0.2,1
Lea Marine Serv Inc.,0.2,1
Okumura Engineering Corp.,0.2,1
Strategic Shipping Alliance,0.2,1
"Rms Marine Services Pte., Ltd.",0.2,4
Abbiati Casino Equipment Snc,0.2,1
Fja Contractors Inc.,0.2,2
De Wave Centro Assistenza Jacuzzi,0.2,1
M V Msc Das Es Salaam Iii,0.2,1
Temple Sewing And Supply Inc. Gro,0.2,1
Amc Orange Park 24,0.2,1
Mary Kay Cosmetics,0.2,1
Golden Tech Inc.,0.2,2
Cliffs Michigan Operations,0.2,1
Scott Laboratories,0.2,1
Global Conso=Ulting Srl,0.2,1
Carnival Corp.,0.2,12
Athens Spirit,0.2,2
Evoqua Water Technologies Llc,0.2,1
Liga Biblica Puerto Rico,0.2,2
Juneau Port Agent 1330 Eastaugh Way,0.2,1
Siri Marine B Bv,0.2,4
Meilink,0.2,2
Emerald Princess,0.2,13
Nikkso Acd Llc,0.2,2
Msy Wind Surf,0.2,1
Tecmar (Us) Inc.,0.2,1
Prime Fire Protection,0.2,2
Cma Cgm Sucursal De Honduras S.A.,0.2,2
Master M V Cma Cgmla Scala,0.2,2
Bear Robotics,0.2,2
Newyork Exp.,0.2,1
Norwest Ingredients,0.2,1
Davenport Electric Motors,0.2,1
Cma Cgm Musca,0.2,2
Classic Couches Llc,0.2,1
Krivest Filand Oy,0.2,1
Cruise Ship Glass Services,0.2,1
Longplay Wine,0.2,2
Master Of M V Cma Cgm Neva Ships Spare In Transit,0.2,2
Fremantle Media,0.2,4
25 Lockwood Drive,0.2,1
Carnival Encounter,0.2,1
Sk Telink,0.2,1
Alfa Laval Aalborg Inc.,0.2,1
Global Marine Safety America,0.2,2
Drew Marine Us,0.2,2
Sun Princess,0.2,2
Cma Cgm Otello,0.19999999999999998,3
Cma Cgm Lamartine 1600 Lower Rd,0.19,1
Exp. Parts Supervisor,0.19,1
Cma Cgm Loire,0.19,1
Cummins Inc. Jv Kitting Us Bc604,0.19,1
Cubic Marine Logistics,0.19,1
Seb Professional,0.19,2
Diskowski Marine Electron,0.19,12
Sgm Lighting Inc.,0.19,4
"Yanmar Power Technology Co., Ltd.",0.19,2
Holovis International Ltd.,0.19,1
Apl Vancouver,0.19,7
Viking Mars A1 A Delivery,0.19,1
C.I. Tecnicas Baltime De Colombia S,0.19,1
Master Of M V Cma Cgm Pregolia,0.18,2
Tour De Tents Group,0.18,1
Cpli Warehouse,0.18,1
Kabco Beverage,0.18,1
China Ship Services,0.18,1
Aireko Construction Corp.,0.18,1
Carisbrooke Shipping Ltd.,0.18,1
Super Mouche Inc.,0.18,1
Senses Fail Sucks Llc,0.18,1
Mcgregor Germany Gmb H,0.18,1
Maymar Marine Supply Inc.,0.18,3
Global Marine Systems Ltd. Meachers Global Logistics,0.18,2
Trico Technologies Corporation,0.18,1
C New Orleans,0.18,1
Peak Machinery Inc.,0.18,1
Bw Pavilion Aranda,0.18,1
Westar Marine Services,0.18,1
Roechling Automative Duncan L.L.P.,0.18,1
Federal Mogul Corp.,0.18,1
Houston Warehouse Ddl,0.18,1
Groupe Korok Inc. Korok Group Inc.,0.18,1
Technavi Srl,0.18,1
Tin Tin Trading Inc.,0.18,1
Cartier,0.18,1
Mt Desert Orchid,0.18,2
Delft Schiffahrt Gmb H & Co. Kg,0.18,2
Stenflex Rudolf Stender Gmb H,0.18,1
Jensen Gmb H,0.18,3
Pj Diesel Engineering A S,0.18,2
Dept.Of Agriculture Stt,0.18,2
M T Phoenix Harmonia,0.18,2
Epson America Inc.,0.18,1
Florida Gas Welding Supplies,0.18,1
Nilfisk,0.18,1
Briggs,0.18,1
Kt Touring Inc.,0.18,1
Coltri South Central,0.18,3
Bicycle Technologies International Ltd.,0.18,1
Lombardo Snc Via Lungomare,0.18,2
Inchcape Shipping Serv Beaumont,0.18,10
World Ship Supply,0.18,6
Lit Live Inc. Lit,0.18,1
Cm Contract Us Marine,0.18,1
Comefri Usa Inc.,0.18,1
Opa Locka Facility,0.18,1
Marrten De Rijk,0.18,2
Wendy's Stx,0.18,4
Cardilan Detecto,0.18,1
Us Customs & Border Protection,0.18,2
Foure Lagadec,0.18,1
Met Office,0.18,1
Wartsila Services Switzzerland,0.18,1
Harbour Marine Systems Inc.,0.18,4
Rina Consulting,0.17,1
Aleva Stores,0.17,1
Vahterus Oy Quality Dept,0.17,1
Schottel,0.17,1
Dishwalla,0.17,1
Vps Europe Bv,0.17,1
Atlantic Awnings,0.17,1
Du Bro Products Inc.,0.17,1
World Wide Metric (Fl),0.17,4
Inchape Shipping Services,0.17,3
Cma Cgm Hermes,0.17,1
Ra Do Tambre,0.17,1
Gulf Harbor Shipping Llc,0.17,2
Sky Princess,0.17,3
Mr Artemis Kafourou Worldwide,0.17,1
Msc Splendida,0.17,1
Fassmer Service,0.17,2
Marlink,0.16999999999999998,2
Eta Plus Electronic Gmb H,0.16999999999999998,3
Supreme Integrated Technology Inc.,0.16999999999999998,2
Trescal Norway As,0.16,8
Ketta Riley,0.16,4
Zoll Medical Corporation,0.16,16
Paradise Cruise Line Operator Ltd.,0.16,3
Kennington,0.16,3
Rheem Mfg. Water Facility,0.16,1
The Vandoliers Llc,0.16,1
Tsi Turbo Service Llc Jca Transport,0.16,2
Tsi Turbo Service Llc,0.16,2
Katadyn Desalination,0.16,2
Federal Mogul Corp. Ignition,0.16,1
Rcg Logistics Whse,0.16,3
Azamara,0.16,5
Geodis 2 Simblist Road,0.16,1
Bac Valves,0.16,2
Mecca D.C. Wms Warehouse,0.16,2
Caribana Gift Shop,0.16,1
Multi Solution Polska Sp Z.O.O.,0.16,1
Stanflex,0.16,1
Bsr Solutions Laboratory,0.16,87
Professional Sealing Devices Corp,0.16,2
"Shin Woo E&T Co., Ltd.",0.16,4
Wilhelmsem Ship Service,0.16,2
Cma Cgm Ambition,0.16,1
Wartsila Deutschland,0.16,3
Ou Airsea,0.16,1
Global Resources Inc.,0.16,1
Fuel,0.16,1
Drucker Diagnostics,0.16,11
Italian Stye Group,0.16,1
Hellman Wordlwide Logistics,0.16,2
Why Cycles Inc.,0.16,2
Whilhelmsen Ships Services,0.16,1
Cars Development Group,0.16,2
Teho Usa Llc Noah Villanueva,0.16,1
Cryostar Sas,0.16,2
Camfil Usa Inc.,0.16,2
Brimag Systems Ltd.,0.16,1
Harman Mfg Pro Tijuana Mx,0.16,1
Cruise Line Agencies Ketchikan,0.16,6
Stl Huangpu,0.16,2
Wartsila Valmarine As,0.16,8
Regent Seven Seas Cruises,0.15000000000000002,2
Gudrun Sjoden Us Inc.,0.15000000000000002,3
Oem Laundry Parts,0.15000000000000002,4
Interglobo Miami,0.15,1
Trident Maritime System Usj,0.15,1
Virgin,0.15,1
Mali Fine Art Usa Llc,0.15,1
Coastal Delivery Inc.,0.15,1
Samuels And Son Seafood,0.15,1
Ecolab 655 Lone Oak,0.15,1
Us Coast Guard Auxiliary,0.15,1
Gable Price,0.15,1
Wabtec Plainfield Warehouse,0.15,1
Gf Piping Systems,0.15,2
Barbagelata Adriatica Srl,0.15,3
Marina Enterprise Inc.,0.15,1
Master Of Mv Sider Rodi,0.15,1
Carnival Fleet At Centergate,0.15,1
Mis Offshore,0.15,1
Karl Heinz Dietrich Gmb H Co. Kg,0.15,5
Aristocrat Gaming,0.15,5
Scootaround Personal Transportation,0.15,1
E Scrap Inc.,0.15,1
Hub Marine,0.15,1
Videlio Funa Gmb H,0.15,20
Caribbean Princess Shop Manager Harding Retail,0.15,1
Naval Tech Iorio,0.15,1
Stellar Refrigeration Services Inc.,0.15,1
M V Westerdam Aerostream Usa Inc.,0.15,1
Sero Pump Systems Gmb H,0.15,1
Sensient Colors Llc,0.15,1
Mac Hamburg,0.15,12
Maderera Donestevez Inc.,0.15,1
Itanovin Inc.,0.15,1
Entertainment Technical Department,0.15,1
Danfoss,0.15,1
Pro Chiller Corp.,0.15,1
Global Empowerment Mission Hq,0.15,1
Porter Parts,0.15,1
Logistics (305) 817 64 00,0.15,1
Man Energy Solutions Hella Ltd.,0.15,1
Chandris (Hellas) Inc.,0.15,2
Centergate Casino,0.15,2
Gxi Warehouse,0.15,7
Nav Marine Lp,0.15,1
Verder Inc.,0.15,1
Jaster Hydraulic Gmb H,0.14,2
Mv As Fabiana,0.14,1
Newfortress Energy,0.14,1
Discovery Princess Shop Manager Harding Retail,0.14,1
Bls Aarian Logistics Solutions Gmb,0.14,1
Schneider Electric Canada Inc.,0.14,2
Materion Corp.,0.14,1
Aristocrat Technologies Inc.,0.14,2
Carib Supply Of St. Croix Inc.,0.14,1
Hyundai Heavy Industries 2739 Signal Parkway,0.14,1
Froggys Fog,0.14,2
Red Dot Corp.,0.14,1
Mv Marvel Swallow,0.14,2
"Synergy Maritime Pvt., Ltd.",0.14,2
Master Of Global Star,0.14,2
Lift Truck & Parts,0.14,2
Ajs Marine Ltd.,0.14,10
Subsea Technology & Rentals Inc.,0.14,2
Blue Water Construction,0.14,1
On Site Gas Systems,0.14,1
Hutchinson Mangueras,0.14,2
Asco Valve Inc.,0.14,2
Bahamas Environmental Group Ltd.,0.14,1
Veleria San Giorgio Srl,0.14,1
Velocity Concept Development Group,0.14,1
Clx Logistics,0.14,1
Bonacina 1889 Inc.,0.14,2
Zodiac Hurricane Technologies,0.14,1
Supreme Hotel And Restaurant,0.14,2
Mesa Trading Llc.,0.14,1
Des Maritime Engineering,0.14,1
Spring Lake Equipment & Mining Inc.,0.14,1
Cma Cgm T. Roosevelt,0.14,3
Moe Marine & Offshore Equipment,0.14,4
Ben Line Agencies Singapore Pte. Lt,0.14,14
Marine Lubricants,0.14,2
Krivest Finland Oy,0.14,1
Abraham Hicks Publications,0.14,1
Shure Inc.,0.14,1
Whv Resort Group Inc. Group,0.14,1
Poseidon Marine Supplies Inc.,0.14,2
Harris & Bruno International,0.14,1
Lego Mfg. Richmond Inc.,0.14,1
Morris Material Handling Inc.,0.14,1
Johnson Controls Denmark Aps,0.14,4
Igpr Inc.,0.14,2
Master Of Asia Energy,0.14,2
Esg Luxury Llc,0.14,9
Sir,0.14,1
Sample Management,0.13999999999999999,6
Zuft Llc,0.13,1
Sick,0.13,2
Wartsila Finland Oy,0.13,2
Zupt Llc,0.13,1
Zupt,0.13,1
"Samgong Co., Ltd.",0.13,1
Elcom,0.13,1
Viking American,0.13,1
Solution Experts Ltd.,0.13,1
Valveco Logistic & Service,0.13,1
Astronaut Kids Llc Hotel Fiction,0.13,1
Fareva Richmond Inc.,0.13,1
Hutchinson Fts Inc.,0.13,1
Medov Srl Trieste Zza,0.13,1
Robe Lighting Inc. Hq,0.13,3
Seiche Ltd.,0.13,1
Doterra Mfg.,0.13,1
Svanehoj Danmark A S,0.13,2
Me Like Bees Llc,0.13,1
Browders,0.13,1
Gco Cenergate,0.13,3
Intl Game Technology,0.13,6
Island Performer,0.13,1
Ecospray Technologies Srl,0.13,12
Cma Cgm Osiris,0.13,1
A And W Electrical And Refrigeratio,0.13,1
K3 Maritime,0.13,1
Field Power,0.13,1
Mahle Behr Service America L.L.C.,0.13,1
Coca Cola Beverages Florida,0.13,1
Bloom Energy,0.13,1
R&M Lumen Electrical Inc.,0.13,2
Blue Water Shiping,0.13,1
Cruise Line Agencies Ketchikan Po Box 7955,0.13,1
Agostini Srl,0.13,1
Blessthefall,0.13,1
Ketchikan Logistics Claa S.E.,0.12000000000000001,12
Oasis Trnsport Inc.C O Carnival,0.12000000000000001,3
Carnival Cruise Line Centergate,0.12000000000000001,3
Wilhemsen Ship Services,0.12000000000000001,2
Hatecke Gmb H,0.12000000000000001,2
"Mitsui E&S Du Co., Ltd.",0.12000000000000001,5
Briese Schiffahrt Gmb H & Co. Kg,0.12,2
Rodese At Inc.,0.12,2
Schneider Electric,0.12,1
New Departure Logistics,0.12,1
Vps Houston,0.12,96
Mth Marine Technik Hamburg Gmb H,0.12,1
Okeanus Science And Technology,0.12,2
Tsakos Columbia Shipmanagement Sa,0.12,1
Helmmann Worldwide Logistics Inc.,0.12,1
Dometic Corporation,0.12,1
Atl Mediterranee,0.12,1
Kerry Inc.,0.12,1
Diversey Inc.,0.12,1
The Sound Inc.,0.12,1
Mbs Logistics Gmb H,0.12,3
Sms International Shore Operations,0.12,6
Hal Properties Ltd.,0.12,1
"Ja Apparel Co., Ltd.",0.12,1
Draeger Italia Sp A,0.12,4
Dorian Lpg Management Corp.,0.12,3
Compressor Technique Service,0.12,1
Hyundai Global Services Tech,0.12,1
Medivators Inc.,0.12,1
La Lavande,0.12,1
Cruise Line Agencies 1330 Eastaugh Way #4,0.12,1
Howl At The Moon,0.12,1
Digicourse Llc,0.12,1
Destileria Coqui Inc.,0.12,2
Woodward By Pm Control,0.12,2
Protekt Stt,0.12,2
Imperial Dade Miami,0.12,1
Win Resources Usa Llc,0.12,1
Wilselmsen Ship Services,0.12,2
Moooi Usa Inc.,0.12,1
Wiseway Logistics (Pty) ) Ltd.,0.12,2
"Ptr Holland Singapore Pte., Ltd.",0.12,1
R. Birkenbeul Gmb H & Co. Kg Electro,0.12,1
Celebrity Silouette,0.12,1
Inseco Industrial Systems & Equipme,0.12,2
Houston Voyager,0.12,5
Greenworldwide Shipping,0.12,2
Sperre Air Power As,0.12,2
Gaelic Storm,0.12,1
Amongst The Giants,0.12,1
Hartmann Gas Carriers Germany Gmb H,0.12,3
Leman Oy,0.12,1
Western Washington University,0.12,2
Martin Brower Puerto Rico,0.12,2
Bunn,0.12,1
Maritime Protection As,0.12,3
Bts Logistics Bv,0.12,1
Moran Shipping Agency Inc.,0.12,1
Hoppe Marine Gmb H,0.12,3
Tecnoimpianti,0.12,1
Daphne Technology Sa (Vd),0.12,1
Bws,0.12,1
Electronic Cinema Service,0.12,13
Safe Laboratories,0.12,1
Motortecnica Srl,0.12,1
Industrial Material Equip.,0.12,1
Boldrocchi Srl Viale Trento E,0.12,1
Sandvik Marine Electronics Sl,0.11000000000000001,3
Rcgt Usa,0.11000000000000001,2
Barco Inc.,0.11000000000000001,2
Kawasaki Heavy Industries Ltd.,0.11000000000000001,7
Herbert Kannegiesser Gmb H,0.11000000000000001,2
Transmission Marine Inc.,0.11,1
Isms Ltd.,0.11,2
Aal Kobe,0.11,1
Techni Teak Di Nirelli Giulio,0.11,1
Um Distributors Inc.,0.11,2
Lf Imapinti Srl,0.11,1
Datatek,0.11,1
Tecnimpianti Sp A,0.11,1
Sanco Spirit,0.11,3
Aspen Refrigerants Inc.,0.11,1
Abb Oy Marine & Ports,0.11,9
Stark Carpet,0.11,1
Ppg Propmasters Llc,0.11,2
Kj Trading Llc,0.11,1
Pc Warehouse,0.11,1
Carnival Cruise Line Studios,0.11,1
Southport Agencies Inc.,0.11,1
Cape Eleuthera Foundation,0.11,1
The Emo Band Llc,0.11,1
Heavy Equipment Parts Inc.,0.11,1
Sweetwater Sound Inc.,0.11,3
Trans It A S,0.11,1
Bluberi Gaming Usa Inc.,0.11,20
Dwikey's Souse House,0.11,1
My Divine Decors Llc,0.11,1
Schunk Xycarb Technology Inc.,0.11,1
Enpro Inc.,0.11,1
Beku Diagnostic,0.11,1
Flutek Cs Team,0.11,2
M V Bw Enn Crystal,0.11,1
Mkn Masachinenfabrik Kurt Neubauer,0.11,3
Citrus Sew And Vac,0.11,1
Furuno,0.11,2
Sauer Compressors Usa,0.11,4
"Sanyo Trading Co., Ltd.",0.11,5
Carrier Service Qualite Client,0.11,1
Carrier Transicold Ltd.,0.11,1
Jindal Films Americas,0.11,1
Marlink Bv,0.11,11
Castus Corp.,0.11,4
Wilhelmsen Wps Dubai Port Services,0.11,2
Wilhemsenship Services,0.11,1
Kendawa Llc Dale Watson & His Lone,0.11,1
Centergate Housekeeping Storage,0.1,1
Pacific Adventure Deck Department,0.1,1
Trb Sixthman,0.1,1
Faurecia Interior Systems,0.1,1
Ata Engineering Inc.,0.1,2
Sew Magical Group,0.1,1
Vastro 41,0.1,2
Athens Star,0.1,2
Bosch Rexroth Ag,0.1,2
Centergate Mailing,0.1,1
Star Princess,0.1,1
Cma Cgm Innovation,0.1,2
Smultea Environmental Sciences,0.1,1
Electronic Fueltech,0.1,2
Norplas Industries,0.1,1
Electromecania Del Noroeste S.A,0.1,1
Fsm,0.1,1
J C Brokerage,0.1,2
Transworld Services,0.1,1
Osg Ship Management Inc.,0.1,1
Zero Space,0.1,1
Boeaman (Singapore) Technology,0.1,2
Out Sixthman,0.1,1
Fulmar Explorer Co Seabird Explora,0.1,1
Abb,0.1,5
Cascade Marine Agencies Ltd.,0.1,3
Ganser Crs Ag,0.1,5
Mackay Marine Rotterdam,0.1,5
Wilhelsmen Ships Service,0.1,1
Cummins Allison Corp.,0.1,1
Environmental Reclaiming Svcs Llc,0.1,1
Pellerin Milnor Corporation,0.1,1
Mmr Y Co. Inc.,0.1,2
Master Msc Tuxpan,0.1,1
Multi Ventas Y Servicios,0.1,2
Idea Logistique Pour Ge Power,0.1,1
Newstream Enterprises Llc,0.1,1
Aegean Shipping Mgmt S.A.,0.1,2
Royal Princess Juneau Alaska,0.1,1
Wss Houston Warehouse,0.1,1
Mitsubishi Kakoki Kaisha,0.1,2
Neighborhood Pharmacy,0.1,2
Red Jumpsuit Apparatus,0.1,1
Pc Puerto Rico Dba Usvi Fuel Servic,0.1,2
Rb Marine Grena Srl .,0.1,1
Foure Lagadec Marine,0.1,1
Sanco Holding,0.1,4
Eden Corp. Dba Bambi,0.1,2
Claa Seward,0.1,1
Carnival Vanezia,0.1,1
O3 B Networks Usa Llc,0.1,7
A.B.B Logistics And Repairs Center,0.1,1
O.T. Srl,0.1,1
R&M Ship Technologies,0.1,1
Master Of Clean Destiny,0.1,1
Turbo Systems South East Asia Pte.,0.1,1
Bitzer Us Inc.,0.1,1
Master Of Gaschem Orca,0.1,1
Ocean Breeze,0.1,2
Carnvial,0.1,2
Princess Distribution Center,0.1,3
Ruby Princess Aerostream,0.1,1
Adamant Studio Llc Dba Shop,0.1,1
10144 Henderson Drive Covington,0.1,1
Mareleng Inc.,0.1,1
Robert Bosch Spol S.R.O.,0.1,1
Palmas Del Mar Homeowners Assoc,0.1,2
Stx Richmond,0.1,2
Sopron 9400,0.1,1
Airgas Gardena,0.1,2
European Global Logistics,0.1,4
The Merch Collective,0.1,1
Force Transportation,0.1,1
Seatel Inc. Dba Cobham Satcom,0.1,1
Smith Office & Computer Supply,0.09999999999999999,2
Elite Marine Transportation,0.09000000000000001,2
Drivin N Cryin Llc,0.09,1
Zim American Integrated,0.09,1
Hatecke Sertvice Usa Llc,0.09,1
Aa Slots Llc,0.09,3
Hollingsworth & Vose Co.,0.09,1
Wheelan Pressley Funeral Home,0.09,1
Meson Ab,0.09,1
Galaxy Gaming,0.09,3
Kompressorenbau Bannewitz Gmb H,0.09,1
Assa Abloy,0.09,1
Clean Water Inc.,0.09,1
Walls By Craig Inc.,0.09,1
Gac N. America,0.09,3
Government And Community Relations,0.09,3
Silverado Llc,0.09,1
Sarenco,0.09,1
Msc Bellisima,0.09,1
Special Needs Group,0.09,9
Luxottica Of America Inc.,0.09,1
Mares Shipping Gmb H,0.09,1
Disney,0.09,1
Laseronics,0.09,1
Eurofins Built Environment,0.09,11
Crygenic Industries Service,0.09,1
Quayside Services,0.09,3
Just Tingz Shipping Llc,0.09,1
Ross Auto,0.09,1
Jaya Travel And Tours Group,0.09,1
Eco Oceano Ca Careoff,0.09,1
Nico Precision Co. Inc.,0.09,2
Ctl Hp Planet Partners Supplies,0.09,3
Rab Microfluids,0.09,3
Ect Llc,0.09,1
Light Parts,0.09,7
Costume Specialist,0.09,1
Corrosion Maritime,0.09,1
Miami Dade Medical County Examiner,0.09,1
Alliance Ship Service,0.09,1
"Sts Automation Pte., Ltd.",0.09,2
Valmet Inc. N A Logistics Center,0.09,1
Copiers Unlimited Inc.,0.09,1
The Kingdom,0.09,1
Gulf Coast Calibration,0.09,6
Intercruses Port Operation,0.09,1
Gxi Warehouse Carnival Omf,0.09,8
Road Runner Auto Sales,0.09,1
Alco Advanced Technologies Inc. /Old,0.09,1
Irema Group,0.09,1
Vikand Medical Solutions,0.09,4
Convenient Automotive Service,0.09,1
Contech Srl,0.09,1
P Kaufmann Inc.,0.08,1
Draeger Italy Sp A .,0.08,3
Duap Ag,0.08,6
Jacksonville Sail And Power,0.08,1
Jansson Funeral Home,0.08,1
"Dongyang Engineering Co., Ltd.",0.08,1
Bose Corp,0.08,1
Party Dawn Club,0.08,1
"Norautron Suzhou Co., Ltd.",0.08,6
Abert Sp A Divisione Broggi 1818,0.08,1
Broward County Medical Examiner,0.08,1
Global Electronic Services Inc.,0.08,1
Poligono Industrial Pocomaco,0.08,1
Pleiger Maschinenbau,0.08,1
Ecolab Storage Unit,0.08,1
American Plumbing,0.08,8
Heckmann Maschinevau Gmb H,0.08,2
Horizon Air Freight Inc.,0.08,1
Newrefs D.O.O.,0.08,1
Total Marine Service Corp.,0.08,1
Clearvac International Ltd.,0.08,1
Sample Receiving Sgs North America,0.08,1
Daktronics Inc.,0.08,8
Wemasto Oy,0.08,1
Princess Cruises Franklin Dock Of,0.08,1
Danfoss Shipping Departments,0.08,1
"C Link Express Co., Ltd.",0.08,4
Westerdam Honland American & Co.,0.08,1
Mark Kelley,0.08,1
Norwater As,0.08,2
The Earner R Hodges Band,0.08,1
Aew Passport Productions,0.08,1
Ikm Instrutek As,0.08,4
Minimax Fire Solutions Internationa,0.08,5
Transcor Centergate,0.08,1
R. Stahl Hmi Systems Gmb H,0.08,2
Crnival Jubilee,0.08,1
Pureteq A S,0.08,1
Aecor Marine Ltd.,0.08,1
Cvach Rosedale Funeral Home,0.08,1
Sportive Nz Ltd.,0.08,2
M T Chem Amsterdam,0.08,2
Hellmann Worlwide Logistics,0.08,1
Seaside Exp. Shipping Llc,0.08,1
Waterfront Marine Services,0.08,4
Endress & Hauser,0.08,1
Gf Marine Usa,0.08,2
Radovan Buvac,0.08,2
Airgas,0.08,1
Geometrics Inc.,0.08,8
Horizon Air Freight Of Texas,0.08,2
American Lifting Product,0.08,1
"Tokyo Seiko Rope Mfg. Co., Ltd.",0.08,2
Kistler Nordic Ab,0.08,16
Hatecke Service,0.08,1
Laser Net,0.08,2
Archconst Inc.,0.08,2
Tru Marine Rotterdam,0.08,2
Globecomm Network Services Inc.,0.08,2
Italy Casalnuovo Di Napoli,0.08,1
Celebrity,0.08,1
"Shanghai Youth Shipping Co., Ltd.",0.08,1
Sapphire Princess,0.08,5
Valmet Inc. 56 150840013,0.08,1
Carnival Celeberation,0.08,2
Lightparts,0.08,7
Community Funeral Home & Sunset Cre,0.08,1
Excel Salon Products Group,0.08,1
Reverse Logistics Starbiard Center,0.08,1
Visual Graphic System,0.08,1
Mssa Co.,0.08,1
Vertom Cory Shipping Agency,0.08,1
Mcnerneys Mortuary,0.08,1
Valveco New Orleans Llc,0.08,2
Red Line Intern. Sped. Gmb H,0.08,6
P & O Azura,0.07,1
Intoximeters Inc.,0.07,12
Mannequin Touring Inc.,0.07,1
On Board Movies Swank,0.07,74
Sunbelt Rentals,0.07,1
Turnbulls Funeral Homes And Cremat,0.07,1
Antek Records Llc,0.07,1
Carnival Gxi,0.07,1
Flextronics Technologies San L,0.07,1
Kovar Water Transport,0.07,1
Kit Bock,0.07,1
The Browns,0.07,1
Master M V Vivit Altais,0.07,1
Ssab Rd Center,0.07,1
Epiroc Sacramento,0.07,1
Seis Gear Inc.,0.07,1
Harding Brothers Retail.,0.07,1
Enshore Subsea Ltd.,0.07,1
Cruise And Marine Logistics Divisio,0.07,1
Airgas Usa,0.07,1
Marine Tecnik Inc.,0.07,1
Global Marine Safety Services Inc.,0.07,4
Bryant Integrated Technologies,0.07,1
Design Within Reach,0.07,1
Pfeifer Wire Rope,0.07,1
Marine Solutions Inc.,0.07,2
Global Energy V. 027 B,0.07,1
Desert 5 Spot,0.07,1
Jockey Canada Co.,0.07,1
Elringklinger Ag,0.07,1
Transfer To Caribbean Princess,0.07,1
Diskowski Marine Electronics Ag,0.07,11
Princess Cruises Entertainment,0.07,1
Wci Inc. World Chandlering International Inc.,0.07,1
Qin Qout Llc Attn David Fletcher,0.07,1
Hamilton Shipping Ltd.,0.07,1
Ardaman Assoc. Inc.,0.07,2
Tz Naval Solutions Srl,0.07,1
Hmm Garnet,0.07,1
Total Marine Transportation Inc.,0.07,1
Shipspec A Volakakis Smpc,0.07,1
Vaf Instruments Bv,0.07,5
Avo Diagnostics Services,0.07,13
Hansa Consult North America,0.07,1
Reverse Logistic Ii,0.07,1
Reg,0.07,1
Katradis Marine Ropes Industry S.A,0.07,1
Re 2 Srl,0.07,1
Vento Distributors,0.07,1
Veritiv,0.07,2
Bags Inc.,0.07,7
S. Kirby Day Iii,0.07,3
Unimed Sms,0.07,1
Motive Offshore Group,0.07,1
Metos Oy Ab,0.07,1
Gosubsea,0.06999999999999999,3
D'amico Ship Management,0.06999999999999999,3
Ferrara International Logistics,0.06999999999999999,2
Sp Cruises Opco Ltd.,0.06999999999999999,2
Dorian Lpg,0.060000000000000005,4
Pcl Gxi Warehouse,0.060000000000000005,2
Parts Town,0.060000000000000005,4
Master Mv Dole Europa V.710 Eo,0.060000000000000005,2
6150 S. Pecos Rd.,0.060000000000000005,2
Unlimited Dg3,0.060000000000000005,2
Cma Cgm Abu Dhabi,0.060000000000000005,2
Cisco Systems International Bv,0.060000000000000005,10
Iss Charleston,0.060000000000000005,3
Rivertrace Engineering Ltd.,0.06,4
Atla Propulsion Controls Bv,0.06,3
Cwaj Organizer Usa.,0.06,1
Drake Controls West,0.06,2
Scanship As,0.06,6
Sti Dama,0.06,2
Siris Lt Uab,0.06,1
"Nabtesco Marinetec Co., Ltd.",0.06,1
Us. Enviromental Rental Corp.,0.06,1
Houston Moran Shipping,0.06,1
Ge Electric Motor And Pump,0.06,2
Fairmon El San Juan Hotel,0.06,1
Snacktime,0.06,1
Conde System Inc.,0.06,1
Ecolab City Of Industries,0.06,1
Vessel Avance Capella,0.06,1
Tamrotor Marine Compressors As,0.06,1
Pueblo Sub Base,0.06,2
Atlas Copco Energas Gmb H,0.06,1
Atlas Copco,0.06,1
"Yuchai Marine Power Co., Ltd.",0.06,1
Teho Ropes Europe,0.06,2
Deckma Hamburg Gmb H,0.06,17
Abb Laboratory,0.06,162
Houno As,0.06,1
Msc Preziosa,0.06,2
Gopro Inc. C/O Watchpoint,0.06,1
Peravia Motors S.A. Autopista Duar,0.06,2
Jbc Stt,0.06,2
Deal Rise Llc,0.06,2
Port Agency Servises,0.06,1
Global Casino Operations,0.06,6
"Jati Brands Pte., Ltd.",0.06,1
The Show Co.,0.06,1
Viking American Long Beach,0.06,3
Stell Gmb H,0.06,2
Jovyatlas Gmb H,0.06,1
Tokyo,0.06,1
Cma Cgm Pergolia,0.06,2
Wilhelmsen Ship Serrvice,0.06,1
Rent Com Inc.,0.06,2
Seletar Spirit,0.06,2
Ddls For Delivery To Aeromet Hellas,0.06,1
Majestic.P,0.06,1
Saacke Gmb H,0.06,1
Burckhardt Compression Ab,0.06,1
Maurer Rides Dmbh,0.06,3
Master Of Trysil Spirit,0.06,4
Abb Oil Lab,0.06,115
Caim,0.06,1
Doral Ochids Frlorals & Events,0.06,2
Master Of Lpg C Tokyo,0.06,1
Master Of Lpg C Sunstar,0.06,1
Golden Cargo,0.06,3
Gold City Ministries Incs,0.06,1
One Plus Usa Corp. Group,0.06,1
Metro Cruise Services,0.06,5
"Western Geco, Llc",0.06,2
Crown Princess,0.06,10
Crowley Liner Services Inc.,0.06,1
Inchcape Shipping Sercices,0.06,2
Accu Tech Usa,0.06,1
Kraftpowercon Sweden Ab,0.06,1
"Marquis Services Pte., Ltd.",0.06,1
John Colavini Americas Generators,0.06,1
Aerostream Logistics,0.06,2
Cannily Freeload Touring Inc.,0.06,1
Swamp Yankee Llc,0.06,2
Monoflo International Inc.,0.06,1
Mol (Americas) Llc,0.06,2
Hd Hyundai,0.06,2
Sperry Marine The Netherlands,0.06,2
Paladius,0.06,2
"Mol Marine & Engineering Co., Ltd.",0.06,6
Imax Headquaters,0.06,7
Atlantic Ship Agencies Inc.,0.06,3
Tropic Supply,0.06,1
"La Esquina Famosa, Inc.",0.06,2
Robinson Helicopter Co.,0.06,1
Skf Magnetic Mechatronics Sas,0.06,1
Food Center,0.06,2
Imperial Dade Co Cruise Division,0.06,1
Psp Logistics,0.06,1
Own East Music Inc.,0.06,1
Zale Delaware (Banter),0.06,1
Fugro Norway As,0.05,3
Froggy's Fog,0.05,1
Chad Hillman Sales Manager,0.05,1
Mv Federal Rideau,0.05,1
Valaris 8505,0.05,1
Tmc A S,0.05,1
Linde Gas &Equipment (Seattle),0.05,1
Inchcape Shipping Services Corpus,0.05,1
Ce+T,0.05,1
Imatech Bv,0.05,4
Advance Tech Llc,0.05,3
Coastline Ship Chandler Ltd.,0.05,1
Mvp Sports And Social Group,0.05,1
Compagnia Generale Telemar Sp A,0.05,2
Cs Instruments Gmb H A Co Kg Service,0.05,4
Tefin Scrl,0.05,1
Princess Cruises Tdc,0.05,1
Shell Marine Laboratory Il,0.05,6
Westcontrol As,0.05,1
Master Of Msc Jessenia,0.05,1
"Georim Engineering Co., Ltd.",0.05,5
Sam Ash Music Store,0.05,1
Siri Marine Bv,0.05,1
Ocean Technologies Group Norway As,0.05,9
Evac Oy,0.05,2
Harman Customer Service Rma,0.05,7
Bss Nessebar Ltd.,0.05,1
Kallati,0.05,1
New Technology Marine Service & Sup,0.05,1
Daktronics Customer Service,0.05,7
Cel Apex,0.05,1
Cel Beyond,0.05,1
Celebrity Millennium,0.05,1
Schindler Elevator,0.05,2
Cruise Lines Agencies,0.05,1
Techvisionled Srl,0.05,1
Spanset Uk Inspection Management U,0.05,1
Princes Cruises 24300,0.05,2
Welbilt Deutschland Gmb H,0.05,1
Marriott's Oceana Palms,0.05,1
Diamond Gas Metropolis,0.05,1
Princess Cruises Florida Dist Ctr,0.05,1
Evergreen Washell Funeral Home,0.05,1
Everi,0.05,9
Rd Abbott Co Inc.,0.05,1
Calportland Co.,0.05,1
Ablemans Lcs Oy,0.05,1
"On Site Alignment Pte., Ltd.",0.05,1
Komeco,0.05,1
Fuji Global Logistics Lte Marine,0.05,2
Vet Ce At Sea Group,0.05,1
Marlink Bv Repair Department,0.05,4
Sgs Canada Inc. Lakefield Site,0.05,1
Ruby Princess,0.05,5
Port Tampa Bay Cruise Terminal 3,0.05,1
Meritus De Mexico S.A. De C.V.,0.05,1
Ame Solutions Vibration & Aligments,0.05,1
Viking Star Sms International Shoreside,0.05,1
Rustibus Inc.,0.05,1
Navaltek Ltd.,0.05,1
Navarino,0.05,3
Sgs Canada Inc. Lakefield,0.05,1
Betson Enterprises,0.05,5
Mv Genco Lauguedoc,0.05,1
Rutgers University Press,0.05,1
Gmb Marine Shipping Agency Inc.,0.05,1
Super Automotive Products Inc.,0.05,1
"Wintec Co., Ltd.",0.05,1
Winter Automatic Door Systems,0.05,1
Aromaria Storage Unit Brickell,0.05,1
Man Energy Solutions Qatar,0.05,1
Transpack,0.05,1
Bon Chef Inc. 205 Route,0.05,3
Wartchila Voyage,0.05,3
Enchanted Princess Shop Manager Harding Retail,0.05,1
Wilhelmsen Sh,0.05,1
American Guard Services,0.05,1
Nova Scotia And Yukon,0.05,2
Fort Lauderdale Bridge Club Group,0.05,1
Betson Imp. & Exp. Rial Parts And Service,0.05,3
Man Energy Solutions Middle East Ll,0.05,1
Rcl,0.05,1
Kaupe Logistik Gmb H & Co.,0.05,1
Ptr Holland Houston Maritime Operat,0.05,1
Governor Control Systems,0.05,1
Gulf Cooper Ship Repair Inc.,0.05,1
Gulf Turbo Solutions Fzc,0.05,1
"Hd Hyundai Global Service Co., Ltd.",0.05,1
Vesseltovesseltransfer Sky Princess,0.05,1
Marfret Usa Inc.,0.05,1
Seanergy,0.05,1
Lg Electronics Usa Inc.,0.05,3
Tcl Ovation Ots,0.05,1
Rem Andes,0.05,1
C&C Constructioni Srl,0.05,1
Great Alaskan Lumberjack Show,0.05,1
Ges Automation,0.05,1
The Whisvents,0.05,1
Cma Cgm Buttherfly,0.05,1
Karathanos Bros. & Co.,0.05,1
Kampong Ubi Industrial Estate,0.05,3
Eagle Exploerer,0.05,2
Finecom Se,0.05,2
Discovery Princess Entertainment,0.05,1
Master Of Emilius,0.04,1
Shaw Moisture Meters,0.04,7
Halton Marine Oy,0.04,3
Nx Boats Usa Llc,0.04,2
Egs (Asia) Ltd.,0.04,2
Light Up The Night,0.04,1
Zhoushan Seatec Ship Services Co.,0.04,1
Rob Nehls Inspections,0.04,8
Piikkio Works Oy,0.04,1
Vertomcory,0.04,2
Pon Pqwer As,0.04,1
Sti Park,0.04,4
Megger Systems & Services,0.04,8
Simtec Electronik Gmb H,0.04,4
Del Monte Fresh Produce N A. Inc.,0.04,6
"Marinetrans Singapore Pte., Ltd.",0.04,4
Bu Mgr Energy Div Testo Inc.,0.04,2
Ses,0.04,2
Alfa Laval Nijmegen Bv Rma 711123,0.04,1
Alfa Laval Tumba Ab,0.04,5
Veripos House,0.04,1
On The Level,0.04,2
Dsv Solutions A S,0.04,1
Daktronics Sioux Falls Repair Cen,0.04,3
Volans Chile Sp A,0.04,1
Metric Marine & Industries,0.04,3
"Japan Radio Co., Ltd.",0.04,3
M V Viking Sea Continental Ship,0.04,1
Space Cooling P.R. Inc.,0.04,2
Tfmarine,0.04,3
Tfmarine Inc. Nnr Global Logistic,0.04,2
Wartsila Water Systems Ltd.,0.04,1
Master Of Global Sea Spirit,0.04,1
D&H Distributing Co.,0.04,1
Farsounder Inc.,0.04,1
Alphatron Marine Systems Pte Ld,0.04,2
Insight Direct Usa Inc.,0.04,3
Sirtec Srl,0.04,1
Veritiv Operating Corp.,0.04,1
Clipper Quito,0.04,1
Global Marine Tech Services Llc,0.04,2
"Ugteck Marine Pvt., Ltd.",0.04,1
Intercruises Port Operations Usa,0.04,4
Tfmarine Inc. Nnr Global Logistics,0.04,4
Candy Concept Inc.,0.04,1
Onespaworld (Bahamas) Ltd. 8201 Nw 87 Th Ave,0.04,3
Dl Services,0.04,4
Golden Rock Market Stt,0.04,2
All Florida Paper,0.04,2
Iss Beaumont,0.04,1
Drew Marine Technical Lab Service,0.04,10
"Js Global Sea And Air Co., Ltd.",0.04,1
Danfoss Ixa A S,0.04,1
Troy Burns Family Ministries,0.04,1
Danfoss Ixa,0.04,1
Quantum Contarct Lighting,0.04,1
Ari Armaturen,0.04,1
Yamaha Corporation Of America,0.04,1
Ems Precab,0.04,2
Nordrose,0.04,1
Inmarsat Solutions,0.04,1
M V Eagle Miri,0.04,2
Spatafora Llc,0.04,1
"Iljin And Co., Ltd.",0.04,2
Lightparts Attn Rma,0.04,2
Hallmark Refining Corp.,0.04,1
Bags A Metropolis Co.,0.04,1
Cwts Srl,0.04,2
J C Jung,0.04,2
Pacer Anixter Charlotte Nc,0.04,1
Intl Gaming Solutions,0.04,2
Firstech,0.04,1
Eurofins Houston,0.04,1
Fugro Survey As (Laksevag),0.04,4
Diamond Princess,0.04,2
Goodwood Ship Management,0.04,1
Msld 825 N,0.04,1
Election System,0.04,2
Lgeai B2 B Prc,0.04,1
Mackay Marine Compass,0.04,2
Man Primeserv Richmond,0.04,1
Lexmark International S.A.De Cv.,0.04,1
Draftserv Technologies,0.04,5
Unitor Wilhelmsen Ship Services As,0.04,1
Vitamix Corporation,0.04,2
Wartsila Global Log Ctre,0.04,1
Wartsila Lyngsoe Marine A S,0.04,3
Woodward Tianjin,0.04,1
Hfny Group Corp.,0.04,10
Wooonward Singapore,0.04,1
Bendix Commercial Vehicle Systems,0.04,1
Hitouch Customer Service,0.04,2
Saferite Solutions,0.04,13
Cma Cgm Florida 1600 Lower Rd,0.04,2
Snijders Bv,0.04,1
Motor Services Hugo Stamp,0.04,2
Eurofins Fort Lauderdale,0.04,1
Vertical Horizon,0.04,1
Sainty Marine,0.04,2
Master Of Silver Valarie,0.04,1
Ajs Marine,0.04,2
The Cube Services Corp.,0.04,2
Leidos,0.04,2
Olympic Subsea,0.04,1
Sonardyne Inc.,0.04,1
Culligan Italiana Sp A,0.04,6
Florida Welding Supplies,0.04,1
Circuit Breakers Sales & Repair Inc.,0.04,1
Navalimpianti Sp A,0.04,1
The Matthews Family,0.04,1
Cma Cgm Magellan,0.04,1
Messervice Srl,0.04,2
Lluch Fire & Safety International,0.04,2
Sgs Canada Inc. Lakefield Ontario,0.04,1
Silversea Cruises Ltd.,0.04,1
Control Av Llc,0.04,2
Abb As,0.04,4
Exit 0 Steve Earle & The Dukes,0.04,1
231 Windsor Way,0.04,1
Pemica Inc.,0.04,1
Odfjell Usa (Houston) Inc.,0.04,2
M.V. Celebrity Beyond,0.04,1
Amco Engineering Corp. Japan,0.04,1
Orca Al Ltd.,0.04,1
Zeppelin Power Systems,0.04,2
Culligan Italiana Cwts,0.04,2
The Service Team Ltd.,0.04,1
Budget Marine N.V.,0.04,2
The Pyure Co.,0.04,1
Meachers Global Logistics,0.04,2
"A.E. Parnell & Co., Ltd.",0.04,1
Mancraft As,0.04,1
Carnival Cruise Mail Room,0.04,2
Sj Valve,0.04,1
Mv Mocking Bird,0.04,1
Kvh Industries Inc.,0.04,5
Sterilizer Autoclave Solution,0.04,2
Arc Ssl,0.03,2
Follett Returns,0.03,2
Wireless Maritime Services,0.03,2
Valhalla Ship Agecny,0.03,1
Carnival Corp. Casino Divisio,0.03,2
Timm Slovakia S.R.O.,0.03,1
Sea Saftey Services Inc.,0.03,1
Bill Aleman Inc.,0.03,2
Island Princess,0.03,2
"Bond Instrumentations Pte., Ltd.",0.03,2
Intl Operatns & Svcs Dcs,0.03,1
Zultanite Inc.,0.03,1
Outfront Medical Llc,0.03,3
Blue Water Shipping Inc.,0.03,1
Man Energy Solutions 2739 Signal Parkway,0.03,1
Man Energy Solutions Goods Receptio,0.03,1
Dow Silicones Corp. Auburn M,0.03,1
Warranty Abb Marine And Ports,0.03,1
Entretainment Cage,0.03,1
Brightwell Support,0.03,3
Brightwell Support Payments,0.03,1
American Gaming Systems Okc,0.03,3
Coral Princess,0.03,1
Brian Free Assurance,0.03,1
Cma Cgm Fort St Louis,0.03,1
Cma Cgm Pointe Du Piton 2739 Signal Parkway,0.03,1
Carribean Princess,0.03,1
Puerto Rico International,0.03,1
Aquagroup Ag,0.03,1
"Navig8 Shipmanagement Pte., Ltd.",0.03,5
Toner Cable Equipment,0.03,1
Mc Gregor Usa Inc. Co Medov Log,0.03,1
Viking Octantis,0.03,1
British Engineering Services Asset,0.03,4
Industrial Monitoring Systems,0.03,1
Industrial Park Of Schisto,0.03,1
Cma Cgm Zephyr,0.03,2
Genesis International Marketing,0.03,1
Kbbq,0.03,1
"Macgregor Pte., Ltd.",0.03,1
Marlink Bv Sevillaweg 81,0.03,2
Power Knot Llc,0.03,1
"Senaco Co., Ltd.",0.03,3
Centraltecnica Group Srl,0.03,2
Froggys Fog Llc,0.03,2
"H&C Shipping Co., Ltd.",0.03,2
Dianthus International Bv Miami,0.03,1
Brightwell Inc.,0.03,3
Avance Polaris,0.03,1
Hou Wss,0.03,1
Pompe Garbarino Sp A,0.03,2
Jonghap Maritime Inc.,0.03,1
Laura Hull Star Ocean Services,0.03,1
Bes Group,0.03,3
Maritime Service And Consulting,0.03,1
Recycleworks Operations Manager,0.03,1
L.S Holdings Inc.,0.03,1
Banyan Commerce Inc.,0.03,1
Genesis Gaming Solutions,0.03,10
Consilium Marine Ab,0.03,7
Mt Oslo Bulk 6,0.03,1
Tait Support,0.03,1
Theatrical Concepts Inc. 5304 Derry,0.03,1
Cma Cgm Cendrillon,0.03,1
Galveston Port Office,0.03,1
Ampak B.V.,0.03,1
United Instrument,0.03,3
Holovis International,0.03,3
"Anchor Marine Supplies Pte., Ltd.",0.03,1
Sothern Barcode,0.03,1
Incredible Technologies Inc.,0.03,1
Sonova Usa Inc.,0.03,1
Costikyan Carpet,0.03,1
Real Estate Guys Radio,0.03,1
Saferite Solutions Gas Repairs,0.03,8
Celebrity Reflection,0.03,2
Nordager Maersk,0.03,3
Adrenaline Amusements Inc.,0.03,1
Ags Parts Return,0.03,5
Prase Engineering Sp A,0.03,1
"Anqing Cssc Diesel Engine Co., Ltd.",0.03,1
Sales Department Dong A Enterprise,0.03,1
Elevator Global Service,0.03,3
Hobart Gmb H,0.03,1
Crane World Wide Logistics Lax 2650 Commerce Way,0.03,1
French Connection Group Inc.,0.03,1
"Acumen Engineering Pte., Ltd.",0.03,2
Celebrity Edge,0.03,1
Master Mv Dole Africa,0.03,2
Icpm,0.03,3
Hoheplate Hopppe Marine Gmb H,0.03,1
Sulzbacher Homeless Shelter,0.03,1
Shipping Protection Ship Services,0.03,1
Marine Technologies Ab,0.03,1
Comoli Ferrari & C.Spa,0.03,2
Boll & Kirch Filterbau Gmb H,0.03,3
Hfncl Group Corp.,0.03,10
Lalizas Life Saving,0.03,1
Tribute Qmorter Inc.,0.03,1
Xic Office,0.03,1
Technova Ht Srl,0.03,1
Spanset Ltd.,0.03,1
Sanisure Inc.,0.03,1
Aew Wrestling Medical Josh Nations,0.03,1
Luminosa,0.03,1
Teco Electronics As,0.03,3
Apl Esplanade,0.03,1
Shai Azurbel Co. Security,0.03,1
Ostergaard Marine Solutions A S,0.03,1
Bob Lynch (Stx),0.03,1
Bacardi Usa. Inc.,0.03,1
Commercial Laundry Innovators,0.03,1
Tms Cardiff Gas,0.03,3
Tnc Perrys,0.03,1
Warehouse Of Wilhelmsen Ship Man,0.03,1
Environmental Process System Ltd.,0.03,3
Ep Marine & Offshore,0.03,1
Mas Global Express And Logistics,0.03,1
Yanmar Norge As,0.03,1
Palo Altonetworks,0.03,1
Danfoss Power Electronics A/S,0.03,1
Weidmann Bensalem Laboratory,0.03,4
Weidmann Electrical Technology Inc.,0.03,3
Seabourn Cruise Line,0.03,2
Ssl Navigation Ab,0.03,5
C&C Construction Usa,0.03,1
Sgs Lakefield,0.03,1
Cryogenic Industries Service,0.03,1
Carnival Cruise,0.03,2
Effy Jewelry,0.03,2
Pfeifer Wire Rope And Lifting,0.03,1
Mv Rolldock Sun,0.03,1
Columbia Shipmanagement Deutschland,0.03,2
Champion Industrie Inc.,0.03,1
True Grade Llc,0.03,1
Seeside Inc.,0.03,2
Drake Controlls,0.03,1
Manuel Kaspi,0.02,1
Flw Inc.,0.02,2
True Navigation Marine Electronics,0.02,2
Hellmann Worldwide Logistics Bv,0.02,1
Drager Nederland B.V.,0.02,2
"Wirl Trading Co., Ltd.",0.02,1
Triton Shipping Bv,0.02,1
Trionics Llc,0.02,2
Carnival Cruise Lines Mail Room,0.02,1
Limerick Spirit,0.02,2
Mv Global Energy,0.02,1
Photo Centergate,0.02,1
Global Gaming Casino Operation,0.02,5
Ssg Shipping Services Bv,0.02,2
Imperial Dade New Miami.,0.02,1
Transcomacalle,0.02,2
Wartsila Voyage,0.02,1
J Comm Corp.,0.02,1
Turbaduana S.A.S,0.02,2
Mv Eurodam Holland America,0.02,1
Roccheggiani Sp A,0.02,1
Roc1,0.02,2
Titan Computers,0.02,2
Mysticetus Llc,0.02,2
Inmarsat Solutions B.V.,0.02,3
Wartsila Lyngso Marine,0.02,1
Custom Ink,0.02,1
Atlas Incinerators,0.02,9
Attn Repair Center,0.02,1
"Furuno Electirc Co., Ltd.",0.02,2
Doral Orchids,0.02,1
Jon Foreman Touring Inc.,0.02,1
Waterfront Maritime Services Inc.,0.02,1
"Daehwa Engineering Sensor Co., Ltd.",0.02,2
Jp Outfitters Llc,0.02,1
Nirvana Explorer,0.02,1
Cisco Systems Inc. 9500 Metric Blvd Suite 300,0.02,4
Ing Buro Querin Gmb H,0.02,2
Ing Buero Querin Gmb H,0.02,2
Kikyo,0.02,2
"Hanwha Engine Co., Ltd.",0.02,2
Pfso Franklin Dock,0.02,1
"Bin Conect Marine Solution Co., Ltd.",0.02,1
Tait Towers Support & Service,0.02,1
Spm Instrument Uk Ltd.,0.02,2
Bengi Bv Einsteinweg,0.02,1
Adg Jewels Llc,0.02,1
Wdt Werner Doeiseertechnik Gmb H,0.02,1
Shanghai Goddaton Shpg Technology,0.02,1
"Dong Enterprise Co., Ltd.",0.02,4
Slot Machine Unlimited Inc.,0.02,2
Carnival Corp. Offices,0.02,1
Meiko,0.02,1
Allweiler Gmb H,0.02,1
Skycon Mechanical Access Ab,0.02,2
Tour Interrupt Supervisor,0.02,2
Mol Techno Trade Ltd. Kdc,0.02,2
Mol Techno Trade Ltd.,0.02,4
Imenco Us Llc,0.02,1
Advanced Entertainment Services,0.02,1
Image Consulting Of Miami,0.02,2
Teekay Marine,0.02,2
Spirax Sareo Goods Inwards Uk,0.02,1
"Panasia Co., Ltd.",0.02,7
Dong Hun Enterprise Co.,0.02,1
Hernis Scan Systems As,0.02,2
Alpina Frederique Constant Usa Inc.,0.02,1
Cobatco Corp.,0.02,1
"Medov Logistics Pte., Ltd.",0.02,1
Bad Monkey Props Llc,0.02,2
Kerteminde Motorservice Aps,0.02,2
Britze Electronic Gmb H,0.02,5
Dewhurst Ltd.,0.02,1
Wingeco Srl .,0.02,1
Shanghai Runhan Engineering Serivce,0.02,1
Master Contrl Srl,0.02,2
Mason Agency,0.02,1
Im M,0.02,15
Advanced Management Solutions S.A.R Italian Station,0.02,1
Cryogenic Industries Service Co.,0.02,1
Classic Automation Llc,0.02,2
Myklebust,0.02,1
Rieber Gmb H & Co. Kg,0.02,1
Alfa Laval Nijmegen Bv C O Alfa,0.02,1
Maritime Communication Services B,0.02,2
Grand Princess Hotel Inventory,0.02,1
Marinetrans Benelux B V,0.02,1
Princess Holland It Logistics,0.02,2
Hitachi Energy Finland Oy,0.02,3
Mobile Ship Chandlery,0.02,1
One Sp A World Carnival Horizon,0.02,1
Standard Fruit Co. Costa Rica S.A.,0.02,1
Lumina Power Inc.,0.02,2
Swank Motion Pictures Onboard Mov,0.02,2
Swank Motion Picture,0.02,1
Domeyer Gmb H & Co Kg,0.02,1
Papeete Seairland Transports,0.02,2
Ge Power Conversion,0.02,1
Poggesi | Malontyx Group,0.02,2
Nsslglobal Ltd.,0.02,2
Kistler Instrument Corp.,0.02,2
Us Gulf Corp.,0.02,1
Alphatron Marine Bv,0.02,2
"Seamap Pte., Ltd.",0.02,2
Sealogig Bv,0.02,2
Minimax Fire Solutions International Gmb H,0.02,3
Incipio Technologies,0.02,1
Ccl Miami Office,0.02,1
Ccl Casino Department,0.02,2
Totalenergies Marketing Deutschland,0.02,1
Bdock Lge,0.02,2
Tfmarine Inc. Nrr Global Logistics,0.02,1
Koronakis D. S.A.,0.02,1
Sanco Sword,0.02,3
Kongsberg Maritime Reverse Logistic,0.02,2
Tgmg Inc.,0.02,2
Carnival Headquarters Health Servic,0.02,2
Ponpower As,0.02,2
Best Western Hotel,0.02,1
Jax Port Cruise Terminal,0.02,1
Tait,0.02,1
Agent Gac North America,0.02,2
Bws Boss Ltd.,0.02,1
Casino Products World Wide,0.02,1
Blue Ocean Agency,0.02,1
Intellian Tech,0.02,1
16 Chatham Center South Suite A,0.02,2
Morehouse Instrument Co. Inc.,0.02,1
Green Instruments A S,0.02,1
West Indies Shipping,0.02,1
W. A. (Bill) Deweese Pe (Retired),0.02,1
W&O Sypply Inc.,0.02,2
Master Of Brussel,0.02,1
Master Mv As Floretta,0.02,1
Royal Princess Inventory Manager,0.02,1
Alfa Laval Nijmegen,0.02,1
Rexel St Nazire,0.02,2
"Consilium Safety Pte., Ltd.",0.02,3
Emea Inmarsat Solutions,0.02,2
Bw Fleet Management As,0.02,2
Cavs Usa Inc.,0.02,1
Shinwoo E & T,0.02,2
Cma Cgm Blue Whale,0.02,1
Castrol Caremax Laboratory,0.02,4
Casino Products Worldwide,0.02,1
Caribbean Voyager,0.02,2
Abb Engineering (Korea) Ltd.,0.02,1
Lgepc Ge Energy,0.02,1
Capcom Land Sea Air Communication,0.02,1
Neuron Marine Technology Sp,0.02,1
Trescal Norway As Ikm,0.02,1
Seko Global Logistics,0.02,1
Precision Governor & Controls Inc.,0.02,1
Ethane Pearl,0.02,2
On Board Movies,0.02,13
Abb Oy,0.02,2
Praiirie Machine,0.02,2
Seb Professional North America,0.02,1
Ravebo B.V,0.02,1
Nemco Food Equipment,0.02,1
Euronav Ship Management Ltd.,0.02,2
Power Systems & Controls,0.02,1
Jhon Hibbits,0.02,1
Kongsberg Maritime As Trondheim,0.02,5
Dime Srl Att. Mr. Gianluca,0.02,1
Worldwide Communication Systems Inc.,0.02,3
Portable Communications Inc.,0.02,2
Contika,0.02,2
Decimus Precision Ltd.,0.02,1
Wuensch Sales Co.,0.02,1
Studenglass Technologies Llc,0.02,1
Stucke Electonik Gmb H,0.02,1
"Galveston Hub Aet Inc., Ltd.",0.02,2
Everi Games Inc.,0.02,1
Ice Service Sav,0.02,1
Hyundai Solution Europe,0.02,1
Recreate Marine And Offshore Pte Lt,0.02,1
Burkert Usa Corporation,0.02,2
Tcs Johnhuxley,0.02,1
Carribean Voyager,0.02,2
Honeywell Fall Protection,0.02,1
Navim Usa,0.02,4
Vikand Biomedical,0.02,2
Videlo Una Gmb H,0.02,1
Db Schenker,0.02,1
Geodis Australia (Pty) ) Ltd.,0.02,1
Geodis Australia,0.02,1
Anchorage Property Claim,0.02,1
Amusement Repair,0.02,1
Disguise Systems Inc.,0.02,1
Hyundai Lng Shipping,0.02,2
Bullet Room,0.02,1
Seabourn Quest,0.02,1
Novatech Marine Llc,0.02,2
Wilhelmsen Ship Service Inc.,0.02,1
Coordinated Wire Rope Of Hawaii Inc.,0.02,1
Marinco Co Lain Electronic Srl,0.02,1
Chemical Marine Inspections,0.02,1
Global Marine Systems,0.02,1
Global Logistics Marlink B.V.,0.02,2
Merser Pimper A S,0.02,2
Fugro Survey As,0.02,2
Marine Logistic Service And Transpo,0.02,2
China Merchnants Jinling Shipyard,0.02,1
Aristocrat Rma Dept.,0.02,1
Wilhelmsen Port Service,0.02,2
Elledue Srl,0.02,1
Ew Production Services Ltd.,0.02,2
Navtor Nautic Ab,0.02,1
Aml Oceanographic,0.02,2
Aml Americas Inc.,0.02,1
Amisys,0.02,4
Genesis Gaming,0.02,2
Viking Sea Continental Shipping,0.02,1
Viking Polaris,0.02,1
General Hotel & Restaurant Supply,0.02,1
H&G Real Estate Dba Perfection Equi,0.02,1
Logistique Globale Europeene For,0.02,1
Logistique Globale,0.02,1
Hartmann,0.02,1
Tomson Hospitality,0.02,2
Zoll Med Corp.,0.02,2
Chromalox Inc.,0.02,1
Drew Marine Laboratory,0.02,2
Ipa Italy Asc Srl,0.02,1
Its Srl Shredding & Grinding Solut,0.02,1
Caleel Hayden Llc Dba Glo Skin,0.02,1
Sr Instruments Inc.,0.02,1
Washburn Computer Group,0.02,1
Josh Bird Jolt Software Inc.,0.02,1
Seasly Srl,0.02,4
Fugro Enterprise,0.01,1
Oticon Inc.,0.01,1
Assa Abloy Global Solutions,0.01,4
Aten Technology Inc.,0.01,1
D'amico Singapore,0.01,1
Ensto Italia Srl,0.01,1
Washburn Pos Corporate,0.01,1
Nnr Global Logistics Usa Inc.,0.01,1
Engine Partners Cyprus,0.01,1
Provenance Gems Inc. Concession,0.01,10
Bently Nevada Corp.Minden,0.01,1
France,0.01,1
Global Eagle Entertainment,0.01,58
Grainger 480,0.01,1
Cims,0.01,1
Hfmsc Group,0.01,6
"Giant Shipping & Trading Co., Ltd.",0.01,1
Prosolar Systems,0.01,1
Endress Hauser Inc.,0.01,1
Wartsila Voyage Gmb H,0.01,2
Wartsila Services Switzerland Ltd.,0.01,1
Cwts Srl Grundfos,0.01,1
Boll Filter Corp.,0.01,2
Osti Inc.,0.01,1
Schaller Automation Industrielle,0.01,1
Cisco Systems Inc. 9500 Metric Blvd Suite 200,0.01,1
Medov Logistics Co Jetex Services,0.01,1
Chefs Work,0.01,1
Franklin Dock,0.01,1
"Seanet Co., Ltd.",0.01,2
Global Marine Forwarding,0.01,1
At Construction Solutions Uvi Med,0.01,1
Lg Electronic Alabama,0.01,1
United Radio,0.01,1
Miele Inc.,0.01,1
"Fuji Global Logistics Co., Ltd.",0.01,1
Hella Kgaa,0.01,2
Kystdesign As,0.01,1
Taylor Ultimate Services Co.,0.01,1
Granly Diesel,0.01,1
Somec Sintesi Srl,0.01,1
Reederei Nord Gmb H,0.01,2
Msc Busan,0.01,1
Seabourne Odyssey,0.01,1
Toll Global Forwarding,0.01,1
"Tokyo Keiki Co., Ltd.",0.01,3
Mercodor Gmb H Sondermaschinenbau Kg,0.01,1
Rwo Gmb H,0.01,1
Magazzino Go Tec,0.01,1
Maridis Maritime Diagnostic & Svc,0.01,1
Betmgm,0.01,1
Keb Autom Ation Kg,0.01,1
Reno Warehousing & Logistics Inc.,0.01,1
Mc Uniform,0.01,1
Sgm Light Inc.,0.01,1
Marine Service Gmb H,0.01,1
Arkos Burckhardt Compression (Us),0.01,1
Chelsom Ltd.,0.01,1
Chelsea Technologies Ltd.,0.01,1
Lenovo Easyserv Notebook Repair Cen,0.01,2
Lenovo Authorized Service,0.01,1
Koja Usa Inc. Miami Warehouse,0.01,1
S Livanos Hellas,0.01,1
Finecom Se Col Ltd. Mr. Bh Jung,0.01,1
Akk Industrieservice & Handels Gmb H,0.01,1
Hyundai Marine Solution,0.01,2
Kaupang,0.01,1
Vital Solutions,0.01,1
Visitship Ltd.,0.01,1
Evoqua Water Technologies,0.01,1
Evolis,0.01,1
Cory Brothers Usa Inc.,0.01,1
Redline Internationale Spedition,0.01,1
Framo Nederland B.V.,0.01,1
Framo Houston Inc. Oil Lab,0.01,3
Habitat For Humanity,0.01,1
Viking Life Saving,0.01,1
Vikand Technology Solutions Llc,0.01,1
Vikand Solution,0.01,2
Vikand Medical,0.01,1
Vikand 1001 S Andrews Avenue,0.01,5
Betson Parts And Service,0.01,3
Gary W Holderfield Holderfields El,0.01,1
Autronica Fire And Security As,0.01,4
Simtek Elektronik Gmb H,0.01,1
Davit International Hische Gmb H,0.01,1
Sonderanlagenbau Arnhof Gmb H,0.01,1
Recoup Technologies Inc.,0.01,2
Amot Uk Holding Ltd.,0.01,1
Mp Filtri Usa Inc.,0.01,1
Amsud,0.01,1
Brightwell Payments Inc.,0.01,3
Didaj,0.01,1
Rsm Marine Services Us Llc,0.01,1
Abb Bv,0.01,2
Deal Rise,0.01,1
"Contemar Shipping Co., Ltd.",0.01,1
Resmar Ltd.,0.01,7
Hach Lange Gmb H,0.01,1
Deck House,0.01,1
"Japan Marine (S) Pte., Ltd.",0.01,2
Stucke Elektronik Gmb H,0.01,1
Bls Bavarian Logistics,0.01,1
Recark Co Amorim America,0.01,1
Rcl Symphony Ots,0.01,1
Vms Warehouse,0.01,1
British Eng Serv.Asset Reliability,0.01,2
Vps Testing & Inspection Inc.,0.01,2
Vps Oil Condition Monitoring,0.01,12
Geodis Wilson,0.01,1
Rb Marine Eu,0.01,2
Matermoll Srl,0.01,1
Master Of Silver Cailtriona,0.01,1
Master Of Pasco Marsel,0.01,1
Nov Rig Technologies,0.01,1
Unis Technology,0.01,1
Cma Cgm Exemplarity,0.01,1
Cma Cgm Champ Elysees,0.01,1
Motorola Miami,0.01,1
Discovery Princess Ship To Ship,0.01,3
Pcl Studios Fao Amy Boxshall Sm,0.01,1
Fincantieri Marine Systems,0.01,1
Cmdt,0.01,1
Seiho Machinery & Electric Co Pte,0.01,1
Centergate Transcor,0.01,2
Norwegian Encore,0.01,1
Vulkan Kupplungs Und Getriebebau,0.01,1
Vte Filter Sl,0.01,1
Eurofins Environment,0.01,2
Sal Navigation Ab.,0.01,2
Saj Instrument Ab Ltd.,0.01,1
Anp Pharma Ltd.,0.01,1
Industrial Supplies David Guerra,0.01,1
Abb Oy Marine,0.01,1
Abb Oy Electrification Service,0.01,1
Ico Warehouse Uniform,0.01,1
Evac Oy Co Dsv Solutions Gmb H,0.01,2
Raumausstatter Janssen Gmb H & Co.,0.01,1
Air Aroma,0.01,1
Master Systems,0.01,1
Abb Laboratory Naperville,0.01,11
Lng Enterprise,0.01,1
Explora Journeys,0.01,1
Returns Parts Town,0.01,1
Retoure,0.01,1
Alcolizer Technology,0.01,2
Houghton International In,0.01,2
Hostmost Marine Services (Canada) Ltd.,0.01,1
Urban Droner,0.01,1
Lgeai Dallas,0.01,1
Avalon Rafts,0.01,1
Mt Evrotas,0.01,1
Fiberbuil Umbrellas & Cushions,0.01,1
Master Of Msc Julie,0.01,1
Seaworld Management And Trading Inc.,0.01,2
Vesseltovessel Transfer Skyprincess,0.01,1
Vessel Exhibitionist,0.01,1
Consilium Marine & Safety Ab,0.01,1
Betson Texas,0.01,1
Mackay Marine New Orlean,0.01,1
Macjay Marine Netherlands,0.01,1
Simplex Americas Llc,0.01,1
Gcon Corp.,0.01,1
Emc Gas Corp.,0.01,2
Teamtec As,0.01,1
Legero,0.01,1
Lee Engineering Supply Co.,0.01,1
Hobart,0.01,1
Kongsberg Discovery Us,0.01,1
Cma Cgm A. Lincon,0.01,1
Vps Houston And Inspection Inc.,0.01,1
Emerson,0.01,1
Prime Products Distribution Usa Llc,0.01,9
Bernard Controls Sa,0.01,1
Starlink,0.01,1
Lucite Creations,0.01,2
Sample Receiving,0.01,3
"1981 Brewing Co., Ltd.",0.01,1
M V Viking Polaris Sms International Shore,0.01,1
Daspos International Aps,0.01,2
Spacex,0.01,1
Eurofins Env Testing Finland Oy,0.01,1
Eurofins Built,0.01,1
Kittiwake Developments Ltd.,0.01,1
Rf Design Marienburger,0.01,1
Revive Electronics Llc Group,0.01,1
Fabio Fiorucci Srl,0.01,1
Alex Cuntz G.T. Michelli Co Inc.,0.01,1
Gecom Srl,0.01,3
Snri,0.01,1
Jba Calibration Services,0.01,1
Ecolab Inc. Usa,0.01,1
Jcbargains Amazon Rma,0.01,1
Tailor Made Logistic Srl,0.01,1
Jet Games,0.01,1
Nacos Usa Llc,0.01,1
Sparktacular Fx Machines,0.01,1
Cruise & International Department,0.01,1
Crown Princess Co Claa,0.01,1
Idexx Laboratories Instrument,0.01,1
Jwf Process Solutions Ltd.,0.01,3
Etc Product Return Technical Servic,0.01,1
Emerson Damcos A S Emerson Process Manage Bv,0.01,1
Anuvu (Maritime),0.01,34
Oneocean,0.01,1
Ni.Al Srl,0.01,1
"K S Automation Pte., Ltd.",0.01,1
Tfmarine Inc. For Delivery To Master M V Sprinter,0.01,1
Lqs Lubricant Quality Scan,0.01,2
"Dmh Marine Solutions Suzhou Co., Ltd.",0.01,1
Intercard Rma Department,0.01,1
Intercard Inc. Intercard Rma Dept,0.01,1
Parmarine Ltd.,0.01,1
Kovar Water Treatment,0.01,1
Sanco Shipping As,0.01,1
Kongsberg Underwater Technology Llc,0.01,1
Lost Bags Inc.,0.01,1
Electronic Theatre Controls Inc.,0.01,2
"Best Global Logistics Sin Pte., Ltd.",0.01,1
One Sp A World Carbel,0.01,1
Thitronik Marine Gmb H,0.01,1
Compass Water Solutions Inc.,0.01,1
Defense Distribution Depot,0.01,1
Aaf Clean Air Center,0.01,1
Eletson Corp.,0.01,2
Royal Jewelry Mfg Inc.,0.01,3
Cma Cgm T Jefferson 1600 Lower Rd,0.01,1
Rosenthal Sambonet Usa Ltd.,0.01,1
Usa Borescopes,0.01,1
64 Facets Umanandan Enterprises Pvt.,0.01,1
Lqs Intertek Farnborough,0.01,1
Baze Technology As,0.01,1
Minimax Fire Solutions,0.01,1
Fulmar Explorer Gmc,0.01,1
Shaw Moisture Meters Cabilration Lab,0.01,1
Nieuw Amsterdam,0.01,2
Nico Precision Co. Inc. Production,0.01,1
Aerius Marine Gmb H,0.01,1
Fluid Control S.A.,0.01,1
Sgs Lafayette 500 Ambassador,0.01,1
Sgs Lafayette 500,0.01,1
Paramarine Ltd.,0.01,1
Parker Hanifin Korea,0.01,1
Quietvox Llc,0.01,3
Nightlife Music,0.01,1
Ikm Laboratorium As Larvic,0.01,1
"Iino Marine Service Co., Ltd.",0.01,1
Marahrens Usa Signs & Graphics,0.01,1
Swank Digital Fulfillment,0.01,18
Panomax Gmb H,0.01,1
Anuvu Broadcast Center,0.01,1
Hms Videlio,0.01,1
Ross Maritime,0.01,2
Meiko Machinenbau Gmb H,0.01,1
Veo Oy,0.01,1
Alfa Laval Technologies Abc 1600 Lower Rd,0.01,1
Gea Mechanical Equipment,0.01,1
Brooks Carpet And Ship Supply,0.01,1
Eknes Instrument,0.01,1
Jetex Services Co Medov,0.01,2
Uwe Timke Simtec Elektronik Gmb H,0.01,1
"Utsuki Keiki Co., Ltd.",0.01,1
Claa Sitka,0.01,1
Shaw Moisture Meters Calibrations,0.01,1
Weidmann Diagnostic Solutions Inc.,0.01,1
Princess Cruises Gxi Warehouse,0.01,1
Johnson Controls Denmar Aps,0.01,1
Rosco Lab Ltd.,0.01,1
Cobalt Digital Inc.,0.01,11
Mv.Emerald Princess,0.01,1
Varimixer,0.01,1
Smiths Detection Return Center,0.01,1
Ritz Safety,0.01,1
Dhl Global Forwarding Us,0.01,6
Insight Nrc,0.01,1
Hermanos Hardware,0.01,1
Furuno Miami,0.01,1
Maran Gas Amorgos,0.01,1
Beetronics Inc.,0.01,1
Igt Att. Mrb,0.01,1
Quality Biomedical Inc.,0.01,1
Quaker Houghton,0.01,2
Quantiserv,0.01,1
Imenco As,0.01,1
Push The Button Ltd.,0.01,1
Imagine Communications,0.01,1
M V Gas Trust,0.01,1
M V Exhibitionist,0.01,1
M V Ellignton,0.01,1
Im M Internationa Mining Marine,0.01,1
Culligan Cwts Srl,0.01,1
Spirax Sarco.,0.01,2
Spin Inc.,0.01,1
Master M V Pprogress C,0.01,1
Master M V Lng Adventure,0.01,1
"Orion Technology Co., Ltd.",0.01,1
Yikang Marine,0.01,1
"Ydk Technologies Co., Ltd.",0.01,1
Trs Rentelco,0.01,1
A.G.S,0.01,2
Eiva A/S,0.01,1
Eimskip Canada Inc.,0.01,1
Halton Co.,0.01,1
B.V. Technisch Bureau Uittenbogaart,0.01,1
B&P Water Technologies,0.01,1
Mehr Technical Service Gmb H,0.01,1
Tng Shanghai T&G International Forwarding,0.01,1
Sks Control Oy,0.01,1
Muhle Glashutte Gmb H,0.01,1
Ingenieur Buero Querin Gmb H,0.01,1
Krohne Marine,0.01,1
Teratech,0.01,1
Terasaki Electric Co. Far East,0.01,1
Cubic Instruments (Wuhan) Ltd.,0.01,1
Jrc Parts Team,0.01,1
Huisman Equipment Bv,0.01,1
Vaisala,0.01,4
"Musasino Co., Ltd.",0.01,2
Mt Xanthos,0.01,1
Roodhart Marine & Offshore Serv,0.01,1
Hanza Juras Menedzments,0.01,1
Marvel S.A,0.01,1
Lyntec An Rdc Inc. Co.,0.01,2
Adleman Diamond Corp.,0.01,1
Adj Group Of Companies,0.01,1
Apsco,0.01,1
Hitouch Energy Finland Oy,0.01,2
Hitouch Business Services Llc,0.01,1
Apollo Exp. Warehouse,0.01,1
Latsco Marine Management,0.01,2
Hbetti Inc.,0.01,1
High End Systems,0.01,1
High Seas Trading,0.01,1
Latitude 29 Ship Supply Llc,0.01,1
Proof Media Mix,0.01,1
Prominent Fluid Controls Inc. Usa,0.01,1
Daeyang Instrument Co.,0.01,1
Warranty Service Coordinator Marine,0.01,1
Dpa Support,0.01,1
Douglas Mfg.,0.01,1
Bournegroup,0.01,1
Pacific Jasper,0.01,1
Im&M Ltd. Trident House Baxter Rd,0.01,3
Warehouse Innuvo Inc.,0.01,1
Pilot Marine Supplies,0.01,1
Light And Wonder Rma 629575,0.01,1
"Hsd Engine Co., Ltd.",0.01,1
Mv Carnival Sunrise,0.01,1
Valles Steamship (Canada) Inc.,0.01,2
Khvrepair Svc Dept.,0.01,1
Valvitalia,0.01,1
Hungry Giant Waste System Llc,0.01,1
Mv Sety,0.01,1
Value Maritime,0.01,1
Skyprincess,0.01,1
Wms,0.01,1
Aqueos Subsea,0.01,1
Puerto Rico Wood Treating Industries Inc.,0.01,2
Culligan Italia,0.01,1
Enodis France,0.01,2
Wartsila Global Logistic Services,0.01,1
Envirodyne Laboratories Inc.,0.01,1
"Schaller Automation Pte., Ltd.",0.01,9
Hfg Media,0.01,2
Sensor Test,0.01,1
Tss Srl .,0.01,1
Tss S.R.I.,0.01,1
Tsolis Shipping And Services,0.01,1
Kvh Repairs Svc Dept,0.01,1
Championx Global Headquarters,0.01,1
Imperial Bag And Paper,0.01,1
Ps Ltd. Dba Pink Sands Resort,0.01,1
Zoll Medical Uk Ltd.,0.01,1
Otis Marine,0.01,1
Transmarine Navigation Corp.,0.01,1
Surveillance International Inc.,0.01,1
Aristocrat Returns Dept.,0.01,1
"Sea Net Co., Ltd.",0.01,1
Trios Mess Und,0.01,1
Honisch Spedition Gmb H & Co Kg,0.01,1
American Plumbing And Apsco,0.01,3
Amisys Head Office,0.01,1
Mozzanica Usa Llc Marine Ffa,0.01,1
Front Line Forwarding And Agency Lt,0.01,2
Sensmar (Pty) ) Ltd.,0.01,1
Zoll Medical Australia,0.01,1
Cekra Inc.,0.01,1
Intl Weston,0.01,1
Zaandam,0.01,1
Go Tec,0.01,2
Ipa Italy,0.01,1
Inw,0.01,1
Italian Port Asstance Srl,0.01,1
Inmarsat Solutions Bv,0.01,1
"Zenitel Marine Asia Pte., Ltd.",0.01,1
Hewlette Packard Enterprice,0.0,1
Tsakos Shipping,0.0,2
Bollfiter France Sas,0.0,1
Oshkosh Defense,0.0,1
Orsap Oy Ltd.,0.0,1
Dt Inspections And Consulting,0.0,2
"Yumyung Co., Ltd.",0.0,1
Scaship As,0.0,1
Cintas Uniforms,0.0,1
Cintas Corp.,0.0,2
Scanjet Ariston As,0.0,2
"Kuehne Nagel Pte., Ltd.",0.0,1
High Seas Technology,0.0,1
Schilling Robotics,0.0,2
"Mitsui E&S Co., Ltd.",0.0,2
Hfny Group Corp. Via Malca Couriers,0.0,2
Wartsila Finland Oy Dc Sth,0.0,1
Gianluca Di Bonito,0.0,1
Githens,0.0,1
C A Stavros Kassidiaris Sa,0.0,2
Dainichi Shoji K.K.,0.0,1
Water Testing Laboratories,0.0,1
Wartsila Voyage Ltd.,0.0,2
Wartsila Voyage Germany Gmb H,0.0,2
Geosurveys,0.0,2
Tektronix Calibration,0.0,2
Giscs Maritime Cybersecurity,0.0,1
C.K. Scientia,0.0,1
Provenance Gems,0.0,5
Energy Endeavour,0.0,2
Ada Cosmetics International Gmb H,0.0,1
Wartsila Workshop Busan,0.0,1
M T Frontier Mariner,0.0,1
"Waldron Steamship Co., Ltd.",0.0,1
Daktronics Customer Center,0.0,1
Emsek Uk Lsd 320 Cemsemmhak Auemte,0.0,2
Promarine Inc.,0.0,1
Watts Water Technologies,0.0,1
Wartsila Electronics Gmb H,0.0,1
Wartsila China Ltd.,0.0,1
Cunard Line Ltd.,0.0,1
Imes Gmb H,0.0,2
Sqm North America Corp.,0.0,3
Entertainment Cage,0.0,6
Wartsila N.A. Inc.,0.0,1
Wartsila Moss As,0.0,1
Wartsila Global Logistics Serv.,0.0,1
Wartsila Finland Oy Turku,0.0,1
Nightlife,0.0,2
Nieuw Amsterdam Ship,0.0,1
C Nav,0.0,1
St Pocurement Stolt Tankers,0.0,2
M V Emerald Princess,0.0,1
M V Crown Princess,0.0,1
"Teekay Marine (Singapore) Pte., Ltd.",0.0,2
Emri A S,0.0,2
Q Sys Lifetime Service Center,0.0,1
Spm Instrument Uk,0.0,1
Bekkajordet 8 A,0.0,1
Grena Srl,0.0,1
Epic Samos,0.0,1
Imax Headquarters,0.0,1
Advanced Enviromental Lab Inc.,0.0,1
Bellarri International Collection,0.0,3
Prismatibro Ab,0.0,1
Weeco,0.0,3
Ace Hightech 21,0.0,2
Daniel Aguilar Logistics & Technic,0.0,1
Dama Group,0.0,1
Nieuw Amstedam,0.0,1
Cs Dependable Master,0.0,1
Adventure Of The Seas,0.0,1
Aerodoc Inc.,0.0,1
Aero Stream Logistics,0.0,1
Aero Stream Cargo Services,0.0,1
Speedcast Netherlands Bv,0.0,1
Cts Offshore And Marine Asia Pte,0.0,1
Cs Supplies Marine Services,0.0,1
Quantiserv Wartsila Nl,0.0,13
Quantay Scales,0.0,1
Seatec Water Testing Laboratory,0.0,1
Seatec Water Testing,0.0,1
Seatec Water Lab,0.0,2
"Helexco Co., Ltd.",0.0,2
Inchcape Shipping Serv,0.0,1
Martek Marine Ltd. Fao Carl Bennett,0.0,2
Marshall Electronics,0.0,1
Standard Logistics Sa De Cv,0.0,2
Emerson Process Management Marine,0.0,2
Il Metronic Sensortechnik Gmb H,0.0,4
Il Metronic Sensortechnick Gmb H,0.0,2
Igt Florida Service Department,0.0,1
Nicholson Lab Inc.,0.0,1
Canival Horizon,0.0,1
Canival,0.0,2
Chartworld Gmb H,0.0,1
Euro Nav Nv Head Office,0.0,1
"Eu Automation Pte., Ltd.",0.0,1
Radiant Global Logistics,0.0,1
Prime Products Distribution Ltd.,0.0,1
Bermuda Shipping And Maritime Autho,0.0,2
Bermuda Registry General Office,0.0,4
Techcross Usa Llc,0.0,1
Tech Marine Sp A,0.0,1
Prime Products Distribution B.V.,0.0,3
Prime Piraeus,0.0,3
Prime 247 Services,0.0,1
Beacon Offshore Co.,0.0,1
Next Maritime Bilbao Next Maritime S.L.U.,0.0,1
Tess Llc,0.0,1
Trident House Baxter Road,0.0,1
Artion D&A L.P.,0.0,1
Eurofins Emlab P&K,0.0,3
Eurofins,0.0,2
Ram Gear Mfg,0.0,2
Cpi Fluid Engineering,0.0,2
Bw Cassia,0.0,1
"Buxi Brightsky Electronic Co., Ltd.",0.0,1
Team Tee As,0.0,1
M V Sapphire Princess,0.0,1
Stc Brabo,0.0,2
W0 .01558626 Hach Lange Gmb H,0.0,1
Kaefer Schiffsausbau Gmb H,0.0,1
Kaefer,0.0,1
Master Mv Dole Atlantic,0.0,1
Master Mt Cedar,0.0,1
Crown Princess Juneau,0.0,1
Crown Princess Attn Tech Departm,0.0,1
Capezio,0.0,1
Lost And Found Pcsc,0.0,3
"Guangzhou Alpha Service Co., Ltd.",0.0,1
Gryf Hb Spool. S.R.O.,0.0,1
Master Of Mt Phoenix Harmonia,0.0,3
Trelleborg Marine Systems,0.0,2
"Fuji Trading Co., Ltd.",0.0,1
Central Dispatch Houston,0.0,1
Service Controller Emri As,0.0,1
Service Central Inc.,0.0,1
Davis Ship Service,0.0,2
Jincheol Park,0.0,1
Radwell International Llc,0.0,1
Cresques,0.0,2
Radio Holland Usa Inc.,0.0,4
Crane Ww Log,0.0,1
Baumer Sensors,0.0,1
Master Of Silver Eleanor,0.0,1
Master Of Sansovino,0.0,1
Abb Uk Ocm Laboratory,0.0,1
Norton Wells Llp,0.0,2
Able Instruments & Controls Ltd.,0.0,1
Seaworld Mgt And Trading Inc.,0.0,2
Agwa Farm Ltd.,0.0,1
Ags Parts Return Rma# Sv 921257,0.0,1
Ags Llc Software Department,0.0,1
Ibm Corp.,0.0,1
Icon Research Ltd.,0.0,1
Hyunwoo Engineering,0.0,2
Kassiakos,0.0,2
Karcher North America,0.0,1
Vr Shipping N.V.,0.0,1
Viswa Lab Corp.,0.0,1
Evocateur,0.0,1
Besi Marine Systems Gmb H & Co. Kg,0.0,1
Bes Ar Mimic Ltd.,0.0,2
Graybar,0.0,1
Gray V,0.0,9
Index Cool Marine & Industry,0.0,2
Guest Care Specialist Mspx 460 S,0.0,2
Everi Inc. Rma Sr26873,0.0,1
Ici Marine,0.0,1
Voden Medical Instrument,0.0,1
Kassidiaris Stavros S.A,0.0,1
Vniva,0.0,1
Aja Video Systems Inc.,0.0,1
Rccl Brilliance Of The Seas,0.0,1
Bartec Us Corporation,0.0,1
Wilhelmsen Services,0.0,1
Dcember Alboleras,0.0,1
Whole Foods Market Amazon Point,0.0,1
Whole Foods Market,0.0,1
Bundang Techno,0.0,1
Macgragor Germany Gmb H & Co. Kg,0.0,1
Hyundai Global Service,0.0,1
Hyundai Courage,0.0,1
Gumis Doo,0.0,3
Gulf Marine & Industries Supplies,0.0,1
Kazuhiro Akehi Bemac Corp.,0.0,1
Chem Coast Inc.,0.0,1
L.S. Italia Sp A,0.0,1
Arland Wells,0.0,1
Vitesco Technologies Czech Republic,0.0,1
Viswalab,0.0,4
Vidlio Hms Inc.,0.0,1
Vickers Oil Intertek Ocm Department,0.0,1
"Hyeong Seong Industries Co., Ltd.",0.0,1
Mac Hamburg Gmb H,0.0,1
Betson H. Betti In,0.0,1
Novalink International Llc,0.0,1
Nova Scotia,0.0,1
Wilhelmsen Ship Management,0.0,1
Regulateurs Europa Bv,0.0,1
Viking Neptune Vr Camelot,0.0,1
Gee Sea Operations,0.0,1
Mbx Systems,0.0,1
Socrates,0.0,1
Viking Star Co Boni Gara,0.0,1
General Steamship Agencies La Lb,0.0,1
General Marine Spares Gmb H,0.0,2
Vicker Oils Intertek Ocm,0.0,1
Vicker Oils Airedale Mills,0.0,1
Port Tampa Bay Cruise Terminal 6,0.0,1
De Wave Warehouse,0.0,1
Industrial Instrument Works Inc.,0.0,1
Jeumont Etupes,0.0,1
National Safety Inc.,0.0,1
Contika Aps,0.0,2
Residence,0.0,1
Hach Co.,0.0,2
"The Safesty Co., Ltd. Of Nk Group",0.0,1
Lnw Gaming International,0.0,1
Convent Marine Terminal,0.0,1
Navios Ship Tankers Management,0.0,2
Navios Containers Management Inc.,0.0,2
Navim,0.0,1
Vessel To Vessel Sky Princess,0.0,1
Consilium Safety Netherlands B.V,0.0,2
Consilium Marine Korea Ltd.,0.0,1
"Tang Li Marine Services Co., Ltd.",0.0,1
Bgms Instruments,0.0,1
Beukenhorst Coffee Usa,0.0,1
"Macron Co., Ltd.",0.0,2
Mackay Marine Houston,0.0,1
Lng Bw Pavilion Aranthera,0.0,1
National Weather Service,0.0,1
Nara Drive Co.,0.0,1
Reveal Media,0.0,1
Returns Department,0.0,1
Extron Electronics,0.0,1
Vickers Oil Airedale Mills,0.0,11
Vickers Oil,0.0,1
Ge Energy Power Conversion Usa Inc.,0.0,2
Ge Energy Power Conversion France S,0.0,2
Gea Norway As,0.0,2
Hafnia Tagus,0.0,2
Links Inc.,0.0,2
Gee (Sea Ops),0.0,5
"Riken Keiki Korea Co., Ltd.",0.0,1
Pmi Global Logistics,0.0,1
Dell Technologies,0.0,1
Dell Ohio Fulfillment,0.0,1
Beston Florida,0.0,1
Vertomcory Cory Brothers Usa Inc.,0.0,2
Smultea Sciences,0.0,2
Fao The Service Department,0.0,2
Fao Media Lab,0.0,1
Reynolds Shipyard Corp.,0.0,1
Veritas,0.0,2
Ring Power Corp. Power System,0.0,1
Compagnia Generale Trattori Sp A .,0.0,1
Rilix Lcc,0.0,1
Naigai Eunsan Logistics Center,0.0,1
Naias Labs Sa,0.0,1
Bsr Solutions Llc,0.0,4
Talia Jade Jewelery,0.0,1
Grand Princess Ship,0.0,1
Marinfloc Ab,0.0,2
"Delta Co., Ltd.",0.0,1
Winco G.E.T.,0.0,1
Alfa Laval Moatti Sas,0.0,1
Alfa Laval Italy Srl,0.0,1
Nabtesco Marine Europe B.V.,0.0,1
Riley Sherman Shipping Agency,0.0,1
Comercial Laundry Innovation Of Fl,0.0,1
Rma24020,0.0,1
Rlc Electronic Systems,0.0,2
B I Industrial,0.0,1
Ing. Buer Quering Gmb H,0.0,1
Demetriades Group,0.0,2
Efncl Group Corp.,0.0,3
Info Marine Sp Z O O,0.0,1
Slot Machines Unlimited Inc.,0.0,1
Halogen Systems Inc.,0.0,2
Sme Spain,0.0,1
"Medov Logistics Pte., Ltd. Singapore",0.0,1
Compagnia General Telemar Sp A (Cgt),0.0,1
Risk Management,0.0,1
Me Production As,0.0,2
Veritas Petroleum Services Testing,0.0,3
"Hanil Fuji (Korea) Co., Ltd.",0.0,2
Carnival Corp. Gxi Warehouse,0.0,1
Mv Maritime Polaris,0.0,1
Sg Safety As,0.0,1
Landstar International,0.0,1
Photo Supply Coordinator,0.0,1
Ocean Air Services Inc.,0.0,1
Global Eagle Opco Llc,0.0,1
Observator Instrumen Bv,0.0,2
B & H Photo Video,0.0,1
Meditech,0.0,1
Meachers Global Logistics Ltd.,0.0,1
Mv Eurodam,0.0,1
Khr Jewels,0.0,1
Azienda Chimica Genovese Srl,0.0,1
Comercial Laundry Innovators,0.0,1
Coferc Srl,0.0,2
Axis Communications Ab Co Scanfill,0.0,1
Axis Communication Ab,0.0,3
Oceanic General Agency,0.0,1
Oceanbulk Maritime,0.0,1
8921 South Sam Houston Pkwy West,0.0,1
715 West Boone Avenue,0.0,1
Edro Corporation,0.0,1
Edro Corp. Usa.,0.0,1
Edificio Tab,0.0,2
Desmi Pumping Technology A/S,0.0,1
Traka Usa Llc,0.0,1
Lars Thrane A S,0.0,1
Sea World,0.0,2
Sea Tec Cond Monitor Water,0.0,1
Time Chemical America Inc.,0.0,1
Hariman Customer Service Rma 2001 Sanyo Ave Suite 120,0.0,1
Bingham Schiedam Bv,0.0,1
Ocean Technologies Management Group,0.0,3
Dh Controls,0.0,2
Diamond Gas Sakura,0.0,1
Diagomar Plus Lab,0.0,1
Dhl Supply Chain,0.0,3
Mt Eagle San Antonio,0.0,2
Mt Amberjack Lng,0.0,1
Rotondi Group Srl,0.0,1
Tms Tankers Ltd.,0.0,1
Lightpartner Lichtsysteme,0.0,1
Skf Marine Gmb H,0.0,2
Hp Enterprise,0.0,1
Hp Customer Support 140 Ethel Road West Unit D,0.0,1
Carnival Cruise Line Guest Care,0.0,1
Peripheral Visions Inc.,0.0,1
Ecoloxtech Inc.,0.0,1
Workhouse Srl,0.0,1
Tait Technologies Uk Ltd.,0.0,1
"Gpv Asia (Thailand) Co., Ltd.",0.0,1
Co Abb Laboratory,0.0,1
Rotterdam Air Sea Freight,0.0,1
Mt Front Tyne,0.0,1
Klinger Westad As,0.0,2
Royal Princess Casino Manager,0.0,1
Cnc Tiger,0.0,1
"Kistler Korea Co., Ltd.",0.0,6
Coastal Amusements Inc.,0.0,1
Rosco Laboratories,0.0,1
Alpine Legend 142,0.0,1
Harman Costumer Service,0.0,1
Msa Houston Service Center,0.0,4
Msa,0.0,2
Briggs Equipment,0.0,1
Goodway Technologies Corp.,0.0,1
Office Tech Supplies,0.0,1
Klupamos Design Llc,0.0,3
Kluber Lubrication North America Lp,0.0,1
Houno Return Dept,0.0,1
Hostmost Engineering Ltd.,0.0,2
Ups Scs,0.0,1
Carrier Building Systems And Servic,0.0,1
Rps Technical Services Ltd.,0.0,1
Rpm Diesel Engine Co.,0.0,1
Silver Price,0.0,1
Carnival Sunrise,0.0,1
Lge P C Ge Energy,0.0,1
Game Stop,0.0,1
Gas Garnet,0.0,1
Rwe Uk Swindon Ltd. Windmill Hil,0.0,2
Marine Interiors Sp A,0.0,1
27335 W Hardy Rd,0.0,1
24 Hr Safety Grainger Services,0.0,10
Wrist Klevenberg Ship Supply Bv,0.0,1
Dioryx Maritime,0.0,2
Gat Ello,0.0,1
Gaslog Lng Services Ltd.,0.0,2
Liberty Pathfinder,0.0,1
Signum Laboratory,0.0,1
Gazocean Sa,0.0,1
Upmeier Power Systems Ltd.,0.0,1
Knutsen Oas Shipping,0.0,1
American Mat And Rubber,0.0,1
Lagafors Fabriks Ab,0.0,1
"Fugro Singapore Pte., Ltd.",0.0,2
Microdata Due Srl,0.0,1
Hellespont Protector,0.0,2
Chemtrade Global Llc,0.0,2
"Heriana Co., Ltd.",0.0,1
"Kyung Nam Dryer Co., Ltd.",0.0,2
"Ark Marine Consultancy Pte., Ltd.",0.0,2
Sgs Global Marine Svcs Orlando,0.0,1
Sgs Global Marine Services,0.0,1
Sgs Attn Sample Receiving,0.0,3
Shy Creation Inc.,0.0,1
American Safety,0.0,1
Universal Marine Medicine (Unimed),0.0,2
Cas Pasay An,0.0,1
Mrk Fine Arts Llc,0.0,1
Hat Analytics Solutions Ltd.,0.0,1
Leunge Ecs Bv,0.0,1
Lenovo Dcg Gp,0.0,1
Malca Amit Usa Llc,0.0,1
Ok T&T,0.0,4
Eastern Pacific,0.0,2
Oil And Ship Water Samples,0.0,1
Majestic Princess Medical Center,0.0,1
Majestic Princess Casino Dept,0.0,2
Marine Marketing Services,0.0,1
Automation & Power Sa,0.0,1
Metaldyne International Ltd.,0.0,2
Cma Cgm Galapago,0.0,1
Ami Marine (Uk) Ltd.,0.0,1
Home Address,0.0,1
S3 C,0.0,1
Konami Casino Management System,0.0,1
Holland It Logistics,0.0,1
On Board Movies Swank Motion Pictu,0.0,1
Paxton Shreve & Hays Inc. 610 Gateway Center Way Suite A,0.0,1
Pediasuit Llc,0.0,1
Eaglestar Ship Manage Llc,0.0,2
Blonder Tongue Laboratories Inc.,0.0,2
Case Marine Inc. (Vdr # 28646),0.0,1
Shipshave As,0.0,2
Safety Technology & Services Marine,0.0,1
Safe Solutions,0.0,1
Amx,0.0,1
Amusements Worldwide,0.0,1
Fine Controls (Uk) Ltd.,0.0,2
Mp Warranty Abb Marine & Ports,0.0,1
Mozannica Usa Llc,0.0,2
Anuvu Maritime Division,0.0,17
Anuvu La,0.0,1
Anuvu (Sea Ops),0.0,6
Dji Repair Department,0.0,1
Parts Department Everi Inc.,0.0,1
Kongsberg Maritime As Horten,0.0,1
Caterpillar Motoren,0.0,1
Flemming Automationstechnik Gmb H,0.0,1
Ultrafog Srl,0.0,1
Cm Technologies Gmb H,0.0,2
Cm Technologies,0.0,1
Castgroup Inc. Black Trax,0.0,1
Cast Group Of Companies Inc.,0.0,1
Cast Group Inc.,0.0,1
Club Med Columbus Isle,0.0,1
Andy Saunders (Tsi),0.0,1
Metro Shore Services Llc,0.0,1
Legrand Gmb H,0.0,3
Metro Cruise Services Llc,0.0,1
Clean Tech Inc.,0.0,1
Kramer Electronics Usa Inc.,0.0,1
Ontario,0.0,1
Dynagas Ltd. Lng Tech Department,0.0,1
Intercruises Boston,0.0,1
Onetime Services Pylia Express,0.0,2
Janus Et Cie,0.0,1
Ultrafog,0.0,1
Flextronics America Llc,0.0,1
Konsbergmaritime As,0.0,1
Kongsberg Maritime Reverse Log,0.0,3
Kongsberg Maritime Netherlands Bv,0.0,1
Apac Synergy Sdn Bhd,0.0,1
"Furuno Electric Co., Ltd.",0.0,1
Marcam Europe Be Bv,0.0,1
Maran Gas Maritime Inc.,0.0,1
Marahrens Usa Inc.,0.0,1
Swank Motion Pictures,0.0,1
Swan Corp. (The),0.0,5
Svanehoj Denmark A/S,0.0,1
Pantropic Power,0.0,4
Florida Hardware,0.0,1
Sapphire Princess Claa Juneau,0.0,1
Shaw Len Shaw Building,0.0,1
Sgs Wilmington Nc,0.0,1
Sgs Orlando,0.0,5
Ccl Risk Management,0.0,1
Meyerre Gmb H Return,0.0,1
Meyer Turku Oy,0.0,1
Hitouch Business Services,0.0,2
Shanghai Noris Sibo Automation Co.,0.0,1
Shanghai Global Trading Corp.,0.0,2
James Fisher Mimic,0.0,1
Dulexe Digital Cinema,0.0,1
Durag Sales & Services Gmb H & Co Kg,0.0,2
Hbms,0.0,1
Florida Calibration Lab,0.0,3
Moncores Paulo,0.0,1
Modern Tv & Electronics Service,0.0,1
Fluke Uk Ltd.,0.0,1
Flowers And Flores Corp.,0.0,1
Mobile Service Analysis,0.0,1
Sgs Laboratory Miami,0.0,1
Tracerco,0.0,1
Herose Gmb H Armaturen Und Metalle,0.0,2
Draeger Inc.,0.0,1
Dr. E. Horn Gmb H & Co. Kg,0.0,2
"Yokogawa Denshikiki Co., Ltd.",0.0,1
Man Diesel & Turbo,0.0,1
Man Diesel,0.0,1
Survival Systems International,0.0,2
Dorland Tech,0.0,2
Atmos Air Solutions Clean Air Group,0.0,1
Atlona Usa,0.0,1
Cisco Systems Inc.C O Flextronics,0.0,1
Sba Global Logistic Services,0.0,1
Floridian Coffee Roasters,0.0,1
Scandinavian Boiler Service Inc.,0.0,1
Scan Am Lighting Inc.,0.0,1
Mkn Gmb H & Co. Kg,0.0,1
Savanna Hudnall,0.0,1
Lasernet,0.0,1
Atlantis Gems,0.0,1
Attn Sean Engin On Board Movies,0.0,1
Attire,0.0,1
Furuno Danmark A/S,0.0,1
Yoshihiro Kobayashi Nyk Lng Ship,0.0,2
J.P.Sauer And Sohn,0.0,1
Drager Inc.,0.0,1
Draeger Safety Gmb H,0.0,1
Draeger Nederland B.V. Marine,0.0,1
Botan,0.0,2
Global Logistic Services,0.0,1
Bme Service,0.0,1
Survitec Fire Solutions Poland Sp,0.0,1
Global Spares Logistics,0.0,1
Borderline Logistics Inc.,0.0,3
Asia Integrity,0.0,2
Asiya Tory,0.0,1
Hellespont Steamship Corp.,0.0,2
Central Shipping B.V.,0.0,1
Global Services Ltd.,0.0,2
Global Service Cordinator,0.0,1
Global Mobility Princess Cruises,0.0,1
Laniesha Lane,0.0,1
Langhtech Oy Ab,0.0,2
Zep Marine,0.0,1
Zebra Technologies,0.0,1
Ith Engineering,0.0,1
Focal Shipping Svc,0.0,1
Ky Marine Service,0.0,2
Kvh Media Group (Fao Media Lab),0.0,2
Kvh Media Group,0.0,9
Enteraen D.O.O.,0.0,2
Entel Uk Ltd.,0.0,6
Seatec Co Burea Veritas Hellas,0.0,1
Seaspan Ulc,0.0,1
Hellmann Marine & Cruise Log,0.0,1
Tribocare Fzc,0.0,2
Sunsource Baltimore Service,0.0,1
Assa Abloy Hospitality Cmarine,0.0,1
Assa Abloy Globalsolutions Norway A,0.0,1
Boilerman Service International Pte,0.0,2
Iss,0.0,2
Zervoudakis Marine Supplies,0.0,1
Intoximeters Uk Ltd.,0.0,1
Io3,0.0,1
Zeppelin Power Systems Gmb H,0.0,1
Zudm Holland America Lines,0.0,1
