Party_Name,Total_Tons,Record_Count
Grupo Minero Del Mar De Cortes,2147600.0,79
Ep Petroecuador,2097806.77,48
Vissai Ninh Binh Jsc,1999956.44,89
Natural Oleochemicals Sdn Bhd,1760616.0,4
Nuh Cimento Sanayi A.S.,1733248.38,47
Carver Materials Canada Ltd.,1602948.05,40
"Nippon Steel Trading Co., Ltd.",1550470.95,346
Kia,1547194.48,2044
Cemtech Global Muhendislik As,1419923.92,63
Lafrage Emirates Cement Llc,1263341.0,31
Saudi Cement Co.,1245848.0,29
Cenovus Energy,1238623.86,25
Pmi Commercio International S.A. De,1233260.23,19
Suncor International Energy & Trading,1217473.8399999999,20
Zona Franca Argos S.A.S.,1211225.93,155
Neste Oil Oyj,1209627.3800000001,89
Morton Bahamas Ltd.,1173631.0,29
Hyundai Mobis,1155437.2,3002
Shell Brasil Petroleo Ltda,1136629.36,21
Akcansa Cimento San. Tic. A.S.,1130494.0,44
Galaxy Oil Fz Llc,1114641.58,53
Saint Gobain Placo Iberica Sa,1085841.0,24
National Oil Corp,1045724.8,9
Mitsui & Co. Deutschland Gmb H,1022243.84,15
Galtrade Ltd.,1016388.54,33
Duferco Sa,1002557.0,33
K And S Windsor Salt Ltd.,1001640.0,32
Kuwait Petroleum Corp.,968827.0,26
Alunorte Alumina Do Norte Do,964440.1,59
Subaru Corp.,953296.24,1105
Asociacion De Azucareros De,942866.1,28
Ergon Oil Purchasing Inc.,822734.24,12
Perstorp Oxo Ab,818894.64,27
Food Security Solutions Dmcc,818112.29,43
Statoil Brasil Oleo E Gas Ltda,803486.0,11
Formosa Ha Tinh Steel,790195.29,27
Nnpc Suppliers To Nnpc Trading Sa,784088.66,15
Qatar Chemical And Petrochemical,780026.75,17
Tengizchevroil,775545.2,19
Upm Sales Oy,768202.6,12606
Frontera Energy Colombia Corp.,752134.64,11
Jfe Shoji Trade Corp.,732382.01,295
North Coast Commodities Dmcc,731352.2,22
Puraglobe Germany Gmb H,721367.91,31
Global Trade Operations,708705.01,4
Sterling Oil Exploration Energy,701941.0,29
Mobil Producing Nigeria Unlimited,701278.56,15
Socar Trading North America,698880.9299999999,9
"Hd Hyundai Oilbank Co., Ltd.",696967.27,124
Qatar Shell Gtl Ltd.,691239.95,65
Cia Espanola De Petroleos Sa,680805.1799999999,48
Tupras Turkey Petroleum Refineries,676594.03,43
Al Ezz Dekheila Steel Co.,662264.82,51
"Sk Enmove Co., Ltd.",639383.0,137
"Emprada Mines And Minerals Pvt., Ltd.",630243.0,44
"Yamada Sangyo Co., Ltd.",623803.0,20
Stemcor London Ltd.,623198.0,18
Vissai Ninh Binh Joint Stock,607226.0,21
Sucocitrico Cutrale Ltda,600373.03,61
Scl Rotterdam,593810.91,30
Sao Martinho Sa,579938.1599999999,12
Siemens Gamesa Renewable Energy A S,570774.09,70
Df Young,563540.56,1194
"Sct Co., Ltd.",560800.0,16
Citrosuco Sa Agroindustria,559085.77,64
Transporte La Fama Sa,555707.01,15
Totalenergies Ep Nigeria Ltd.,552742.04,7
Tajo Chirripo Sa,550705.0,13
Ocp Nutricrops S.A.,547120.4,28
Unipec America,545345.22,8
Refinaria De Mataripe S.A.,542029.66,10
Refineria De Cartagena S.A.,539948.83,38
Cimsa Cimento Sanayi Ve Ticaret A.S,535504.58,45
Nnpc Trading Sa,533538.0,10
Nnpc Suppliers To Socar,532622.86,7
Metsa Board,525455.67,122
Abu Dhabi Co. For Onshore,519824.0,12
Dins Pipeline International Ltd.,515297.14999999997,88
Nippon Steel & Sumikin,515093.42,13
Star Rafineri As,513168.56,11
Compania De Hidrocarburo,507200.25,8
Thyssenkrupp Rasselstein Gmb H,502856.13,2148
Upm Pulp Sales Oy,499612.45,108
Pan American Energy Llc,493371.35,4
Imperial Oil Ltd.,487916.54,65
Rizhao Jinghua New Type Building,486700.43,42
Agroindustrias Del Balsas Sa De Cv,476124.08,15
Silcotub S.A.,474312.6,132
Sonmez Cimento Api Ve Madencilik,473434.0,19
Jaguar Land Rover Ltd.,461517.11,1295
Public Co. Orlen Lietuva,456022.27,16
Volvo Car Corp.,451943.37,765
Karachaganak Petroleum Operating,449582.70999999996,26
Pt . Dexin Steel Indonesia,437566.52,9
Biodiesel Bilbao S.L.,433066.60000000003,17
Methanol Holdings (Trinidad) Ltd.,432518.24,47
Oyak Cimento Fabrikalari Anonim Sir,432454.0,15
Braskem S.A.,430041.0,161
Vergo Enerji,428000.02,2
Nigerian National Petroleum Corp.,427925.14,8
Ampol Us Trading Llc,424284.76,30
Dead Sea Works Ltd.,420045.32,67
Aramco Trading Co.,418467.29,15
Hartree Partners (Uk) Ltd.,416285.58,16
"Five Steel (Tianjin) Tech Co., Ltd.",414857.98,1
Xin Yu (Sanya) International Tradin,412370.0,11
Cnodc Brazil Petroleo E Gas Ltda,410815.0,4
Seah Steel Corporation,406349.37,2550
Shell Brazil Petroleo Ltda,405153.61,6
Jsc Apatit,401276.54,62
Mosaic Global Sales Llc,395145.45,7
Jodco Onshore Ltd.,393762.0,16
Mitsubishi Corporation,392030.38,1915
Petrogal S.A.,390162.47,19
Adm International Sarl,386320.3,71
Ssab Emea Ab,383155.28,2189
Fca Us Llc,378985.19,651
Aramco Trading Ltd.,376242.06,16
Xin Yu (Sanya) International,375655.75,20
Totsa Total Oil Trading S.A.,373990.92,17
Kolmar Group Ag,373231.62,106
Xiamen C And D Commodity Trading,370442.99,99
Saudi Arabian Mining Co.,369474.55,14
Macquaerie Energy Canada Ltd.,368701.86,12
Raizen Energia S A,367966.14,39
"Hanwha Total Petrochemical Co., Ltd.",367446.15,23
Jsc Nevinnomyssky Azot,362587.94,23
Celulose Nipo Brasileira Sa,358192.0,57
Tianjin Sunward Building Materials,356599.0,10
El Nasr Co. For Intermediate,354500.0,28
Stemcor Usa Inc.,352288.0,8
Lhp Vietnam Technology Investment,351920.0,13
National Gypsum Canada Ltd.,349000.0,9
Tartan Oil Llc,345132.71,21
Total Sa,344643.16000000003,12
Exportadora De Sal S.A. De C.V.,342845.83999999997,25
Rotem Amfert Negev Ltd.,342627.07,82
Sumitomo Corporation,340161.75,596
M T Chem Leo,340128.48,12
Tubos De Acero De Mexico S.A.,338608.6,1443
Innophos Fosfatados De Mexico,337927.96,43
Anshan Zizhu International Trading,336246.33,35
Shougang Hierro Peru S.A.A.,335966.92,6
Uniland International Bv,335549.0,11
Stelco Inc.,334000.0,12
Pt Intibenua Perkasatama,332723.81,221
Copersucar S.A.,332157.08,19
"Mitsui & Co., Ltd.",328513.09,685
Sia Kronospan Riga,328000.21,38
Eurochem Usolsky Potash Complex,325516.6,15
Akcansa Cimento San Tic. A.S. Tehc Trading Americas Llc,324288.0,10
"Dongbu Steel Co., Ltd.",324253.27,1880
Metsa Fibre Oy,323958.23,230
Gm Korea Comapny,323508.04,686
"Meglobal Eg Singapore Pte., Ltd.",322562.12,38
Surface Deployment And Distribution,316268.85,437
Bandegua S.A.,314488.93,1212
"Long Son Co., Ltd.",313463.0,7
Viterra Inc.,310861.07,71
Gardau Metaldom Sa,310846.88,33
Dangote Petroleum Refinery And,309561.42,14
Tronox Mineral Sands ( (Pty) ) Ltd.,308122.58,28
Sca Logistics Ab,306098.77,90
Pt Sumber Indah Perkasa,305173.84,243
Wilmar Nabati Indonesia,304971.85,211
Rio Tinto Fer Et Titane Inc.,304419.9,38
Pcs Nitrogen Trinidad Ltd.,303503.91,44
Leed Salt Damietta Port Main,299200.0,6
Metsa Board Corp,298455.23,67
Sociedad Punta Delobos Sa,297050.0,6
Akcansa Cimento Sanayi T.A.S.,296169.51,18
Vida Wood Ab,294350.15,42
Eni Mexico S. De R.L. De C.V.,293598.87,8
Jfe Shoji Corp.,292739.74,9
Green Energy International Ltd.,289488.4,11
"Hyundai Oilbank Co., Ltd.",287331.81,23
Rio Tinto Alcan Inc.,283214.74,72
Sg Comercio Exterior Sa,279194.0,6
Corporacion Nacional Del Cobre De Chile,278889.18,501
"Husteel Co., Ltd.",278529.72,610
Dexter Construction Group,277894.44,7
Petroineos Trading Ltd.,275379.16000000003,10
Binderholz Oberrot Baruth Gmb H,275173.89,109
Shell Global Lng Ltd.,275133.82,14
Ncl (Bahamas Ltd.),271302.43,7380
Hydro Aluminium As,270520.86,101
Elk Valley Resources,270000.0,10
Grey Rock Gathering & Marketing Ll,269473.18,14
Europstone Ras Spain S.L.,268394.42,6
Eneos Corp.,267184.08,41
Imperial Oil Co.,267170.5,138
Carbon Mexicano S A De C V,264000.0,10
Mexichem Fluor S.A. De C.V.,262484.15,57
Nite Oil Ltd.,262416.96,3
Nnpc,261836.76,6
Gimpex Ltd.,259418.0,12
Nuh Cimento Sanayi Anonim Sirketi,258574.5,11
"Dongkuk Coated Metal Co., Ltd.",255611.25,1634
Sirius House,255133.44,2
Jidong Development Group,253705.0,5
"Nexteel Co., Ltd.",252466.31,713
Amreyah Cement Co.,251812.2,24
Hoa Sen Group,251538.75,679
Envalior Nv,247001.26,18
Wanhua Chemical Singapore Pte,246549.81,83
Nitrogen 2000 Unlimited,246401.16,25
Fertcom Llc Fz,244430.81,11
3 R Potiguar Sa,240137.22,4
Nnpc Exploration And Production,239660.0,4
Global Prime Brasil Com. Exportador,238671.86000000002,427
"Aramco Trading Singapore Pte., Ltd.",238414.71,22
Bapco Refining Bsc,236321.82,52
"Voestalpine Tubulars Gmb H & Co., Kg",235927.03,668
Thyssenkrupp Steel Europe Ag,235736.0,2081
Vista Energy Argentina Sau,235643.37,7
Daimler Ag Werk 011,234151.46,199
"Lydford Mining Co., Ltd.",233713.72,8
Salinor Salinas Do Nordeste S.A.,231740.0,6
Kuwait Petrolium Corp.,229898.0,4
Ton Dong A Corp.,227999.28,1127
"Varshini Exim Pvt., Ltd.",227252.0,7
Tronox Mineral Sands (Pty) ) Ltd.,226575.48,16
Parkland Corp.,225527.69,6
Nordic Bulk Co. A S,225500.0,5
H.J. Baker Sulphur Canada Ulc,222785.0,5
Pt Sari Dumai Sejati,222750.38,130
Pt Ivo Mas Tunggal,222245.12,153
Shanghai Chongming Minerals Lao,221598.0,6
Hartree Partners Lp,221371.68,18
Wilmar Trading (Australia) (Pty) ) Ltd.,220455.91,35
Repsol Petroleo,219642.75,9
C.I. Banacol S.A.,219313.53,176
Uam Logistics & Trad Llc,218551.76,4
Jordan Phosphate Mines Co. Plc,218450.0,6
Aluar Aluminio Argentino S.A.I.C.,218055.84,218
Garnet International Resources (Pty) ),217900.0,5
Pt . Pacrim Nusantara Lestari Foods,217292.02,140
Adm Agri Industries Co.,215957.87,21
"Long Son Industrials Co., Ltd.",214192.0,9
Energy Eg Co.,210180.56,12
Alcoa Ltd.,209763.0,18
Zhejiang Petroleum And Chemical Co.,209631.28,8
"Long Son Co., Ltd. Thanh Hoa Branch",209624.0,4
Perenco Guatemala Ltd.,209493.2,5
Kofert,209366.01,11
James Richardson International Ltd.,208800.0,9
Carrera 7,208706.32,3
Sumas Shale Ltd.,208240.0,22
Caribbean Nitrogen Company,207556.35,23
Teck Coal Ltd.,206000.0,10
Audi Mexico S.A. De C.V.,205632.5,224
"K.Granites Pvt., Ltd.",204600.0,22
Pt Sinar Mas Agro Resources An,203459.09,188
Suzano S A,202942.4,46
Campa Iberia,202860.06,30
Eti Maden Isletmeleri Genel Mudurlugu,202753.52,54
Engie Energy Marketing Singapore,200966.05,6
Sasol Chemicals A Division Of Saso,200870.48,281
Bp Trinidad And Tobago,199912.19,7
Turkiye Petrol Rafinerileri A.S,199673.03999999998,8
P M I Comercio International S A,198205.2,3
Lkab Minerals Ab,197048.02000000002,14
Outokumpu Chrome Oy,196497.38,31
Eastern Steel Sdn Bhd,196126.95,5
Voestalpine Stahl Service Center Gmb H.,195688.92,622
Ilim Nordic Timber,194998.15,170
Petronas E&P Argentinas.A.,194510.87,4
"Brb Singapore Pte., Ltd.",193760.73,15
Royal El Minya Cement Co.,193574.64,30
Bayerische Motoren Werke Ag,193017.26,1444
Bppna,192769.48,2
Graincorp Commodity Management (Pty) ),191891.74,23
The Shell Petroleum Development,191569.0,5
Suda Stratejik Metal Dis Ticaret,191310.0,4
Adnoc Trading (Totalenergies),191244.0,4
Shell International Trad & Shipping Co.,188363.04,30
Addax Petroleum Cameroon,188164.94,2
Sinopec Qingdao Refining And,188062.85,5
3 R Portiguar S.A.,187239.0,11
"Yieh Phui Enterprise Co., Ltd.",186854.1,1430
Sorfert Algerie Sp A,186151.0,7
Arcelor Mittal Brasil S.A.,185364.14,279
Imerys Industrial Minerals Greece,184200.0,21
Kazakstan Pipeline Ventures Llc,181798.0,3
Prayon S.A.,180886.88999999998,35
Shoreline Natural Resources Ltd.,180866.0,2
Nam Kim Steel Jsc,180842.08,569
Komatsu Ltd.,180157.19,4959
Indorama Eleme Fertilizer,180047.38,6
Subarucorporation,179112.5,139
Best Commodity Trade,178848.0,17
Blue Scope Steel (Ais) (Pty) Ltd.,177755.69,41
Akcansa Cimento San Tic As,177150.0,5
"Uti Worldwide (Singapore) Pte., Ltd.",176554.14,10
Phillips 66 Ltd.,175860.0,6
Idemitsu International (Asia) Pte,175821.46,28
First Exploration And Petroluem,174402.28000000003,4
Royal Caribbean Cruise,174081.48,13146
Siderca S.A.I.C.,173490.49,228
Boliden Harjavalta Oy,171049.43,13
Enap Refinerias S.A. (Ersa),171047.45,14
Vissai Ninh Binh Joint Stock Plot C7 Gian Khau Industries Zone Gia Vien District,170340.0,6
Petrogal Brasil S.A.,170299.37,3
M T Chem Cobalt,170003.9,8
Hengyi Industries Sdn Bhd,169018.0,11
Karoon Petroleo & Gas Ltda,168864.66999999998,3
Ionic Aspis,168662.0,2
Atlantic Lng Co. Of Trinidad,167538.0,4
"Neste Singapore Pte., Ltd.",167363.06,16
Granite Infrastructure Canada,167200.0,27
Aker Bp Asa,166656.0,4
El Sharika El Djazairia El Omania,165747.9,8
Metal One Corp.,165515.55,368
Jcb Sales Ltd.,164928.09,746
Sohar International Urea & Chemical,164577.0,3
Imerys Rio Capim Caulim S.A,164299.0,16
Ton Yi Industries Corp.,161781.18,458
Cenovus,161568.96000000002,4
Broychim Sarl,160201.0,5
Dalmine S.P.A.,159833.58,300
Chevrn Argentina Srl,159466.35,5
Dangote Refinery And Petrochemicals,158388.0,6
Eurochem Usolsky Potash Complex Usolsky Site Building 15,156901.0,5
Compania Espanola,156410.28,9
Cliffs,155902.0,6
Pt . Dexin Steel Indonesia Gedung,154965.4,3
"Paria Fuel Trading Co., Ltd.",154696.6,2
Parrish & Heimbecker Ltd.,154227.92,21
Buzzi Unicem Sp A,154002.91999999998,4
Promet Steel Jsc Bulgaria,153547.88,25
Oxbow Brasil Energia Industria E,153534.42,13
Oeste,153010.0,2
Frontera Energy Comombia Corp.,152472.0,4
Jsc Azot,152392.25,10
Luossavaara Kiirunavaara Ab,152260.0,2
China International United,151907.06,16
"Ore And Metal Co., Ltd.",151611.94,17
Richards Bay Titanium (Pty) ) Ltd.,151583.0,16
Perenco Guatemala Ltd. Crd,151492.6,2
Mitsui Chemicals Inc.,151295.24,16
"Okaya And Co., Ltd.",150516.68,158
"Green Esteel Enterprise Pte., Ltd.",150354.0,4
Zhejiang Petroleum And Chemical,150298.69,7
Tosyali Iron Steel Industry Algeria,150270.0,20
Cleopatra Industries For Building,149699.88,32
China Aviation Oil (Singapore) Corp.,148536.4,8
Azule Energy Angola Sp A .,148235.8,6
Sonmez Cemento Yapi Ve,147676.0,3
Telf Ag,147162.9,260
Deme Offshore Nl Bv,145047.87,57
Cnpc International Ltd. (Hk),144668.0,4
Goltas Goller Bolgesi Cimento,144499.59,13
Anpg,143887.2,1
Totalenergies E&P Angola A C Anpg,143743.01,1
Minera Escondida Ltda,143486.08,103
Vs Petroleum Dmcc,142992.9,3
Schwaiger Holzindustrie Gmb H,142569.19,94
Corporacion De Desarrollo Agricola,142445.97,543
Comilog,142335.0,14
Hess International Sales Llc,141850.0,2
Amaggi Exportacao E Importacao Ltda,141106.84,12
Petrorio Luxembourg Holding Sari,140949.28,1
The Government Of The Cooperative,140564.0,2
Canpotex Ltd.,140389.0,20
Cnoc Petroleum Guyana Ltd.,140311.5,1
Petronas Petroleo Brasil Ltda,140308.0,2
Tengizchevroil Llp,140169.36,4
Viterra Bv,140164.83,47
Parkland Refining (B.C.) Ltd.,140086.44,43
"Prosperity Tieh Enterprise Co., Ltd.",139956.78,580
Nobian Industries Chemicals B.V.,139775.34,13
North Coast Commodities Ltd.,139450.0,3
"Saic Gm Dong Yue Motors Co., Ltd.",139294.63,90
Noc,138978.4,1
Transportadora De Gas Del Sur Sa,138037.0,32
Ata Timber Ab,137869.72,20
Ineos Tyssedal As,137738.36,9
Adocim Cimento Beton San.Ve Tic.A.S,135650.0,3
Aurubis Beerse,134688.0,3
Coast Mountain Resources,134500.0,22
China National United Oil Corp.,133515.34,5
Natixis Paris,133503.12,2
Shinsho Corporation,133371.79,1574
Newcross Exploration,132341.0,2
Newcross Exploration And Production,131108.4,2
Totsaenergies Ep Nigeria Ltd.,130266.0,2
Bp Europa Se,129193.93,6
Cepsa,128499.0,8
Capex Sa,128492.88,6
Nnpc Suppliers To Bono Energy,128289.0,4
Repsol Sinopec Brasil Sa,127715.0,1
Amag Metal Gmb H,126934.56,132
"Yongan Qisheng Minerals Co., Ltd.",126720.0,4
Xfert Dmcc,126381.92,7
"Tianjin Honor Green Energy Co., Ltd.",125862.42,43
Count Energy Trading Sa,124481.87,30
Kenmare Moma Processing (Mauritius),124465.06,4
Nnpc Suppliers To Oando Plc,124442.0,2
Fibrant Bv,124249.14,7
Ioi Global Services Sdn Bhd,123773.19,59
Lotte Chemical Corp.,123642.22,33
Tullow Ghana Ltd.,123061.0,2
Bb Energy Gulf Dmcc,121828.36,4
Amarus International Pte,121715.64,48
Consorcio Azucarero De Empresas,121666.0,15
Seah Steel Vina Corp.,121418.34999999999,174
Saudi Aramco Products,121285.0,5
Crc Rota Sanayi Ve Dis Tic Ltd. Sti.,121236.68,8
Lava Mining & Quarrying Co.,121100.0,6
Qit Madagascar Minerals Sa,121011.18000000001,6
Sinopec Zhenhai Refining,119969.24,3
Transmountain Westridge Marine,119432.0,3
Raffineria Di Milazzo Scpa,119376.4,7
Totalenergies E&P Nigeria Ltd.,119373.0,2
Bosai Minerals Group (Guyana) Inc.,118732.08,25
Petroleos Del Norte Sa,118464.5,6
"Sk Geo Centric Co., Ltd.",118426.94,29
Bmw De Mexico S.A. De C.V.,118149.46,236
Atlantic Copper S.L.U.,118034.76000000001,8
Sociedad Contractual Minera El Abra,117943.59,156
Wilmar Edible Oils Philippines Inc.,117744.69,40
Setra Travaror Ab,117589.08,20
Richmond Steel Recycling Ltd.,117534.0,24
China Steel Corporation,117494.62000000001,225
Bp Europa Se Bp Nederland,116945.72,4
Ypf S.A. Cuit 30 54668997 9,116228.73999999999,16
Sucden Do Brasil Ltda,116208.62,12
Gs Global Corp.,115917.48,118
Boliden Mineral Ab Jarnagsleden,115860.0,6
Groupe Chimique Tunisien,115508.0,5
Constructora Meco,115372.45000000001,3
"South32 Marketing Pte., Ltd.",115269.77,108
Var Energi Asa,115212.72,3
Usinas Siderurgicas De Minas Gerais,115180.04,164
Emirates Steel Industries,113975.01,78
Atlas Meth Co Un Ltd. Boo Meth Trin M,113586.12,28
Marubeni Itochu Steel Inc.,113229.38,493
China Steel Nippon Steel Vn Joint,111757.61,317
Tecnimont Sp A,111287.6,16
Shell Internatinal Trading Middle,110845.8,2
Steel International Trading Co.,110160.02,36
Richardson International Ltd.,109902.65,7
Inter Ontario Equipment Rental,109868.91,10
Volkswagen De Mexico S.A. De C.V.,109616.98,250
Davao Bay Coconut Oil Mills Inc.,109490.06999999999,80
Sibelco Nordic As,109025.72,16
Comabar Sa,108430.0,5
Maruichi Sun Steel Jsc,108263.79,362
Pcs Sales (Canada) Inc.,108000.0,9
Bracell Sp Celulose Ltda,107636.0,42
Shell International,107217.26,2
Liga Agricola Industries De La Cana,107094.23,9
Woodside Energy Ltd.B.V.,107084.09,2
Globe Coco Products Mfg.,106005.14,12
Shanghai Chongming Minerals,105906.72,2
Petro Rio Jaguar Petroleo Ltda,105668.6,2
Saudi Aramco Toatl Refining And,104960.68,7
Bw Energy Gabon Sa,104449.24,3
Vallourec Deutschland Gmb H,104307.14,4
Adnoc Onshore (Totalenergies),104264.0,4
Oando Oil Ltd.,103944.0,2
Compania Inversora Industrial Sa,103104.22,13
Cty Tnhh Cong Nghiep Long Son,102800.0,2
Uam Logistics &Trading Llc,102630.0,2
Ril,102582.0,8
Eew Special Pipe Constructions Gmb H,102548.59,15
"C&D Logistics (Shanghai) Co., Ltd.",102120.41,20
Woodside Energy Trinidad C2 Ltd.,101506.88,2
Ep Petroecuador Alpallana,101357.26,2
Incitec Pivot Fertilisers,101148.0,3
Martell & Co.,100568.72,25
Petrocoque Sa Industria E Comercio,100137.45999999999,4
Pt Kreasijaya Adhikarya,99847.27,50
3 R Portiguar Sa,99690.0,2
"Hoa Phat Steel Co., Ltd.",99182.47,137
Hitachi Construction Machinery,99176.89,415
Exportadora De Sal S.A. De C.V. Mor,99100.0,2
Imerys Rio Capim Cauli,98767.0,9
Atlantic Copper Sa,98666.64,5
"Insun Sg Pte., Ltd.",98522.0,2
Societe Nationale Pour La Recherche,98344.0,2
Grey Rock Gathering And,98070.12,2
K+S Kali Gmb H,97471.07,18
Vallourec Solucoes Tubulares Do,96541.31,855
Mannesmann Line Pipe Gmb H,96384.53,313
Fasa Comercial Exportadora Ltda,95997.18,28
Antan Producing Ltd. To Unicorp,95944.0,2
Mauser Usa Llc,95628.5,1
Angola Lng Ltd.,94660.9,9
"Hyundai Glovis Co., Ltd.",94657.31,505
Ashdod Refinery Ltd.,94516.76,6
Xiaoxian Kangdeli Grease Tech,94132.32,24
West Coast Reduction Ltd.,93841.20999999999,18
"Rio Tinto Marketing Pte., Ltd.",92987.0,2
Brasil Seasalt Co. Ltda,92580.0,3
"China International United Petroleum & Chemicals Co., Ltd.",92469.84,10
Galaxy Oil Fz Llc Gold Crest Tower,92312.0,4
Diatom Mineracao Ltda,92258.39,9
Monte Rosa,92105.42,12
Nissan Mexicana S.A. De C.V.,91563.81,1570
Arcelor Mittal Bremen Gmb H,91362.22,574
Mibau Stema Norge As,91082.0,2
Holzindustrie Stallinger Gmb H,90508.38,76
Oriental Energy Resources Ltd.,90473.02,3
Motor Oil (Hellas) Corinth Refineries S.A.,90273.6,8
Comet Trading Sa,90261.0,12
Glencore Ltd. 330 Madison Avenue N,90128.14,3
M T Chem Argon,90090.0,5
Stora Enso Ab,90007.65,279
Eiffage Insfraestructuras S.A.U.,90000.0,2
Sumec Technology And Equipment Co.,89708.18,31
South African Sugar Association,89642.0,8
Borsodchem Zrt,88614.86,35
Satorp,88589.44,4
"Volvo Group Korea Co., Ltd.",88537.2,2733
Avg Siderurgia Ltda,88519.0,23
Gps Chemoil Llc Fzc,88462.0,2
Tubos Reunidos S.A.,88187.63,619
Reliance International Ltd.,87903.1,6
Sohar Steel Llc,87811.3,16
Refinaria De Manaus S.A.,86934.38,3
"Karamtara Engineering Pvt., Ltd.",86817.5,96
Tupras Trading Ltd.,86713.0,3
Ante Gmb H & Co. Kg,86629.06,71
Gerdau Acominas S.A.,86232.93,14
Penny Newman Grain Co.,85374.0,4
Fasa Commercial Exportadora Ltda,84980.0,20
Count Energy Trading S.A.,84929.77,13
Nigerian Petroleum Corp.,84628.08,1
Kobelco Constr Machinery,84564.42,517
"Shin Yang Steel Co., Ltd.",84165.27,118
"Nissan Motor Co., Ltd.",83780.93,402
Societe De Sel De Mohammedia (Ssm) 5 Avenue Moulay Hassan Rabat Maroc,83668.0,2
Unisea Shipping,83219.0,1
Cenovus Energy Inc.,82823.0,1
Hanwha Solutions Corp.,82803.09,23
Oxbow Energy Solutions Bv,82679.97,5
Traxys Europe Sa,82584.76,8
Raizen Centro Sul Sa,82549.1,11
Usinas Siderurgicas De Minas Gerais S.A.,82520.94,260
Ste Tuniso Andalouse De Cement,82146.0,13
Digital Ingenierie Sarl,82058.82,2
Tronox Mineral Sands (Pty) ) ) Ltd.,82020.42,4
Sinopec Zhenhai Refining & Chemical,81911.64,2
Sarl Macore,81500.0,2
Alcoa World Alumina Brazil Particip,81479.0,5
Vista Energy Sau,81255.0,3
Clearlake Shipping,80648.0,7
"Dansuk Industries Co., Ltd.",80524.73,23
Nyrstar Sales & Mkting,80400.72,8
Ferguminas Siderurgia Ltda,80274.0,8
Progan Eu Bv,80264.03,13
Nec Corporation,80030.37999999999,22
Petroleum Coke Industries Co.,80000.0,4
Atlas Methanol Co Un Ltd.,79972.11,24
General Mills Corp. Ltd.,79916.0,12
Azucarera La Grecia S.A. De C.V.,79880.4,11
Industrial Azucarera San Cristobal,79784.0,5
Ruwais Fertilizer Industries,79608.16,2
Vibra Trading Bv,79056.0,4
Cpc Corp. Taiwan,79023.41,19
Ab Lifosa Juodkiskio 50,79006.9,3
Gulf Petrol Supplies Llc,78351.76,2
Ep Petroecuador Alpallana Y Av. 6 D,78207.82,1
Diasub Fze,77339.76,23
Fuerza Tarea Conjunta Bravo,77109.0,1
Hoa Phat Dung Quat Steel Jsc,76731.79,21
Louis Dreyfus Co. Brasil S A.,76669.91,4
Refineria La Pampilla Saa,76642.97,3
Peute Baustoff Gmb H,76172.94,2
Goiasa Goiatuba Alcool Ltda.,76131.3,8
"Dongkuk Industries Co., Ltd.",75724.72,14
Agroindustrial Pinas Del Bosque Sa,75533.4,98
Ilim Timber Bavaria Gmb H,75489.77,148
Ecofuel Trading Sa,75348.0,2
Preem Ab,75092.82,3
Petro Canada Lubricants Inc.,75018.45999999999,15
Ypf S.A.,74802.76,51
Samsung C And T Corp.,74656.58,173
Bb Energy Usa Llc,74532.0,4
Saras Sp A,74327.51999999999,2
Saras Saras Trading Sa,73968.84,2
Marathon Oil Co.,73868.0,2
Audi Ag,73331.92,347
Pmi,73270.81,1
Utc Overseas Gmb H,73208.68,3
Mangalore Refinery And,73179.76,2
Ocp S.A.,73037.0,6
Pluspetrol Sa,72939.0,3
Jsc Mineral & Chem,72702.2,7
Bp Latin America Llc Sucursal Co.,72638.38,2
Carnival Cruise Lines,72584.8,14929
Perenco Petroleo E Gas Braiil Ltda,72534.24,1
Arcelor Mittal Mining Canada,72389.0,1
British Steel Ltd.,72169.31999999999,226
Belize Sugar Industries Ltd.,72039.85,11
Guyana Industrial Minerals Inc.,72016.65,13
Merichem Co.,71964.64,33
Glencore Uk Ltd.,71936.9,4
Jsc Azot 10 Svyazi St.,71800.0,5
Minera Spence S.A.,71700.1,75
Eni Sp A Raffineria Di Livorno,71631.76000000001,5
Nobian Industrial Chemicals Bv,71547.54,18
Kuwait National Petroleum Co.,71526.0,2
Mocoh Sa,70913.3,2
Guararapes Paineis S.A.,70818.94,436
Volkswagen Ag,70393.65,432
Stena Metal International Ab,70204.0,4
Scan Global Logistics,70006.0,8
Seat Sa,69821.25,85
Southern Peru Copper Corp.,69653.77,162
Cnooc Petroleum Guyana Ltd.,69329.38,2
Macquaire Energy Canada Ltd.,69307.96,2
Bp Energia Espana S.A.U,69286.26999999999,4
Siderca Saic,69263.45,58
Iplom Sp A,69167.8,5
Caribbean Gas Chemical Ltd.,68586.5,12
Petroperu Sa,68365.56,4
Viterra Polska Sp.Z.O.O.,68213.93000000001,2
Kronospan Trading Srl,68139.8,9
Queensland Sugar Ltd.,68000.0,2
Mexpol S.A.,67500.0,6
Colakoglu Metalurji A.S.,67216.98,10
Petroleos Del Norte S.A.,67098.0,2
Hyundai Oilbank Co.; Ltd.,67017.6,2
Tay Nam Steel,66563.41,165
Cargill Salt B.V.,66246.44,3
Aradel Energy Ltd.,66140.0,2
Mondry Sp. Z O.O.,66003.97,8
Oxbow Brasil Energia Industries E,65998.32,8
Newcrest Red Chris Mining Ltd.,65908.0,6
Cbf Industria De Gusa Sa,65883.0,4
Celena Alimentos S A,65520.3,18
First Exploration & Petroleum Development,65205.92,2
Emprada,65000.0,3
Baywa Agrarhandel Gmb H,64776.0,2
Cargil Agricola S A,64539.19,13
Cargill Salt Bonaire B.V,64448.0,2
Enap Magallanes,64142.0,22
Kurbriton Ltd.,64124.0,2
Mondi Paper Sales Gmb H,64101.27,139
Nam Phuong Imex Imp. & Exp. . J,64035.92,6
Aluminium Bahrain,64007.32,78
Duferco Steel Processing (Pty) ) Ltd.,63996.86,77
Pt Pacrim Nusantara,63948.0,34
Mcquaroie Energy Canada Ltd.,63712.48,2
Global Companies Llc,63559.26,2
Usina De Acucar Santa Terezinha Ltd.,63447.06,6
Ingeniera Servicio,63302.0,11
Dangote Fertilisers Limitedf,63202.399999999994,2
"Dongkuk Steel Mill Co., Ltd.",63020.94,323
Dangote Fertilizer Ltd.,63000.0,4
"Cofco International (Beijing) Co., Ltd.",63000.0,3
Rta Holdco Australia 5 (Pty) ) Ltd.,63000.0,4
Stora Enso Oyj,62857.97,413
Borusan Birlesik Boru Fabrikalari,62782.53,19
Volvo Equipamentos De Construcao La,62642.08,586
Dow Wolff Cellulosics Gmb H,62438.5,20
"Baoshan Iron & Steel Co., Ltd.",62227.92,26
Acrelormittal Pecum Sa,62036.0,1
Richardson Oilseed Ltd.,61809.14,7
Tosyali Iron & Steel Algerie Sp A,61606.67,6
Universal Lpg & Oil,61410.0,1
Atlantic Ocean Salt Inc.,60720.0,4
Ministerio De Energia Y Minas,60713.79,3
Industria Agro Quimica Braido Ltda,60585.38,24
Campa Iberia Sau,60330.18,10
Iljin Steel Corp.,60245.68,190
Bright Coast Development Ltd.,60230.24,11
Parkland Refining (B.C) Ltd. A,60225.17,3
"Century Engineering Co., Ltd.",60212.4,2
Progan Br Sa,60089.08,28
Agropecuaria San Fernando Sa Agrosa,60065.64,17
Petrogal Sa,59995.0,3
Cargill France Sas,59955.14,12
"Guizhou Jijiejie Minerals Co., Ltd.",59869.0,11
Exp. Adora De Sal Sa De Cv Morro,59816.0,1
Tata Steel Ltd.,59705.48,2
Nobian Industtrial Chemicals Bv,59285.1,13
La Raffineria Sarlux,59192.4,4
Ekom Eczacibasi Dis Ticaret A.S.,59109.0,1
Fca Mexico S.A. De C.V.,59106.98,473
Metsaliitto Cooperative,59046.409999999996,177
Hs Timber Productions Gmb H,59020.23,54
Bastion Industries Sarl,58576.86,3
Freepoint Commodities,58477.46,3
Formosa Petrochemical Corp.,58370.27,19
Rio Energy International,58155.82000000001,4
Atlantic Copper S.L.U. Avda. Fco,58110.53,3
"Guangxi Jaloson Mining Co., Ltd.",58091.61,10
Vedanta Ltd.,57540.0,2
Worldventure Commodities Inc.,57368.24,44
Bp Trindad Processing Ltd.,57318.99,1
"Amarus International Pte., Ltd.",57305.0,40
Nedmag Industries Bv,57153.09,6
Gypse Exp.,57080.0,2
Gma Garnet (Pty) ) Ltd.,57022.0,6
Bunge Italia Sp A .,56053.72,7
Torre Este Piso Ph. Of. Ph. Urb.,55893.34,1
Atlantic Lng 2 3 Co. Of T&T Unl,55750.0,1
Vestas Mfg. A S,55667.560000000005,37
Sca Packaging Munksund Ab,55537.11,34
Odin Petroil S.A.,55512.6,6
Rizhao Jinghua New,55500.0,4
Uniland Trading Bv Kingsfordweg,55364.0,2
Compania Azucarera Salvadorena S.A. De C.V.,55246.0,8
Nagano Trading Group Sa,55184.0,4
Midgulf International Ltd.,55000.0,1
Jorf Fertilizer Co Plc,55000.0,1
Boliden Mineral Ab,54891.79,3
Total Energies Raffinage France,54887.97,8
Moravia Steel A.S.,54617.229999999996,155
Bmw Slp S.A. De C.V.,54491.340000000004,358
Outokumpu Stainless Oy,54437.96,11
Aramaco Trading Co.,54404.0,4
"Hd Hyundai Xitesolution Co., Ltd.",54205.73,657
Ep Power Minerals Gmb H,54191.0,1
Mosaic Forest Management Corp.,54146.1,42
"Soon Hong Trading Co., Ltd.",54139.12,187
Imerys Aluminates S.A.,54006.28,4
Oml 18 Energy Resources Ltd.,53992.0,2
Ziegler Holzindustrie Gmb H & Co. Kg,53823.99,39
Vallviks Bruk Ab,53779.54,28
Apache North Sea Ltd.,53690.0,3
"Aramco Trading Sinapore Pte., Ltd.",53690.0,1
Reflorestadores Unidos Sa,53687.88,103
Richardson Terminals Ltd.,53600.0,4
Keytrade Ag,53600.0,3
Pt Multimas Nabati Asahan,53557.22,21
Ed & F Man Liquid Products Mexico,53512.68,5
Super Cement Mfg. Co. Llc,53300.0,1
Sakura Ferroalloys Sdn Bhd,52942.51,8
Holmen Wood Products Braviken,52592.16,14
Tacloban Oil Mills Inc.,52000.82,6
"Ore And Metal Co., Ltd. As",52000.0,2
Tongaat Hulett Acucareira De,51917.14,8
Enterprises Shipping Trading Sa,51912.02,1
Unipec Canada Ltd.,51911.0,1
Pt Smart Tbk,51851.91,37
Petroleos De Venezuela S.A.,51804.0,7
Ingenio El Angel S.A. De C.V.,51801.0,5
"Sumitomo Forestry Co., Ltd.",51764.4,30
Total France,51678.0,2
Binderholz Koesching Gmb H,51658.91,53
Al Ghurair Iron And Steel Llc,51624.72,130
Hanwha,51546.0,6
Dakahlia Sugar Co.,51507.0,11
Jsc Mineral And,51337.3,5
Ssab Europe Oy,51278.4,1036
Co.&Ia Industrial Azucarera Sa De Cv,51273.54,5
Pbb Polisur S.A.,51259.25,11
M T Chem Altamira,51152.84,10
"Vsp Enterprises Pvt., Ltd.",50965.65,58
Ministerios De Energia Y Recursos,50753.0,3
Metalsider Ltda,50648.0,10
Ingenieria Servicio Y Montaje,50416.979999999996,11
Afro Minerals Trading Ag,50367.0,12
Billerud Sweden Ab,50271.75,71
Timberwest Forest Corp.,50226.64,17
Calucem D.O.O.,50043.26,10
M T Chem Barium,50000.0,2
Xinda Group Cementious Material Co.,50000.0,2
We Ic Ve Dis Ticaret Anonim Sirketi,50000.0,4
Roehm,49920.66,39
Kosmos Energy Ghana Hc,49875.0,1
Walvis Bay Salt Refiners,49703.42,1
Veracel Celulose S A,49700.0,17
Eswatini Sugar Association,49592.520000000004,6
Qatar Chemical And Petrochemical Ma,49500.0,1
Akcansa Cimento Sanayi Ve Ticaret.,49500.0,1
"Okaya & Co., Ltd.",49307.96,138
Dreymoor Overseas Dmcc,49198.73,2
"Bangkok Komatsu Co., Ltd.",48914.91,790
Pt. Musim Mas,48808.0,55
"China Base Ningbo Foreign Trade Co., Ltd.",48761.76,12
Hzm Marmi And Pietre (Smc Pvt.) Ltd.,48745.0,2
Viterra Argentina S.A.,48726.95,9
Hanwha Totalenergies,48516.66,2
Fertilife Benelux B.V.,48406.08,4
Abc Recycling Ltd.,48400.0,10
Nkt Hv Cables Ab,48224.36,26
Metalurgica Galaica S.A.,48145.3,12
Ep Petroecuador Alpallana Y Av 6,48144.52,1
Aramco Trading,47792.0,5
Covestro Deutschland Ag,47751.42,12
Magnesita Mineracao S.A.,47672.69,13
Gelf Siderurgia S.A. Rodovia Br 040,47596.0,14
"Hd Hyundai Infracore Co., Ltd.",47515.57,261
Master Ice Energy,47303.02,5
Billerudkorsnas Skog & Industri Ab,47203.72,18
Liebherr Werk Ehingen Gmb H,47186.92,348
Osaka International Refining Co.,47144.0,2
Pantaleon S.A.,47097.5,9
Leed Salt,47000.0,1
"Histeel Co., Ltd.",46979.42,329
Adnoc Trading Ltd.,46794.0,2
Saudi Iron And Steel Co.,46714.14,1
Canteras La Ponerosa S.A.,46681.0,1
Eifffage Infraestructuas Sau,46625.6,2
Zen Transport Ltd.,46605.38,131
Salzgitter Mannesmann International Gmb H,46194.62,198
Hyundai Construction Equipment Co.,46122.26,349
Hoa Phat Hai Duong Steel Joint,46096.45,14
Sinai Cement Co.,46000.0,2
R R Stone P Ltd.,46000.0,2
Bayer Agriculture Bvba,45768.44,12
Eramet,45760.0,22
Rosadani Sourcing Corp.,45740.53,6
Volvo Construction Equipment Ab,45660.64,935
Capex Sau,45548.35,1
Aceitera General Deheza S.A.,45545.0,6
Standard Fruit Co. Costa Rica S.A.,45338.06,115
Saha Thai Steel Pipe (Public) Co.,45337.66,114
China National Aviation Fuel,45145.76,2
Compania General De Combustibles,45125.16,1
Vetorial Siderurgia Sa,45082.0,2
Mexichem Fluor S A De C V,45010.0,3
"Trinidad Nitrogen Co., Ltd.",45002.72,3
Jsc Pokrovskiy,44903.0,1
Jaroefnaionaour Ehf,44746.12,5
Duferco Steel Processing (Pty) ) ) Ltd.,44556.17,56
Manuchar Nv,44507.3,52
Dreymoor Fertilizers Overseas Dmcc,44422.87,3
Dow Brasil S A,44159.0,39
Aramco Traiding Ltd.,44117.7,3
Topco Global Ltd.,44102.66,39
Yuanhai Energy Ltd.,44095.72,2
Uberseeallee 1,44009.38,2
Petrochemical Industires Co.,44000.0,1
Rio Tinto Aluminium Ltd.,44000.0,1
Oman India Fertiliser Co.,43999.29,1
Canadian Slag Div. Of Stelco Inc.,43846.0,2
"Unid Co., Ltd.",43609.22,27
Petroleos Sudamericanos Sa,43477.549999999996,3
Gallery Forest Marine Corp.,43426.0,1
Dow Saudi Arabia Product,43355.04,24
Celsa Compania Espanola De,43029.24,48
Pembroke Energy Ltd.,42850.0,3
Icl Europe Cooperatief U.A.,42828.0,5
Terrium Argentina S.A,42811.7,6
Nam Kim Steel Joint,42675.18,88
Cargill International Trading Pte L,42431.29,34
Abu Bhabi Refining Co.,42389.14,2
Surtas Isletmecilik Insaat Ve Tebatisoke Soke Cimento Sanayii T.A.S,42382.0,2
Chung Hung Steel Corp.,42348.85,125
Emirates National Oil Co.,42311.07,15
Eneos Corportaion,42010.56,4
Imperial Oil,41950.0,10
Heracles General Cement Co.,41740.0,2
Automobiles Peugeot,41726.48,192
Ashdod Refinery Std,41707.34,2
Vals Elektronik Sanayi Ve Ticaret A,41636.369999999995,2
"Seojin Vietnam Co., Ltd.",41604.5,20
Ste Le Nickel,41407.0,1
"Samsung Sdi Co., Ltd.",41346.14,33
Lkab,41300.0,4
"Southern Steel Sheet Co., Ltd.",41167.34,140
Kuwait Petroleum Corp. (Kpc),41152.0,2
Eurl Hydro Sud,41095.0,1
Louis Dreyfus Co. Sucos S.A.,41017.6,12
Cnh Industries Italia Sp A,40608.270000000004,176
Heirs Energies Ltd.,40548.0,2
Lfe Shoji Corp.,40300.0,1
Tamini Trasformatori S.R.L.,40110.92,15
"Hebei Duancheng Trading Co., Ltd.",40104.0,7
Amalya Constructions & Haulage Ltd.,40085.0,1
Saint Gabon Placo Iberica Sa,40000.0,1
Tronox Kzn Sands (Pty) ) Ltd.,39999.78,2
Rame Rubis Asphalt Middle East Dmcc,39999.729999999996,2
Shanghai Zhenhua Heavy,39935.15,13
Agco International Gmb H,39597.79,306
Jsc Azot 10 Svyazi St Eurochem Trading Middle Dmcc Uae,39373.01,6
Mewaholeo Industries Sdn. Bhd.,39303.26,30
General Hydrocarbons Ltd.,39217.9,2
Nyrstar Belgium Nv,39027.2,2
Methanol Holdings (Trinidad),39026.0,3
Xinmi Wanli Industry Development,39021.270000000004,11
"Xiamen C D Chemical Co., Ltd.",38938.770000000004,7
Usina Central Olho D'agua S A,38911.84,5
Tos Celik Profil Ve Sac Endustrisi,38712.66,48
Officine Meccaniche Villa & Bonaldi,38706.0,2
Sarnia Chemical Plant Imperial,38591.62,8
Power Cement Ltd.,38585.0,1
Batisoke Soke Cimento Sanayii T.A.S,38577.66,2
Surface Deployment And Distribution Industrie,38574.27,153
Antilles Trading Co. Sezc,38507.0,2
Buzzi Unicem Srl,38500.0,1
Raizen Argentina S.A.U,38334.409999999996,4
Hyundai Motor India Ltd.,38281.75,800
Pertoperu Sa,38144.100000000006,2
Acciai Speciali Terni Sp A,38125.74,18
Stora Enso Fors Ab,38120.28,228
Sonangol Refiniaria De Luanda Sa,38104.0,2
Pt Panca Amara Utama,38092.0,6
Nuova Solmine Sp A .,38026.729999999996,4
Belfond Enterprise,37691.51,1
Riopaila Castilla S.A.,37687.1,4
Progan Eu B.V,37678.0,4
Belfond Enterprise Srl,37554.01,1
Compania Azucarera Chumbagua S.A.,37541.49,9
Tervakoski Oy,37537.03,358
Celebrity Cruises Ltd.,37533.35,2322
Samchrome Fze,37500.1,13
Ge Wind France Sas,37434.98,44
Mitsubishi Co. Th,37347.6,202
Tasmania Mines,37305.0,1
"Pan Pacific Copper Co., Ltd.",37207.98,2
Zimbabwe Sugar Sales (Pty) ) ) Ltd.,37162.0,8
Liaoning Shenghui Magnesium,37131.16,6
Scan Global Logistics A S,37042.68000000001,4
Farrell Line,36933.74,250
We Ic Ve Dis Ticaret Anonim Sirketi Pasalimani Cad.No 41 Uskudaristanb,36742.0,2
Nuovo Pignone Sp A,36730.3,152
Canada Hibernia Holding Corp.,36709.0,3
"United Fertilizers Co., Ltd.",36700.0,2
Minera Y Metalurgica Del Boleo,36656.72,2
Xin Yu Sanya International Trading,36643.0,1
Hs Timber Productions Srl Sucurs,36597.6,21
Kukdo Chemical Co.,36414.48,18
Saudi Arabian Oil Company,36393.0,1
Tecpetrol S.A.,36372.99,2
Hansa Marine Logistics Gmb H,36290.0,6
Kaltun Madencilik Sanayi Nakliye,36206.68,6
Cpc Taiwan Corp.,36110.42,2
Arkema France,36098.06,36
Sennebogen Maschinenfabrik Gmb H,36071.39,696
Sarlux Refining & Power,36070.0,1
First Bauxite Inc.,36010.92,7
Santander Sugar,36010.0,4
Aarti Industries Ltd.,36003.979999999996,24
Asociacion De Azucareros De Guatema,36000.0,4
M T Chem Selenium,36000.0,1
Bunge Canada,35969.88,5
Ineos Phenol Gmb H,35916.87,19
Ingenieria Servicio Montaje,35535.0,6
Yildiz Demir Celik Sanayi A.S.,35315.76,45
Bromine Compounds Ltd.,35296.93,7
Associated Petroleum Terminals,35282.0,1
Point Lisas Nitrogen Ltd.,35280.32,3
Saras Sarlux Refining & Power,35215.9,1
Pan American Gypsum,35202.03,1
Pata Sia,35123.16,5
Mercuria Energy Trading S.A.,35055.71,8
Llc Eurochem Volgakaliy Russia,35000.0,1
Zag Americas (Zeynel Advisory Group Americas Llc),35000.0,1
Ab Lifosa,34980.13,1
Contructora Meco Panama S.A.,34951.0,1
Grafit Madencilik Sanayi Ve Tic,34925.0,1
Tadano Demag Gmb H,34834.13,310
General Alumina Jamaica Llc,34648.9,3
Shell Lubricants Supply Co. Bv,34640.8,16
Ado Maden Adi Komandit Sti. Cem Sak,34516.0,2
Ldc Argentina S.A.,34402.0,4
Bp North America Petroleum,33710.0,1
Saga Welco As,33689.58,297
"Immadi E Commerce Pvt., Ltd.",33664.65,19
Wilmar Sugar Australia Trading,33600.0,2
"Xin Yu Sanya International Trading Co., Ltd.",33572.12,3
Peninsula Petroleum Panama Inc.,33419.0,1
Minera Antucoya,33160.19,79
Rain Carbon Bvba,33053.24,6
Societe Sahara Sel So.Sa.Sel,33034.5,3
Domicem Sa,33000.990000000005,2
Abu Qir Fertilizers Co.,33000.0,1
Lebanon Chemicalas Co. Sal,33000.0,1
Pjsc Zaporizhstal Ukraine For An On,32999.0,3
Cargill Poland Sp. Z O.O.,32981.91,1
Sumitomo Construction Machinery Co.,32921.53,176
Balakovo Branch Of Joint Stock,32904.0,3
Jsc United Mining,32880.0,5
Kcc Corporation,32859.770000000004,10
Samsung C And T Singapore,32785.0,5
Guizhou Saboman Micronized Mining,32680.96,8
Metalimex A.S.,32638.58,4
Holmen Wood Products Ab,32620.18,14
Ussan Co Ltdal Co. (Ireland),32610.39,1
Lissan Coal Co. (Ireland) Ltd.,32535.96,1
Siderurgica Itabirito Ltda,32500.0,10
Saudi Aramco Base Oil Co.,32473.489999999998,17
Hamm Ag,32469.31,570
Saarstahl Ag,32370.37,858
Mitsubishi Motors Corporation,32226.690000000002,32
Comilog International,32200.0,6
Pcs Nitrogen Trinidad Ltd. Tepcs Sales Usa Inc.,32058.010000000002,4
Ukt Chicago Inc.,32000.0,1
Esso Saf,31989.12,1
"Sawaria Pipes Pvt., Ltd.",31985.0,50
"Yuwa Shipping Co., Ltd.",31984.6,218
Bmw Ag,31829.94,95
Esso Saf Raffinerie De Port Jerome,31720.03,1
Casa Grande S.A.A,31707.0,3
Sarlux Refinery Sarroch (Itally),31688.0,2
Compania Azucarera Hondurena S.A.,31649.48,10
Bpwood Ltd.,31576.12,68
Industeel Belgium S.A.,31533.61,552
Esso Saf Raffinerie De,31500.2,1
Alcoa Of Australia Ltd.,31500.0,1
Odin Petroil Sa En Reestructuracion,31437.58,4
Jsc,31410.510000000002,2
"Ingenio San Rafael De Pucte, Sa De Cv",31367.6,5
Reliance Industres Ltd.,31320.0,4
National Co. For Cement,31184.0,2
Farabi Yanbu Petrochemicals Co.,31118.26,14
Fideicomiso Faim,31115.0,3
Kocaer Haddecilik San Ve Tic A.S.,31099.64,51
"Hanwa Co., Ltd.",31047.96,138
"Ds Dansuk Co., Ltd.",31005.47,11
Methanex Trin (Titan) Un Ltd. Boo Met,30940.739999999998,9
S A Usina Coruripe Acucar E Alcool,30930.27,8
Essar Stanlow Refinery,30907.910000000003,3
Joint Task Force Bravo,30844.8,1
Seah Besteel Corp.,30717.19,489
Cargill Salt Ofcargill Inc.,30705.48,1
Shell Chemicals Europe Bv,30623.100000000002,10
Dow Europe Gmb H,30471.260000000002,22
Skryker Fuels Llc,30461.01,5
Industria De Compensados Guararapes Ltda,30426.56,140
La Holding Societe Des,30371.0,2
Azucarera Choluteca S.A. De C.V.,30344.38,9
Xiuyan Liwanda Trading Ltd.,30301.92,3
Impacto Bioenergia Alagoas S.A.,30260.2,9
Jsc Novomoskovsk Ak Azot,30229.0,2
Integra Petrochemicals Europe Ag,30204.7,28
Sogara,30198.07,1
Shell Offshore Inc.,30180.3,145
Formosan Union Chemical Corporation,30076.14,60
Nicaragua Sugar Estates Ltd.,30075.55,12
Azro Barite 130 Bd Ambassadeur Ben,30010.0,2
Cenal Elektrik Uretim A.S.,30006.0,1
Holland Houseboat,30000.0,2
Boortmalt Nv,30000.0,4
"G K Stones India Pvt., Ltd.",30000.0,7
Garnet International,30000.0,1
Master Of Azoresborg,29992.0,2
Cremer Erzkontor Gmb H Co. Kg,29984.79,61
Pt Energi Unggul Persasa,29975.670000000002,6
Ltd. Qsgtl,29964.76,2
Xiamen C&D Liangyuan Agriculture Co.,29872.06,8
Nystar Belgium,29816.0,2
Holmen Iggesund Paperborad,29806.72,24
"Minmetals Trading Co., Ltd.",29716.96,1
"Dg Khan Cement Co., Ltd. Nishat House 53 A Lawrence Road Lahore Pakistan",29677.239999999998,2
"Dong A Steel Co., Ltd.",29673.31,148
Consorcio Azucarero Central,29626.0,4
Azucarera Paraguaya S.A.,29616.58,2
Count Energy Trading Bv,29410.77,6
Arcelormettal Pecum Sa,29396.0,1
Balakovo Branch Of,29376.1,3
Sk Gas Trading Llc,29254.0,36
"Great Chem Minerals Trading Co., Ltd.",29252.41,5
Carbomaz Sas,29200.0,4
"Toyo Kihan Co., Ltd.",29169.620000000003,22
Azucarera Yojoa S.A. De C.V.,29137.21,7
Donausaege Rumplmayr Gmb H,29064.0,18
Cnh Industries Nv,29010.48,203
Oq Chemicals Gmb H,29005.32,20
Terra Nova Minerals,29000.0,2
New Zealand Steel Ltd.,28893.649999999998,11
Ferroglobe Spain Metals S.A.,28872.35,18
Agrupacion De Colaboracion San,28841.1,11
Sims Group Global Trade Corp.,28832.0,2
Eni Sp A Refinery Of Taranto,28766.4,2
Ingenio La Union Sa,28748.300000000003,6
Ecogreen Oleochemicals Ltd.,28722.85,28
Volvo Car Corporation,28704.84,2497
Oxbow Brazil Energia Industria E,28682.0,2
Pt Wilmar Bioenergi Indonesia,28677.84,16
Sesuveca Del Peru S.A.C.,28510.41,1
Uniland Trading B V Kingsfordweg,28404.0,1
Omar Minerals,28365.0,1
Gelf Siderurgia S.A.,28304.0,11
Wirtgen Gmb H,28294.73,400
Mcc Non Ferrous Trading Inc.,28219.84,2
"Yeochun Nco Co., Ltd.",28171.9,24
Global Oil Terminals Llc,28158.0,4
Vergo Enerji Sistemleri San Ve Tic,28150.31,36
Punda Mercantile Inc.,28009.92,4
Vissai Ninh Binh Jsc Plot C7 Gian Khau Industrial Zone Gia Vien Dist,28005.0,1
Manitowoc Crane Group Germany Gmb H,27995.8,270
Nitron International Corporation,27982.7,10
Acciaierie Bertoli Safau S.P.A.,27901.09,339
Pt . Pelita Agung,27900.0,17
Atlantic Lng Co.,27881.0,1
Cardama Sa,27836.75,3
Long Son Complany Ltd.,27746.0,1
Clarendon Alumina Production Ltd.,27675.0,4
Binderholz Gmb H Holzindustrie,27657.6,39
Fiji Sugar Corp Ltd.,27652.9,2
Minera Centinela,27636.1,50
Vicosimex Mien Trung Branch,27633.0,2
Pt Pelita Agung Agrindustri,27579.5,18
Alexandria Fertilizers Co. Tabia Rashid Road,27500.0,1
Schnitzer Steel Canada Ltd.,27500.0,5
Sidermin Siderurgica Mineira Ltda,27472.0,6
Nagano Trading Group S.A.,27466.0,2
Koppers International Bv,27393.47,4
Cswind Offshore As,27270.8,5
Prio Bravo Ltda,27139.63,1
Palmaju Edible Oil Sdn. Bhd.,26997.84,26
American Pacific Honduras,26946.74,6
Soufflet Negoce By Invivo,26926.12,1
Tricon Energy Netherlands Bv,26826.56,8
Pampa Energia Sa,26745.0,3
Mitsubishi Corp. (Korea) Ltd.,26598.32,92
Siemens Gamesa Renewable Energy Eol,26551.9,20
Joint Stock Com,26485.0,2
"Fab Industries Pvt., Ltd.",26223.9,30
Sca Wood Ab,26180.07,11
Vance Bioenergy Sdn. Bhd.,26101.260000000002,4
Pt. Pindo Deli Pulp And Paper Mills,26024.94,9
Yamazaki Mazak Trading Corp.,25856.920000000002,1437
Akz Ltd.,25842.75,12
Saxdor Yachts Oy,25798.2,259
Gadiv Petrochemical Industries Ltd.,25633.27,36
Usina Alto Alegre S A Acucar E,25555.54,10
Engelhart Ctp ( Brasil ) S.A,25544.309999999998,6
Sapi Sp A,25492.0,5
Zf Wind Power Coimbatore Ltd.,25354.55,64
Minerali Industriali Sp A,25090.0,2
Multilogistics Sp A,25043.260000000002,4
"Qingdao Jingyun Unite Trade Co., Ltd.",25035.23,9
Bunge Iberica S.A.U.,25000.0,5
Siderurgica Alterosa Sa,24984.0,10
G. H. Mumm Et Cie,24974.460000000003,17
Volkswagen Do Brasil Industria De Veiculos Automotores Ltda.,24944.82,434
Tecnosider Siderurgia Ltda,24818.0,6
Boly Pipe,24742.23,32
Polymetcore Trading S.A.,24719.64,6
Ji Kang Dimensi Sdn Bhd,24571.11,21
Arvedi Tubi Acciaio Sp A,24392.02,34
Pertama Ferroalloys Sdn Bhd,24249.06,18
Bondalti Chemicals S.A.,24240.0,9
Rizhao Steel Yingkou Medium Plate,24219.0,12
Raizen Centro Sul Paulista Sa,24212.06,5
Klabin S.A.,24032.0,16
Yarn Porsgrunn,24022.22,7
Tres Tentos Agroindustrial Sa,24000.0,2
Cardama S.A Camino De Los Molinos 5611,23998.0,2
Petkim Petrokimya Holding A.S.,23998.0,2
Neste Germany Gmb H,23958.0,2
"Dongbei Special Steel Group Co., Ltd.",23784.93,5
Ingenio Panuco S A P I De Cv,23500.0,2
Ingenio Chaparrastique S.A De C.V.,23185.0,5
Cia Azucarera La Estrella Sa,23142.12,2
Ingenio La Union Sa Avenida La,23107.59,5
Eurochem Trading Gmb H,23100.0,2
Columbia Grain Inc.,23100.0,2
Neste Oil (Suisse),23070.0,2
Socar Trading Middle East Dmcc,23036.0,4
Cnhi International S A,23011.63,247
Eldorado Brasil Celulose S.A Rod. B,23000.0,2
Hellenic Halyvourgia Sa,22994.31,17
Pt Multimas Nabati,22957.84,6
Lg Energy Solution Ltd.,22684.92,34
"Synn Industries Co., Ltd.",22597.63,9
Compania Azucarera Tres Valles,22539.18,5
Palmeros Del Aguan S.A.,22510.95,12
Delta Western Inc.,22372.5,4
Mitsubishi Chemical Methacrylates Singap,22350.07,9
Count Energy Trading Americas Llc,22313.4,11
Sri Trang Agro Industry Public Company Limited,22311.600000000002,110
Sovena Espana S.A.,22268.48,29
"Flender Drives Pvt., Ltd.",22105.59,105
"Chang Chun Plastics Co., Ltd.",22082.82,12
Vestas Wind Technology India,22059.78,22
Bunge Lipid Enzymtec Sdn Bhd,22012.14,38
George E Warren Corp,22004.68,5
Cnh International S A,22003.65,322
"Daye Special Steel Co., Ltd.",21992.36,243
Timbro Trading S A Rua Jose,21976.98,4
Speedcarrier No.3 Corp.,21957.86,1
Italkali Sp A,21897.0,3
Norske Skog Saugbrugs As,21871.97,11
Shell Na Lng Llc,21702.6,6
"Il Jin Steel Corp. Co., Ltd.",21699.56,78
Ferlink S.A.,21589.54,12
Vineyard Wind 1 Llc,21583.32,9
Central Azucarero La Victoria S.A.,21531.04,2
Associated Asphalt Distribution Llc,21493.0,2
Sierra Rutile Ltd.,21404.0,2
Ingenio La Cabana S.A. De C.V.,21369.0,4
Multifer Siderurgia Ltd.,21340.0,4
Azucarera Del Norte Sa De Cv,21321.0,4
Sandy Cay Development Ltd.,21281.52,2
Bergkvist Siljan Insjon Ab,21246.42,5
Usina Serra Grande Sa,21240.620000000003,4
Okuma Corporation,21187.18,1309
Iluka Resources Ltd.,21112.2,3
Atvos Bioenergia Conquista Do,21086.010000000002,4
Cofco International (Veijing) Ltd.,21000.0,1
Agropolychim Jsc,20999.5,1
Gibralter Mines Ltd.,20982.0,2
Sanimax Do Brasil Industrias,20951.14,6
Daimler Compra Y Manufactura M,20943.239999999998,192
Nanjing Iron And Steel Group Intern,20936.45,4
Mount Polley Mining Corp.,20884.0,2
Magni Telescopic Handlers Srl,20761.34,160
Cargill Sociedad Anonima Comercial,20758.9,2
Ecopeteol Sa,20740.0,3
Hartree Metals Llc,20712.42,2
Vane Line Bunkering Inc.,20600.0,3
Valaris Rig 75,20566.96,6
Aguia Florestal Industries De Madeiras Lt,20519.06,98
Pt . Kutai Refinery Nusantara,20496.64,6
Hyosung Corporation,20486.62,56
Dr. Ing. H.C. F. Porsche Ag,20425.23,236
Skoda Auto Volkswagen India Pvt.,20347.0,14
"Tpi Composites India Pvt., Ltd.",20341.27,27
Arcosa Specialty Materials,20300.0,2
Sama Santa Marta Siderurgia Ltda,20294.0,10
"Irpc Public Co., Ltd.",20264.64,8
Corinth Pipeworks Pipe Industry S.A,20185.94,6
"Luzhou C & D Commodity Co., Ltd.",20101.989999999998,5
Css Siderurgica Setelagoana Ltda,20094.0,2
Sonangol Refinaria De Luanda Sa,20040.55,1
American Metal Chem. Corp.,20000.0,2
Ingenio Santa Clara S.A. De C.V.,20000.0,4
Minoterie De Matadi Midema,20000.0,4
Rizhou Jinghua New Type Bldg Mater,20000.0,2
Adm International Srl,19998.0,2
Copper Mountain Mine,19978.0,2
Galtrade Ltd. Omc Chambers,19921.72,1
Kem One Lavera,19900.55,8
Tata Steel Uk Ltd. Po Box 101,19877.35,77
"Rmc Silica Co., Ltd.",19832.73,3
Sterling Global Oil Resources Ltd.,19744.0,1
"Integra Petrochemicals Pte., Ltd.",19711.68,4
Stora Enso Ingerois Oy,19703.86,139
Unitata Berhad,19660.05,32
Cargill Sociedad Anonimac Ind,19646.67,4
"Ajubesteel Co., Ltd.",19601.38,42
Carver Atlantic Llc,19600.0,1
Terra Nova Minerals Sarlq,19500.0,1
Petrolera Aconcagua Energis Sa,19449.0,3
Petroquimica Comodoro Rivadavia,19449.0,3
Kildair Service Ulc,19377.0,3
Perficon Steel Gmb H,19284.170000000002,27
Vestas Asia Pacific A S,19252.98,14
Mosaic Potash Belle Plaine,19237.84,4
Bro Srl Cuit 30 71513814 6 Esteban Piacenza 433 Oncativo 5986 Cordoba Argentina,19197.120000000003,2
Sociedade Nacional De,19086.0,1
"Hd Hyundai Chemical Co., Ltd.",19005.0,11
Azucarera Nacional S.A.,19000.44,2
Richards Bay Titanium (Pty) Ltd.,19000.0,1
Rana Gruber Asa,18898.98,2
Antilles Trading Co.,18895.0,3
Saybolt Nederland Bv,18826.22,15
Central Acucareira Santo Antonio Sa,18790.66,4
Gerdau S.A. Av. Engenheiro Luiz,18711.94,148
Hyundai Motor Mfg. Czech,18677.63,42
Sociedad Minera Cerro Verde S.A.A.,18620.46,24
"Kukje Steel Co., Ltd.",18562.59,131
Kpic,18520.0,6
Pt Ivo Mas Tunggal Sinar Mas Land,18500.0,10
Guyana Sugar Corp. Inc.,18464.0,3
Siderurgica Valinho S A,18462.0,10
Ford Otomotiv Sanayi A.S.,18435.02,50
Braskem Qpar Sa,18400.0,4
Miriri Alimentos E Bioenergia S A,18200.56,6
Millar Western Forest Products Ltd.,18133.95,26
Braskem S.A. Cep 09270 901,18070.0,4
White Diamond Industries Llc,18022.0,4
Inter Ontario Equipment,18000.0,1
Cargill Oil Mills Philippines Inc.,18000.0,12
Acciaierie D'italia Sp A,17965.0,4
"Isu Chemical Co., Ltd.",17943.8,18
"Benxi Pmu Pipe Co., Ltd. No.1",17828.48,41
Zhongjia Automobile Mfg.,17823.38,34
Usina Trapiche S.A.,17722.3,5
Gestion Inmobiliaria De,17646.24,1
Jsc Azot 10 Svyazi St. Corrigo Fertilizers Fz Llc,17580.0,3
Al Ezz Flat Steel,17555.739999999998,2
Pt Apeiron Bioenergy Indonesia,17519.91,4
Georgian Manganese Llc,17500.0,2
"Ford Trading Co., Llc",17498.24,253
Emirates Steel Industries Pjsc,17486.0,8
"Zetwerk Mfg Business Pvt., Ltd.",17476.66,24
Balikesir Elektro Mekanik Sanayi Te,17430.52,60
Inchcape Caribbean,17421.7,4
Holzwerke Weinzierl Gmb H,17416.8,15
Bioliva Med Co.,17380.0,49
Sms Group Gmb H,17366.09,35
Guangxi Chongzuoshi Zhenhao,17295.32,6
Spat Steel International (Hk.) Ltd.,17281.93,19
Seah Coated Metal Corp.,17130.64,188
Ingenio Tala Sa De Cv,17101.0,2
"Mitsui Bussan Chemicals Co., Ltd.",17008.89,30
Murphy Canada,16957.0,1
Faros Industriesde Farinha De Ossos Ltda,16918.92,11
Abu Qir Fertilizers & Chemical Indu El Tabia Rasheed Road,16900.0,1
Olam Agricola Ltda,16876.48,2
Inovyn Trade Services Sa,16865.02,12
Coastal Pulp & Paper Ltd.,16830.44,34
"Riceland Group Co., Ltd.",16800.0,4
Euro Maroc Phosphore Sa,16786.0,2
Oro Allado Commodities Inc.,16778.67,1
Royal Smit Transformers B.V.,16775.6,100
Provence Huiles,16611.61,5
Bell Equipment,16341.07,248
Agroaurora Sac,16326.0,2
Sasol Italy Sp A,16274.23,6
Angola Lng Ltd. Opco Sociedade,16230.0,3
Sca Graphic Sundsvall Ab,16179.76,5
Usina Siderurgica Atlas S A,16176.0,4
"Overseas Metallurgy Co., Ltd.",16122.18,24
Humberg Agribrasil Comercio E,16088.0,2
Alcoa Aluminio Sa,16075.0,1
"Bp Exploration Operating Co., Ltd.",16064.0,2
Usina Monte Alegre Sa,16057.18,7
Repsol Quim,16030.0,2
Arcor S.A.I.C.,16014.24,4
Jsc Mcc Eurochem,16014.0,1
Vedan (Vietnam) Enterprise Corp.,16000.0,2
Domo Caproleuna Gmb H,16000.0,2
Agroindustrial Laredo S.A.A.,15956.56,8
Suzuki Motor Corporation,15950.14,117
Pt Energi Sejahtera Mas,15931.5,18
Shougang Holding Trade (Hk),15898.07,6
Sumec Technology & Eq Co Td,15883.57,4
Copetro Sociedad Colectiva,15758.0,2
Guilin Guiguang Talc Development,15746.0,2
Upm Kymmene,15727.02,3
Lehigh Cement Co. Llc,15720.0,4
Sumitomo Heavy Industries Ltd.,15703.36,71
Zhixin Electromagnetic (Hk),15679.88,1
Vallourec Solucoes Tubulares Brazil,15633.38,104
"Hd Hyundai Electric Co., Ltd.",15607.19,132
Cristobal Colon C Por A,15600.0,3
Om Materials (Sarawak) Sdn Bhd,15589.94,8
Kcr Dis Ticaret Anonim Sirketi,15572.789999999999,21
B.G.Shirke Construction,15513.03,18
Ioi,15498.0,8
Fruticola Y Exportadora Atacama Ltda,15497.48,105
Citygusa Siderurgia Ltda,15410.0,6
"United Steel Industry Co., Ltd.",15381.04,8
Albchrome Shpk,15376.28,2
Santa Victoria Acucar E Alcool Ltda,15315.56,2
Honda Trading Corporation,15280.53,46
Tianjin Youfa International Trade C,15264.76,30
Agco Beauvais,15185.69,132
General Electric Renewable Portugal,15129.48,10
Vance Bioemergy Sdn Bhd,15099.34,2
Sds Siderurgica Ltda,15035.0,9
Maragra Acucar Sa,15018.6,4
Silver Victory Sdn Bhd,15018.27,14
Joint Stock Com Eurochem,15009.2,1
Fertial Sp A Bp 40 Arzew,15002.86,1
Asociacion De Cooperativas Argentinas Cooperativa Limitada,15000.0,2
Ingenio Tres Valles Sa De Cv,15000.0,1
Santa Rosalia De La Chontalpa S.A.,15000.0,1
Southern Minerals International,15000.0,4
Petroleum Equipment (Thailand),14960.23,30
Ifgindustria De Ferro Gusa Ltda,14946.0,9
"Kumho Petrochemical Co., Ltd.",14938.74,8
Central Agro Industrial,14905.72,4
"Jiangyin Xing Cheng Special Steel Works Co., Ltd.",14840.789999999999,274
Pt . Am Ns Indonesia,14821.03,49
Liebherr Werk Nenzing Gmb H,14806.69,73
Binderholz Kosching Gmb H,14789.44,5
"Amada Co., Ltd.",14687.9,957
Kobelco Construction Machinery Co.,14679.14,107
C I Progan Co Sas,14663.86,7
Illovo Sugar (Malawi) Ltd.,14614.62,2
Koluman Otomotiv Endustri As,14560.0,1
Sociedad Agricola E Industrial San,14540.0,3
Ineos Solvents Germany Gmb H,14517.619999999999,14
Sa Usina Coruripe Acucar E,14457.77,1
"Zetwerk Mfg. Bus. Pvt., Ltd.",14427.92,16
Al Ghurair Resources Oils And,14369.04,2
Touton Negoce Cote D'ivoire,14300.0,65
It International Telecom Inc.,14285.79,5
South32 Minerals S.A.,14273.48,10
Sca Timber Ab,14267.039999999999,7
Sociedad Contractual Minera Franke,14260.76,62
Ups Supply Chain Solutions,14174.1,1
Samsung C And T Corporation,14161.75,27
Innospec Ltd.,14156.34,34
Eti Maden Isletmeleri General,14095.15,2
Automobiles Citroen,14079.8,126
Wintershall Norge As,14032.36,1
Heildelberg Materials Canada Ltd.,14000.0,2
Straton Maden Yatirimlari Ve,14000.0,2
Delfi Madencilik Medikal Tekstl Kimya Urunleri Sanayi Ic Viv,14000.0,2
Exss,13942.14,4
E.N.I Sp A Raffineria Di Taranto,13936.0,1
Richards Bay Iron,13902.6,8
Komatsu Do Brasil Ltda.,13888.84,91
Stellantis Europe Sp A .,13886.36,152
Gazi Metal Mamulleri San .Ve Tic,13854.82,4
Compania Espanola De Petroleos Sa,13853.0,1
"Stinko Co., Ltd.",13815.0,16
Eldorado Brasil Celulose S.A,13800.0,2
Village Debelt Municipality Of,13786.19,1
Odin Petroil S.A. En Reestructuraci,13753.29,2
Wilmar Europe Trading Bv,13701.58,10
Metsa Greaseproof Papers Oy,13638.73,203
Sinarmas Cepsa Deutschland Gmb H,13578.4,8
"Ngc Transmission Chennai Pvt., Ltd.",13553.47,88
Vinh Thanh Dat Trading Exp. Imp.,13513.900000000001,2
Porsche Ag,13443.58,194
Holmen Timber Ab,13432.94,14
Yeung Tai Environmental Industrial,13406.39,35
Toros Tarim Sanayi Ve Ticaret A.S.,13347.8,3
"Mingtai New Materials Co., Ltd.",13320.0,12
Altin Ates Kimya A.S.,13295.2,3
Scania Cv Ab,13281.18,119
Bb Energy Llc,13281.0,1
Arcelor Mittal Products Roman Sa,13279.07,130
Bruderer Ag,13244.2,46
Flour Mills Nigeria,13200.0,1
Yarus S.A.,13193.21,5
Pt Hua Chin Aluminium Indonesia,13189.06,2
Sumitomo Chemical Asia,13152.45,1
Raizen Argentina Sa,13096.0,2
Bayerische Motoren Werke Aktiengese,13068.13,141
Transglobe Energy Llc,13067.14,6
Renkert Oil Bvba,13044.2,6
Bunga Loders Croklaan Oils Sdn Bhd,13002.76,17
Pt Sumitomo Construction Machinery,12919.27,82
Central Acucareira Santo Antonio,12915.08,1
Arsa Group Sp A,12881.0,2
Zespri International Ltd.,12842.91,286
Siempelkamp Maschinen  Und Anlagenbau Gmb H & Co. Kg,12827.27,55
Cepsa Quimica S.A,12802.36,17
Changshu Longte Grinding Ball,12774.21,5
Kpic Corp.,12772.46,6
"Daido Kogyo Co., Ltd.",12757.8,44
"Byd (Hk.) Co., Ltd.",12739.98,81
Claas Selbstfahrende Erntemaschinen Gmb H,12692.83,371
"Paruthi Engineers Pvt., Ltd.",12688.990000000002,7
Habas Sinai Ve Tibbi Gazlar Istihsal Endustrisi A.S.,12669.109999999999,2
Mexichem Fluor Comerical Sa De Cv,12665.07,3
Elmarakby Steel,12651.0,2
Multifer Siderurgia S.A,12640.0,2
Ingenio Central Azucarero Jiboa,12629.0,2
Kleemann Gmb H,12592.82,142
Hugo Stinnes Schiffahrt Gmb H,12580.58,28
Santander Sugar Ltd.,12572.78,2
Minasfer Siderurgia Ltda,12568.0,4
"Isky Chemicals Co., Ltd.",12557.8,46
Basrah Energy Fzc,12544.0,2
Noble Valient,12504.26,8
Hf Sinclair Refining & Marketin,12500.0,1
Sipro International Ag,12475.12,6
Fca International Operations Llc,12431.460000000001,139
Ioi Acidchem Sdn Bhd,12417.69,29
Samsung C&T Japan Corp.,12384.57,8
Pt Unilever Oleochemical Indonesia,12354.56,14
Borusan Birlesik Boru,12328.29,18
Bioexpress S.A.,12286.58,1
"Makino Milling Machine Co., Ltd.",12264.13,411
Caf O Ford Trading Co. Llc,12222.7,26
Shell Uk Ltd.,12206.0,1
Inner Mongolia Hongte New Material,12186.45,18
Ajmal Steel Tubes And Pipes,12153.22,62
Om Materials (Sarawak) Snd.Bhd.,12089.560000000001,4
Metal One Corporation,12066.69,35
Atlas Methanol Co. Unlimited,12029.06,1
"Wodehaotai Trading Co., Ltd.",12024.0,4
Grace S.A.,12018.86,10
Venator P&A Spain S.L.,12006.56,2
Petroquimica Mexicana De Vinilo Sa De Cv,12002.68,2
Fortunavi Dmcc,12000.0,1
Crystal Salt,12000.0,2
Bsw Latvia Sia,11987.28,10
Diversificados De Costa Rica S.A.,11946.48,97
Engel Austria Gmb H,11915.53,234
Konecranes Lifttrucks Ab,11891.46,229
Ticofrut S.A.,11891.0,8
Inter Papier Handelsgesellschaft M.B.H.,11889.82,21
Tusco International Inc.,11883.86,9
John Deere Brasil Ltda,11792.76,759
Ukroliya Ltd.,11780.11,165
Braskem S.A Cep 95853 000,11746.0,6
Antilles Shipping Co. Sezc,11696.0,1
Prysmian Power Link Srl,11694.85,2
Caterpillar Japan Ltd.,11637.06,75
Carbones Andinos Sas,11629.0,1
Mouton Citrus (Pty) ) Ltd.,11590.45,107
Motor Oil (Hellas),11580.23,1
Visavakit Patana Corp. Ltd.,11571.550000000001,17
Hdm Celik Boru Sanayi Ve Ticaret As,11532.88,6
Howe Sound Pulp And Paper Limited,11523.880000000001,20
"Be Forward Co., Ltd.",11511.21,9424
Minerva S.A.,11506.789999999999,33
Chinacentury Grupo Pinto S.A.,11502.7,1
Hellenic Cables S.A.,11441.06,6
Fr Waring International (Pty) ) Ltd.,11354.21,4
Pfeifer Timber Gmb H,11312.72,13
Kumkang Kind,11176.32,22
Bgn Int Dmcc,11152.46,4
Lm Wind Power Blades Ind,11152.37,17
Sarens Nv,11142.86,16
Cofco International Brazil Sa,11081.43,3
"Rubberland Products Co., Ltd.",11081.41,104
Methanol Holdings Trin. Obo Methane,11060.689999999999,2
Pt Star Rubber,11017.45,79
Traxys Europe S.A. Luxembourg,11000.64,1
Italiana Coke Srl,10999.44,2
Neste Australia (Pty) ) Ltd.,10998.0,2
Pjsc Zaporizhstal Ukraine For And,10996.14,2
Utc Overseas Oy,10979.12,3
Granexport Mfg. Co.Rp,10977.15,3
Balakovo Branch Of Joint St Apatit,10968.0,1
Farrell Lines Dulles Va,10953.04,14
Prestige Et Collection Internationa,10929.14,759
Mag Alcoholes S.A,10928.720000000001,4
Dow Saudi Arabia Product Marketing B V,10898.23,6
Sonangol Usa,10897.0,1
"Thai Oil Pipe Co., Ltd.",10885.89,25
United Iron And Steel Co Llc,10877.98,8
Compo Expert Gmb H,10871.82,4
Usina Sao Jose S A,10867.02,3
Hovago Cranes B.V.,10847.46,58
Etg Commodities Inc.,10805.529999999999,32
Gestion De Exportaciones Fruticolas,10775.28,243
Fisker Gmb H,10766.68,37
Asso Subsea Single Member S.A. Thesi Kalympaki 19200 Elefsina Signatory,10713.0,1
Pankakoski Mill Oy,10694.85,48
Vas Group Nghi Son,10689.189999999999,2
Progan Br S.A.,10679.7,6
Smartply Europe,10668.26,2
Eew Special Pip,10661.13,1
Corp. Nacional Del Cobre De,10657.82,21
Mercer Timber Products Gmb H,10640.22,4
Agroindustrial Olhos Verdes Ltda,10626.0,8
Vetorial Siderurgia Ltda,10596.0,2
"Sheng Yu Steel Co., Ltd.",10520.619999999999,90
Lantmannen Ek. For,10500.0,2
Achis Llc,10500.0,1
Inovyn Europe Ltd.,10498.0,2
Jianlong Beiman Special Steel Co.,10494.3,11
Scandagra Eesti Aktsiaselts,10484.0,2
Waldorf Cns (Ii) Ltd.,10450.0,1
Metalsete Siderurgia S A,10434.0,4
Waldorf Operations Ltd.,10393.0,1
Lekoil Oil And Gas Investments Ltd.,10339.0,1
"Aak Sg Pte., Ltd.",10315.64,20
Arsa Groups Sp A,10304.0,6
Central La Providencia Sa,10300.0,2
Pembina Pipeline,10294.0,8
Island Timberlands Lp,10287.16,10
Impulsora Azucarera Del Tropico,10280.619999999999,2
Totalenergies Petrochemicals & Refi,10253.630000000001,2
"General Cigar Dominicana, S.A.",10234.0,2
Seaspan Ulc,10204.0,2
Indorama Ventures (Oxide & Glycols),10198.28,2
Komatsu Holding South America Ltda,10188.48,255
Borcelik Celik Sanayii Ticaret,10175.69,20
Ozkan Demir Celik Sanayi A.S.,10157.029999999999,5
Mar Y Carmen S.A. De C.V.,10156.439999999999,2
Xiuyan Manchu Autonomous County,10133.46,2
Exportadora Subsole S.A.,10122.08,152
Daekyung Oil And Transportation Co.,10057.0,2
Jiangsu Jinhong New Materials,10038.0,2
Kaolin Ad,10029.94,2
"Shanghai Conch Building Materials International Trade Co., Ltd.",10022.0,1
Linde Ag,10013.3,21
Ineos Aromatics Ltd.,10002.46,1
Farmosa Ineos Chemical Corp.,10001.32,2
Base Titaniumlimited,10000.75,1
Wagenborg Projects & Logistics,10000.0,2
Cargill Nv,10000.0,2
Idi,10000.0,1
Alcoa World Alumina Brasil Ltda,10000.0,6
"Knj Bro Co., Ltd.",9999.81,42
Modulax Siderurgia S A,9992.0,2
Cm Resources Inc.,9972.04,11
Sarlux Refinery Sarroch (Italy),9954.0,2
Puma Energy,9920.0,19
"Thai Granlux International Rice Co., Ltd.",9900.0,1
"Ngu International Co., Ltd.",9893.64,65
Bio Etanol Sa,9888.45,3
Farrell Lines,9883.4,70
Caterpillar Americas C.V.,9878.8,254
Agroazucar Ecuador S.A.,9868.0,3
Complejo Alimenticio San Salvador,9860.0,1
Qatar Aluminium Ltd. Co.,9839.62,4
Gerald Metals Sa,9830.0,1
Sap! Sp A .,9815.6,2
Dcoop S.Coop.And,9811.16,16
Vina One Steel Mfg.,9809.31,39
Pt. Sri Trang Lingga Indonesia,9804.56,106
Metinvest Trametal Sp A,9787.99,13
Dynapac Compaction Equipment Ab,9748.27,97
Gas Y Petroleo Del Neuquen Sa,9738.0,3
Inmobiliaria Nueva Veragua S.A.,9701.88,88
Vicinay Marine Sl,9683.619999999999,6
Cooperative Agricole C,9663.75,72
"Saic Gm Wuling Automobile Co., Ltd.",9589.58,16
Pbb Polisur Srl,9516.0,4
"Wooyang Hc Co., Ltd.",9503.5,14
Asociacion De Azucareros De Guatem,9500.0,5
Sucroalcolera Del Chira S.A.,9497.369999999999,4
Grupa Azoty Zaklady Azotowy,9495.2,6
Alcoeste Bioenergia Fernandopolis,9479.779999999999,3
Oilstone Energia Sa,9475.78,2
Ci Inproquim Exp. Sas,9460.16,8
"Hanwa Korea Co., Ltd.",9365.130000000001,35
Xuzhou Construction Machinery Group Inc.,9356.38,104
Konecranes Finland Corp.,9339.79,10
Derome Timber Ab,9324.529999999999,5
"E Q Rubber Co., Ltd.",9302.98,85
A. S. Natural Stone,9300.0,1
Renault S.A.S.,9288.14,120
Pt Astra Daihatsu Motor,9285.99,167
Sidenor Aceros Especiales S.L,9256.789999999999,110
"Wuyang Iron And Steel Co., Ltd.",9243.78,24
Mapar S.A.,9163.31,9
Water Spirit Freight Services,9162.52,21
Topy Enterprises Ltd.,9140.16,70
Richard Oil Seed Ltd.,9109.0,1
Sol Petroleum Usvi,9066.0,4
New Source Minerals Ltd.,9062.05,6
Kemira Oyj,9038.64,2
Mitsui & Co. Steel Ltd.,9019.57,15
Mannesmannrhren Werk Gmb H,9014.57,83
Sichuan Jinshang Environmnetal Com,9008.0,2
Boliden Commercial Ab,9000.0,1
Pt . Ivo Mas Tunngal Sinar,8999.77,4
Bunge Alimentos S A,8998.0,2
Pt . Ivo Mas Tunngal,8982.74,4
Jsc Apatit Tepurefert Trading Ag Switzerland,8980.0,2
Iaco Agricolo S A,8970.029999999999,3
Norske Skogindustrier Asa,8953.24,4
Hunan Machinery And Equipment Imp.,8949.0,5
Starkstrom Geraetebau Gmb H,8943.23,125
Tata Chemicals Magadi Ltd.,8917.18,1
Volvo Construction Equipment Hauler,8829.96,93
Hyundai Corp. (Usa) Houston,8816.18,33
Danieli & C. Officine Meccaniche Sp A,8803.87,51
3 R Potiguar S.A.,8791.73,1
Compania Banadosmil Sociedad Anonima,8780.99,56
Ingenio La Margarita S.A De C.V,8748.0,2
Ingenio Central Azucarena Jiboa S.A,8742.0,1
Ne Drilling Do Brasil Servi Os De,8685.52,6
Prince Rupert Canada,8666.0,10
"Dalian Yiming Co., Ltd.",8659.779999999999,5
Japunga Agroindustrial Ltda,8651.2,5
"Benxi Pmu Pipe Co., Ltd.",8650.56,13
Intl Furan Chemicals B.V.,8630.82,10
"Zhejiang Geely Automobile Co., Ltd. Z",8608.53,11
Balakovo Branch Of Jsc,8590.4,1
Suntree Special Steel Co.,8584.28,22
Petrosa Ghana Ltd.,8583.0,1
Neste Oyj,8566.0,2
Epiroc Rock Drills Ab,8540.34,339
Ldc Logistics Vietnam,8536.51,48
Mitsui And Co.,8536.32,2
Nlmk Plate Sales Sa,8528.11,27
Teleos Hispania S.L.U.,8521.36,10
Island Timberlands Ltd. Partners,8513.0,3
Jsc Mineral And Tecorrigo Fertilizers Fz Llc,8509.4,1
K.D. Industries Inc.,8438.5,52
"Hiho Metal Co., Ltd.",8415.86,18
Daqing Volvo Car Mfg. Co.,8409.87,39
Kama For Coating & Manufacturing Company,8404.01,16
Cooperative Agricole Copag,8390.81,74
Lc Metallurgical Service Ltd.,8366.7,20
Guangxi Haoling Automotive Technolo,8353.76,34
"Throne Biofuel Co., Ltd.",8352.029999999999,2
Cargill Palm Product Sdn. Bhd,8347.22,9
Ina Industrija Nafte D.D.,8334.0,2
Pt. Hok Tong,8333.27,100
Domexport S.A,8332.52,29
Daimler Truck Ag,8324.48,101
Koncar Power Transformers Ltd.,8319.84,52
Aegean Perlites Sa,8308.93,2
Pt Apeiron Bioenergy Grand Slipi To,8271.0,2
Metsa Fibre Oy Kemi Btt Kemi Btt,8261.6,2
Pt . Hyundai Motor Mfg. Id,8248.37,142
Asia Euro Automobile Mfg.,8230.07,24
Opel Automobile Gmb H,8212.88,50
"Shang Chen Steel Co., Ltd.",8189.91,151
Shandong Lancheng Tianbao,8172.0,2
"Verde Yag, Besin Maddeleri Sanayi Ve Ticaret A.S.",8158.900000000001,22
Volvo Ce Gmb H & Co Kg,8152.78,589
Kardemir Dis Ticaret As,8136.33,28
Crv Industrial Ltda,8117.75,2
Elite Logistics Zf S.A.S,8114.0,2
Unifuji Sdn Bhd,8100.41,14
Graincorp Commodity Mgmt (Pty) ) Ltd.,8091.0,2
Caterpillar Brasil Ltda.,8079.17,331
Komatsu Germany Gmb H,8072.42,20
Kia Corp.,8058.38,61
Shell Argentina Sa,8022.38,2
Airbus Operations Sas,8013.42,32
Palabora Europe Ltd.,8006.44,2
Ixm S.A.,8005.04,2
Pt Kreasijava Adhikarva,7999.6,2
Forchem Oy,7994.0,2
Dw Atlas,7976.82,16
Shanghai Qijie Environmental,7964.0,2
Panasonic Operational Excellence,7923.12,67
Pacifico Industria E Comercio De,7905.5,12
Msc Seashore,7852.3,246
Lyman Steel Co.,7848.17,17
"Magical Cruise Co., Ltd.",7847.66,7928
Prayon Sa,7838.0,2
Mewah Oils Sdn Bhd,7819.33,16
Olam Brasil Ltda,7800.0,4
Tru Grit,7800.0,1
Bomag Gmb H,7794.06,256
Honda Trading De Mexico S.A. De C.V,7791.52,48
Totalenergies Trading Sa,7751.88,1
Ssab Oxelosund Ab,7737.18,274
"Shibaura Machine Co., Ltd.",7728.46,177
Dodaac Cage W51 Dup 0015 In Bn 03,7717.96,2
Sena Madeiras Ltda,7715.76,22
Jugos S.A.,7713.42,13
Corporacion Rusd Sac,7712.78,1
"Kumkang Kind Co., Ltd.",7712.76,18
Llc Eurochem Volgakaliy Lenina Street 7,7700.0,1
Central Motzorongo Sa De Cv,7672.0,2
Samsung C&T Japan Corporation,7671.66,12
Temsa Skoda Sabanci Ulasim Araclari,7651.48,62
Shandong Lancheng Tianbao Supply,7642.0,2
Heerema Offshore Services Us,7623.61,14
Rettenmeier Holzindustrie Wilburgst,7618.66,2
"Korea Zinc. Co., Ltd.",7583.16,3
"Saic Maxus Automotive Co., Ltd.",7561.55,7
Oxyde Chemicals China Ltd.,7559.360000000001,4
Cimolai Sp A,7548.82,18
Power Electronics Liria,7541.96,39
Pilaga S.A.,7501.42,1
Cosco Shipping Logistics (Xiamen),7440.0,24
Binderholz Timber Inc.,7439.540000000001,3
Pt Kreasijaya Adhikarya Komp,7399.46,4
China Steel Corp. O,7397.780000000001,8
The Thai Sugar Trading Corp.,7397.7,2
Fischer S A Agroindustria,7371.84,4
"Ceva Logistics Singapore Pte., Ltd.",7370.66,2
Automobili Lamborghini S.P.A.,7359.55,450
Jsc Mineral & Chem Eurochem,7350.0,1
Adm Brasil Do Ltda,7350.0,1
Nexans High Voltage Usa,7333.19,1
President Petroleum Sa,7296.0,3
Petrojam Ltd.,7289.25,1
Schwerter Profile Gmb H,7286.36,33
Refinaria De Petroleo Riograndense,7259.29,1
Central Azucarero De Alanje S.A.,7250.0,1
Zaklad Konstrukcgi Spawanych,7214.22,57
Intimex Group,7200.86,52
Fuji Oil (Singapore) Pte. Ltd.,7178.64,7
Rohm And Haas Chemicals Llc,7165.46,4
Huilerie De Tahiti Sa,7161.27,35
Caterpillar Brasil Ltda,7135.24,152
Ovako Sweden Ab,7108.69,72
Sonemat,7100.0,32
Adeco Agropecuaria S.A,7099.99,1
Deepak Phenolics Ltd.,7061.08,3
Sentolia Bp,7030.0,11
Compania Minero Caopas S.A. De C.V,7000.0,2
Tenaris Dalmine Sp A .,6996.17,5
Gerdau S.A.,6991.8,49
Pt Permata Hijau Palm Oleo,6985.66,6
Veryone Establissement De Sorgues,6958.110000000001,3
Sewon E&C,6958.09,17
"Zhejiang Minghe Steel Pipe Co., Ltd.",6937.09,25
Shell Mds (Malaysia) Sendirian,6914.82,4
Tamka Tarim San Ve Tic Ltd. Sti,6900.0,2
Compania Azucarera Valdez S.A.,6894.0,2
Marbel S.A.,6893.48,9
"Arkema Pte., Ltd.",6875.5,8
Fresh Fruit S.A.,6862.73,13
"Joy Reap Metal Pte., Ltd.",6838.46,27
Ste Agroliva,6800.0,10
Dann Marine Towing Lc,6798.0,2
Pt Kirana Musi Persada,6776.62,67
"Ineos Phenol Singapore Pte., Ltd.",6756.24,7
Companhia Alcoolquimica Nacional,6729.34,3
Cooperation Mfg. Plant,6707.4,295
Cargotec Poland Sp. Z O.O.,6703.07,204
Sharpmax International C (Hk),6685.08,2
Gallo Chile Sp A,6657.5599999999995,24
Pt Kenertec Power System,6628.68,6
Kaymaz Ambalaj Lthalat Lhracat,6627.0,2
Wiru Vili Tulundusuhistu,6620.0,2
Simpac,6618.33,9
"Dong Yang Steel Pipe Co., Ltd.",6617.16,18
Jugos Luga S.A.,6608.17,13
Costa Cafe Com Exp. E Imp. Ltda,6604.379999999999,32
Nexa Recursos Minerais S.A.,6571.55,2
Sandvik Mining And Construction Oy,6568.62,226
Zhejiang Pacific Seamless Steel Tub,6562.6900000000005,29
Copersugar Sa,6561.0,1
Hd Hyundai Infracore Norway As,6528.3,131
Mallee Tas Operating (Pty) ) Ltd.,6524.5,4
"Beijing Honmine Trading Co., Ltd.",6512.8,8
Unitata Berhad Jendarata Estate,6509.16,10
Pt Sari Dumai Oleo,6499.88,4
Ingenio La Magdalena Sa De Cv,6496.0,2
"Trizmon Industrial Pte., Ltd.",6482.599999999999,12
Msc Meraviglia,6468.86,309
Cnh International Sa,6441.93,97
Xiamen Hithium Energy Storage,6440.0,22
Liebherr Mining Equipment Colmar Sas,6437.64,26
Maruti Suzuki India Ltd.,6432.0599999999995,368
Mackina Westfalia,6427.97,2
Lins Agroindustrial Sa,6409.24,5
Honda Prospect Motor,6384.38,32
Exportadora Bb Trading Sp A,6381.68,96
Transportadora De Gas Del Sur S.A.,6371.0,1
"Huzhou Sany Loader Co., Ltd.",6360.04,64
Noteel Espana Sa,6351.54,4
Allgrace Energy Ltd.,6338.0,3
Uralchem Jsc,6335.08,2
Usina Santa Isabel Ltda,6331.04,2
Pacifico Ind E Com De Oleos E Pro,6330.0,10
0082 Ar Hq Div Hq And Hq B,6320.31,3
Panchem International Trading And I,6318.32,4
As Baltic Agro,6302.0,2
Billerud Finland Oy,6293.51,25
Bahrain Petroleum Co.,6290.0,2
Akers Ab,6289.87,185
Kraton Chemical Bv Co Kraton,6278.28,2
Qatar Energy Lng,6273.42,2
"Lsis Co., Ltd.",6264.2,37
W58 Wsj,6256.860000000001,12
Vesta Mfg. A S,6256.0,5
Dg Global Inc.,6254.66,21
Progan Br Sa Rua,6237.78,4
Usina Uniao E Industria Sa,6232.52,3
Nlmk Verona Sp A,6226.53,26
"Kukje Shipping Co., Ltd.",6224.04,14
Chempont International Group,6211.51,16
"Starcore Co., Ltd.",6208.0,10
"Yangzhou Chengde Steel Pipe Co., Ltd.",6194.74,29
Stigterstaal Bv,6194.54,4
Chinasteel Corp.,6191.22,2
Ocean Blackhawk,6189.0599999999995,45
Ge Repair Solutions Singapore,6184.71,2
Skoda Auto A.S,6154.42,105
Geopark Colombia S.A.S.,6121.37,2
Kraton Chemical Ab,6120.08,2
Pmi Av. Marina Nacional 329,6120.0,1
Usina Ipojuca Sa,6110.48,5
"Cis Co., Ltd.",6107.82,25
Kraton Chemical Bv Care Off,6105.84,2
Haulotte Group,6097.74,43
"Huanggang Will Win Trading Co., Ltd.",6088.21,6
Nexus Manganes S.A,6080.08,2
Medwin International Corp.,6070.03,5
A & A Trading Ltd.,6058.03,10
"Kh Neochem Co., Ltd.",6056.52,7
Santiago Metals Proyecto Dos Ltda,6037.36,20
A.G. Siderurgica Balboa S.A.,6036.5599999999995,4
"Brown Stone Minerals Co., Ltd. (Hk)",6033.54,8
Forges Et Acieries De Dilling,6028.22,17
Minda (Tianjin) International Trading,6024.0,5
Raizen Caarapo Acucar E Alcool Ltda,6018.88,2
Prolec Ge Ibrasil,6017.22,24
Elkem Iceland Ltd.,6011.78,2
New Asia Oil Inc.,6001.7,2
Sanimax Ltd.,6001.32,2
"Kudko Chemical Co., Ltd.",6001.26,2
Philippine International,6000.26,2
Bresfor Industries Do Formol S.A.,6000.22,2
China Mineral Processing Ltd.,6000.0,2
Envallor Nv,6000.0,1
Pt Agro Makmur Raya,5999.8,2
Corex Finland Oy,5991.84,29
Ptt Chemical International,5991.56,2
Phoenicia Olive Oils Co.,5990.0,10
Cs Wind Vietnam,5989.18,2
Komatsu Do Brasil Ltda Cnpj 44 41,5974.88,34
"Kgdongbu Steel Co., Ltd.",5947.200000000001,16
"Hyundai Heavy Industries Co., Ltd.",5925.98,2
Itocho Corp. Tokys Section,5911.8,4
Vantana Phaisal Engineering Co.,5902.09,4
Bermuda Championship,5901.9,2
Windarmex Sa De Cv,5896.2699999999995,3
Voecklamarkter Holzindustrie Gmb H,5888.11,13
Taiwan Prosperity Chemical,5880.0,2
Se Forge Ltd.,5867.03,64
Scm Minera Lumina Copper Chile,5856.15,7
Ste Vita Souss Sarl,5855.56,54
Nippon Steel Trading Thailand,5853.64,2
Lg Chem Ltd.,5835.18,3
"Jiangsu Huapeng Transformer Co., Ltd.",5831.8,29
Isab Srl,5831.57,1
Sb&B Foods Inc.,5827.28,29
Cnh Industrial Brasil Ltda,5824.98,108
Sorin Corp.,5824.28,10
Wartsila Finland Oy,5818.34,7
Quang Minh Coffee Trading,5802.04,26
Suzano Papel E Celulose S.A.,5800.0,4
Manitou B.F. S.A.,5775.25,292
Sany Heavy Machinery Ltd.,5709.66,78
Ergon Refining Inc.,5702.4,14
Aramco Trading Singapore,5694.0,2
S Oil,5694.0,2
Bp Wood,5690.46,16
Lianyungang Weites New Energy Tech,5683.360000000001,2
"Dlhi Co., Ltd.",5680.469999999999,6
"Kg Dongbusteel Co., Ltd.",5670.05,26
Ube Machinery Corp. Ltd.,5656.0,48
Manitou Italia Srl,5644.2300000000005,52
Exportadora Rio Blanco Ltda,5643.01,152
Kalmar Poland Sp Z O O,5641.88,190
"Byd Auto Industries Co., Ltd.",5618.74,43
Pt Sunan Rubber,5608.82,63
Ube Machin,5605.79,59
Yingkou New Great Wall Metallurgy,5600.0,2
Durst Malz,5600.0,31
Comex Steel Ltd.,5590.27,23
"Cruzan Viril, Ltd.",5549.52,2
Fatty Chemical,5548.049999999999,16
Mm & Kenzai Corp.,5542.01,41
Larsen & Toubro,5536.98,10
Citigroup Global Markets Ltd.,5510.0,1
Delassus Citrus,5505.94,49
Pt . Sari Dumai Sejati Jl Mh.,5499.63,4
Agrofruta Fresh S.A.,5494.26,184
Terra Ferma Trading Inc.,5489.76,1
Ineos Automotive,5479.7699999999995,63
Agco Sp A,5467.59,67
Ingenio Jose Maria Morelos S.A. D,5466.0,2
Polar Fruit International S.A.,5463.05,21
Ingenio El Molino S.A. De C.V.,5458.0,1
Virgin Voyages,5457.4,926
Dcoop S.Coop And. Ctra De Cordoba,5427.06,13
Man Truck & Bus Ag,5395.92,49
Brasilmad Exportadora S Arua,5370.58,8
Power Electronics Espa A Sl,5344.2,38
Terex Moses Lake,5288.76,28
Surya Roshni Ltd.,5285.34,8
Cap Agro,5283.32,22
Bmw De Mexico S A De C V,5266.97,101
Qingdao Baditu New Energy Technolog,5262.46,4
Integra Us Marketing Llc,5249.8,2
Tata Steel Int (Americas) Inc.,5230.0,2
Jiangyin Xingcheng Magotteaux Steel,5207.2,4
Cj International Brasil Commercial,5200.0,2
Fresh Fruit,5199.77,8
Lotus Ege Tarim Ticaret As,5198.98,2
Smartply Euorpe Dac,5182.5,1
Cepsa Quimica Becancour Inc.,5175.42,3
Co. Ia Minera Autlan S.A.B. De,5172.0599999999995,4
Toyota Tsusho Corp.,5163.84,7
Tcc Steel Corp.,5160.5599999999995,13
Lekoil Lekoil Oil And Gas,5150.0,2
"Nissei Plastic Industries Co., Ltd.",5133.6,35
Lm Wind Power Blade Canada Inc.,5119.6,18
Ingenio Chaparrastique Sa De Cv,5115.0,3
Toyota Tsusho Korea,5104.3099999999995,33
Adani Wilmar Ltd.,5103.58,14
Mewah Oils Sdn.Bhd,5102.24,10
Calidra De Oriente Sa De Cv,5077.53,1
Skoda,5063.7,74
C.I. De Azucares Y Mieles S.A.,5048.04,3
Braskem S A,5040.0,1
"Takeuchi Mfg. Co., Ltd.",5027.44,32
"Nissan Motor (Thailand) Co., Ltd.",5018.86,18
Gebr Eigelshoven Gmb H & Co. Kg,5013.02,27
Fertistream Dmcc,5007.75,1
Confab Industrial S.A.,5006.83,6
"United Wax Co., Ltd.",5005.54,2
Pt Cisadane Raya Chemicals,5002.6,2
Repsol Petroleo S.A.,5002.0,2
Gokul Agri International Ltd.,5000.0,4
Consorcio Minero Dominicano,5000.0,1
Profertil Sa,5000.0,1
Bunge Argentina S.A.,5000.0,1
Faiyum Sugar Works Co 50 (8),5000.0,1
Pt Synergy Oil Nusantara,4999.82,2
Saudi Aramco Base Oil Co Luberef,4999.0,1
Pt Gadjah Ruku,4994.66,45
G&B Global Corp. For Industries Fzco,4994.55,1
Rio Amambai Agroenergia S.A.,4955.98,3
Pinago Utama,4927.38,48
Cooperativa Do Agronegocio Dos,4917.84,3
Ag Der Dillinger Hüttenwerke,4916.4800000000005,30
Chalco Qingdao International,4915.62,4
"Ace Metal And Powertech Co., Ltd.",4914.51,44
"Nissan Trading Co., Ltd.",4908.49,22
"Feng Hsin Iron & Steel Co., Ltd.",4901.54,88
Terex Gb Ltd.,4845.37,135
Ebner Industrieofenbau Gmb H,4835.0,63
Pacific Sugar,4830.1,1
Caf,4822.4,14
Tricon Energy Uk Tricon Energy Ltd.,4814.98,2
"Liugong Machinery Co., Ltd. (Hk)",4814.28,39
Dhl Global Forwarding Sp A In S.L.U.,4804.55,3
Yar Norge Asa,4801.6,2
Scania Cv Ab Unit0055,4798.36,37
Young Poong Corporation Sukpo Z Inc.,4794.12,2
Renkert Oil Llc,4793.78,1
Herbert Handlos Ges Mbh,4790.7300000000005,18
Soilmec S.P.A.,4777.79,105
Indorama Ventures Oxides Llc.,4773.41,5
Corp. Of Hamilton,4763.0,1
Kanematsu Logistics & Insurance Ltd.,4728.6,58
Faiyum Sugar Works Co.,4700.0,1
Lanxess Deutschland Gmb H,4698.280000000001,4
"Ge Energy Hangzhou Co., Ltd.",4687.34,74
Ge Power Systems Korea,4667.9,4
"Hangang Metal Co., Ltd.",4655.16,14
"Wirtgen India Pvt., Ltd.",4643.36,115
Central La Provindencia Sadecv,4630.0,2
Bobst Mex Sa,4604.83,108
"Bumhan Mecatec Co., Ltd.",4587.84,6
Central Progreso S.A. De C.V.,4587.0,2
Kia Slovakia S.R.O.,4580.74,40
Qingdao Mcdermott Wuchuan Offshore,4574.9,1
The Japan Steel Works Ltd.,4574.110000000001,61
Azimut Benetti Sp A,4554.1,121
Cia De Ferro Ligas Da Bahia Ferbasa,4546.0,13
W6 Jk Mnc1 Tm 9 International,4545.74,116
Pacfic Steel (Nz) Ltd.,4534.64,2
"Yantai Hyundai Heavy Industries Co., Ltd.",4532.66,6
W3 H5 837 Th Us Army Trans Bn,4528.38,24
Stomana Industries Sa,4504.0,6
Apeiron Bioenergy Indonesia,4493.0,1
"Lpn Plate Mill Public Co., Ltd.",4491.799999999999,6
Faymonville Distribution Ag,4490.01,125
Sumitomo Metal Logistics Service,4487.9,40
"Shanghai Hilong Drill Pipe Co., Ltd.",4486.4800000000005,13
Pt . Aksha Karunia Mill,4470.98,47
Worthy Park Estate,4450.0,1
Mitsubishi Chemical Uk Limted,4446.06,2
"Korea Z Inc. Co., Ltd. Onsan Comple",4439.96,2
Good Hope Marketing (Pty) ) ) Ltd.,4421.26,76
"Chang Won Bending Co., Ltd.",4408.59,23
Agro Industrial Paramonga S.A.A.,4395.0,1
Nantong Nyosung Transformer Co. Lt,4391.92,27
Cyrian International Sa,4375.0,16
"Puyang Refractories Group Co., Ltd.",4364.66,5
Pt . Hutan Makmur Indonesia,4357.13,20
Bananera Calinda S.A.,4354.04,50
Simwon Tech Inc.,4345.33,3
Ferriera Valsider Sp A For,4342.34,4
Sucafina Colombia Sas,4341.39,94
Destilaria Agua Bonita Ltda,4333.16,4
"Avaco Co., Ltd.",4325.4800000000005,26
"Trizmon International Pte., Ltd.",4314.83,4
Toyotamotor Corp.,4308.099999999999,10
Golden State Corp.,4293.14,51
Hantech Ltd.,4289.15,14
Govlog Nv,4275.52,1015
Cooperative Agricole M'brouka,4267.79,67
"Sewon Cellontech Co., Ltd.",4260.44,11
Thyssenkrupp Electrical Steel Gmb H,4253.34,14
Ningxia Yongshengyuan Carbon Co. Lt,4252.72,4
Agrolmos Sociedad Anonima,4250.0,2
Larpen International Trading Ltd.,4242.36,14
"Gac International Co., Ltd.",4228.8,7
Prensas Schuler Sa,4228.69,4
"Tung Mung Development Co., Ltd.",4219.33,42
Schuler Pressen Gmb H,4219.33,75
Ingenio Chaparrastique S.A. De C.V,4218.0,1
"Hongyun Mineral Co., Ltd.",4208.4,2
Mercer Peace River Pulp Ltd.,4207.65,22
Hmc Chile S.A.,4203.1,65
Bns Agro Industries Sarl,4201.86,23
Allchem Industries,4201.719999999999,4
Sjc Bioenergia Ltda,4198.41,3
Oxyde Chemicals Europe Bv,4194.0,4
Bepro Gmb H & Co.Kg,4192.24,12
Khumho P And B Chemicals Inc.,4191.16,2
Valcovny Trub Chomutov A.S.,4178.65,36
Orangeoils B.V.,4175.96,1
Csc Steel,4140.860000000001,5
Pt Apical Kao Chemicals,4133.860000000001,4
Seahbesteel Corp.,4129.0599999999995,4
Pack Orange,4122.42,53
Maschinenfabrik Berthold Hermle Ag,4117.45,210
"Cs Wind China Co., Ltd.",4116.08,2
Fagor Arrasate S Coop,4115.79,10
Africa Sourcing,4100.0,19
Hyundai Corparation,4093.88,2
Q4000,4088.0099999999998,44
Baoding Great Wall International Tr,4083.78,11
Eurenco,4080.34,2
Frigorifico Canelones S A,4078.48,2
Hitachi Energy Turkey Ihracat Tic,4066.84,10
Zhengzhou Coal Mining Machinery,4046.06,2
"Millenium Oil And Gas Co., Ltd.",4046.0,2
Dmg Mori Pfronten Gmb H,4044.65,140
Oceania Cruise Lines,4044.57,620
Shell Eastern Chemicals (S),4040.0,2
Pt . Bintang Agung Persada,4036.88,43
Asia Material Technology Ltd.,4015.0,3
Farabi Yanbu Petrochemical Co Vat,4013.7599999999998,2
Ldi Resources Ltd. (Hk),4010.01,10
Fluorsid Sp A,4008.0,2
Nkg Kala Hamburg Gmb H Hohe Scha,4006.84,63
"Yeochun Co., Ltd.",4005.98,2
Akrema France,4004.1,4
Sc Global Coco Products Inc.,4000.12,1
Arauco Europe Cooperatief U.A.,4000.08,2
Kl Kepong Edible Oils Sdn Bhd,4000.06,2
Pt Damco Indonesia,4000.0,2
"Fx Minerals Pte., Ltd.",4000.0,8
Padang Raya Cakrawala,3999.95,1
Olleco Battlefield Road,3999.0,2
Unifer Siderurgia Ltda,3998.0,2
Prosal S.A.,3995.4,1
K&S International (Singapore) Pte. Ltd.,3995.0,2
Mondi Hinton Inc.,3989.51,18
Pt . Sari Dumai Oleo,3984.0,2
Micstom Srl,3983.04,6
Dairen Chemical Corporation,3982.1,4
"D'hondt Thermal Solutions Co., Ltd.",3976.33,17
Hld Clark Steel Pipe Co. Inc.,3961.89,10
W5104 L,3958.14,34
Delmax Trading Corp.,3951.53,1
Manitowoc Crane Group Italy Srl,3946.92,95
Ichikawa,3944.64,221
Sesco Trans For Developed Logistics,3944.48,40
Nordex Energy Spain Sau,3943.39,11
Sentolia,3920.0,10
"Caterpillar Inida Pvt., Ltd.",3919.88,4
Pjsc Kuibyshevazot 6,3916.51,1
"Dalian China Minerals Co., Ltd.",3909.0,2
Hyundai Glovis,3904.6800000000003,4
Proggan Eu B.V Veerkade,3890.0,1
Flender Gmb H,3885.39,22
Oq Chemicals Corp.,3870.46,6
"Doosan Enerbility Vietnam Co., Ltd.",3861.5400000000004,9
La Farge Canada Inc.,3856.45,1
Nissan Motor Manufacturing (Uk) Ltd.,3856.11,39
Aprile Sp A Head Office,3852.86,4
Edge Innovate Ltd.,3846.37,97
Schwing Gmb H,3846.1,159
Heinrich Holtmeyer & Sohn,3819.91,15
Master,3804.57,57
Cpc Corp.,3802.63,1
Viterra Bioenergia Sa,3800.0,2
Sandvik Mining And Construction,3798.74,96
Kubota Farm Machinery Europe Sas,3796.27,333
Vestas Wind Technology (China) Co.,3781.78,1
Everseason (Pty) ) Ltd.,3780.4900000000002,38
Louis Dreyfus,3768.8,1
Cfhi Tianjin Heavy Industries,3766.33,13
Industrial Madeireira Litoral Ltda,3764.92,10
Marubeni America Corp. Los,3756.4399999999996,4
Energia Madeiras Industrial E Comercial Sa,3754.58,2
William Hare Uae Llc,3750.25,8
Societe De Valorization Du Cacao,3750.0,17
Mccloskey International,3741.69,98
"Jjsteel Co., Ltd.",3736.39,26
Asil Celik Sanayi Ve Ticar,3716.0,10
"Taihan Cable & Solution Co., Ltd.",3710.4799999999996,4
Stonetec Trading Ltd.,3708.2,11
Richards Bay Mining (Pty) ) ) Ltd.,3706.2400000000002,3
Compania Azucarera Valdez Sa,3701.0,1
Jalles Machado Sa,3694.89,1
Adige Sys Sp A,3692.57,110
"Agroindustrias Unidas De Mexico, S.A. De C.V.",3690.41,43
"Hong Kong Topway Trading Co., Ltd.",3684.56,2
Ald Vacuum Technologies Gmb H,3679.59,42
Pt Energi Selartern Mas,3673.46,4
Cartavio S.A.A.,3662.0,1
Aka Ltd.,3652.02,1
Vestergaard Co. A S,3648.11,91
Tristao Companhia De Comercio,3646.86,41
Ceva Logistics Netherlands Bv,3635.14,166
Atvos Bioenergia Eldorado Sa,3631.42,2
Sagewerk Schwaiger Gmb H & Co. Kg,3628.18,2
Swift And Co. Trade Group,3606.0,1
Celena Aumentos S A.,3599.09,3
101 Acidchem Sdn Bhd,3595.92,6
"Amitasha Enterprises Pvt., Ltd.",3589.12,7
Bauer Maschinen Gmb H,3580.36,73
Rettenmeier Holzindustrie,3580.22,4
Refineria De Grasas Sudamericana,3580.0,2
Jalles Machado S.A.,3569.0200000000004,4
Seven Arctic,3554.7599999999998,2
Alliance Steel (M) Sdn.Bhd,3550.67,5
Hyundai Rotem Co.,3540.8,15
Maschinenfabrik Bernard Krone Gmb H,3511.62,162
Pt Kirana Permata,3501.27,39
Keck Seng (M) Berhad,3501.0,4
Pt . Kenertec Power System Jl. Raya,3495.02,2
Synsol Ag,3490.32,1
Bobst Lyon,3489.4,63
Tosoh Corporation,3487.21,179
Yantai Jereh Petroleum Equipment,3477.89,36
Chart Cryogenic Engineering Systems,3477.6,7
Kubota Corporation,3471.7799999999997,58
"Ihsedu Agrochem Pvt., Ltd.",3470.44,13
Avl Mfg. Inc.,3461.7599999999998,72
Laminoirs Des Landes Sas,3452.8,8
Agro Bulk Marine Corp.,3448.97,1
Actividades Oleicolas S.A.,3448.94,15
West Auriga,3447.4300000000003,127
Nmtc Bv,3445.87,48
Alchemia S.A.,3427.4,36
Ford Otomotive Sanayi As For The Ac,3423.2,76
Ab Karl Hedin Sagverk,3418.1400000000003,4
Kpx Chemical,3405.5,2
Western Neptune,3405.09,39
Aida Engineering Ltd.,3403.96,18
Scania Production Angers,3403.82,50
W3 Sy 840 Th Us Army Trans Bn,3398.2200000000003,31
Pt Suzuki Indomobil Motor,3394.5,87
Benteler Steel Tube Gmb H,3394.44,71
Sarens Spain Sl,3382.12,2
M.F. Wirth Rail Corp.,3376.2,52
Harbin Electric International Co.,3372.92,2
Usina Nova Galia Ltda,3366.88,2
Usina Caete Sa,3361.0,1
Graincorp Operations Ltd.,3357.01,10
Mitsui & Co Global Logistics Ltd.,3343.2,2
Konecranes Gmb H,3342.92,12
Van Hool Nv,3339.1,29
"Kem Solutions Co., Ltd.",3333.86,2
Imperial Oil Canada,3323.9,1
Claas Tractor Sas,3322.34,91
"Halima Pipe Co., Ltd.",3303.72,10
Seaspan Energy.,3302.0,1
"Onaga Shoji Co., Ltd.",3292.73,124
Ingen La Union S.A.,3282.0,1
Talos Productions Llc,3272.46,31
Andrewex Tvarskog Timber Ab,3264.8900000000003,17
Tsp Precision Steel Tube Mfg.,3263.85,10
Gestamp Wind Steel Pernambuco,3259.3499999999995,5
Same Deutz Fahr Deutschland Gmb H,3253.61,45
Hitachi Energy Sweden Ab,3247.33,5
Canfor Pulp Ltd.,3245.56,23
Senbra Industrias E Comercio,3241.2200000000003,10
Arabian International For Steel,3214.7799999999997,2
Avic Sac Commercial Aircraft,3212.2,607
Bauza Export Ltda,3211.01,40
Liebherr Hydraulikbagger Gmb H,3208.5,72
Central San Miguelito S.A. De C.V.,3200.0,2
Unifuji Sdn Bhd Jendarata Estate,3198.8,6
A.Hartrodt Deutschland (Gmbh&Co) Kg,3192.3599999999997,47
Usa Usina Siderurgica Atlas S A,3192.0,2
A L G Marketing (Pty) ) Ltd.,3186.88,34
Prco Yingkou Magnesia Refractories,3161.28,4
Fr. Meyer's Sohn (Schweiz) Ag,3159.55,9
Compensados Relvaplac Ltda.,3158.0,5
"Shandong Chengfa Feed Co., Ltd.",3154.9700000000003,12
Confab Industries S.A.,3154.12,6
"Lx Pantos Logistics Co., Ltd.",3146.0,20
Hierros Y Carbones S.A,3144.2799999999997,11
W6 Hk E2 S Pbt Elev,3141.08,74
Nydala Travaru Ab,3136.56,10
Holawerk Baur Gmb H,3127.0,6
Ingenio De Huixtla Sa De Cv,3124.0,2
Intercontinental Shipping Ltd.,3123.81,2
Union Electric Steel Uk Ltd.,3122.7599999999998,90
Jg Anderssons Soner Ab,3108.36,10
"Nordex India Pvt., Ltd. On",3101.12,2
Krauss Maffei Technologies Gmb H,3099.19,25
"Advance Fiber Co., Ltd.",3098.2200000000003,13
"Ajube Steel Co., Ltd.",3096.12,8
Hafnia Pools Ltd.,3094.0,8
"Aeolon Technology Co., Ltd.",3090.0,11
Unagro S.A.,3088.31,1
West Vela,3084.3500000000004,24
Fortune Electric Extra High Voltage,3081.56,14
Nordex Energy Gmb H,3079.4500000000003,23
Combilift Ulc,3070.0,188
Toyotamotor Mfg De Guanajuato Sa D,3068.16,2
Coastal Petroleum Dominicana Sa,3064.0,2
Vallourec Tubes France,3062.73,121
Eurenco Groupe Snpe,3060.92,1
Hyundai And Shell Base Oil Co. Lt,3059.82,2
Agricola El Calvario S.A,3056.69,69
Qemetica Silicates S A,3052.5,1
Pt . Tata Metal Lestari,3048.22,1
Minerva S.A,3044.13,11
"Rongsheng Chemicals (Shanghai) Co., Ltd.",3044.0,2
"Benxi Baoworld Steel Pipe Co., Ltd.",3040.24,9
"Mk Steel Co., Ltd.",3037.46,4
El Comendador S A,3036.04,36
Hyster Yale Nederland B.V.,3035.27,68
Exportadora Unifrutti Traders Ltda.,3035.07,78
Dk Corporation,3031.27,61
Bapco Refining B.S.C. (Closed),3029.93,1
Empaphos S.A.,3029.84,3
Stanley Lafosse,3026.8,31
Bom Sucesso Agroindustria Ltda,3020.83,1
Pt . Pundi Indokayu Industri,3016.54,34
"Langfang Dylan Technology Co., Ltd.",3013.36,9
Onda Verde Agrocomerical Sa,3012.03,1
Stella Jones Corp.,3011.84,4
Pt . Remco Rubber Indonesia,3011.02,43
Qinghai Punai High Tech Materials,3010.73,3
Talison Lithium Ltd.,3009.0,2
Highball Trading Ltd.,3009.0,4
Scoabia Coop Ca,3000.0,9
Petronas Lubricants,2999.9,2
Bresfor Industria Do Formol Sa,2999.6,1
Providence Grain Solutions,2998.34,7
Brush Sem Sro,2993.49,39
Taminco Nv,2993.2200000000003,3
Manuchar Shanghai Chemical Distribu,2992.34,12
Fuji Oil Singapore,2992.29,3
Dow Europe Gmb H Plant F392,2990.0,2
Noksel Espana S A,2988.59,5
K Line Deutschland Gmb H,2988.34,1
Industeel France Site Creusot,2986.88,89
Shandong Hi Speed Building,2981.71,2
Cern Organisation Europeenne Pour L,2977.0,1
"The Siam Industries Wire Co., Ltd.",2975.58,6
Binderholz Nordic Oy,2974.18,7
Everbright Development Internationa,2973.3,6
Ingenio El Refugio S.A. De C.V.,2962.0,2
Express Global Bv,2961.5099999999998,69
Nialco Sa,2961.42,13
Gp Logistics Management Ltd.,2959.7,59
Fabtech International Ltd.,2955.78,12
Centeno International Ltd.,2953.59,15
Yongjin Metal Technology Vn Com Ltd.,2951.07,24
Societe Awahus Services (Sas),2950.0,14
Plaza Coop Ca,2950.0,8
Ingenio Azucarero Guabira Sa,2943.75,1
Ge Hungary Kft,2941.55,28
"Saic Motor International Co., Ltd.",2937.86,22
Hlds B Steel Sdn Bhd,2937.5099999999998,6
Milestone Chemical Tankers America Inc.,2928.24,42
Woodside Energy Ltd.,2924.35,2
Natural Juice,2918.52,7
"Metro M.D.F. Co., Ltd.",2914.09,17
Ozer Tic Ins. Malz. Ve Gida Mad.,2911.5,6
Linde Engineering North America,2911.0099999999998,16
Mcdermott International,2901.42,84
Cj Global Logistics Service Inc.,2899.66,2
Ds 16,2886.26,15
Saarstahl Rail,2885.54,2
Cern European Organization,2883.16,1
"Teck Bee Hang Co., Ltd.",2880.8199999999997,12
Toyotsu Machinery Corp.,2874.62,29
"China Material International Co., Ltd.",2865.8199999999997,10
Tcl Technology And Engineering,2864.92,37
Kumho P&B Chemicals Inc.,2861.86,2
Exportadora Norfrut (Chile) Ltda,2849.32,62
"Thaihua Rayong Rubber Co., Ltd.",2843.68,9
"Ewha Machinery Co., Ltd.",2836.48,13
Stat D'emballage Kabbage Souss,2830.05,42
Lady Lab Co Mcdermott Inc.,2825.95,45
Telestack Ltd.,2823.8,74
Terberg Benschop B.V.,2821.41,85
Magyar Suzuki Corp. Ltd.,2820.11,80
Holz Ruser Gmb H & Co.Kg,2800.12,8
Taixing Sunke Chemicals,2792.0,2
Praj Indusstries Ltd.,2787.24,4
Ci Union De Bananeros De Uraba Sa,2779.96,23
Anno Chemicals Usa Llc,2772.0,2
Siam Sugar Exp. Corporation,2771.8,1
"Thaimac Str Co., Ltd.",2769.2200000000003,37
"Integrity Exp. Co., Ltd.",2764.52,604
Iljinsteel Corp.,2762.86,9
Comercial Pronto Exp. Ltda,2756.39,63
Bio Etanol S.A.,2754.63,1
Brice Environmental Services Cor,2748.75,4
Volvo Compact Equipment Sas,2746.41,327
Shouguang Topbon Imp. & Exp. .,2745.24,1
Island Intervention,2744.7000000000003,17
Surface Deployment & Distr Command,2744.2999999999997,22
Ceva Logistics Ground & Rail France,2744.07,31
Claas Global Sales Gmb H,2742.97,159
Rubble Master Hmh Gmb H,2741.93,71
Agricompany Druzhba Ltd.,2741.48,6
Thl Tube And Pipe Industries Llc,2740.2799999999997,18
Kozakli Tarim Urunleri Tic Ltd. Sti,2735.2,8
"Shah Infra Towers Pvt., Ltd.",2732.44,7
Saudi Steel Pipe Co.,2727.4,2
Komatsu Ntc Ltd.,2724.68,30
Ferretti Group Of America Llc,2722.6,66
Mitsubishi Motorscorporation,2720.02,2
Usina Enersugar Sa Acucar & Alcool,2714.65,3
Auriga,2708.13,15
Ris S.A.,2701.7,2
Bredero Shaw Mexico S.A. De C.V.,2681.98,3
Intimex Myphuoc,2680.01,18
Semences Prograin Inc.,2675.5299999999997,22
Thaitech Rubber Corp. Ltd.,2674.74,47
Mazdamotor Corp.,2674.42,4
Santagata 1907 Sp A,2674.4,8
"Houpu Global Clean Energy Co., Ltd.",2673.92,2
Gvn Fuels Ltd.,2660.36,10
Crown Sino Enterprises Ltd.,2658.54,7
Siemens Energy Austria Gmb H,2657.8,18
Toray International Inc.,2654.02,18
"Hangzhou Byd Auto Co., Ltd.",2651.46,17
Exportadora Agua Santa Sa,2644.41,87
Cargo Dragon International Logistics Co. L,2640.62,6
Legend Yacht Transport,2640.2,23
Kurekss Sia,2637.27,1
Galeon Sp Z.O.O Sp.K.,2635.28,165
"Ulp Co., Ltd.",2628.05,13
"Cyu International Co., Ltd.",2621.96,3
Yildiz Bemir Celik Sanayi A.S.,2618.0,1
Volkswagen Transport Of South Ameri,2612.58,24
Sociedad Punta Del Cobre S.A.,2605.82,6
Concepcion Sociedad Anonima,2603.34,2
Timbro Trading Sa,2600.0,2
Arcelor Mittal Commercial Rps S.A.R.L.,2599.22,21
Mobil Chemical Products,2594.0,4
Ceva Logistics Netherlands B V,2587.8,106
Eew Steel Trading Llc,2584.8799999999997,18
Pernod Ricard Mexico,2579.14,61
Preacero Pellizzari Mexico Sa De Cv,2575.8900000000003,6
Hbt Gmb H,2574.86,14
Pt Sinar Wijaya Plywood Industries,2573.01,18
"Samma Eng Co., Ltd.",2566.8,6
Flexsys Chemicals Belgium Nv,2566.16,28
Usina Batatais Sa Acucar E,2562.81,1
Nissan North America,2550.16,42
Zaklady Chemiczne Rudniki S.A.,2549.7,1
Nmuk,2544.8,77
"West Fraser Timber Co., Ltd.",2543.4399999999996,7
Hyosung Heavy Industies Corp.,2537.28,4
"Ajin Industrial Co., Ltd.",2536.48,6
Huaibei Xinxing Huangyuan New,2531.9,1
Nobian Industries Chemicals Bv,2530.0,2
Can Pro Ingredients Ltd.,2501.1,14
M T Nord Sustainable,2500.9,2
Ingenio Central Azucarero Jiboa Sa,2500.0,1
Ingenio La Magdalena S.A. De C.V.,2500.0,1
Pt Giliandra Perkasa,2499.93,2
Pt Global Amines Indonesia,2499.84,4
Cyd International S.A.,2495.66,117
Aceites Garcia De La Cruz,2494.98,11
Blue Trade Comercial Exp. E,2493.92,4
Kofo Bv Tractor Centre,2492.96,40
Compania Industrial Azucarera San,2492.75,1
"Fortune Electric Co., Ltd.",2487.1,24
Austral Oils America Ltda,2481.7400000000002,9
"Bollore Logistics China Co., Ltd.",2478.63,5
Cosmetique Active International,2477.99,201
Pt. Pancasamudera Simpati,2475.0699999999997,37
Sucden Ci,2475.0,14
Ineos Oxide,2472.0,4
Audi Mxico S.A. De C.V.,2466.2400000000002,74
Orano Nps,2451.84,2
"Bermuda Electric Light Co., Ltd.",2449.0,1
Sun Mermer Tur. Tic. Ltd. Sti.,2448.0,1
Technip Norge As,2446.76,2
0001 Av Hhc Hhc Combat Avn,2444.13,21
Zeppelin Baumaschinen Gmb H,2439.26,118
Pointer Investment (Hk.) . Ltd.,2436.5,2
Swlft Argentina S.A.,2435.88,2
Pt. Bintang Gasing Persada,2429.83,24
Phillips 66 International Trading,2428.0,2
Fracht Do Brasil Logistica Ltda,2426.2,14
"Jeil M&S Co., Ltd.",2420.71,29
Sh Audi Mexico Sa De Cv,2418.33,53
John Deere Walldorf Gmb H&Co.Kg,2416.88,50
Cnh Industries Brasil Ltda,2413.41,51
Seven Seas,2410.37,25
Bell Equipment Company Sa (Pty) Limited,2408.88,15
Msc Divina,2408.22,136
Hexion Vad B.V.,2408.0,2
Bridge Petroleum 1 Ltd.,2405.0,1
Basf Polyurethanes Gmb H,2401.6,2
Exportadora Del Atlantico,2401.42,3
Celena Alimentos Sa,2399.7,2
Intercontinental Specialty Fats Sdn,2398.92,4
Samha Sewon Hightech Vehicle,2382.88,1
Fast Loccitec S A De C V,2379.22,32
Fca Usa ( Low Sulphur Surcharge),2377.88,4
Nippon Express De Mexico Sa De Cv,2377.44,2
Agroindustrias Solcace Sac,2376.0,2
Caterpillar (Qingzhou) Ltd.,2370.7799999999997,128
Furukawa Rock Drill,2369.95,71
Keestrack Cz,2368.9,61
Frey A S,2358.16,2
Bonne Nature Smc Ltd.,2356.58,17
Komptech Farwick Gmb H,2352.62,106
Wartsila Finland Oy Energy Business,2338.14,4
Imt International S.P.A,2336.7200000000003,48
Wp Fresh Distributors (Pty) ) ) Ltd.,2328.84,8
Larpen Inernational Trading Ltd.,2326.96,5
"Ngu Surimix Co., Ltd.",2323.1,46
Tubacex Service Solutions,2320.2599999999998,256
Tianjin New Asia Prosperity,2317.04,2
Marinetek Adriatic D.O.O.,2316.98,4
Borges Industries De Madeiras,2310.76,5
Liberty Steel Hartlepool,2306.88,3
Aceites Canoliva Sl,2303.56,8
Global Prime Brasil Com Exportadora,2302.94,16
Aktien Gesellschaft Der,2299.83,9
Seaway 7 Germany Gmb H,2288.31,4
Prolec Ge Brasil Transmissao De Energia Sa,2285.92,8
Pinas Organicas Del Bosque S.A,2279.35,137
Stolt Tank,2279.08,69
Atlas Copco Airpower Nv,2268.55,204
Island Steel Fabricators,2267.96,1
Voestalpine Giesserei Linz Gmb H,2266.86,28
Liebherr Mcctec Rostock Gmb H,2263.71,6
Changan International Corporation,2262.88,19
Nt Liftec Oy,2257.65,11
Global Metal & Investment Hk,2255.36,2
Tunihuile S.A.R.L.,2250.0,7
Refineria Del Centro Sa,2249.08,4
Caterpillar Americas Sarl Route De Frontenex 76,2248.96,64
Vdl Van Hool Belgium Bv,2239.94,16
Intl Feed,2238.63,10
Seametal San Ve Dis Tic,2236.04,12
"Datong Metals Co., Ltd.",2227.67,13
Industeel France Site Loire,2226.9300000000003,25
Ferromac International Nv,2226.21,2
Ktr Cranes,2224.0299999999997,25
Ube Corp.,2219.46,19
"Alexander Marine Co., Ltd.",2213.37,16
"Bondada Green Engineering Pvt., Ltd.",2213.28,2
Bgh Edelstahl Siegen Gmb H,2212.61,33
Skarabogs Traforadling Ab,2202.87,2
Aceutera El Real Sa Rotondo,2200.98,1
Tricon Energy Netherladns B.V.,2199.82,1
Aceitera El Real,2197.79,1
"Eew Korea Co., Ltd.",2190.54,5
Komatsu Industries Corp.,2189.84,112
Randon S.A. Implementos E Participacoes,2170.3199999999997,8
Tatmetal Celik Sanayi Ve Ticaret,2169.9,11
Jan De Nul Nv,2166.71,1
Pushpak Steel Industries,2165.6,2
Hong Kong Jin Lv Industry Ltd.,2165.4900000000002,5
Abb Switzerland Ltd.,2163.5,15
Pt Djambi Waras,2162.9,27
Estalerio Jurong Aracruz Ltda,2159.02,2
Flannery Plant Hire Ltd.,2151.94,39
Ilsung Hisco,2151.81,4
Molenbergnatie Nv Noorderlaan 12 2030 Antwerp Belgium,2141.68,10
Pmb Silicon Sdn. Bhd.,2141.0,5
Celena Alimentos Sa Endereco Rua,2137.26,2
Sicim Canada Ltd.,2136.99,6
Ineos Phenol Gmb H % Ineos Europe,2132.45,1
"Shijiazhuang Jackchem Co., Ltd.",2127.92,24
"Jason Energy Technologies Co., Ltd.",2119.8,11
Bbc Chartering & Logistic,2113.52,33
Island Timberlands Ltd. Partner,2102.3,2
Sansung C And T Corp.,2100.0,4
Janex S.A.,2098.2799999999997,4
Huntsman Holland B.V.,2096.34,1
Pt Sari Duma! Oleo,2090.0,1
Volvo Truck Corporation,2089.58,35
Sumitomo Corp. Korea Ltd.,2086.48,6
"Nippon Trading Co., Ltd.",2084.44,48
Pacific Coast Auto Imp.,2082.56,833
Sasol Germany Gmb H,2079.3,4
Sea Cargo Logistics Sa De Cv,2078.2999999999997,14
Exportadora Los Lirios S.A.,2075.9,31
Snt Energy,2067.7200000000003,5
Pacific Sowa Corp.,2066.7200000000003,31
Howe Sound Pulp And Paper Corp.,2060.2799999999997,4
Eurenco France Groupe Snpe,2056.95,1
Sf Marina Ab,2056.0,6
Thyssenkrupp Hohenlimburg Gmb H,2055.71,26
Wisco Group Xiangyang Heavy,2053.59,5
Dw Invictius,2051.33,18
Probyn Log Ltd.,2034.48,3
Terex South Dakota,2031.34,14
Pt Sengon Indah Mas,2027.69,25
Shimabun Corp.,2021.74,1
Kuehne And Nagel (Ag And Co.) Kg,2016.4,3
Metaldom S.A,2014.6,4
Tetsusho Kayaba Corp.,2014.3,28
Minera Spence Sa,2014.24,4
Sumisho Metalex Corp.,2009.13,76
Yunnan Phosphorus Chemicals Group,2006.0,2
Fertilizers & Chemicals Ltd.,2004.49,1
Alimentos Santa Rosa S.A.,2002.0,2
"Raruthi Engineers Pvt., Ltd.",2001.9,2
Vnsteel Phu My Flat Steel Co.,2001.33,5
Vego Enerj San. Ve Tici Sisternleri,2000.24,1
Kineden Commodities Sa,2000.0,9
Farmosa Plastic Corp.,2000.0,2
"N.K. Protines Pvt., Ltd.",2000.0,2
Totalenergies E&P Uk Ltd.,2000.0,1
Trident Marine,2000.0,4
Ioi Global Sercices Sdn Bhd,1999.25,1
"Kandla Agro And Chemicals Pvt., Ltd.",1998.6,4
Guangxi Nanning Guoshuo,1997.93,1
Cia.Frutera Santa Maria S.A.,1997.71,63
Inpasa Agroindustrial S A,1995.0,3
"Harris Spice Vietnam Co., Ltd.",1994.76,83
Taminco Bvba A Subsidiary Of,1994.0,2
Fergubel Ferro Gusa Bela Vista,1994.0,2
Mannesmann Precision Tubes,1991.99,22
"Jupiter Dye Chem Pvt., Ltd.",1988.0,2
Global Transit,1980.5,3
Ingenio Azucarero Modelo S.A. De Cv,1979.0,1
Dairen Chemical Corporations,1977.68,2
Stenvalls Tra Ab,1973.47,7
Europe Steel Center,1972.74,4
Exser,1962.67,72
Hitachi Energy,1961.58,4
Grob Werke Gmb H & Co Kg,1954.29,42
Agir Global Dis Ticaret As,1952.0,5
Cepsa Quimica S.A.,1939.83,1
Shandong Steel Rizhao International,1937.24,16
Lady B,1935.78,24
Formosa Idemitsu Petrochemical Corporation,1931.3,2
Japan Car Direct,1930.07,1190
Ascometal Les Dunes Sas,1929.07,32
Linde Ag Engineering Division,1928.83,6
John Cockerill Trading (Beijing),1926.22,13
Exportadora Y Comercializadora,1922.0,31
Insugra S.A.,1919.24,3
Yamagin Corp.,1915.23,275
Proyectos Bananeros Del Atlantico S,1909.43,38
Saxon Leasing Co. (Pty) ) ) Ltd. North American Machinery,1908.78,1
Czarnikow Brasil Ltda,1908.4,4
"Itochu Singapore Pte., Ltd.",1901.06,2
"China Railway Shanhaiguan Bridge Group Co., Ltd.",1898.96,4
Grupo Azucarero San Pedro S.A. De,1897.0,1
Toyota Tsusho Corporation,1896.75,24
"Paruthi Engineers Pvt., Ltd. (Unit Ii)",1895.86,2
Market Place Commodities,1892.93,9
Uhy Pipe And Equipment Fze,1892.61,3
Sumitomo Construction,1891.0,12
Rettenmeier Holzindustrie Gmb H,1890.74,1
"Hartree Partners Singapore Pte., Ltd.",1890.0,2
"Ge Power Systems Vietnam Co., Ltd.",1889.05,2
Western Coast Enterprise Ltd.,1889.0,8
Linde Material Handling Gmb H,1881.38,41
Rolls Royce Motor Cars Ltd.,1877.22,86
"Milltech Co., Ltd.",1872.48,1
Putzmeister Concrete Pumps Gmb H,1866.6000000000001,90
"Henan Mingtai Al.Industries Co., Ltd.",1859.6399999999999,20
Cast Con Engineering,1845.9899999999998,11
Cargotec Finland Oy,1845.25,7
Starlite Development International Ltd.,1842.6,24
Pt Komering Jaya Perdana,1838.8899999999999,17
Liugong Machinery Co. (Hk),1835.02,12
"Iljin Electric Co., Ltd.",1830.21,21
Universal Tube And Plastic Industries Ltd,1827.1399999999999,8
Dodaac Cage W51 D14,1823.33,8
Alfons Koester & Co Gmb H,1822.0300000000002,10
Seah Steel Vinacorporation,1819.2,2
Exportadora Maitenal Limitada,1815.57,51
Msc Magnifica,1815.33,259
Tristao Companhia De Comercio Exter,1815.01,15
Riviera Australia (Pty) ) Ltd.,1811.0,53
D S Norden A S,1809.06,20
Liberty Bell Bay (Pty) ) Ltd.,1800.0,2
Pt Pantja Surya,1799.84,20
Toray International Singapore Pte L,1799.4,4
"Vm Industry Co., Ltd.",1795.1799999999998,2
"Desmet Shanghai Co., Ltd.",1790.96,4
Usina Sao Domingosacucar E,1785.03,1
Shi Fw Energia Fakop Sp. Z.O.O.,1783.45,4
Canox Corporation,1782.88,6
Noble Corp.,1780.8799999999999,74
Bahri Logistics,1780.0,2
Agricola San Luis De Yaquil S.A.,1777.4099999999999,65
Bonatti Canada Construction Inc.,1776.2,2
Contitech Australia (Pty) ) Ltd.,1776.0,8
Agco Internationalgmbh,1774.68,7
Chin Fong Machine Industrial,1773.08,4
Privi Speciality Chemicals Ltd.,1770.0,89
Pep Moveis E Madeira Ltda,1768.95,3
Andritz Hydro Gmb H,1768.57,27
Exportadora Geofrut Ltda,1765.12,82
Tana Oy,1764.96,36
Lausant Global Sa De Cv,1764.29,120
Dtx Inc.,1763.55,1
Borges Inda Stria De Madeiras Ltda,1760.02,10
0040 Ar Hq Co Stb Div,1759.82,8
Anshan Zizhu International Trd Co.,1759.1599999999999,4
Geodis Sco Netherlands Bv,1752.88,76
K And I Tubular Corp.,1748.7,109
"Sewon Precision Industries Co., Ltd.",1746.86,4
"Ihi Infrastructure Asia Co., Ltd.",1744.72,4
Tianjin New Asia Prosperity Proprie,1744.12,1
Loire Safe,1744.0,7
Scania Nederland B.V.,1743.8,52
Pt Ldc Trading Indonesia,1738.1000000000001,16
Eukor Car Carriers Inc. Eukor Non,1736.28,2
Citrus Development,1735.91,27
Alcatel Submarine Networks,1731.9299999999998,4
"Niigata Machine Techno Co., Ltd.",1731.66,58
Expeditors Finland Oy (Hel),1731.64,38
Mc Closkey International Ltd.,1728.44,48
Eneos Americas Inc.,1726.86,2
Tubos Deacero De Mexico,1724.78,4
Agencia Maritima Global Marglobal S,1720.0,2
Magnesita Mineracao Sa,1714.12,4
Mitsui & Co. Plant Systems Ltd.,1710.49,23
Daimler India Commercial Vehicles P,1709.94,6
Pt . Olam Indonesia,1709.23,19
"John Deere (Tianjin) Co., Ltd.",1705.78,24
Am North America International Llc,1704.6000000000001,6
Koil Metals Llc,1704.58,4
"Langfang Lanxing Imp. & Exp. Co., Ltd.",1703.43,3
Keck Sen (Malaysia) Berhad,1699.3,2
Komatsu Europe International N.V.,1696.18,37
Mt Eagle Tampa,1692.07,76
Hugo Trumpy Srl,1690.1,14
Bronto Skylift Oy Ab,1687.04,48
Hangzhou Sino Eagle,1685.7,70
Exportadora Frutas Del Huerto Ltd.,1672.7,60
Pt. Lingga Djaja,1671.28,9
Distribution Management Office,1669.63,66
Hyundaicorporation Head Office,1669.26,2
"Sebang Metal Trading Co., Ltd.",1666.6799999999998,12
Unicafe Companhia De Comercio Exterior,1663.7199999999998,9
Goldhofer Aktiengesellschaft,1663.12,53
"Himile Mechanical Science And Technology Co., Ltd.",1658.2,42
"Godrej & Boyce Mfg. Co., Ltd.",1655.75,11
Sociedad Elaboradora De Aceites Sed,1655.5,15
Cgx Resources Inc.,1650.44,4
Coop Ca Ecapr,1650.0,8
Sany Marine Heavy Industries Co. Lt,1649.48,42
"Toyokami Co., Ltd.",1649.1499999999999,59
San Martin Contratistas Generales S.A.,1648.36,4
Gontermann Peipers,1645.7,20
Pt Teluk Luas,1643.3,23
Chongqing Changan Automobile Co.,1641.5,6
Ovako Bar Oy Ab,1641.28,34
Gianfranco Righi Divisione Italtran,1638.14,35
Angang Group International Trade Corporation,1637.38,2
Braskem S.A. Bahia,1632.0,1
Compania Frutera Del Norte S.A.,1627.6399999999999,41
Dodaac Cage Mmk715,1626.16,33
"Funai Electric Co., Ltd.",1625.68,10
Deep Blue,1625.04,74
Alstom Transport India Ltd.,1622.76,14
"Sbt Co., Ltd.",1622.58,1269
Linha Atual Industries E Com. De Madeiras,1616.9,5
Deckel Maho Pfronten Gmb H,1616.4,46
Dodaac Md0411,1616.09,12
Logimpex Cargo S.A.S.,1614.84,14
"Hyupjin Shipping Co., Ltd.",1614.82,2
"Harris Freeman Vietnam Co., Ltd.",1609.73,63
Alleima Cz Spol. S R.O.,1608.28,8
Shanghai Prime Metal Trading,1607.77,1
Komori Corporation,1606.22,20
Del Monte Fresh Produce (Chile) S.A,1603.75,15
"Ares Merchants Pte., Ltd.",1599.99,1
"Taizhou Heao Imp. & Exp. Co., Ltd.",1599.37,7
Borsig Process Heat Exchanger Gmb H,1598.72,8
Cigisped Middle East Llc,1598.6,9
Hitachi Energy Spain S A U,1596.51,7
Providence Exp. S.A,1595.45,40
Marukai Corporation,1594.7,24
Pbbpolisur Srl,1591.57,1
Steel Depot Trading Inc.,1578.74,4
"Taewoong Logistics Co., Ltd.",1575.72,4
Siemens Energy Trnsformers Srl .,1568.25,26
Rocsa Colombia S.A.,1566.94,2
"Bumhan Vina Heavy Industries Co., Ltd.",1566.82,3
Ergon West Virginia Inc.,1562.46,6
W5859 X,1561.12,12
Nkg Stockler Ltda,1555.6999999999998,8
"Shandong Innta Steel Co., Ltd.",1555.03,8
"Bio Pharma Laboratories Pvt., Ltd.",1554.44,79
Lankhorst Euronete Portugal Sa,1554.06,2
Pt. Aneka Bumi Pratama,1554.03,30
Dmg Mori Seebach Gmb H,1553.97,97
Axopar Boats Poland Sp. Z.O.O,1553.32,98
Aperam Stainless Belgium Nv Sa,1552.36,58
Dodaac Cage Mx0131,1550.55,22
Tsea Transformadores E Servicos,1550.42,10
Kib Plug Energy,1550.0800000000002,5
Rio Verde Industria De Gorduras E,1548.23,1
Wheaton Grain Inc.,1544.54,7
Forgital Dembiermont,1542.99,52
Faros Industries De Farinha De,1541.0,1
"World Sugar Exp. Co., Ltd.",1529.4,1
"Pomina Flat Steel Co., Ltd.",1528.1599999999999,9
Servicios Multimodales Del Golfo,1526.74,28
"T.I.S.S. Co., Ltd.",1526.2,1
Empresas Lourdes S.A.,1515.77,34
Stellantis Auto Sas,1514.2199999999998,4
Tbea Shenyang Transformer Group,1513.81,4
Ksl Exp. Trading,1510.3,1
Metal One (Tianjin) Commerce Co. L,1507.22,2
W. Pilling Riepe Gmb H & Co. Kg,1504.52,28
Ton Yi Industrialcorp,1503.26,1
Stavian Industrial Metal Joint,1503.21,1
Adroit Overseas Enterprises Ltd.,1502.76,11
"Star Grace Mining Co., Ltd.",1502.4,2
"Davey Japan Co., Ltd.",1502.39,299
Manitowoc Crane Group France S.A.S.,1501.73,58
"Base Globe Trade Pte., Ltd.",1500.0,1
Z Inc. International S.A.,1500.0,3
Heneken Alloys And Minerals Sa,1500.0,1
"Kato Works Co., Ltd.",1499.5,33
"Yichang Marine Diesel Engine Co., Ltd.",1497.68,55
Mertech Marine (Pty) ) ) Ltd.,1497.45,1
L & T House,1494.85,3
K Steel Corp.,1492.6100000000001,11
Siemens Energy Brasil Ltda,1492.02,9
Ns Bluescope Vietnam Ltd.,1491.57,1
Quang Minh Coffee Trading Joint Sto,1490.8600000000001,12
New Globe Trading,1490.18,211
Turboden Srl,1485.96,2
Seat Sa On Belhalf Of Audi Ag,1480.52,18
Siemens Energy S.A.S,1480.1,15
Rucaray S.A.,1479.53,58
Fr. Meyer's Sohn (Switzerland) Ltd.,1473.48,4
Tung Ho Steel Enterprise Corp.,1472.61,1
Market Demand Fruits (Pty) ) Ltd.,1470.14,28
Cp Intertrade,1465.66,2
Compensados Fuck Ltda,1463.5,5
Casale Sa,1461.25,5
Arc Ukroliyaprodukt,1457.85,7
Boa Esperanca Industries E Com De Mad Ltda,1457.26,4
Mitsubishi Heavy Industries Compres,1456.08,9
Meever & Meever,1454.07,3
"Yuen Chang Stainless Steel Co., Ltd.",1452.84,2
"Tjyct Steel Co., Ltd.",1451.7800000000002,4
"Shenzhen Yingyi Trading Co., Ltd.",1450.0,1
Wartisle Finland Oy Energy,1447.08,2
Hoa Sengroup,1446.88,2
Echan International Trade Co.,1445.76,2
Usina Central Mata Sul,1445.38,2
"Nissanmotor Co., Ltd.",1444.78,12
Servicios De Elevacion Y Transporte,1444.26,2
"Senri Co., Ltd.",1442.23,3
"Metso Outotec New Material Technology (Shanghai) Co., Ltd.",1439.56,1
"Osaka Soda Co., Ltd. Tokyo Branch",1438.94,4
As Manutention,1438.8600000000001,14
Autocom Japan Inc.,1438.63,315
"Mt Co., Ltd.",1437.5,15
Govlog,1437.24,530
Tccsteel,1436.48,2
Nlmk Dansteel A S,1435.71,17
Iveco S.P.A.,1433.54,113
Pt . Gunung Raja Paksi Jl,1433.46,1
Pt Kirana Windu,1431.8700000000001,15
Abb Motors A.B.,1429.13,40
Robertson And Caine (Pty) ) Ltd.,1428.71,72
Fasa Comercial Exportadora Ltd.,1427.81,1
Parallloy Ltd.,1421.08,6
Upc Technology Corporation,1418.23,1
Loesche Gmb H,1416.25,9
"Nikkyo Co., Ltd.",1416.21,887
Milestone Holdings,1416.0,8
New World Global Llc,1413.42,1
Mafi Transport Systeme Gmb H,1408.25,34
"Shanxi Taigang Stainless Steel Co., Ltd.",1408.04,10
Regent Seven Seas,1404.43,322
Tong Le International Trading Co.,1403.8,3
Yingkou Shengcheng International,1402.8,1
Yingkou Shengcheng Intern'l Trading,1402.8,1
Compania Frutera Santa Maria S.A.,1401.18,40
Tcc Steel,1397.9099999999999,2
Millar Tractors Ltd.,1397.16,54
Dynapac Brasil Industria E Comercio Ltda.,1397.06,48
Del Trading Inc. East 719 Hanshin,1396.08,6
Illovo Sugar (South Africa) Ltd.,1395.94,9
Diageo,1394.88,37
"Anhui Jianghuai Automobile Co., Ltd.",1387.56,6
"Ohyama Co., Ltd.",1385.22,11
Dts Inc.,1380.4,7
"Hiho Light Metal Co., Ltd.",1379.19,5
Odfjell Tankers As,1378.69,229
Mitsubishi Heavy Industries Ltd.,1377.0,21
Db Thor,1375.29,1
Industeel France,1375.2,38
Ocean Blacklion,1374.5600000000002,3
Bkl Baukran Logistik Gmb H,1373.04,9
"Threeway Steel Co., Ltd.",1371.36,2
Kgl (Kul) Sdn Bhd.,1371.35,2
Huantie (Ningxia) New Materials Tech,1371.26,8
Zalar Fresh,1369.1599999999999,24
Cld Fencing Systems,1368.02,31
Tmeic Japan,1367.26,25
Lincs Machinery Sales,1364.72,34
"Paarang Co., Ltd.",1364.36,11
Erhardt Projects Sl,1364.25,5
Tomoe Engineering Co.,1357.51,5
Linqing Hengtai Metal Materials Co.,1356.46,2
Alberta Pacific Forest Industries,1354.76,10
Ed&F Man Volcafe Brasil Ltda,1350.43,20
Prince Minerals Sa (Pty) Ltd.,1350.0,1
Shanghai Zhanxi Intelligent,1349.64,16
W80 Ecz,1346.21,41
Hyundai Corp. Europe Gmb H,1344.95,6
"Cryolor Asia Pacific Pvt., Ltd.",1342.6,14
Cnood Asia Ltd.,1340.23,4
Shyam Ferro Alloys Ltd.,1340.0,7
Kronospan Osb Sp. Z O.O.,1337.88,1
Louis Dreyfus Co. Vietnam Tradi,1332.8799999999999,11
"Kia India Pvt., Ltd.",1329.53,117
Bergmann Maschinenbau Gmb H Co Kg,1324.27,57
Jouma Pack,1323.92,13
Hitachi Energy Brasil Ltda,1321.08,8
Cmb Pc Via Ocean Sas,1320.0,8
Flow Control Ltd.,1319.66,10
Madesonda Industria E Comercio De M,1318.6599999999999,2
Hangzhou Fortune Gas Cryogenic,1316.6,3
Subsea Vison,1315.7,27
Spe Epp Ii Centrans Electrical Ltda,1311.4199999999998,12
Hesteel Group Hengshui Strip,1304.6599999999999,2
Young Poong Corp.,1302.64,1
Wrs Hull Uk Ltd.,1302.52,22
Jindal Saw Ltd.,1302.34,5
Palm Oleo Sdn Bhd,1300.94,1
Ante Gmb H Co Kg Im,1300.11,1
Balk Yacht Management Ltd.,1300.0,4
Imerys Glomel,1300.0,1
"Changshin Steel Co., Ltd.",1299.6399999999999,13
Zihuatanejo Do Brasil Acucar E Alco,1295.0,1
Marmolis Dogaltas San. Ve Tic. A.S.,1295.0,1
"Katagiri Trading Co., Ltd.",1294.76,57
Hitachi Energy Canada Inc.,1294.16,2
Mitsubishi Chemical Engineering Cor,1290.3400000000001,10
Norddeutsche Seekabelwerke Gmb H,1289.04,6
Gebr. Heller Maschinenfabrik Gmb H,1288.15,54
Navsta Rota Spain N62863,1288.0,1
Uluslar Arasi Mad Ins Tar Ve Hay,1285.0,1
Inversiones Moncuri S.A.,1281.75,20
"Dalian Meihai Minerals Co., Ltd.",1277.25,4
Frutera Aguas Blancas Ltda,1276.89,27
Haicheng No.2 Talc Powder Factory,1275.59,1
"Ck Solution Co., Ltd.",1270.72,26
"Lee Rubber Co Pte., Ltd. Bukit",1270.36,7
Cnhi International,1268.6,36
Jiangsu A Jin Automotives Parts Co.,1266.54,1
Alken Maes Nv,1266.14,10
Changshu Longte International,1262.81,6
Murray Design & Engineering Ltd.,1262.22,35
Dlan Services Ltd.,1261.01,53
Buhlmann Rohr Fittings Stahlhandel,1260.56,14
Enercon Gmb H,1260.3700000000001,2
China Resources Chemical Innovative,1259.54,2
Grabya Srl,1258.56,3
Portama S.A.,1256.0,12
Adige Sp A,1255.31,32
Woodfield Baler Sp A Re Parts & Farm,1253.98,60
Tld Europe,1252.48,58
"Von Bundit International Co., Ltd.",1250.82,11
Dodaac Cage H0 K90,1250.2,5
Exportadora Fruta Austral Ltda.,1248.74,49
Mitsubishi Fuso Truck & Bus Corporation,1247.6,52
"J2 K Global Co., Ltd.",1246.4099999999999,3
Valmet Technologies,1246.18,19
Mtp Marine Ltd.,1242.0,6
Ocean Cable Solutions B.V.,1242.0,4
P & P Moveis E Confeccoes Ltda,1239.6,2
Tianjin Jinrun International Cargo,1239.52,2
"Tianjin Tianduan Press Co., Ltd.",1235.54,2
"Tgs Pipe Co., Ltd.",1234.71,30
Sandvik,1232.08,28
Man Energy Solutions Se,1232.04,14
Samsung C And Tcorporation,1231.68,6
"Cs Bearing Vietnam Co., Ltd.",1229.02,13
Primetals Technologies Germany Gmb H,1228.86,6
China Tianjin Heavy Industries Co L,1228.66,25
Ford Werke Gmb H For The,1224.65,29
Araguaia Industria Oleos E Prot S.A,1218.66,1
0082 Av Hhc Hhc Combat Avn,1218.28,53
Siempelkamp Giesserei Gmb H,1218.16,5
F. Zimmermann Gmb H,1216.74,18
Diversified International Transportation,1216.65,5
Doosan Enerbility,1216.01,3
Nguyen Minh Steel Group Joint Stock,1213.88,12
Zhoingtian Technology,1210.04,2
Bonatti Sp A,1209.3,14
"Nmt Shipping Pvt., Ltd.",1209.26,36
Casagrande Sp A,1206.4,31
Herrenknecht Ag Tunnel,1205.78,6
Winners Logics.Co. Ltd.,1204.31,10
Sociedad Agricola Cerro Campanario Ltda.,1204.3,12
Bollegraaf Recycling Machinery,1202.42,26
Brand Equipment B.V.,1199.2,35
Comptoir Euriental,1198.6,4
Lasco Umformtechnik Gmb H,1198.28,9
Comptoir Euriental Gida Tarim Urunl,1197.5,2
Hyosung Chemical Corp.,1196.6599999999999,3
0001 Cs Hhc Alasad Athp Iq,1195.6399999999999,14
W9053 Z,1195.37,19
Surtep Enterprises,1192.0,45
Wisco Group Xingyang Heavy,1190.81,2
Deepwater Atlas,1190.27,19
Hk Wanlong Industries Ltd.,1189.96,2
Crown Champion International Pte Lt,1186.58,3
0000 Hq Hhb Co B Intel And,1186.19,20
Fb4811 380 Elrs Lgrddc,1185.39,26
Cuel Ltd.,1184.59,4
Binderholz Bausysteme Gmb H,1182.1599999999999,4
Trioliet Bv,1180.64,71
Gerdau Summit Acos Fundidos E,1180.59,22
"Hk Power Co., Ltd.",1179.72,4
"Morooka Co., Ltd.",1178.94,43
Samsungc And T Corp.,1178.76,8
"(Sh) Nissan Motor Co., Ltd.",1177.02,2
Skn Caribecafe Ltda.,1172.01,17
(Exporter Id 796685956 Rm0001),1171.15,4
Raj Engineering Co Linde Engineerin,1170.3,4
Temas Industriales Sa,1169.55,1
Santos Ltd.,1167.34,2
Brasnile Industrial Ltda,1167.2,11
Caribbean Voyager,1166.46,32
Tmeic Corp.,1166.24,35
Canapolis Acucar & Etanol Sa,1164.95,1
Zent S.A.,1164.62,32
Atlas Fresh Sp A,1160.91,20
Casele Sa Via,1159.9,2
"Taihan Electric Wire Co., Ltd.",1154.4,2
Liebherr Exp. Ag,1151.23,23
Shell Canada,1150.0,1
Mercaoleo Sl,1148.81,5
Idra Srl .,1147.5,6
"J. And M. Shipping Co., Ltd.",1144.0,6
"Y T Rubber Co., Ltd.",1143.79,11
Gsn International Ltd.,1143.42,5
Desdobramento De Madeiras Santa,1142.3200000000002,2
Togo Organics Naturals Sarl U,1140.39,6
Wolffkran International Ag,1140.04,19
Walzengiesserei Coswig Gmb H,1139.9,13
Flm Sa ( (Pty) ) ) Ltd. T A Fvc Internat,1138.46,20
Viking Malt A S,1137.24,8
"Daming Heavy Industries Co., Ltd.",1134.17,23
Hyosung Tnc Corporation.,1132.76,4
Compensados E Laminados Lavrasul Sa,1130.0,6
"Hangzhou Jiahang Trading Co., Ltd.",1124.42,2
Jose Minetti & Cia Ltda Saci,1124.17,2
Jmie,1123.8,20
Onesubsea Do Brasil Servicos Submarinos Ltda,1121.32,20
Tadano Ltd.,1119.64,23
Sucden Colombia Sas,1117.02,22
Sandvik Ltd.,1104.5,25
Idesa Fabrications Sa,1103.38,2
Hq Hsc Mco Malaysia,1100.36,24
Taiyo Nippon Sanso Corp.,1100.16,7
Olympic Challenger,1097.71,24
Molenbergnatie N.V.,1097.52,7
Zoomlion International Trading (Hk),1097.34,10
Beck Pack Systems Inc.,1096.6200000000001,20
"Sennebogen Pte., Ltd. Asia Pacific",1095.96,34
Russula S.A.,1094.8700000000001,15
Changan,1094.74,3
W5085 F,1092.52,22
Officine Tecnosider Srl,1091.7,2
Peecon Peeters Landbouwmachines B.V.,1086.44,33
"Vrv Asia Pacific Pvt., Ltd.",1086.26,3
Mhwirth Gmb H,1086.0,8
Tsp Agro Sa,1083.58,14
"Far East Machinery Co., Ltd.",1080.7,26
Phuc Sinh Corp.,1080.6,6
Mascopex Jsc,1080.5900000000001,6
Dynapac Road Construction Equipment Ind,1079.2,14
Minerva Marine,1078.0,4
Tianjin Haoyu Century Imp.,1077.56,2
Soc. Agricola Cerro Campanario Ltda,1072.61,9
"Sugar Industries Trading Co., Ltd.",1072.6,1
"E Chemex Pvt., Ltd.",1071.2,3
One Water Yacht Group Fort Lauderd,1069.72,22
Mantos Copper Sa,1068.4299999999998,5
Kobe Steel Ltd.,1068.05,15
Jewell Especialidades S.A.,1065.3,6
"Young Steel Co., Ltd.",1065.16,26
Purefert Trading Ag,1064.0,1
Edge Innovate (Ni) Ltd.,1060.9,21
"Ruamkamlarp Exp. Co., Ltd.",1058.9,1
Montanhydraulik Gmb H,1057.72,21
Anaconda Equipment International Lt,1057.54,36
Vrv Srl Umipersonale,1057.44,4
Laminadora Centenario Ltda,1054.3,4
Luis A. Ducret & Cia S.A.,1053.12,10
Monette Seeds Ltd.,1050.66,6
Synthomer Deutschland Gmb H,1050.36,53
Timbro Trading S.A.,1050.04,2
"Akrema Pte., Ltd.",1049.48,1
Artrom Steel Tubes S.A.,1049.3899999999999,19
Graftech Comercial De Mexico S De Rl De Cv,1046.67,1
Diageo Usvi,1043.85,67
Pt Kilang Lima Gunung,1038.15,15
Metso Finland Oy,1037.46,18
Blue Forest Coml Exportadora E Imp.,1033.0,2
"Jj Steel. Co., Ltd.",1027.88,14
Abi Gmb H,1027.5,13
Fritz Studer Ag,1027.4,111
Kraton Chemical B.V.,1024.32,2
Pinus Brasil Agro Florestal Ltda,1022.09,2
Siemens Energy Global Gmb H & Co. Kg,1020.4000000000001,8
Petro Vietnam Steel Pipe Joint Stoc,1018.98,2
Trans Global Projects Logistics Pte,1016.8399999999999,2
Wooyang Hc Co 88 Poseunggongdan,1015.51,2
"Yisheng Dahua Petrochemical Co., Ltd.",1014.76,1
Louis Dreyfus Co. Mexico,1011.62,16
Siemens Mobility Gmb H,1011.1999999999999,36
Excel Trading,1009.68,26
Rodochapas Administradora De,1008.2900000000001,8
Usina Santa Clotilda Sa,1005.0,1
"Sankyo & Co., Ltd.",1004.61,43
Agrointegral Del Norte Sas,1004.0,3
Grupo Ferroatlantica S.L.,1003.55,1
Petroagro S.A.,1003.22,10
Hyundai Corp. Usa Houston,1002.14,2
Volvo Bus Corporation,1001.76,16
"Sonkamal Enterprises Pvt., Ltd.",1001.28,2
Ucm Holland Used Cranes,1000.95,8
Central Agro Industries Guatemaltec,1000.27,1
Akra Polyester S.A. De C.V.,1000.0,1
Gokul Agro Resources Li,1000.0,2
Ingenio La Magdalena S.A De C.V.,1000.0,1
Ioi Pan Century Edible Oils Sdn Bhd,1000.0,2
"N.K Proteins Pvt., Ltd.",1000.0,2
Adani Wilmer Ltd.,1000.0,2
"Golden Agri International Pte., Ltd.",999.76,2
Grimme Landmaschinenfabrik Gmb H & Co. Kg,998.58,53
Sc.Min Innovation,996.54,3
Absolute Sp A,994.71,35
Junttan Oy,993.44,16
"Zhuzhou Times New Material Technology Co., Ltd.",992.95,3
Vesta Asia Pacfic A S,991.16,2
Carpe Charter Ltd.,990.0,4
Core Fruit (Pty) ) ) Ltd.,985.22,7
Solid Timber Solutions Gmb H,984.06,7
Pt . Balikpapan Forest Industries,982.98,3
Sacde Sa,982.12,2
Salta Refrescos S.A.,981.9,1
"Kangwon N.T.S Co., Ltd.",981.16,8
Nissk Inc.,980.94,21
Quintus Technologies Ab,979.9,10
"Mitsui E&S Co., Ltd.",977.12,3
Viking Ocean Cruises,972.3100000000001,114
Curcan Logistics,972.0,2
Sichuan Jinshang Environmental Co.,970.05,1
Agrofruta Ltda,969.65,47
Simtec Systems Gmb H,968.96,26
Great Wall,967.93,2
Us Military,966.6800000000001,14
Amino Corporation,965.8,2
Siemens Energy Inc.,965.44,2
Kelvion Ltd.,964.4,76
Caterpillar Of Australia Ltd.,963.5999999999999,100
"Deugro (Japan) Co., Ltd.",963.44,9
Cimc Eneric Energy Equipment,959.76,4
Toshiba Energy Systems & Solutions,959.14,11
National Federation Of Fisheries Co.,957.0,1
Cooperative Agrumar Souss,956.52,32
Agroterenas S.A. Industries Citrus,956.3,2
S.S.Taris Zeytin Ve Zeytinyagi,956.0,2
Fmc Technologies Ltd.,955.47,19
Okuwa Supply Chain Management,954.35,1
W50 Zs6,954.0400000000001,40
Enchantress Yacht Holdings Llc,954.0,4
Wallenius Wilhelmsen Logistics,953.46,72
Sennebogen Llc,953.12,32
"Crrc Qingdao Sifang Co., Ltd.",952.26,14
Gemmy Trading Llc,951.13,502
Pt Famili Raya,950.99,14
Bws Boss Ltd.,950.3,1
"Great Grandeul Steel Co., Ltd.",948.74,12
Novomoskovsk Tula Region 301651 Russian Federation,946.4,1
Bollore Logistics Dunkerque,946.15,30
Transformadores E Servicos De,945.1800000000001,10
Karl Gross Logistics (Shanghai),945.0,5
Jones Street Marine Ltd.,944.0,2
Steinert Gmb H,943.1,57
Horsch Leeb Application Systems Gmb,943.09,33
Xiamen King Long,940.0,2
Yasda Precision Tools K.K.,935.92,44
Ammann Do Brasil Equipamentos Para,935.82,16
Skogsagarna Norraskog Ekonomisk,935.25,3
"Y.T.Rubber Co., Ltd.",934.92,9
Future Pipe Industries Llc,934.36,2
Npm Equipment Co. S.L.,934.34,14
Mexseaport,933.4,2
Providence Exp. S.A.,933.25,26
Agco Do Brasil Solucoes Agricolas,929.8199999999999,23
"Swissshippingline Co., Ltd.",929.28,451
"Tension Steel Induatries Co., Ltd.",928.56,2
Fb4804 Uscentcom Us Air Force 379,926.25,21
Ci Commodities Abidjan,925.0,6
Cofco Colombia S.A.S.,922.89,5
Scania Cv Ab (Publ),917.72,2
Ndt Corp. Ltd.,917.08,42
Waldorf Production Ltd.,917.0,2
Sungdong International Ltd.,916.47,1
Exportadora Santa Elena S.A.,915.8299999999999,39
Oshkosh Jlg (Tianjin) Equipment,915.3800000000001,6
Aida Mfg. (Asia) Sdn Bhd,913.6,22
Benin Organics Sa,910.56,4
Pmb Silicon Sdn Bhd (1181086 X),910.0,3
Freightplus Japan,910.0,16
Frutera San Fernando S.A.,909.96,44
Intl Shipping Ltd.,908.0,3
Auxiliar Laminadora Alavesa S.A.,906.5,27
Eni Ukcs Ltd.,905.0,1
Chandris (Hellas) Inc.,904.1999999999999,10
Woodpecker Timbers,903.88,2
Industries Arbhores Compensados,903.5,3
"Promising Chemicals Co., Ltd.",902.5799999999999,5
Usina Enersugar S A,900.0,1
"Toprank Co., Ltd.",898.54,204
Citic Heavy Industries,897.36,1
Jan Kemp B.V.,897.18,24
"Keo Sang Co., Ltd.",895.61,3
Dai Dung Metallic Mfg. Const,894.0,12
"A Pro Co., Ltd.",892.96,8
All Commodities (Ac) Trading Ltd.,890.27,11
Hafnia Andromeda,890.0,2
Capespan South Africa (Pty) ) Ltd.,889.9100000000001,5
Salto Botelho Argoenergia S.A.,889.5,2
Storey Creek Trading Ltd.,888.87,2
"Sinotrans Eastern Co., Ltd.",888.24,4
Comercializadora Y Exportadora,886.74,17
Isuzu Motors Co. (Thailand) Ltd.,886.5,2
Nyko Inc.,886.22,12
Mac Container Line,882.73,5
"Glory Diamond Industries Co., Ltd.",880.63,2
Morimatsu (Jiangsu) Heavy Industries,879.53,11
"Honda Motor Co., Ltd.",878.28,33
"Lubrizol India Pvt., Ltd.",878.06,43
Minerva Sa,875.1,7
Class A Trading 153 (Pty) ) Ltd. T A S,872.21,15
Master Seletar Spirit,871.1600000000001,4
Msc Seaside,868.5,28
Nimbus Boats Sweden Ab,864.2,153
Ldc Logistics Vietnam Ltd. Co.,862.0799999999999,4
Sasol Chemicals North America Llc,861.92,1
F50 League (Bermuda) Ltd.,861.8,1
Agricom Ltda.,861.71,28
Ronconi Sp A,861.68,47
Enerflex Energy Fze,861.08,2
Gerdau Corsa Sapi De Cv,859.17,1
Transocean Offshore Deepwater Drill,858.18,32
Jingjin Enquipment Inc.,856.4699999999999,5
Amc South America Ltda,851.37,31
Modern Modular Engineering And,850.84,2
Outspan Ivoire Sa,850.0,9
Blue Penguin Maritime Ltd.,850.0,2
Cargill West Africa,850.0,2
Dieffenbacher Gmb H,848.0,2
Rakha Al Khaleej International Fzco,845.06,4
Tvp Steel Trading Jsc,844.58,5
Lg Electronics Inc.,841.5799999999999,3
W Rtsil Finland Oy,838.69,5
Am Fresh Rsa (Pty) ) ) Ltd.,838.42,18
"Huludao City Steel Pipe Industrial Co., Ltd.",838.42,1
Iveco Defence Vehicles Sp A,838.34,19
"Nakamura Tome Precision Industry Co., Ltd.",836.78,49
E Crane Worldwide,834.3,5
Jianglian Heavy Industry Group Co.,832.84,2
Dalian Ugenius International,830.94,1
W6 Hk Amc Pbt Elev,829.6,42
Deepwater Asgard,828.9,10
Manitoulin Global Forwarding,825.84,2
Fass Baumaschinen Gmb H & Co Kg,824.36,4
Saba Electric Co.,823.68,1
Lukoil Overseas Atash Bv,823.32,2
Siemens Energy Transformer (Wuhan),821.85,3
Cargo S. De Mexico S.A. De C.V.,820.46,10
Cispdr Corp.,819.84,1
Farrell Lines Inc.,818.5999999999999,4
Kogi Corp.,818.06,20
"Royal Trading Co., Ltd.",817.37,590
Raizen Centro Sul Paulista S.A.,816.43,1
Ge Power Sp Z O O,815.76,4
Cantiere Del Pardo Sp A,813.0,57
Tenova Sp A,812.24,8
Hafnia Lupus,810.0,2
Nejat Atalan Dis Tic. A.S.,809.5,2
China Electric Equipment (Jiangsu),808.8,4
Everbright Development International Ltd. (Hk),807.37,3
W5007 P,807.1999999999999,15
W90 Wv9,807.02,43
"Aquatec Maxcon Asia Co., Ltd.",805.1,2
West Neptune,804.1500000000001,30
Exxon Chemical Ltd.,804.0,2
Surtas Isletmecilik Insaat Sanayi,803.2,2
Sinopmc Industry Ltd.,802.4,2
F.Faiges,801.68,5
Werner Doppstadt Umwelttechnik Gmb H,801.34,21
Lrg Rubber Sdn Bhd,801.3,4
Akva Group Asa,800.0,2
Oceana 289 Ltd.,800.0,2
Citrus Med,799.8,15
Interfracht Container Overseas Gmb H,799.51,28
Jiangsu Gree Energy Equipment Co. L,798.56,6
Rsm Rekener System & Metalltechnik,798.52,36
Mantsinen Group Ltd. Oy,797.44,4
Exportadora Bou Fruits Ltda,793.98,11
Sany Automobile Mfg. Co.,793.09,12
Mazaria S.A.R.L,792.83,19
"Caterpillar (Suzhou) Co., Ltd.",792.64,38
Usina Trapiche S A,792.0,1
"Diyata Japan Co., Ltd.",791.9,983
Marubeni Itochu Steel Korea Ltd.,791.5799999999999,7
Priority Roro Services,791.32,124
Liebherr Werk Bischofshofen Gmb H,791.28,18
Tenaris Global Services S.A.,788.12,4
N48694,788.07,27
"Lg Cns Co., Ltd.",788.0,6
Reibridge Inc.,787.47,42
Durst Malz Heinrich Durst Malzfabriken Gmb H & Co. Kg,786.1999999999999,39
Geely Auto International Ltd.,785.04,2
Ligro Trading B.V.,782.66,14
Superlit Boru Sanayi A S,780.72,3
Scoular Global Shipping,780.53,5
P.Flanery Plant Hire (Oval) Ltd.,779.94,16
Vts Steel Mfg. Trading And Service,779.66,5
Pt Nusa Alam Rubber,779.52,6
Eni Eglin Franklin Ltd.,774.0,1
Kao Hsing Chang Iron And Steel Corp.,773.4200000000001,2
Toshiba Mitsubishi Electric Industrial Systems Corp.,773.38,27
Vlassenroot,772.88,51
"Kg Dongbu Steel Co., Ltd.",772.74,2
Y.E.S. Marine,772.0,2
Optimism Of The Sea Llc,768.0,8
Barford Equipment,767.0,41
"Umecc (Beijing) Equipment Co., Ltd.",765.61,10
Aw3 Llc,764.4,4
Chenyu International Trading Co.,763.04,2
Water Spirit San Juan,762.3199999999999,44
Weifang Binhai Petro Chem,762.28,2
Nidec Okk Corp.,762.2,28
"Shigeru Co., Ltd.",760.35,12
Edco Grains S.A.,759.62,3
Seah Steel Copr.,759.4,8
Mmz Onur Boru Profil Uretim,759.0,13
"Jas Forwarding (China) Co., Ltd.",758.72,1
Noble Bd Llc,758.12,24
Daming International Imp. & Exp. .,757.69,4
"Hyster Yale Asia Pacific Pte., Ltd.",757.5600000000001,20
Deep Energy,756.93,13
"J.A.P Express Co., Ltd.",755.3,564
Meyer Burger (Germany) Ag,754.81,6
Ank,754.38,54
Minerva S A,752.19,1
China Steelcorporation,751.92,2
"Fujian Putian Hua Min Import & Export Co., Ltd.",751.6,1
Fracht Finland Oy,750.0799999999999,2
Silver Lining Yacht Llc,750.0,4
Bullmark Srl,750.0,6
Exportadora Quintay S.A.,746.63,14
Tubos De Acero Demexico,746.56,1
Poplar Capital S.A.,745.79,1
"Kyodo Transport Co., Ltd.",745.56,1
Voestalpine Rail Technology Gmb H,743.92,4
Msc Seascape,743.4499999999999,331
"Shieh Yih Machinery Industry Co., Ltd.",742.55,10
Td Power Systems Ltd.,741.66,9
Sevan Louisiana,740.97,38
Jaws Buckets & Attachments (Pty) ) Ltd.,740.64,12
Adelte Ports Maritime S.L.U.,740.37,1
"Koyo Trading Co., Ltd.",737.66,237
E Crane Worldwidea A A A A A,737.54,2
Tianjin Baolai International Trade,736.46,2
Gemilang Coachwork Sdn Bhd,734.38,8
"Osaka Soda Co., Ltd.",734.0,2
"Showa Seiko Co., Ltd.",731.64,4
Noble Stanley Lafosse,730.23,6
J. J. Thomazi Cia Ltda.,730.17,2
Mteck Cranes Bv,730.0,8
Trigano Sp A,729.49,45
C.H.Robinson International (India),729.0,2
Us Embassy Jusmagmarforpac,725.02,12
Grand Banks Yachts Sdn Bhd,723.7,19
Zhangjiagang Furui Heavy Equipment,719.8399999999999,5
Proflo Latam Zf Sas,719.76,23
Semix Industries Pazarlama Dis,713.72,7
Rtg Rammtechnik Gmb H,713.62,16
Utinga Acucar E Alcool S A,713.0,1
United Steel Structures Ltd.,712.03,1
Ilg Innovative Logistics Group Gmb H,712.0,2
Mm Yacht Charters Llc,710.0,2
Hitachi High Tech Corp.,708.8599999999999,16
Beziers Cedex Plaine Saint Pie,708.4,6
Berneck S.A Paineis E Serrados,708.3100000000001,6
Herbert Kannegiesser Gmbh,708.15,22
Frutera Linderos Limitada,707.77,44
Marine Express Dominicana Srl .,707.5,26
Octagon Freight Express Pvt. Ldt,707.04,2
"Dsec Co., Ltd.",706.72,26
Freightplus Usa Inc.,706.6,4
Maserati S.P.A.,706.28,46
Wfl Millturn Technologies Gmb H And Co. Kg,705.3,12
Knb 14631,704.05,20
Younggap Inc.,703.12,2
Ropa Fahrzeug Und Maschinenbau Gmb,703.0,11
Cigisped S.R.L.,701.3,26
Apt Global Marine & Offshore,701.1,1
"Haresh Petrochem Pvt., Ltd.",700.9,2
Apache Beryl Ltd.,700.0,1
Royal Trading Sa Chez,700.0,2
Golden Tech International Inc.,698.02,17
Hyosung Heavy Industries,697.2299999999999,9
Steinert Elektromagnetbau Gmb H,696.7,34
Nh Global,696.64,48
Parmacenter Industria E Comerci,696.02,4
Sun Pack Dr El Bacha,695.8,19
Ktr Trading Bv,692.68,7
Hyundai Corporationhouston,690.76,2
John Deere Sales Hispanoamerica S. De R.L. De C.V.,690.18,16
Ultramar Logistics,689.46,4
Dynapac Road Construction,688.4,8
Mitsui And Co.Machine Tech Ltd.,687.21,37
Sunning Steel Ltd.,686.74,1
Agr Cola La Higuera Ltda,686.04,29
Ningxia Yonvey Coal Industries,684.27,3
Blg Autotransport Gmb H & Co. Kg,683.01,396
Ka.Bo.Fer Srl .,682.08,3
Bmw Slp S. A. De C. V,681.59,1
"Mitsubishi Motors (Thailand) Co., Ltd.",679.81,6
Kerry Eas Logistics Ltd.,679.68,2
Ton Dong Acorporation,679.44,6
Wuhan Friendship Food Engineering,679.29,8
"Amada Press System Co., Ltd.",679.27,35
Seacom Trailer Systems Gmb H,678.0,4
Cremer Thermoprozessanlagen Gmb H,675.6800000000001,17
Fb4811 380 Elrs Lgrd,675.47,12
Water Spirit,674.66,6
"Car From Japan Co., Ltd.",672.71,634
"Renault Korea Co., Ltd. P C Renault",672.0,4
Mallaghan Engineering,670.02,36
Isisan Isi Sanayi Ve Ticaret A S,669.96,2
Loire Gestamp,668.0,4
One Water Yacht Group,668.0,18
Egger Saegewerk Brilon Gmb H,667.53,1
"Suzhou Everfortune Co., Ltd.",665.63,1
Tel 82 322111114,665.46,2
Valaris Ds 16,663.67,14
Sevan La,663.09,45
Fairchem Organics Ltd.,662.65,32
Sieyuan Electric,661.5,2
Mento Jsc,660.94,6
Mino Sp A,660.7,5
Vema Crane B.V.,660.36,2
Jjs Yachts Ltd.,660.0,2
Kline Mexico,660.0,4
Shes A Ten Too Ltd.,660.0,2
Indusign N.V.,657.34,10
Tozai Kenki Service,656.6,14
Minera Cemin Pullalli Sp A,655.0999999999999,2
Agt Foods,652.72,7
"Horizon Yacht Co., Ltd.",652.0,5
Sandvik Construction Mobile Crusher,652.0,16
Pronar Sp Zoo,651.6,24
Japan Air Self Defense Force,651.0,2
"Nantong Cimc Tank Equipment Co., Ltd.",650.2,5
Team Tap S.A.S,649.85,10
W6 Gq 595 Th Usa Trans Surf Bde,648.21,24
Andritz Ag,648.06,15
Quzhou Yuejie Imp. & Exp. . Co.,643.8,1
Liaka Freedom,642.0,2
Aprovechamientos Ecologicos Costarr,641.64,14
Terex Global Gmb H,638.08,14
Isgec Heavy Engineering Ltd.,638.04,2
Stadler Szolnok Kft.,637.6,21
Himile Mechanical Mfg.,636.99,5
Deepwater Invictus,636.04,16
Pxgeo Us Inc. Wap,635.21,284
"Wuhan Iron & Steel Co., Ltd.",634.95,5
Cappellotto Sp A .,634.52,38
"Kai Ching Industries Co., Ltd.",634.4,4
Aia Engineering Limited,633.45,7
Comercial Greenvic S.A.,632.96,54
Pt . Kirana Sapta,632.28,7
Book Advisory Services Ltd.,630.0,2
Rwe Nuclear Gmb H,629.12,2
Montarent Bouwlogistiek Bv,628.8,22
Kuehne Nagel Serv. Logist. Ltda,627.36,6
Sun Pack,625.44,15
Londra Acucar E Alcool Ltda,624.0,1
Madison Enterprise Holdings Cl Inc.,624.0,4
Hebei Heguang International Trade,623.95,5
"Lingong Heavy Machinery Co., Ltd.",623.55,14
Harvey Supplier,622.15,14
Andritz Warkaus Works Oy,621.7,4
Marine Technology Uab,621.12,6
Island Performer,620.8199999999999,16
"Junjin Construction Robot Co., Ltd.",619.05,5
Mckeon Maritime Holding Llc,619.0,4
Hebei Sanyuanjiuqi Fertilizer Co.,617.84,2
Ritchie Bros Auctioneers (Japan) K.,617.6,22
Hafnia Leo,616.0,2
"J2 K Global Co., Ltd. B O Taewoong",615.8,1
Bad Romance V,614.0,4
Allied Yacht Transport Llc Ft. La,613.3,3
Hoganas Ab,612.0,2
Christiansted Equipment,611.66,2
Fifty Meter Holdings Llc,611.2,4
Murata Machinery Ltd.,609.93,30
"Jin Sung Technology Co., Ltd.",608.2,4
Hangzhou Zeekr Automobile Sales,607.9,2
Apollo Voyager,604.87,41
Shanghai Morimatsu Pharmaceutical,604.69,4
Minotsu Iron Works,604.49,2
Doppstadt Umwelttechnik Gmb H,604.34,15
Metaldom,604.04,2
Dsv Air & Sea Nv Iz Puurs 533 Schoonmansveld 40,603.49,4
Transocean Onshore Support Services,602.9300000000001,16
Jiahe Industry Ltd. (Hk),602.4,2
"Ngoc Linh Co., Ltd. Bac Kan Branch",601.8,1
Globerunners Inc.,601.6800000000001,5
Eggersmann North America Gmb H,601.4,30
Netherlands Ministry Of Defence,601.38,10
Juhua Group Ltd. (Hk),601.2,1
"Jiahong Fertilizer (Yantai) Co., Ltd.",601.02,1
"Nexis Co., Ltd.",600.76,435
Shinwa Ltd.,600.6,22
Agrexport Jsc,600.34,6
Ekoturka Tekstil Tarim Hayvancilik,600.0,2
Gkn Fokker Aerospace B.V.,600.0,80
Mm2 A Tunisian Exp.,600.0,2
Amix Marine Salvage,600.0,1
Kistos Energy Ltd.,600.0,1
Pt Sumber Graha Sejahtera,599.82,15
Tianjin Bolt Fastener Mfg.,599.35,1
Nam Kim Steeljoint Stock Co.,598.72,3
"Jiangsu Faw Foundry Co., Ltd.",596.93,10
Sandvik Mining And Construction Oy Pihtisulunkatu 9 P,596.1,31
Del Trading Inc.,595.89,3
Magyar Suzuki Corp. Ltd. Suzuki Motor Corp.,595.5799999999999,5
"Asahi Corp. Co., Ltd.",593.8,24
Ploeger Machines Bv,593.75,18
"Magari Japan Co., Ltd.",592.66,289
Rhodia Brasil Ltda,591.8,22
Rattunde & Co Gmb H,591.52,8
Fmcsa,591.3000000000001,24
Master Of Rig Pacific Mistral,590.0,2
Maverick Marine Ventures,590.0,2
Zuzhou Miracle Mechinal,588.8,2
Airport Clearance Services Inc.,588.62,2
Mantos Cooper S.A.,588.48,4
Federacion Nacional De Cafeteros De Colombia,588.1,12
Sea Ltd.,588.0,4
Descon Engineering Ltd.,587.68,3
Mt Eagle Kinabalu,586.52,8
Mammoet De Mexico Sa De Cv,585.68,1
Irish Mfg. Services Ltd.,584.1,43
Pipex Italia Sp A,583.51,43
Cooperativa Regional Cafeicultores Guaxupe Ltda,583.47,23
"Danieli Co., Ltd.",582.98,8
Tianjin Worley Engineering & Techno,582.57,1
Saarschmiede Gmbhvoelklingen,582.22,11
F Tech Inc.,581.41,8
Japan Ground Self Defense Force,580.78,4
Companyia General D Olis D Oliva De,577.64,6
Bachmaier & Co. Maschinenbau Ag,576.0,18
Airbus Sas,575.5600000000001,3
Maritimo Exp. Sales (Pty) ) Ltd.,575.5,15
China Machinery Industries,574.72,4
Combi Lift Projekt Gmb H & Co. Kg,573.44,2
Yangzhou Lontrin Energy Equipment,572.5699999999999,9
Deutsche Edelstahlwerke Gmb H,571.92,14
Greatwood Jsc,571.6700000000001,2
W6 Hj E2 S Arifjan,571.24,15
Volvo Construction Equipment Haulie,570.6800000000001,8
Lg Global Forwarding Bv,570.26,14
Odessa Ltd.,570.0,4
Shanghai Zhanxi Intelligent Technol,569.02,16
"Engel Machinery Changzhou Co., Ltd.",568.61,8
Schryver De Colombia Ltda,568.4000000000001,8
Bentley Motors Ltd.,567.14,70
Holmer Maschinenbau Gmb H,567.0,21
Volkswagen Do Brasil Industria,566.7,18
"Air Liquide Global E & C Solutions India Pvt., Ltd.",566.42,10
Euro Auctions (Uk) Ltd.,566.02,9
Virta Inc.,564.64,2
Shin Nippon Koki,564.55,7
Hebei Yanshan Iron And Steel Group,564.2,1
Hf Mixing Group Harburg,564.1,5
Cag Celik Demir Ve Celik End. A.S.,563.1,9
"Yen Bai Plywood Co., Ltd.",562.6500000000001,4
Ford Motor Co. Thailand Ltd.,562.38,26
Transformades E Servicesde Energia,561.9200000000001,8
Zhejiang Dadi Steel Structure Co.,561.76,1
Gs Globalcorp.,558.62,2
Chengdu Ruicheng Automobile Service,558.34,4
Agrifac Machinery B.V.,558.0,24
Gp Logistics Management,557.0,15
Windmoeller & Hoelscher Kg,556.86,24
Standard Industrial Inc.,556.8,1
Kiwi Yachting Ltd.,556.0,4
Zen Noh Grain Corp.,555.86,4
Stadler Anlagenbau Gmb H,555.52,18
Corpacero S.A.,554.71,3
Nt Industries Sp. Z.O.O.,554.16,9
"Hanjoo Machine Industrial Co., Ltd.",554.0,3
Euro Auctions,553.72,12
Wacker Neuson Linz Gmb H,553.52,52
Hirata Corporation,553.1,21
Sino Vietnam Hi Tech Material Co.,552.32,5
Ide Water Technologies Ltd.,550.8,12
J H Equipment Ltd.,550.01,21
Rockrose Ukcs 10 Ltd.,550.0,1
Rheinmetall Landsysteme Gmb H,549.79,17
Oestergaard A S,549.45,10
Liebherr Werk Telfs Gmb H,548.8,12
Swift Marine Denmark,548.74,2
Gimas Girgin Dis Ticaret Ltd. Sti.,547.87,8
Agil Madeiras Eireli,547.11,1
Atlas Agrumes,547.03,9
Agroindustrial Sao Francisco Ltda,545.77,1
Inox India Ltd.,545.1800000000001,6
Orange River Fruit,544.36,14
Dibanisa Fruit (Pty) ) Ltd.,543.73,10
Quimica Del Rey S.A. De C.V.,543.27,1
Isuzu Motors Ltd.,542.48,42
Turkmar Maden Dis Ticaret Ltd. Sti.,542.0,1
Olam Vietnam Ltd.,541.49,12
0005 Ad Bn 04 Bty B Ada Batte,540.6,4
Newhao Industries Ltd.,540.54,2
Thyssenkrupp Polysius Ag,538.4,5
Santa Rita Industria De Oleos,538.38,1
Walcownie Ostrowieckie Wost S.A.,538.2,2
Barriquand Technologies Thermiques,538.16,2
Buhler Ag,537.64,2
Eastern Pearl Corp.,536.54,6
"Great Wall Motor Co., Ltd.",536.54,8
Seanet Europe Ltd.,536.0,6
Pj Cranes,535.22,5
Construcciones Y Auxiliar De Ferrocarril S.A.,535.2199999999999,8
Doll Airport Equipment Gmb H,533.4399999999999,31
Surya Roshni Ltd. P 1 P 20,533.06,2
Nengtong Heavylift Logistics Blue,532.41,1
Exportadora Acograpes Limitada,532.2,19
Balikesir Elektromekanik Sanayi,531.02,4
Industrial Arbhores Compensados Ltda,530.0,2
Moonshine Bianca Llc,530.0,2
R R Wine Ltda,530.0,12
Smt Shipping (Cyprus) Ltd.,529.2,94
"Kenki World Co., Ltd.",528.96,26
Buhlmann Netherlands B.V.,528.52,2
Lotus Tech Innovative,528.16,20
Tianjin Yuantai Derun International,528.1,3
Ghi Hornos Industriales S.L.,528.0,6
Technipfmc Usa Inc.,527.67,8
Econotherm Uk Ltd.,527.56,6
Zhuzhou Times New Material,527.14,2
Crystal Bay,527.14,8
"Metsil Exp. Pvt., Ltd.",527.09,3
Sacmi Imola S.C.,526.96,2
Passavant Geiger Gmb H,526.84,6
"Cosmo Japan Co., Ltd.",526.77,431
Walter Tosto Sp A,524.96,2
Jst Transformateurs,524.52,4
Hanyoung Corp. Ltd.,523.92,10
Axens,523.68,2
Joong Won Engineering & Constructio,523.64,6
Rizhao Wuzheng International Trade,522.97,3
Strikowestofen Gmb H,522.1999999999999,10
Exportadora E Importadora Fruticola,521.76,8
Eltas Transformator San Ve Tic As,521.52,6
Binderholz Gmb H,520.53,4
Sider Engineering Sp A .,520.24,2
Here Comes The Sun Inc.,520.0,2
Castle Shipping Lines Inc.,519.72,4
Kuehne Nagel S.A. De C.V.,518.8,4
"Goonet Exchange Co., Ltd.",518.77,362
Tristao Cia De Comercio Exterior,518.56,2
Rolls Royce Solutions Gmb H,518.07,6
Finning (Uk) Ltd.,517.23,15
North East Offshore Llc Delaware,516.0,2
Hyundai Motor Co.,514.71,91
South Coast Marine Yacht,514.0,5
Bavius Technologie Gmb H,513.9,12
Sundaram Alloys Ltd.,513.0,2
Exportadora Y Servicios Rucaray S.A,512.13,20
Upl Ltd.,511.66,24
Linde Kryotechnik Ag,511.63,10
Dee Development Engineers Ltd.,511.53,1
Nereu Rodrigues & Cia Ltda,511.2,2
Ultimate Plant Exporter Ltd.,511.03,11
Rhenus Project Logistics China Ltd.,510.93999999999994,4
"Changzhou Soman Industries Co., Ltd.",510.37,5
Agave Azul San Jose S.A. De C.V.,510.14,21
Iqip B V,509.16,2
Ramgras S.A.C.I. A.,508.44,3
Littler Machinery Ltd.,508.36,9
"Hai Soon Ship Management Pte., Ltd.",508.0,2
Herrenknecht Tunnelling Systems,508.0,2
Park Place Energy Turkey Ltd.,508.0,1
Molson Equipment Services,507.1,12
Maschinenfabrik Herkules,505.62,9
Mt Mygas Schiffahrtsges Mbh & Co Kg,505.26,1
Roco9 Ltd.,504.9,18
W81 Tbk,504.54,8
Robert Fearnley,504.53,22
Industrias Electromecanicas Magnetron S.A.S,503.97,14
Fmc Technologies Do Brasil Ltda,503.74,14
Mfx Do Brasil Equipamentos De Petro,503.72,2
Portafill International Ltd.,503.6,23
Kalmar Motor Ab,502.8,21
Siemens S De El De Cv,502.54,2
Siemens Energy S. De R.L. De C.V.,502.54,2
Steelwall Ish Gmb H,502.52,8
Cremer Erzkontor N.A. Inc.,502.5,1
Ferpi Transportes Y Obras S A,502.5,1
Wallenius Wilhelmsen,502.28000000000003,198
Western Hanoi H2 H Forest Products,502.0,1
Katherlly International Ltd.,501.5,2
"Shandong Mingxing Chemical Co., Ltd.",501.5,2
Mx4001,501.48,12
Island Venture,501.39,10
Scout Equipment (Pty) ) Ltd.,501.06,6
"Uniasen (Tianjin) Co., Ltd.",500.68,6
Xianyang Bomco Steel Tube & Wire,500.02,2
Compagine Generale Des Industries,500.0,5
Master Mt Hafnia Daisy,500.0,2
Cafes Tomari S.A. De C.V.,499.99,5
3 Sjapan Inc.,499.92,577
Pt Musim Mas Jl K L,499.75,1
Swissport Handling Sa,499.48,2
Liaoan Huixin (Liaoning) Internatio,498.77,1
Nimbus Group Ab,498.7,86
Sumitomo (S.H.I.) Construction,497.84,1
"Hefei Risever Machine Co., Ltd.",496.53999999999996,43
Salzgitter Mannesmann Gmb H,495.96,3
The Challenge Petrochemical Machine,495.21,1
Roschmann Konstruktionen Aus Stahl,493.33,39
Malteurop France,492.9,7
Tuscor Lloyds (Uk) Ltd.,492.82,5
Subsea 7 Singapore Contracting Pte,492.81000000000006,2
"Jaewon Industrial Co., Ltd.",492.41999999999996,10
0005 Hq Cpsavn 5,492.34000000000003,9
Valmet Ab,492.23,15
Ritchie Bros Auctioneers De Mexico,492.05999999999995,6
Lamboo Specials Sales Bv,491.8,25
"Ajusteel Co., Ltd.",491.78999999999996,2
Mantoverde S.A.,491.44,1
By Cast Nv,490.66,5
Deckel Maho Gmb H,490.06,14
Liaocheng Tongyun Pipe Industry Co.,489.38,2
China Railway First Group (Hainan),489.1,2
Mechanical & Industrial Const Jsc,488.97,2
Bms Heavy Crane As,488.85,4
Master Edelweiss,488.0,2
Schuch Schwerlast Gmb H,488.0,3
W504 H0,486.85,9
Dansk Traeemballage,486.0,2
Jdm Concierge,485.93,275
"Thk Company, Ltd.",485.72,8
Shandong Shantui Construction Machi,485.14000000000004,9
Trenes De Navarra S.A.,484.48999999999995,18
Kt Rent Bv,484.36,12
Adroit Overseas Enterprises Ltd. Tewest Ag Solutions Inc2 A 160 Matheson,484.36,2
Maats B.V.,484.15,25
Talleres Jaso Industrial S.L.,484.0,5
Ihc Hydrohammer,483.74,2
Ardapez Sa,482.59,6
Technipfmc Plc,481.82,9
Pisces Engineering Sdn. Bhd.,480.96,6
Atlas Compensados Ltda,480.96,3
Tsugami Corp.,480.42,26
Usmc Engineer Detachment Palau,480.3,5
Central Ocean Shanghai Ltd.,480.25,1
Huangshi Jintong Material Equipme,480.04,2
Fracht Fwo Ag,479.38,6
Bergen Engines As,479.19,3
Technical Park S.N.C. Di Martini,478.52,11
Hitachi Energy Poland Sp Z O O,477.78000000000003,6
T.H.I. Corp.,477.44,21
Mt Eagle San Pedro,476.12,4
Butting Anlagenbau Gmb H & Co. Kg,476.03,2
"Rich Lucky International Pte., Ltd.",475.91,7
Sucden Coffee Vietnam,475.48,6
Ing. Bonfiglioli Sp A,474.0,7
Hhc 3 D Bct 101 St Aa Ssa,473.53999999999996,4
Kuenz Gmb H,473.26,6
Senator International Spedition Gmb H,473.24,3
"Jpc Trade Co., Ltd.",472.57,196
Plasser & Theurer,472.48,3
Amazon Falcon,472.0,2
Shubham Chemicals And Solvents Ltd.,471.59,1
Tbs Engineering,471.52000000000004,12
Hasslacher Drauland Holzindustrie,470.44,8
Zeeco Asia,469.48,2
Sociedad Comercializadora Eco,469.0,3
Eclor Boissons,468.72,8
F.H. Bertling Logistics Gmb H,468.5,3
Cld Fencing Ltd.,468.47,12
Cooperativa De Colonizacao Agropecu,468.0,1
Eggersmann Gmb H,466.9,18
Soletanche Bachy,466.53000000000003,5
Jiangsu Juxin Petroleum Steel Pipe,466.34999999999997,3
Tocornal Exp. Ltda,465.38,9
Iturri Sa,464.59999999999997,10
Keepin It Reel Llc,464.0,6
Autocraft Japan Ltd.,463.76,343
Exportadora De Cafe California S.A. De C.V.,463.73,15
Zest Fruit,463.52,12
Schenker Deutschland Ag,462.4,24
Spectinga Ltd.,462.15,49
Dongying Andy Petroleum,461.37,1
Schelde Exotech Bv,461.25,3
Western Coast Enterprice Ltd.,460.62,1
Scorpio Mr Pool Ltd.,460.0,2
Ocean Tribe,459.31,319
Sojitz Canada Corp.,458.9,1
Schaften Cranes Bv,458.40999999999997,4
"Total Trading Asia Pte., Ltd.",458.0,1
Klemm Bohrtechnik Gmb H,457.24,22
"Thai Premium Pipe Co., Ltd.",457.19,2
C J Shah And Co.,457.12,2
Citic Gandara Censa S.A.,456.92,2
Tesab Engineering Ltd.,456.81,12
Mediterranean Voyager,456.72,18
"Yangzhou Lontrin Steel Tube Co., Ltd.",456.67,3
Santagata,456.64,1
Nakagawa Special Steel Co. Inc.,455.48,8
"Daiichi Jitsugyo Co., Ltd.",453.95000000000005,11
Jas Do Brasil Agenciamento Logistic,453.84000000000003,4
"A Energy International Co., Ltd.",453.42999999999995,2
Alba Fishing Ltd.,452.82,2
Sumitomo Corp. Power And,452.62,51
Dewulf Nv,452.38,18
"Auto Portal Co., Ltd.",451.62,70
Finca Frutas De Escocia S.A Fin,450.25,3
0021289,449.54,2
B T Plant Hire Ltd.,449.28,8
"Cardealpage Co., Ltd.",448.12,405
Maestro Project Logistics,448.0,14
Hq Ex African Lion,447.69,6
Roehlig Deutschland Gmb H & Co. Kg,447.62,28
Kapp Niles Gmb H & Co Kg,447.38,23
Fr. Meyer S Sohn Gmb H Co. Kg Tefms Seaways Ag Ch 8152 Opfikon,447.33000000000004,4
Cooperativa Tequilera La Magdalena,447.23,18
Krones Ag,446.8,18
Ramgras Sacia Constituyentes 153,446.28,2
Sandvik Mining And Rock Technology,446.2,10
Exportadora Monte Alto Fruit S.A.,445.87,14
A Laumayer & Cia Exportadores De Ca,444.77,7
Liberty Tubular Products Galati Sa,443.38,1
Novatech Aps,443.2,9
W90 Dgu,443.01,14
Technip Energies,442.1,4
General Dynamics Ordnance And Tacti,442.0,10
0126 Av Bn 03 Co C Det 2,441.95,26
Guangxi New Manganese Mining,441.88,1
Esso Exploration & Production Guyana Ltd.,441.83000000000004,16
Carrosserie Hess Ag,441.32,10
Stach Agro,441.21,17
Presezzi Extrusion Sp A,440.58,3
Donya Ltd.,440.0,2
Afsbnnea Fwd Web Yokohama,439.54999999999995,2
Shibuya Corp.,439.53999999999996,8
Beckmann Volmer Steel Technology,439.16999999999996,7
Kokusai Pulp & Paper,439.1,8
Intl Autologistics Llc,438.78,268
Diageo Usvi Inc.,438.57,68
"Hansaeng Express Co., Ltd.",438.45,14
Fives Dms Sa,438.42,4
W519 Nm,438.02,16
Exportadora Santa Marta S.A.,437.78,16
C And D Logistics (Tianjin),437.65,1
"Mitsubishi Generator Co., Ltd.",437.32,5
Alpha Heavy Industries Jsc,437.02,2
Robson Tractors,436.4,30
Refmin America Corp.,436.3,2
Excool Ltd.,436.0,8
Kosmos Energy Gulf Mexico Ops Llc,435.02,9
Dynapac Gmb H,434.04,16
Kaessbohrer Gelaendefahrzeug Ag,434.0,28
Envitec Anlagenbau Gmb H Co. Kg,434.0,18
Ishikawa Tradingco. Ltd.,433.8,20
Baumann Srl,433.76,14
Matec Industries Srl,433.59999999999997,8
Redecam Egypt Ltd.,433.22,2
"Tuan Loc Commodities Co., Ltd.",432.24,2
Flender Finland,432.08,5
Irizar E Mobility L,432.0,4
Ofar Sp A,431.75,9
Sinoma Overseas Development Co.,431.73,1
Ldc Logistics Vietnam Ltd. Co. 23 Street 30 Vsip Ii A Vietnam Si,431.64,2
Friem,430.66,4
Progressive Services Corp. (Psc),429.24,2
British Steel Scunthorpe,429.11,1
Ciber Equipamentos Rodoviarios Ltda,428.46000000000004,8
Demiryapi,428.16,2
Hitachi Energy Turkey Elektrik Sana,428.09000000000003,2
Probild Ood,428.02,2
Prolec Ge Transmiss O De Energia Sa,427.95,2
Kmg Holland Bv,427.2,10
Nobre Paineis Ltda,427.05,5
Sany International Devevelopment Limitedc O,426.46,3
Jnb Heavy Haul,426.38,4
Comercial El Camino Ltda,426.37,13
Seahsteel Corp.,426.09,14
Unsworth Global Logistics,425.92,22
Seaboard Energias Renovables Y,425.57,1
"Indiana Gratings Pvt., Ltd.",425.27,1
Bremer Lloyd Logistics Gmb H & Co.Kg,425.09,1
Hock Hin (Muar) Rubber Co. Sdn Bhd,425.04,2
Tata Lockheed Martin Aerostructures,424.08,25
Intl Freight Transport,424.0,6
Axopar Boats Oy,421.84,85
"Vision Yachts Co., Ltd.",421.55,8
Anhui Golden Ratio Intelligent Equi,420.85,1
Hdk S.A.,420.48,2
Servizi Energia Italia Sei Ic,420.43,1
Harju Elekter Uab,420.28000000000003,6
Euroline Logistics Ltda,420.0,2
Cnhi Internationa,420.0,4
Apple Equipment Llc,419.38,4
Sandvik Mining And Construction Lyon S.A.S.,419.37,27
Ismt Limited,418.92,1
"Sti Topaz Shipping Co., Ltd.",418.8,4
"Rajadhiraj Tirupani Vinayak Natraj Pvt., Ltd.",418.22,2
Yoshida Auto (Tsutomu Yoshida),417.68,554
Joy Global Surface Mining Inc.,416.96,2
Hoasen Group,416.76,2
Air Liquide Middle East,415.59,4
Agricola Monte Olivo S.A.,414.02000000000004,2
Area Leisure Ltd.,414.0,4
Tekplast Polymers Trading Llc,413.66,6
Hubei Jie Wei Tong Construction Eng,413.37,1
Gefco France Sas,412.52000000000004,4
Wickert Maschinenbau Gmb H,412.3,6
Gbkv Gmb H,412.16,4
Usines Claas France Sas,412.12,24
Isuzu Motors International Operatio,411.68,20
Innomotics Gmb H,411.08,7
Sandvik Mobile Crushers And Screens,411.0,10
Omnia Machinery Uk Ltd.,410.8,10
Engel Machinery (Changzhou) Co. Lt,410.37,3
Citroen Psa,409.6,10
Ank Cranes Ank As,409.36,4
Wittmann Battenfeld Gmb H,409.09999999999997,10
T.En Loading Systems Sas,408.76,4
Seda Pic S.A.,408.5,9
Berkane S Board,408.27,10
Olam Honduras,407.74,10
Tkoi Trade Ltd. (Hk),406.86,2
Pacific Basin Shipping Ltd. (Hk),406.49,30
Kozakli Tarim Urunleri Ticaret Stl,406.0,2
Bobst Mex Sa Outbound Lspl,405.90000000000003,6
Master Owners M V Noble Bob Douglas,405.2,2
Eog Resources Trinidad Ltd.,404.96999999999997,4
Carpenteria Corsi Srl,404.4,4
Geax Srl .,404.4,12
Shanghai Inzeropole Industrial Co.,403.91,1
Jumbo Transport Eckhoff Gmb H,403.56,10
Kabbage Massa,403.34000000000003,6
Jebagroa Gmb H,403.34,2
Ceco Environmental Middle East Dmcc,403.33,2
Central Oceans Shanghai Ltd.,403.3,4
Xiamen Hansheng Yacht Building,403.2,9
Isabella Fishing Ltd.,402.51,3
Stolt Tank Containers,402.14,15
Rv Shipping Ltd.,401.6,8
Intl Forest Products,401.42,2
Princess Cruises,401.41,1871
0155 In Bn 01 Hhc Combinedar,401.4,5
Deme Offshore Be Nv,401.0,1
Nautical Ventures Group,401.0,49
Ssab Eurape Oy,400.6,14
Delta Whiskey Llc,400.0,2
Seven Ilp,400.0,2
Royal Trading Sa,400.0,2
Riviere D Or A33,400.0,2
Rl Junior Llc,400.0,2
Reinosa Forgings & Castings S.L.,399.7,4
Cafe Monteverde,399.34,12
Gsglobal Corp.,398.96,2
Retired Asset Geri Donusum,398.0,4
Extons Equipment (Pty) ) Ltd.,397.36,10
Matriks Lojistik Dis Tic A S,397.28,6
M V Altamira Express,397.0,1
Ferry Capitain,396.88,11
Caterpillar Sarl J7236 C,396.64,12
"Kumyoung Eng Co., Ltd.",396.62,6
United Equipment,395.9,24
Interglobo Project Srl,395.82,2
Dalian Dk International Trading,395.3,1
Stone Arch Commodities,395.29,1
Z&J Technologies Gmb H,394.52,4
Maag Pump Systems,394.46,2
Ringen Farmservice,394.24,30
Voith Hydro Ltda,393.45,9
Glama Maschinenbau Gmb H,393.36,8
Clipper Bulk As,393.28000000000003,50
Eew Pipe Production,392.26,6
Prorganica S.A.,392.07,16
Kuehne Nagel Inc.,391.6,2
Hansa Meyer Global Transport,391.04,8
Argenta Bonotto & Cia Ltda,391.0,2
Gebr. Pfeiffer Inc.,390.89,2
Japan Steel Works,390.68,2
"Daiwa Logistics Co., Ltd.",390.0,10
Sheffield Forgemasters Engineering,389.91,7
Neuenhauser Maschinenbau Gmb H,389.72,4
Tay Nam Steel Manufacturinganad Tr,388.38,2
Kgs Keller Geraete & Service Gmb H,388.0,8
Ingenieria Y Diseno Europeo S.A.,387.8,2
Mark Hellier Tractors,387.74,30
Mt Amazon Falcon,387.6,2
"Dong Asteel Co., Ltd.",387.3,2
Melsun Commodities Inc.,387.3,2
Viking Malt Sp Zoo,386.08000000000004,3
Globalist Dogal Tas Ic Ve Dis Tic.,385.0,1
Bond Equipment (Pty) ) ) Ltd.,384.03,5
Tenova South Africa (Pty) ) ) Ltd.,384.0,2
Tesmec Sp A,384.0,11
Vallourec Deutschland Ghmb,383.92,2
"Asahi Seiki Mfg. Co., Ltd.",383.58,2
"Engel Machinery (Shanghai) Co., Ltd.",382.87,3
Hyundai Corporationu.S.A. (Hou),382.68,2
Dial Equipamiento S.L.,382.0,2
Hiperbaric S.A.,382.0,6
Hansa Meyer Global Transport Gmb H,381.96000000000004,5
Silent Aire Europe Ltd.,381.65000000000003,10
Renault Sas,380.93,35
Nordlam Gmb H,380.88,6
Rosenstein Baumaschinen,380.8,11
Sunseeker International Ltd.,380.2,12
Viv Ltd.,380.0,2
Haco,379.6,7
Pt Tirta Sari Surya,379.16999999999996,4
Visiconsult X Ray Systems,379.14,15
Centraloceansshanghai Ltd.,378.93,1
Subor Boru Sanayi Ve Tic A.S.,378.81,1
Redecam,378.0,3
Er Nak Mermer Mad Nak San Tic Ltd.,378.0,1
Orion Goverment Services Llc,377.8,1
Exportadora Rancagua S.A.,377.62,7
Shanghai Sany Heavy Machinery,377.3,5
Marine Procurement Ltd.,377.28,4
Xizi Clean Energy Equipment Mfg.,377.22,2
Lemken Gmb H & Co. Kg,377.09,39
Mecalac (Annecy Le Vieux),377.02,32
Shell Exploration And Production,376.11,1
Grob Do Brasil Sa,375.8,2
Bergerat Monnoyeur S A S,375.26,11
America Apex B.V.,375.06,2
Mcgrath Engineering Ltd.,375.0,19
Terberg Tractors Malaysia Sdn. Bhd.,375.0,3
Global Goodwill Corp,374.92,4
"Odawara Engineering Co., Ltd.",373.82,4
0106 Av Bn 01 Co B Assault Co.,373.51,14
W8004 Q,373.15000000000003,13
Lointek Ingenieria Y Tecnicas De,373.0,4
Asiaflex Products Sdn Bhd,373.0,4
Gebr. Pfeiffer Ag,372.91,5
Crrc Changchun Railway Vehicles Co.,371.8,8
"Key Engineering Co., Ltd.",368.88,2
M T Sunrise Ray,368.32,10
Toyotatsusho Korea Corp.,366.82,2
Rohr Fittings Stahlhandel Gmb H,366.58,6
Tuniche Fruits Ltda,365.88,13
Edible Oil Co (D) Llc,365.68,3
W6 Hk E2 Spbt Elev,365.48,12
Retrillas Del Pacifico S.A.,365.13,4
"Tomisho Co., Ltd.",365.06,284
Dhl Global Forwarding (France) Sas,364.96,30
Eob Usvi,364.77,5
"Keonwoo Metals Co., Ltd.",364.05,3
Monnet Seve Sa,364.01,7
World Tanker,363.0,1
Foundocean Ltd.,362.37,3
"Linde Engineering Dalian Co., Ltd.",362.35,5
Carcafe Ltda,362.28000000000003,3
Weber Maschinenbau Gmb H,362.2,23
Eternis Fine Chemicals Ltd.,362.0,18
Hafnia Australia,362.0,2
Autowini Inc.,361.62,66
Hitachi Zosen Inova Biomethan Gmb H,361.5,17
Materia Hnos Sacif,360.76,3
Fundex Equipment Bv,360.4,6
0087 Csbn Co A Composite,359.09000000000003,6
"Efacec Energia, Maquinas E Equipamentos Electricos, S.A.",358.94,6
"H One Co., Ltd.",358.69,5
Bmw Brilliance Automotive Ltd.,358.52,26
Sotreq Handels Gmb H,357.27,6
"Sung Il Co., Ltd.",355.68,2
Apex Auto Ltd.,355.52,27
22502,355.02,2
Sparber Mexico International S.A.,355.0,5
"Hyundai Rb Co., Ltd.",355.0,1
Intermodal Forwarding S.L.,354.0,4
Mt Eurosailor,354.0,3
Fatzer Ag,353.84000000000003,9
Frauenthal Gnotec Sweden Ab,353.04,3
C Divina,352.95,10
Tongling Nonferrous Metals Group,352.40999999999997,3
Mm Kotkamills Boards Oy,352.06,2
Schots Machinery Bv,352.0,16
Komptech Gmb H,351.8,15
Zhejiang Huapu Eco Friendly,351.08000000000004,4
Weg Equipamentos Eletricos Sa,350.8,7
Pacifico Oceano Quartzo,350.2,2
"Toyokami Co., Ltd. Pic Tatsuta",349.84000000000003,10
I.T.T. Sp A,349.44,4
Kiesel Used Gmb H,349.1,11
Shell Trinidad And Tobago Ltd.,349.04,2
Gebr. Eigelshoven Gmb H Co. Kg,349.0,2
Honeywell Specialty Chemicals Seelze Gmb H,348.77,1
Special Techincal Services Llc,348.48,2
Kmc Ltd.,348.0,2
Dama Plant,347.75,18
Mitsubishi Motors Coporation,347.33,1
Ebara Corporation,347.2,3
Aprojects Austria Gmb H,347.16,12
K Nig&Co Gmb H,347.14,4
Dmg Mori Aktiengesellschaft,346.98999999999995,13
Twf International Gmb H,346.64,4
Enterprise 351,346.62,22
Aceites Michoacanos De Especialidad,346.61,9
Asian Tiger Shipping Llc,346.37,1
Lvd Company N.V.,346.0,2
Prestige Et Collections,344.92,36
Dmg Mori Ultrasonic Lasertec Gmb H,344.68,23
Ammann Czech Republic A.S.,344.3,14
Gcc Supply And Trading,344.0,2
Bruks Siwertell Ab,343.8,8
Goodrich Aerospace Europe Gmb H,343.73,33
China Shougang International Trade,342.23,1
Outokumpu Stainless Ab,342.14,10
Smi Drulingen,342.0,2
Ampelmann Operations B.V.,341.98,3
"Asahi Co., Ltd.",341.74,64
Linder Recyclingtech Gmb H,341.4,8
Holzwerk Baur Gmb H,341.26,2
Harvey Explorer,340.91999999999996,3
Noble Valiant,340.04,11
Piccolo Boat Ch Ltd.,340.0,4
Balaji Amines Ltd.,340.0,17
Hanse North And South America,339.92,39
Ponsse Plc,339.6,20
Ews Logistics Ltd.,339.54,17
Trevi Panama,339.52,2
Jensen Gmb H,338.94,12
Shuangliang Eco Energy Systems Co.,338.65,6
Ningbo Mingxin Chemical,338.26,2
Onesubsea Processing As,338.0,4
Mallaghan Engineering Ltd.,337.96,10
Auto Trail Vr Ltd.,337.82,25
Princess Yachts International,337.8,16
Technip Brasil Eng Instalacoes E A,337.73,10
Yueqing Yimai International Trade C,337.64,5
Societe J.T. Food,337.52,4
Erfurter Malzwerke Gmb H,337.15999999999997,3
Valaris Ds 12,337.14,5
Avl List Gmb H,337.02,4
Flare Corp.,336.3,9
Nui Thanh Mechanical Only Member Co.,336.0,2
Changsha Forland Motor,335.92,2
Illex Fishing Sa,335.6,4
W51 Adu,335.58000000000004,13
East Midlands Waste Management Ltd.,335.0,6
Tangshan Jiaxin Steel Trade Co. Lt,334.63,3
Tiger Trailers Ltd.,334.40000000000003,11
Rapid International Ltd.,334.2,12
Alimak Group Sweden Ab,334.02,51
Gs Entec Corp.,334.0,2
Aker Carbon Capture Norway As,333.9,3
Geminis Lathes S.A.,333.8,7
Wittrock Trading Gmb H,333.3,3
Pollmeier Massivholz Gmb H & Co. Kg,333.28,2
Jm Logistic Services S.A. De C.V.,333.12,1
Komatsu Logistics Corp.,333.1,7
Isgec Hitachi Zosen Ltd.,332.21000000000004,3
Changzhou Foreign Trade Corp.,332.21,1
Act Well Services Gmb H,331.97999999999996,13
O M Ltd.,331.87,15
Isowa Corp.,331.66,3
Isisan Isi Sanayi Ve Ticaret As,331.64,2
Intermodal Tank Transport Argentina,331.48,3
Saarschmiede Gmb H Freiformschmiede,331.1,9
Aritas Kriyojenik Endustri Sanayi,331.0,3
Metso Outotec Finland Oy,330.6,2
"Gurit Tooling (Taicang) Co., Ltd.",330.34000000000003,2
Palmetto Point Transportation Ltd.,330.0,2
Balguerie Outre Mer,329.66,15
Hunan Rizhi Environmental Protectio,329.1,4
Omav Sp A .,329.0,4
Exportadora Brix Limitada,327.84000000000003,10
Minervasp,327.77,1
Astec Industries South Africa (Pty) ) ),327.58000000000004,4
Providence Grain Group Inc.,327.31,2
Flomic Freight & Logistics L.L.C.,326.16,1
"Jiangsu Lidao New Material Co., Ltd.",326.02,2
Bicao (Bureau Ivoirien Du Cacao),325.0,2
San Lorenzo Sp A,325.0,3
Mascopex,324.18,3
Conply Industria De Compensados Ltd.,323.65,2
Rottneros Burk Ab,323.08,2
Hyundai Truck And Bus China Co.,322.12,12
Geodis Sweden Ab,321.6,8
"Da Yang Seafood Pte., Ltd.",321.36,3
Malteurop Polska Sp. Z O.O.,321.31,4
Dove,321.05,8
W50 T5 E,320.67,12
Terrafrut S.A,320.53999999999996,8
Newhao Industries Limitted,320.32,1
Mitsui O.S.K. Lines (Japan) Ltd.,320.0,2
Baggerbedrijf De Boer B.V,320.0,2
Wind Cable Services,320.0,2
Industrias Derivadas Del Etileno Sa,318.53,2
Beni Mellal Citrus,318.34999999999997,6
Kuehne And Nagel Inc.,317.53999999999996,2
Valtech Fabrication,317.52,4
Coperion Gmb H,317.17,9
Tongling Miracle Mechanical Equipme,316.41,1
Sandvik Ltd. T A Sandvik Constru,316.0,8
Seadrill Management Ltd.,315.59,9
Blohm Jung Gmb H,315.36,26
D Cunha Industriemaschinen Gmb H,315.29999999999995,3
Durr Systems Gmb H,315.24,3
Millie,315.14,1
"Sti Co., Ltd.",315.08,2
Hoegh Autoliners,315.02,2
"Chongqing Kuayue (Group) Co., Ltd.",314.73999999999995,6
Pt Dhl Global Forwarding Indonesia,314.0,2
Scheuerle Fahrzeugfabrik Gmb H,313.42,14
Suzhou Hengsheng New Materials Co.,312.61,3
Shijiazhuang Iron And Steel,312.56,2
Keltbray Aspire,312.28,2
Barford Equipment Ltd.,312.0,13
Andritz Oy,311.66,2
Jilin Qixing Aluminum Industries Co.,311.6,13
Otto Junker Gmb H,311.52,4
Enerquest Harrow,311.5,4
"Japan Motor Co., Ltd.",311.45,184
Colt Bentley Germany,311.26,2
"Iraeta Energy Equipment Co., Ltd.",310.5,1
"Qingdao Y Ning Logistics Co., Ltd.",310.5,1
Hitron Systems Inc.,310.4,2
Southern Petroleum Construction,309.65999999999997,6
Pt Perkebunan Nusantara Xii,309.47,4
"Carpaydiem Co., Ltd.",309.38,327
Viking Life Saving Equipment,308.95,602
Exportadora Maria Del Transito Ltda,308.83,11
Sinotruk International,308.65,4
K S Minerals And Agriculture Gmb H,308.04,2
Vq Yachts The Netherlands,308.0,6
"Jiangsu Zhuhong Forging Co., Ltd.",307.34,1
Spbi (Dompierre Sur Yon),306.68,60
Pinheirinho Madeiras Ltda,306.58000000000004,3
Scot Jcb Ltd.,306.42,2
"Crrc Zhuzhou Locomotive Co., Ltd.",306.40000000000003,6
Infra Rentals B.V.,306.38,4
Ocean Advantage Inc.,306.0,4
"Jiangsu Sea Future Co., Ltd.",306.0,1
Blacksmith Trading B.V,305.76,14
Gtsp Global,305.48,3
Expandable B.V.,305.15999999999997,20
Terex Genie S De Rl De Cv,305.14,2
Adn Group Stock Co.,304.99,182
Mt Agioi Fanendes,304.85,5
"Stw Resources Co., Ltd.",304.61,2
Cvs Ferrari Srl,304.36,7
Shandong Lingong Construction Machi,304.04,8
Kern Microtechnik Gmb H,304.03,24
Komatsu Used Equipment Corp.,303.96,17
"Bros Co., Ltd.",303.89,69
"Jingye Iron And Steel Co., Ltd.",303.0,2
Embraer S.A.,302.2,49
Exportadora Magna Trading S.A.,301.72,6
Stellantis Middle East Fze,301.64,16
Workstrings International Singapore,301.0,1
Stolt Tank Containers B.V.,300.93,224
Gemey Maybelline,300.81,32
Versluis Machinery,300.5,16
Klj Resources Ltd.,300.4,2
Sunseeker London,300.0,3
Multi Pine Wood Trading Ltd.,300.0,2
Qingdao Haiwei Emerging Material Co.,300.0,3
"Sk Oceanplant Co., Ltd.",299.74,1
Cnh Italia Sp A,299.62,14
"Kha Shing Enterprise Co., Ltd.",299.0,7
Yejin Corp.,298.94,4
Hyster Yale Group,298.88,18
Consolidated Shipping Agencies Ltd.,298.71,1
Coastal Villages Longline Llc,298.66,2
"Mitsui Co., Ltd.",298.57,331
Mantos Copper S.A.,298.52,2
"A.A.N. Japan Co., Ltd.",298.43,86
Priority Ro Ro Services Inc.,297.68,42
Simex Baumaschinenhandel Gmb H,297.61,13
Haarslev Industries A S,297.5,5
Liebherr Mexico S. De R.L. De C.V.,297.2,2
Gkm Comercio De Cristais Eireli,296.9,4
Tlc Modular Construction Llc,296.8,2
Deckel Maho Seebach Gmb H,296.64,22
Faw,295.42,4
Wajer Yachts,294.8,20
Manitowoc Crane Group Bv,294.18,2
Magyar Suzuki Corp. Ltd. Esztergom,294.06,6
Noble Voyager,294.04,2
Spbi Chantiers Jeanneau,294.02,40
Zumaco Ltd.,294.0,2
We Puko Pahnke Technology,293.52,1
Jan Kemp Sales B.V.,293.0,4
Rf Stella,292.0,2
Gf Machining Solutions Ag,290.6,24
Arku Maschinenbau Gmb H,290.43,7
Zeeco China For And,290.26,2
Agco Australia Ltd.,290.0,2
Altcon Equipment Bv,289.8,4
Agco Gmb H,289.78000000000003,9
Valaris Dps 5,289.40999999999997,4
"Engel Machinery (Changzhou) Co., Ltd.",288.86,5
Screencore Ltd.,288.0,10
"Daimon Co., Ltd.",287.42,58
Wilhelm Rosebrock Gmb H & Co. Kg,287.37,165
Fmc Technologies De Mexico S.A. De C.V.,287.19,3
Talleres Jaso Industries Sl,287.0,1
Ferrovial Construction (Australia),286.79999999999995,3
Jumbo Transport Eckhoff Gmb H As,286.65,9
Compania Banadosmil S.A Matina Cent,286.44,3
Rg Dispersants Ltee.,286.31,10
Used Cranes & Materials Holland B.V,286.0,4
Ploeger Uk Ltd.,285.94,22
Sermak Mekanik Tic. Ltd. Sti,285.3,2
Itamarati Industria De Compensados,285.3,3
Chess International Trading Co.,285.2,7
"Tozai Boeki Co., Ltd.",285.12,14
Fokker Aerostructures Bv,285.02,40
Golden Harbour International Pte.,284.98,15
Nidec Arisa Slu,284.8,4
Nsh Technology Gmb H,284.76,2
Baker Hughes,284.58,4
Master Of Ensco Ds16,284.56,10
"Kukjesteel Co., Ltd.",284.46,4
Fayat Road Equipment Division Mea F,284.09999999999997,2
K.K.Moana Blue,284.06,6
Roc Shipping One Designated,284.0,2
"Hirano Tecseed Co., Ltd.",283.0,5
Kia Mexico S.A. De C.V,282.92,4
Sanko Gosei Ltd.,282.42,3
"Ge Ebergy Hangzhou Co., Ltd.",282.4,2
Inter Drain Sales B V,282.4,8
Tradewinds International Llc,282.26,1
Mol Chemical Tankers,282.2,4
Walsin Lihwa Corp.,281.66,2
Taihei Machinery Works Ltd.,281.26,1
Internationalauto Logistics Llc,280.99,165
Bsn Thermprozesstechnik Gmb H,280.94,3
"Zapp International Co., Ltd.",280.63,75
Abl Industrial Group Ltd.,280.56,1
Dogado Srl,280.36,14
Core Fruit (Pty) ) Ltd.,280.19,1
Ci Seven Seas Colombia Sas,280.0,2
New Shipping Kaisha Ltd.,280.0,1
W5003 Z,279.83000000000004,8
Liebherr Iberica Sa,279.48,2
Bollore Logistics,278.4,16
"Diesel Trading Co., Ltd.",277.74,14
Shell Namibia Upstream Bv,277.63,1
Fenix Mfg. Solutions Gmb H,277.38,156
"Yuhwa Steel Pipe Co., Ltd.",277.2,8
Exportadora Prize Ltda,277.08,13
Isuzu Motors Ltd. Teisuzu Motors America Llc Latin Ame,276.91999999999996,6
Provide Cars Ltd.,276.72,149
W58 Cmp,276.62,9
Shpi Ltd.,276.33000000000004,3
Liebherr France,276.18,10
"Yanagawa Shoji Co., Ltd.",276.0,11
Comercializadora Baika Sp A,275.78999999999996,7
David Del Curto S.A.,275.75,7
"Ningbo Rixing Foundry Co., Ltd.",275.38,9
"Doright Co., Ltd.",275.01,9
Stena Icemax,274.69,5
Zhenjiang Huapu Eco Friendly Materi,274.33,1
Sinbro International Ltd. (Hk),274.26,4
Fracht Italia Srl,274.1,2
Dmg Mori Global Service Tuning,273.76,29
"Geecy Engineering Pvt., Ltd.",273.71,4
Aa Japan (Pvt) Ltd.,273.16,98
Shaoxing Shanhua Automotive,273.0,2
Horkos Corp,272.94,6
Mt Chemtrans Taurus,272.4,2
Hangzhou Guoneng Steam Turbine Engi,272.15,1
Caterpillar (Suzhou) Logistics Co.,271.94,8
Multifreight Ltd.,271.84000000000003,3
"Lien Chieh Machinery Co., Ltd.",271.76,2
Ets Sp A .,271.72,2
Agricola El Cerrito S.A.,271.38,11
Yamazaki Mazak Corporation,270.94,2
"Egt New Energy Automotive Co., Ltd.",270.89000000000004,10
Madha Silver,270.29,8
Mc Grath Plant Ltd.,269.7,8
Shenzhen Sm Steel Technology Co. L,269.45,2
Sik D.O.O. Mostar,269.42,16
Rcl Rode Concept Logistica Ltda,269.32,2
"Synn Industrial Co., Ltd.",268.91,1
Total Fruit Comercial Sp A,268.73,9
"Zervtek Co., Ltd.",268.36,181
Boskay Metal San. Ve Tic. Ltd. Sti,268.05,2
Coral Of Seas Li,268.0,2
Ihi Sullair Compression Technology,268.0,1
"Tech Bee Hang Co., Ltd.",267.26,1
Rai Star Corp. Ltd.,266.98,22
Supreme Offshore Fabrication,266.36,2
Outokumpu Europe Oy,265.6,8
Tadano France Sa,265.54,2
Manitowoc Marina,265.5,69
Laurini Officine Meccaniche Srl,265.4,2
Arcelor Mittal,265.22,4
Kolmax Plus,264.88,14
Hyundai Motor Mfg. Czech Sro,264.65999999999997,8
Joy Global( India) Ltd.,264.65000000000003,8
Safresco South Africa (Pty) ) Ltd.,264.38,3
Nippon Steel Sales Vietnam Co.,264.34,2
Manroland Web Systems Gmb H,264.32,6
Savino Del Bene Panama S.A.,264.08,2
Acl Ab (Cross Trade),264.03999999999996,8
Sifa Maritime,263.93,21
Lien Chieh Hydraulic Industrial Co.,263.7,1
Fisker Inc.,263.34,1
Shanghai Sanfeng Metal,262.94,20
Qingdao Bachmann Energy,262.88,2
Commanding Officer Ndlo Meb,262.47,5
Ocean Blackhornet,262.32,2
Demmeler Automatisierung And Robote,262.0,4
Sanlucar South Africa (Pty) ) Ltd.,261.98,2
Triveni Turbine Ltd.,260.8,2
Meta Skladovaci Technika S.R.O.,260.74,4
Air Liquide Advanced Technologies,260.68,4
Discoverer Inspiration,260.11,10
Dsv Veracruz,260.0,2
Agrocomercial Carlos Morales,259.89,9
Air Liquide Global E,258.45,2
"Hyodong Machine Co., Ltd.",258.4,2
"Sam Automobiles Co., Ltd.",257.91,163
Kl Machinery Gmb H,257.85,11
Air Liquide Global E&C Solutions Ya,257.85,8
Wintersteiger Seedmech Gmb H,257.55,33
Central Crushing & Screening Ltd.,257.26,8
"Sakae Riken Kogyo Co., Ltd.",257.23,1
"Shandong Taikai Transformer Co., Ltd.",256.89,2
Sandvik Mining And Construction G.M.B.H.,256.85,5
Nissan Exp. De Mexico S De Rl De,255.88,7
"Respect Motors Co., Ltd.",255.67,144
Gepc Belfort Antwerp,255.4,1
Hindriks Machineverhuur Bv,255.1,8
Colmar Sl,255.1,4
Ktr Trading B.V.,255.0,5
Peinemann Equipment B.V.,255.0,10
Servicios Multimodales Del Golfo S,254.72,2
Network Project Lojistik Anonim Sir,254.54,2
0000 Hq Hq Spod Aqabajord,254.44,18
Artisan Vehicle Systems Inc.,254.28,2
Atm Recyclingsystems Gmb H,254.0,4
Alpha Yachts Usa Llc,254.0,2
Agie Sa,253.87,42
Api Engineering Ltd.,253.56,3
Gimas A.S.,253.48,2
William Keys & Sons Ltd.,253.26999999999998,11
Danieli Centro Combustion Sp A,253.17000000000002,5
Putzmeister Ag,252.94,14
Arabian Industries Mfg.,252.68,2
Shiner Steel International Ltd.,252.59,4
Mclaren Automotive Ltd.,252.35999999999999,8
Mainfreight B.V.,252.16,30
Ningbo Connexion International Forw,252.12,1
Ksp Transport Gmb H,252.0,1
Pt Austin Engineering Indonesia,251.57999999999998,3
Otwo Global Korea Ltd.,251.02,1
Sirena Marine Denizcilik,250.68,7
Guararapes Industria De Compensados Ltda.,250.65,3
Walter Maschinenbau Gmb H,250.35,45
"Mkt Japan Co., Ltd.",250.21,153
"Globus 8 Alloys Pte., Ltd. Singapo",250.0,1
M V Hafnia Soya V. 32004,250.0,1
Caravan Stage Society,250.0,2
Shinhwa Motech,250.0,2
Epiroc Drilling Solutions,249.32,2
Daimler Vehiculos Comerciales,249.29999999999998,10
W90 P96,249.18,12
"Dongying Jet International Co., Ltd.",249.0,1
Bauer Fundaciones Panama S.A.,248.7,5
Priority Worldwide,248.5,2
Ls Cargo Logistics China Ltd.,248.4,2
Concord International Transport,248.0,2
Free 2 Sea Inc.,248.0,2
Atlas Gmb H,247.96,8
Cafes Finos De Exportacion,247.38,7
Exportadora Pocuro Ltda,247.29,14
Schaufler Tooling Gmb H Co Kg,246.18,2
Gravo S.A.,246.14,7
Stacked Inc.,246.13,179
"Sc Shipping Singapore Pte., Ltd.",246.0,1
Vettertec Gmb H,246.0,2
Travaini Carpenteri Sp A,245.6,3
Gregoire Sas,245.5,24
Terex Deutschland Gmb H,245.34,9
Imv Corp,245.33999999999997,6
Vargon Alloys Ab,245.2,1
Electric Boat,244.76999999999998,8
Suiderland Plase (Pty) ) Ltd.,244.65,4
"Sakamoto Industries Co., Ltd.",244.45,11
Hitachi Italy Sp A,244.1,12
Okean Estaleiro Ltda,243.70000000000002,8
Ecopure Specialities Ltd.,243.53,1
Villa & Bonaldi Sp A,243.09,1
Nidaros Shipping As,243.0,1
Llog Salamanca,242.9,1
Wiehag Timber Construction Gmb H,242.88,2
"Jimex Co., Ltd.",242.26,159
Fincantieri Infrastructure Sp A,242.0,6
Master Pti Hudson,242.0,2
Herrenkecht Ag,242.0,2
Daishin Trading,241.87,126
Suzhou Metal One Steel Plates Proce,241.59999999999997,14
Meka Ithalat Ihracat Paz. Ve Tic.As,241.51999999999998,6
"Shandong Lvfeng Fertilizer Co., Ltd.",241.2,4
Tomra Sorting Gmb H,241.02,5
Exportadora Atlantic S.A.,241.02,6
Sistema Spedizioni Srl,240.8,2
Nice Machinery Gmb H,240.18,4
Liebherr Werk Biberach Gmb H,239.96,16
Vietz Gmb H,239.2,10
"Zhongkuang Steel (Shandong) Co., Ltd.",239.0,2
Lachish Industries Ltd.,238.96,12
It International Telecom Marine Srl,238.42000000000002,2
0160 En Co Eng Vertical Co.,237.93,9
Wuhan Friendship Food Engineering C,237.78,2
Bavaria Yachtbau Gmb H,237.72,23
Nec Corp. Of America,237.4,2
Shorts Plc (Exp.),237.26000000000002,40
Kallinger Crushing 6 Screening,237.0,6
Arabian Metal Industries,236.95,1
Kiin Ecoingenieria Sa De Cv,236.94,2
"Youngkwang Co., Ltd.",236.6,1
"Asia Harbor Yacht Builders Co., Ltd.",236.5,6
Bost Machine Tools Co.,236.4,2
231 Yangjae Dong,236.06,4
Proteins Y Fats Sas,236.0,1
Paragon Ltd.,236.0,4
William Grant & Sons Ltd.,235.60000000000002,12
Ti Machinery Bv,235.57999999999998,7
Crystal Industrial Syndicate Pvt. L,235.56,1
Allways Cargo Portugal Transitarios,235.32,4
Siemens Gamesa Renewable Energy Tec,235.15,7
Faccin S.R.L.,235.0,5
Fujiden International Corp.,234.85,1
Adelbert Haas Gmb H,234.38,14
Sany International Development,234.28,2
Cobus Industries Gmb H,234.2,12
Ponte Alta Industria E Comercio De,234.2,1
Wolfs Sales & Development B.V.,234.0,6
Al Tamman Indsil Ferro Chrome Llc,233.84,2
Flender Finland Oy,233.54,3
Wuxi Xinrunyuan New Materials Techn,233.4,1
"Nktech Co., Ltd.",233.39999999999998,2
Erwin Junker Maschinenfabrik Gmb H,233.35,3
Leistritz Pumpen Gmb H,232.86,2
Marquis Motorhomes And Caravans,232.8,18
Aaj Plus K.K.,232.38,148
Atzila Ab,231.72,21
Kunshan Bexcelle Special Equipment,231.59000000000003,3
Koc Electric Ltd.,231.22,2
Gosetto Srl,230.4,6
Ronneby Svets $ Smide Ab,230.07999999999998,6
Dieffenbacher Energy Gmb H,230.0,1
Ge Sorosistem Materiais Composotos,229.88,4
Cramach Imp. & Exp.,229.8,9
Bouygues Construction Trading & Log,229.74,2
Dufour Yachts,229.68,22
Yabuki Kaiun Kaisha Ltd.,229.68,8
Dk Coproration,229.68,8
24 7 Ship Spares Inc.,229.49,331
Terberg Tractors Malaysia Sdn Bhd,229.0,6
Seah Besteelcorporation,228.79999999999998,8
Rosyth Royal Dockyard Ltd.,228.67,5
Humex Shipping & Air Freight Corp.,228.46,1
Siemens Gamesa Renewable Energy,228.04000000000002,4
Jdw Machinery,227.76,4
Normet Oy,227.56,11
Atlas Copco Energas Gmb H,227.41,5
Battenfeld Cincinnati Germany Gmb H,227.2,2
Shengli Longdi Petroleum Technology,226.82,2
Q5000,226.76,6
Safran Aircraft Engines,226.57,30
"Dsv Air & Sea Co., Ltd. Dalian Bran",226.36,6
C Valliant,226.18,1
Mitsubishi Heavy Inds,226.11,3
General Transport,226.0,2
Terex Corp.,226.0,2
"Liaoning North Glass Machine Co., Ltd.",226.0,1
Hafnia Hawk,225.2,8
Shanghai Tonghua Stainless Steel Pr,225.17,3
Henan Doing Environmental,225.12,1
Rotracsasl,225.0,1
Hi Tech Fabrication Ltd.,224.88,5
Koica,224.68,2
Piemme Srl .,224.57999999999998,13
Pama Sp A,224.5,3
Global Liner Agencies,224.32000000000002,4
Interpane Glasgeselischaft Mbh,224.23999999999998,4
W6 Hke2 S Pbt Elev,224.10000000000002,6
Allied Yacht Transport Llc,224.0,9
0000 Hq Hq Erbil Iq Det,223.55,8
Hergen Sa Maquinas E Equipamentos,223.51999999999998,7
Zoomlion Intelligent Access,223.5,2
Pt Anugrah Bungo Lestari,223.04,2
Pt . Bumi Beliti Abadi,222.8,2
Dhl Global Forwarding Gmb H,222.14,26
Wanless Machinery & Parts,222.0,2
Dakota Air Parts International Inc.,221.4,4
Astra Veicoli Industriali Sp A,221.26000000000002,6
Air Liquide,221.22,4
Air Products And Chemicals (China) In,220.6,1
Tamaki Sangyo,220.27,2
Yachting 104 Ltd.,220.0,2
Nidec Machine Tool Corp.,219.72,10
Agrofruta Cherries S.A,219.38,12
Flowserve Sp A In S.L.,218.99,5
Upm Plywood Oy,218.73000000000002,6
Marini Industria De Compensados Ltda.,218.61,1
Cji Overseas Imp. & Exp. . Ltd.,218.24,1
Comercializadora International De M,218.0,2
"Sunton Steel Pte., Ltd.",217.94,3
Sichuan Honghua Petroleum Equipment,217.8,4
Schwing Gmb H (Austria),217.79999999999998,12
Haarslev Industries S.A.U.,216.22,4
Intimex Daknong,216.12,2
Intimex Buon Ma Thuot,216.12,2
Intimex Thang Long Jsc,216.12,1
Hoa Trang Gia Lai Imp. Exp. Co.,216.12,2
Eisa   Empresa Interagricola S.A.,216.08,2
Tpj Comercio Atacadista De Cafe,216.07999999999998,5
"Shanghai Lifen Gas Co., Ltd.",216.01999999999998,3
Comercial Cym Limitada,216.0,5
Industrias Reunidas Colombo Ltda,216.0,12
Redecamgroup Sp A .,216.0,2
Eagle Sp. Z O.O.,216.0,8
Bojux Com S.R.O.,216.0,11
Pt Rubber Hock Lie,215.92000000000002,2
Wake Corp. Ltd.,215.86,32
Korea Aerospace Industries Ltd.,215.8,11
"Sichuan Y&J Industries Co., Ltd.",215.69,3
Olivar Exp. Sp A,215.62,9
"Toyo Ro Industries Co., Ltd.",215.46,2
Limofrut S.A.,215.43,1
Disa Industries A/S,215.4,5
Utoc Corp.,215.32,4
Erema Engineering,215.20000000000002,8
Brembana & Rolle Sp A,215.2,2
Ritchie Bros Shared Services B V,215.1,5
Azex Flow Technologies Inc.,215.1,1
Nedschroef Herentals N.V.,215.01999999999998,4
Going Natural Srl,215.0,3
Amey Briggs Services Ltd.,215.0,2
Thai Hua Rubber,214.94,11
Yellow Iron Fleet,214.74,2
Hevea Kb Sdn Bhd,214.68,1
Danish Defence Supply Agency,214.6,2
Kanon Loading Equipment B.V.,214.4,2
Requip Services Ltd.,213.5,1
Vecoplan Ag,213.22,14
A&M Machinery Bv,213.02,15
Willemin Macodel Sa,213.0,34
Norbulk Shipping Uk Ltd.,212.97,76
"Nori Enterprise Co., Ltd.",212.82,14
7 Worldwide Logistics Gmb H,212.68,2
Volvo Trucks France,212.66,16
Streumaster Maschinenbau Gmb H,212.57999999999998,26
0185 Av Hhc Hhc Expeditiona,212.48,8
American Global Logistics Llc,212.16,1
Solar Madelein,212.0,2
Redrock Machinery Ltd.,211.8,16
Dillinger Middle East Fze,211.72,1
Primetals Technologies Austria Gmb H,211.7,5
"Haider Trading Co., Ltd.",211.7,56
Bls Bremer Logistic Service Gmb H,211.57,3
Ap&T Sweden Ab,211.55,1
Shanghai Yileng Carrier Air Conditi,211.43,1
Gedesa Exportaciones S.A.,211.42000000000002,4
Inter American Cargogroup S.A.,209.9,2
Espar Srl,209.88,2
Mannstaedt Gmb H,209.6,2
Southwest Global Fzco,209.5,3
Emi Electro Mecanique Industries,209.44,2
Hanseyachts Ag,209.4,18
Compania Hondurena Del Caf,209.19,6
Taesan Corp.,209.16,4
C B Fenton & Co S A Ulog,209.1,2
Taicang Cimc Special Logistics,208.8,2
Fc Fabbri Park Srl,208.76,4
Fmc Wellhead Equipment Sdn Bhd,208.66,8
Thyssenkrupp Polysius (Vietnam) Ltd.,208.62,1
Hitachi Energy Germany Ag,208.6,2
Pt Anugrah Sibolga Lestari,208.5,2
Hassia Verpackungsmaschinen Gmb H,208.36,5
Proteus Commodities Inc.,208.0,8
"Yoshiura Co., Ltd.",207.86,3
Pt. Kapuas Besar,207.76,2
Daikyonishikawa Corp.,207.45000000000002,24
Manitowoc Crance Group,207.07999999999998,4
Alfa Laval Vicarb,206.9,4
Hooper Welding Enterprises Ltd.,206.38,1
Fivestar Services Gmb H,206.0,2
Mitsubishi Heavy Industries,205.84,6
Bearward Engineering A Division O,205.62,17
Cesaro Mac Imp. Srl,205.48,14
Thiess Chile Sp A,205.4,2
Xuzhou Fonnov Architectural Materia,205.33999999999997,3
Air Liquide Global E&C Solutions Ha,205.28,1
Profiroll Technologies Gmb H,205.06,9
Waboba Ab,204.84,12
Bdp International Inc.,204.75,2
Gva Krefeld Gmb H,204.46000000000004,3
"Enpro Industries Pvt., Ltd.",204.0,2
Stoevelaar Recycling Bv,203.98,5
W500 N7,203.89000000000001,7
Abg Allgemeine Baumaschinen Gesellschaft Mb H,203.72,10
Hyundai Corp.,203.46,2
"Dongyang Physical Chemical Co.,L",203.05,1
Wiltrade Holland Bv,202.89,2
G I Trading,202.48,16
"Yonezawa Koki Co., Ltd.",202.1,4
Techint Chilie S.A.,201.6,8
Uhde High Pressure Technologies,201.42,2
Gorgeous Rides Co.,201.36,98
"Changsha Apollo Chemical Co., Ltd.",201.3,3
Ersoylar Demir Celik San Ve Tic,201.15,1
Metallic Tower Mechanical Construction Jsc,201.12,2
Manitowoc Potain,201.02,9
Seaways Milos,201.0,1
Rowan Drilling Trinidad Ltd.,200.8,7
Tps Technitube Rohrenwerke Gmb H,200.8,6
C.P.D.Motors Llc,200.65,142
Vezzani Sp A,200.6,3
"Chin Ho Fa Steel & Iron Co., Ltd.",200.58,8
M T Chem Hydra,200.56,6
Bunge Gida Sanayi Ve Ticaret As,200.5,2
Apds Vietnam Ltd.,200.38,2
Opistra Agritech Ltd.,200.32,2
Used Cars,200.31,128
K3 Maritime,200.25,3
Itochu Corporation,200.05,2
Pomerleau,200.0,4
"G Tres Co., Ltd.",200.0,2
Shenzhen Guoyuanxia Trading Co. Lt,199.73,1
Exportadora San Lorenzo Ltda,199.61,5
Gurutzpe Turning Solutions S.L,199.26,5
Rohlig France,199.04,8
Neat Ventures,199.0,2
Talleres Zb S A,198.66,4
Tenaz Group (Pty) ) Ltd.,198.42,1
Vestas Bladesitalia,198.12,2
Silsoil Sl,198.04,2
Jubilant Agri Consumer Products L,198.0,4
Grupo Empresarial Comatcol,198.0,1
Trepel Airport Equipment Gmb H,197.88,6
Sacmi Usa Ltd.,197.8,2
Danfoss A/S,197.76,1
Seatram Srl,197.66,10
Schottel Gmb H,197.38,3
Biotrade Colombia Sas,197.0,2
Five Star Services B.V.,196.98,4
Vuay Tanks & Vessels (P) Ltd.,196.23000000000002,2
"Yangzhou Metalforming Machine Co., Ltd.",196.2,2
"Toyotsu Logistics Service Co., Ltd.",196.03,1
Fox Mountain Llc,196.0,6
Kolberg Pioneer Inc.,195.91000000000003,2
Van Dijk Heavy Equipment Bv,195.8,2
Santa Vitoria Acycar E Alcool,195.78,1
Wilco Machinery Bv,195.71,15
Long Hill Plant Sales Ltd.,195.6,9
Flexsys America L.P.,195.56,2
Transceler Ltda,195.35,104
Robert Burkle Gmb H,195.26,2
Tomiya,195.1,7
Elecnor Servicios Y Proyectos S.A.U,195.0,2
Dodaac Cage N63381,195.0,11
Scaip S.R.L.,194.74,8
4 Service Srl .,194.64,4
Bruks Kla Ckner Gmb H,194.6,2
"Amada Machinery Co., Ltd.",194.38,24
Nikolaus Bagnara Sp A,194.3,5
Cif Bennes,194.06,8
Luna De Miel Srl,193.82,17
Mitsubishicorporation,193.7,2
Bma Braunschweigische,193.3,1
"Zap Auto Exp. Co., Ltd.",193.21,143
Bas World B.V.,193.01,11
Cargo Service Panama S.A.,192.3,2
Oleoestepa Sdad. Coop. And.,192.03,3
Ing. A. Rossi Impianti Industriali,192.0,2
Chepstow Plant International Ltd.,192.0,2
Rossi Ingegneria Alimentare Srl .,192.0,2
Hero World Challenger,191.75,2
Zhejiang Dadi Steel Structure Co Lt,191.66,2
Unifrutti South Africa (Pty) ) ( Ltd.),191.59,6
Maag Gear Sp Zoo,191.58,2
Vesseltech Engineering,191.56,2
Ksl S.A.C.,190.32,3
Bauer Equipment America Inc.,190.3,2
Bau Suddeutsche Baumaschinen Handel,190.2,2
"Sinopec Catalyst Co., Ltd.",190.08,1
Ling Bay Ltd.,190.0,1
Almadiva Ltd.,190.0,2
Petrasco Services Inc.,189.99,1
Kobelco Construction,189.6,2
Japan Steel Works America Inc.,189.54,2
Prinoth Gmb H,189.4,9
Florida Maritime Trade Group,189.3,7
Condor Specialty Coffee S.A.S.,189.01999999999998,3
Fagnello Industria De Compensados,189.0,1
Fracht Lojistik Anonim Sirketi,188.95999999999998,4
Sociedad C&L Frut Sp A,188.92000000000002,12
Overseas Logistics Services,188.6,2
Mullan Autosales Ltd.,188.16,5
Wartsila Finland,188.12,2
Andrtz Ag,188.02,6
Trumpf Maschinen Austria Gmb H & Co. Kg,187.87,5
Meji Shipping Bv,187.73,1
Hd Hyundai Construction,187.69000000000003,3
Sandvik Srp Ab,187.69,3
Wartsila Finland Marine Solutions,187.5,2
Miraluz Industrias E Comercio De Ma,187.2,2
Spbi,187.15,10
Voestalpine,187.0,2
Gs Tvornica Masina Travnik D.O.O.,186.78,6
"Agon Pacific Co., Ltd.",186.6,1
"Naigai Nitto Co., Ltd.",186.56,2
Compensados Laselva Ltda,186.4,4
Wepuko Pahnke Technology Bejing,186.38,2
Lonking (Fujian) International Trade,186.2,2
Sidel Blowing & Services,186.16,8
Mateco Sarl,186.08,2
Ngc Transmission Chennai Pvt. Li,186.0,2
"Silver Yachts Jiangmen Co., Ltd.",186.0,1
Sorosistem Materiais Compostos S.A,186.0,6
Global Freight Solutions,186.0,4
Japan Overseas Corp.,185.96,34
Kongsberg Maritime Finland Oy,185.72,4
Fliegl Agrartechnik Gmb H,185.6,4
Dole Chile S.A.,185.53,7
Trane Air Conditioning Systems,185.16,2
Globe Cargo Gmb H,185.06,6
Fb5213 607 Mms Lgs Ol D,185.06,2
Spiromatic,185.04,10
Maegerle Ag Maschinenfabrik,184.84,6
Exportadora Los Olmos Ltda,184.76,10
Fb4804 Uscentcom Us Air Force,184.54999999999998,4
"Columbia Seed Co., Ltd.",184.48,2
Siemens Ag,184.10000000000002,4
Wirtgengmbh,184.08,2
Reuzenradbouw Lamberink Bv,184.0,6
Nordex Blades Spain S.A.,183.6,1
Hitachi Energy Poland Sp. Z O.O.,183.4,2
Karsan Otomotiv Sanayii Ve Ticaret,183.36,2
Alleima Cz Spol Sro,183.3,2
Olnova Gmb H,182.72,6
Wilhelm Bahmueller Maschinenbau,182.54,11
Interfor Corp.,182.44,1
Yellow Machinery For The World Sl,182.04,4
Fischer & Rechsteiner Co. Sp A Vai G. Galilei,182.0,2
Fischer And Rechsteiner Co Sp A,182.0,2
Used Rides Europe Bv,182.0,2
Alstom,182.0,4
Cornelius Banman Klassen,181.88,13
Nansen,181.62,12
Kelly Cove Salmon,181.44,6
Kiswire Neptune Sdn.Bhd.,180.96,2
Servicios Logisticos Dylo Sa De Cv,180.95999999999998,6
"Dsv Air Sea Co., Ltd. Dalian Branch",180.8,4
Towa Precision Machinery Equipment,180.57999999999998,4
Itt Sp A S326060155,180.51,1
Tesab Spain Sl,180.4,4
M V Starlight I V. 0052,180.27,2
Inchcape Caribbean Inc.,180.05,39
Mol (America) Inc.,180.0,2
Savino Del Bene Finland Oy,179.98000000000002,4
Clasquin Germany Gmb H,179.8,2
"Hna Co., Ltd.",179.71,4
Heinrich Georg Gmb H Maschinenfabrik,179.26,2
Ensco Do Brasil Petroleo E Gas Ltda,178.75,5
Akdas Dokum San. Ve Tic. A.S.,178.5,4
Atm Levage,178.32,1
Nantong Lambda Marine,178.22,1
L.F.R. Carli & Cia Ltda,178.12,2
Marbel S.A,178.0,2
Rhenus Logistics Sa (Bilbao),178.0,2
Vitoria Stone Industria E Comercio Ltda,177.98000000000002,8
Caterpillar (Thailand) Ltd. Caterpillar America C.V.,177.64,9
Gf Cast.Solutions Altenmark Gmb H,177.3,2
Terex (Gb) Ltd.,177.2,4
World Consolidators,176.8,4
Dsv Air & Sea Gmb H Schlachte 15 18,176.8,1
"Enhance Auto Co., Ltd.",176.76,50
"Soban Trading Co., Ltd.",176.51,123
Upcargo Inc.,176.5,3
Stena Drillmax Ice Ltd.,176.2,1
Rondi Iff Srl .,176.1,2
"Sungjin World Win Co., Ltd.",175.99,7
Geodis Freight Forwarding France,175.84,12
Industrias Keravit,175.77,29
Fracht Ag (Baden),175.7,2
Mmd Gphc Ltd.,175.64,5
Fkl Plant,175.44,4
Neal Brothers Meltham Site,175.32,5
Eee Transportation,175.29999999999998,71
Kelvion Thermal Solutions,175.2,2
Tianjin Huilitong Steel Tube Co.,175.0,1
Tianjin Harvest Safe International,175.0,2
Wuxi Jinlong Petrochemical Metall,174.95999999999998,2
Yizheng Haitian Aluminium Industria,174.82,2
Blue Ocean Mariculture,174.6,2
Nuno Fracht Consultoria Logistica E,174.58,6
Avr Bvba,174.48000000000002,6
"Shandong Bondju Industries Co., Ltd.",174.4,2
Scan Global Logistics Ab,174.2,4
Ritchie Bros. Polska Sp. Z O.O.,174.2,8
Dla Investments (Pty) ) Ltd.,174.14,1
Lefort,174.0,3
Zhejiang Wujing Machine Mfg.,173.76,1
Manho Rope & Wire Ltd.,173.64,3
Schluter Baumaschinen Gmb H,173.6,5
Arnould & Silberreiss Sarl,173.3,7
Metso Brasil Industria E Comercio Ltda,173.22,1
"G 7 Crown Trading Co., Ltd.",172.76,73
Derbes Logistics,172.72,4
Xiangxi Fengda Alloys Ltd.,172.54,1
Internationalize Trading & Consult,172.5,1
Horizon Co. S.A.S.,172.4,4
Sogo Corporation,172.29999999999998,8
Yumoto Inc.,172.25,32
"Kocel Machinery Co., Ltd.",172.18,5
Maersk Logistics Usa,172.18,206
Liberty Offshore Llc,172.0,2
Bridgewell Inc.,171.83,25
Blue Cube Chemicals Italy Srl,171.66,8
Remorques Louault,171.56,10
Exportadora San Clemente S.A.,171.47,11
Saarschmiede Gmb H Voelklingen,171.46,2
Retired Asset Management,171.0,2
Fabh,170.94,2
Qingdao Xingye Steam Turbine,170.93,13
Viking Life Saving Equipment Inc.,170.73,362
Siemens Energy Industrial Turbomach,170.29,4
Itg Air Sea Gmb H,170.2,4
Isotanques International Sa De Cv,170.18,6
"Tania Yacht Co., Ltd.",170.0,3
Lysias,170.0,2
Cafes Finos Corquin S.A. Cafico,169.98000000000002,4
Nmtc B V Dba Nmt Lines,169.95999999999998,4
Ormig Sp A,169.89999999999998,4
South African Roll Co. (Pty) ) Ltd.,169.89999999999998,2
J.M. Voith Se & Co. Kg Vta,169.56,2
Sealogis Freightforwarding Belgium,169.29999999999998,18
Vestas Wind Systems A/S,169.18,4
Optimo Consolidators International Inc.,169.0,2
Jiangsu New Star International Trad,168.75,1
Cutlite Penta Srl,168.67,5
Forgital Dembiermont S.A.S.,168.48000000000002,4
Nissan Exp. De Mexico (Nedm),168.06,12
Industria E Com. Compensados Sul Pa,168.0,1
Atach3 Marine Llc,168.0,2
"Johnson Yachts Co., Ltd.",168.0,2
Metsaliitto Osuuskunta,167.78,2
"Idaka & Co., Ltd.",167.45000000000002,11
A.Hartrodt Deutschland,167.26,2
Isewan Europe Gmb H,167.14,2
Poettinger Landtechnik Gmb H,166.92,18
Haeusler,166.88,4
Hitachi Energy Colombia Ltda,166.87,2
Siemens Energy,166.7,2
Liebherr Chile S.A.,166.4,2
Cortes Rodriguez Asesores Sas,166.04,32
Montfort Trading (Switzerland) Sarl,166.0,2
Nan Inc.,166.0,2
Jinan Jincai Welding Materials,166.0,2
Ben Burgess & Co.,165.9,16
"Torishima Pump Mfg. Co., Ltd.",165.82999999999998,3
Jax Machinery Com. Equop. Loc. E,165.72,1
Amiagro Sociedad Anonima,165.7,1
Ge Energy Power Conversion Uk Ltd.,165.65,1
Level Importacao Exportacao E Come,165.6,2
American Bridge,165.53,22
Ananas Export Company S.A.,165.39,3
Yoobong Corp.,165.32,2
Get Cars Japan Ltd.,165.28,96
Aebi Schmidt Intern Ag,165.23,7
"Sany Yunlian Technology Co., Ltd.",165.03,1
Ghh Fahrzeuge Gmb H,165.0,2
"Doosan Bobcat Korea Co., Ltd.",164.89000000000001,8
0106 Av Bn 01 Co D Aviation M,164.82999999999998,7
Zhangzhou Shenzhou Boat,164.7,2
Suzhou Shengcheng Solar Equipment,164.32,3
E.C.D. Auto Design,164.22,22
Nsc Shipping Gmb H & Cie Kg,164.18,6
Ardmore Chippewa,164.0,1
Carlugo,164.0,2
Vestas American Wind Technology Inc.,163.3,2
Brazil South Lumber Com. E Industries De,163.24,2
"Chung Woo Rope Co., Ltd.",163.22,2
Siemens Energy Transformer (Jinan),163.06,1
Flm Sa ( (Pty) ) ) Ltd. Trading As,162.94,1
Amecc Mechanical,162.83,1
"Metso Brasil Ind. E Comercio, Ltda",162.8,7
Sumitomo (Shi) Demag Plastics,162.8,4
Midland Heritage Vehicles,162.79999999999998,9
Stena Evolution,162.74,8
Volta River Authority,162.6,6
Nam Kim Steel Joint Stockcompany,162.09,1
Editora Corripio,162.06,50
Mitsubishi Corp. Technos,162.02,2
Mt Anikitos,162.0,2
Ktr Kraan Truck Reparatie,161.8,2
Steris Finn Aqua,161.57,27
Olivstone S.A.C.,161.55,4
Gac Motor International Ltd.,161.52,8
Workstrings International,161.44,1
Ge Vernova Equipamentos E Soluces,161.16,2
Haode International Development Ltd.,160.85,2
Moto Truck Sp. Z O.O.,160.5,2
Great Forwarding International Ltd.,160.48,2
A Maskin As,160.22,2
Agricola Sicor S.A.,160.16,6
"Hydrogen Pro Tianjin Co., Ltd.",160.14,1
Ntg Projects,160.07999999999998,8
8 Seas Cayman Llc 2 Nd Floor Governo,160.0,2
Lokholmen,160.0,1
Gaussini Sa,160.0,2
Master Bastille Street,160.0,2
Tos Varnsdorf A.S.,159.88,2
Hulleman Trucks B.V.,159.88,6
Gimeco Impianti Srl,159.88,2
Getinge Sterilization Ab,159.69,20
Jas Worldwide (Panama) S.A.,159.28,2
Andritz (China) Ltd.,159.04,6
Goodrich Aerospace Europe,158.98000000000002,26
Tsuchiyama Sangyo,158.48,79
Gdf Inc.,158.42000000000002,6
Sy Steel Vina Jsc,158.38,1
Powergear Ltd.,158.28,4
Horsch Maschinen Gmb H,158.08,10
Roehlig Espana S.L.,158.0,3
0126 Av Bn 03 Co B Heavy Heli,158.0,6
"Sbi Africa Co., Ltd.",157.96,131
"Nichibo Japan Trading Co., Ltd.",157.89,45
Translink Freight & Logistics Pte L,157.5,3
"Solis Co., Ltd.",157.4,1
Soma Spol S.R.O.,157.2,2
Ut Trading. Llc,157.16,76
Complete Marine Freight S.L.,157.06,14
Polyworld Fzco,156.62,2
Iods,156.52,2
Upm Kymmene Corp.,156.42,8
Untha Shredding Technology Gmb H,156.4,4
Lindemann Germany Gmb H,156.3,2
Heinrich Georg Gmb H,156.26,2
"Linde Engineering (Dalian) Co., Ltd.",156.24,2
Gnutti Transfer Sp A .,156.2,2
"Dongying Andy Chemical Co., Ltd.",156.0,2
Rivertek Services Ltd.,156.0,4
"Pat O Donnell & Co., Ltd.",156.0,4
Aumund Fordertechnik Gmb H,155.92000000000002,4
Uptime International As,155.9,1
Huanghua Sewon Hightechvehicle,155.86,2
Stora Enso Publication Papers Oy Lt,155.68,6
Jiangsu Sunpower Heat Exchanger,155.59,1
Giddings Cerasus S.A.,155.55,18
Deugro Brasil Ltda,155.38,2
Intl Shipping Agency Ltd.,155.26999999999998,2
Africa Mobility Solutions France,155.26,4
Ammann Asphalt Gmb H,155.2,4
Jose Luis Vazquez Valdez,155.14,44
Ambyth Shipping And Trading,155.13,3
Tso Nge Mexico Sa De Cv,155.1,2
Unitized Ocean,155.02,2
Vem Sachsenwerk Gmb H,155.0,2
Itochu Logistics (Europe) Gmb H,154.68,4
Abb Ab,154.62,5
Aston Martin Lagonda Ltd.,154.5,24
Tianjin Haicheng International Logi,154.41,2
"Siam Kubota Corp. Co., Ltd.",154.4,2
W50 C58,154.38,12
Tocornal Exp. Limitada,154.32,8
Fibra Ingenieria Y Construccion S.A,154.2,2
Baohua (Ningbo) International Logistics Co.,154.18,2
"Ford Motor Co., Ltd. On Behal",154.02,8
R Team Gmb H Co. Kg,154.0,2
Hewitson Plant Sales Ltd.,153.98000000000002,8
Enlace Caribe S A S,153.7,38
Rugui Steel Trade S.L.U,153.66,2
Nippon Trader,153.58,126
Schluesselbauer Technology,153.4,2
Bavaria Swiss Ag,153.4,5
"Nisshin Transportation Co., Ltd.",153.34,1
Iveco Espana,152.98,32
Fuji Corp.,152.98,2
Handan Steel Group Hengshui Cold Ro,152.98,1
Island Performance,152.66000000000003,4
Pon Equipmwnt,152.6,6
Albert Tebbe Gmb H,152.54,11
Tst Sa Transocean System,152.4,2
"Kc International Japan Co., Ltd.",152.01,3
Krown Sa,152.0,2
Str Srl,151.84,14
Cappellotto Sp A,151.6,8
Shad,151.4,2
Ug Logistics Services De Mexico S.C,151.4,42
Gemmytrading Llc,151.36,77
Brascof Ltda,151.26,3
M V Sky V64,151.26,2
Seelenwald Saegewerk U. Holzhandel,151.16000000000003,4
"Wuxi Hs Technology Co., Ltd.",151.14,3
Ls Mtron Ltd.,151.1,1
Ankur Scientific Energy,151.1,1
"Niigata Machinery Co., Ltd.",151.02,7
Pt Am Ns Indonesia Ns,151.02,1
Redaelli Tecna Sp A,150.98,2
"Mitsubishi Logisnext Co., Ltd.",150.9,12
Epiroc South Africa (Pty) ) Ltd.,150.7,4
Joc International Technical,150.4,2
"Tama Chemicals Co., Ltd.",150.24,3
Rockster Austria International Gmb H,150.0,4
Allied Yacht Transport,150.0,5
Backers Crusher @ Screens Gmb H,150.0,5
Maltacourt Ltd.,150.0,2
Wuxi Aad.Co. Ltd.,149.94,2
"River Trading Co., Ltd.",149.76,17
"Changsha Byd Auto Co., Ltd.",149.64,4
"Best Value Chem Pvt., Ltd.",149.25,7
Dodaac Cage Fb5209,149.09,2
Dryport Inc.,148.94,20
Kia Corp. 12,148.92,2
Servicios Agricolas Oppenheimer Chile Ltda,148.4,7
Worthington Srl Ema 17 Desio Ita Fp,148.2,2
Luis Marte Fabian,148.0,20
Grimaldi Lines,148.0,8
S J H All Plant Sales Ltd.,148.0,8
Sjh All Plant Group Ltd.,148.0,4
Constution,147.6,17
Cogefrin Sp A,147.6,2
"Jord Malaysia Pte., Ltd.",147.55,5
Shanghai X Y International Logistic,147.32,2
Dedini S A Industries De Base,147.28,2
Otics Corp.,147.16,2
Mz International,147.0,6
Isreael Ministry Of Defense,146.86,1
Karl Buch Walzengiesserei Gmb H & Co.,146.8,4
Ramps Logistics Ltd.,146.77,1
"Desmet Ballestra India Pvt., Ltd.",146.41,3
Vallourec Tubos Para Industria S.A,146.14,14
Pellenc Sa,146.06,10
Surplex Gmb H,145.8,2
3 Rama Bml,145.78,2
Pilotes Y Cimentaciones Menjibar De,145.76,4
"Schwing Stetter (India) Pvt., Ltd.",145.75,7
Gildemeister Drehmaschinen Gmb H,145.7,8
Performance Yacht Sales Corp.,145.7,13
Seoul Trading Co.,145.2,10
Morimatsu Dialog (Malaysia) Snd Bhd,144.98,1
Liebherr Werk Ehingen Gmb H Beequip Bv Willemskade 18,144.9,1
Corporacion Domi S A,144.86,4
Yacht Sales Management Llc,144.66,10
Interfreight De Mexico Sa De Cv,144.58,10
Baic International Development Co.,144.5,4
Kalmar Industries Oy Ab,144.34,1
Master Mrc Sedef,144.0,2
Tiba Spain S.A.U.,144.0,2
Dolce Frutti Sp A,143.89,3
Erwin Hymer Group Uk Ltd.,143.74,12
"Shineray Automobile Co., Ltd.",143.64,2
"R Engineering Trading Co., Ltd.",143.62,6
Kg Vina Plywood Trading And Imp.,143.6,1
Flsmidth Inc.,143.6,1
Shi Fw Power Machinery Co.,143.6,1
G13 Madeiras Ltda,143.36,5
Ambercor Shipping Inc.,143.34,4
Cimtas Ningbo Steel Processing Co.,143.32,2
Nectar Marine Llc,143.3,2
Cm Bio Operating Llc,143.27,1
Faheema Engineering Works,143.17000000000002,3
Rj & Kd Mclean Ltd.,142.94,11
Thyssenkrupp Industrial Solutions,142.72,2
Montanstahl Gmb H,142.62,8
Engel Used Machinery Gmb H,142.4,2
Bailey Trailers,142.38,9
Xuzhou Construction,142.28,2
"Concord International Co., Ltd.",142.28,4
Innio Jenbacher Gmb H & Co Og,142.24,3
Wfd 400,142.16,23
Southern Lubrication (Pvt) Ltd. On,141.76,1
Nippon Sharyo Ltd.,141.58,1
Joy Global Joy Mining Machinery Co. Ltd.,141.27,3
"Ste Equipment Co., Ltd.",141.25,1
Connaught Birmingham Ltd.,141.2,2
Q 5000,141.07000000000002,2
Middledrop Bouwmachines B.V.,141.0,4
Wirtgen Ltd.,140.73,6
Space Exploration Technologies,140.72,2
One Ocean Yachts,140.6,12
Wavecrest Ltd.,140.56,6
Rh Shipping & Chartering S De Rl De,140.52,2
Hyundai Everdigm Corp.,140.45999999999998,4
Haicheng Jinhan Refractory,140.45,1
Aquajet Systems Ab,140.43,11
Hebei Fengyin Imp.&Exp. Trading,140.42,1
Jmc Recycling Systems Ltd.,140.4,2
Ring Power Corporation,140.4,2
Logset Oy,140.18,6
Erowa Ag,140.12,45
Natalia Veloz,140.1,20
0106 Av Bn 01 Co E Forward Sp O,140.01,8
Ufc Sarl United Forges Co.,140.0,2
Ith Srl,140.0,2
Wide Range Services Ltd.,140.0,2
Kg Sportfishing,140.0,4
At Construction Solutions Llc,139.88,32
Mchale Engineering,139.86,14
Frontier Inc.,139.6,6
Seaways Kythnos,139.47,2
Mamut Daru Kft,139.24,1
Andritz Metals Germany Gmb H,139.24,1
Two Ocean Marine Mfg. Cc,139.0,5
Fuzhou Helmsman Yachts Indusrty,138.9,6
Adams Schweiz Ag,138.48,2
Sladovny Soufflet Cr,138.4,8
Grand Bahama Industries Supply & Ga,138.05,12
Newport Europe Bv,137.96,3
Dhl Global Forwarding Colombia Ltda,137.92,1
Kaiyo Kaihatsu Kougyou,137.86,2
Freeboard Meridan Ltd.,137.7,2
Bisalloy Steels (Pty) ) Ltd.,137.5,2
Baoding Tianwei Baobian Electric,137.47,1
Koenig Co. Gmb H,137.4,4
Jayant Agro Organics Ltd.,137.3,7
Carnival Cruise Line,137.06,26
Sanfra Cargo Ltda,137.02,6
Samju Environmental Industrial Co.,136.96,2
Fejcem Group Sa De Cv,136.85999999999999,6
Oy Kuehne Nagel Ltd.,136.8,2
Bermuda Championship Ltd.,136.76,1
"Hana Power System Service Co., Ltd.",136.51,2
Molson Group Ltd.,136.5,3
"Dn Solutions Co., Ltd.",136.4,2
Pt Sentral Buana Indonesia,136.28,2
Cimentalia Uk Ltd.,135.8,2
Ge Energy Power Conversion France,135.69,1
Vezzani Sp A A Socio Unico,135.6,1
"Xinyang Amsted Tonghe Wheels Co., Ltd.",135.5,1
"Tomita Co., Ltd.",135.46,2
J. Velez Fruit Processors Srl,135.22,29
M V Owl 5 V 914022,135.0,1
Scandinavian Medical Solution Aps,135.0,2
Stenheim,135.0,1
Ingeteam Indar Machines S.A.,135.0,1
Limitless Seas Inc.,135.0,18
Irizar E Mobility S.L.,135.0,2
Catech Tambani Engineering,135.0,1
Jensen Senking Gmb H,134.9,5
Marine Connection,134.6,24
Praj Industries Ltd.,134.51999999999998,3
1393097 Ontario Inc.,134.5,4
Maronti S.A.,134.49,3
Agroindustral Siracusa Sa,134.46,1
Japan Foundation Engineering Co.,134.4,3
Tcr Uk Ltd.,134.4,2
Proficiency Net Ltd.,134.32,2
Brouwer Xp,134.24,10
Iveco France,134.2,16
Schuetz Gmb H & Co Kgaa,134.2,2
Idea Tasimacilik Hizmetleri Ve Tic.,134.18,2
Schuetz Gmb H Co.,134.16,2
Crane Worldwide Logistics Srl,134.0,2
Technohull Sa,134.0,2
Topsoe A S,133.9,2
Hyundai Heavy Industries Brasil,133.74,2
Loedige Machine Warburg Gmb H,133.64000000000001,6
Ecoforst Gmb H,133.5,4
Forgiatura A.Vienna,133.29,4
Ahlstrom Sweden Ab,133.24,4
Ensinger Gmb H,133.1,6
Randa Portas Molduras E,133.0,1
"Ge Power Systems India Pvt., Ltd.",132.8,1
Siemens Energy E&C Solution India,132.68,2
Ethosenergy Poland S.A.,132.66,2
Daejin Machinery Co.,132.64,2
Commanding Officer,132.61,1
Vestas Manfacturing,132.5,2
Offshore Equipment & Services,132.46,1
Kosmos Odd Job Mc 215,132.32999999999998,5
Siemens S.A.,132.2,1
Island Intervention Ac 722,132.17,1
Jochen Husch,132.0,8
"Qingdao Byd Auto Co., Ltd.",131.85999999999999,5
Ram Tubulars Scotland Ltd.,131.84,1
Explora 1,131.84,36
Azamara,131.64,33
Incryo Systems,131.62,1
Abb Engineering (Shanghai) Ltd.,131.56000000000003,3
Komatsu Forest Ab,131.46,8
Caterpillar S.A.R.L.,131.34,10
0004 Ar Hhc 03 Headquarters An,131.28,12
China Dongfeng Motor Industry Imp.,131.08,2
Huddig Ab,130.96,6
Fives Cryo,130.91,3
Tgp Brasil Projetos Transportes,130.8,2
"Onagashoji Co., Ltd.",130.78,6
Blue Water Shipping Trinidad,130.66,5
Agco S.A.,130.5,3
Valmet Technologies Oy,130.4,2
Sotreq Macae,130.36,1
Complete Marine Freight Sl,130.0,2
Fujian Yihong Yacht Corp.,130.0,2
Cast Con Engineering Gmb H & Co.Kg,129.8,2
Top Of The Line Transport,129.79,68
Kyagalanyi Coffee Ltd.,129.72,2
Pentagon Freight Services,129.7,2
Simexco Daklak. Ltd.,129.67,1
Tornos Sa,129.62,8
Brelog Gmb H,129.51999999999998,4
Enermech Guyana,129.35999999999999,3
Summerland Exp. Ltda,129.33,6
J Boat,129.32,26
"Jtf Shoji Co., Ltd.",129.2,5
Irmaos Maggioni Ltda Epp,129.13,1
Tiba Mexico S.A. De C.V.,128.95,3
Laika Caravans Sp A,128.95,21
Thhy Holdings Ltd.,128.64,1
Coco,128.5,20
J. M. Voith Se & Co. Kg,128.49,3
Thermodyn S.A.S. Nuovo Pignone International Srl .,128.4,2
Jiangsu Baicheng Special Steel Pipe,128.38,2
Ecoclean Gmb H,128.3,7
Onboard Logistics Panama S A,128.16,2
Chongqing Youjingda Construction,128.0,2
Bird Dog Explorations Llc,128.0,4
"Quality Auto Co., Ltd.",127.96000000000001,66
Fcs Srl,127.96,2
Joest Solutions Gmb H,127.96,8
"Nanjing Channel Trading Co., Ltd.",127.93,1
Beijing Xinnuokaixiang Internationa,127.84,1
"Voith Paper China Co., Ltd.",127.5,1
Harro Hoefliger Verpackungsmaschine,127.24,4
Apo Imp.,127.13,71
Ponsse Oyj,127.03999999999999,6
Mtb,126.9,4
Mt Ladon,126.87,8
"China Chengda Engineering Co., Ltd.",126.83,1
Dubai Gold,126.65,3
Bonoil Ltd.,126.58,4
W51 Cqf,126.45,5
"Korea Steel Co., Ltd.",126.30000000000001,2
"Tqm International Co., Ltd.",126.23,68
Nmt Usa,126.2,4
Huennebck Gmb H,126.08000000000001,4
Shyam Sel And Power Ltd.,126.0,4
Combilift Ltd.,126.0,12
Bella Vita Ci Corp.,126.0,2
Dieci S.R.L.,125.86,8
Pacific Asian Enterprises Inc.,125.8,6
Transunion Sociedad Anonima,125.56,2
C Valiant,125.21,1
Dresser Rand Do Brasil Ltda,125.2,2
Hyundai Construction Equipment Americas Inc.,125.2,2
Industeel Chateauneuf,125.16,2
Goodrich Aerospace Poland,125.1,2
"Jdm Jingda Machine (Ningbo) Co., Ltd.",125.07,1
Master Quartz,125.06,3
"Ara Logistics Co., Ltd.",124.96000000000001,5
Persico Sp A,124.75,3
"Trust Co., Ltd.",124.7,54
Enterprise 350,124.58,10
"Tongyu Heavy Industries Co., Ltd.",124.58,1
Tml Technik Gmb H,124.5,3
Perales Huancaruna S.A.C.,124.3,2
Holstein,124.28,15
Rmr Holdings Llc,124.06,46
Swissport International Ltd.,124.0,2
Pa Marine Ltd.,124.0,2
Yangli Group Corp. Ltd.,123.6,3
Jord Equipment B.V.,123.43,7
Aebi Schmidt Deutschland Gmb H,123.2,10
Hitachi Zosen Corporation,123.19000000000001,3
Anglo Eastern Ship Management,123.16,8
Bcube Freight Forwarding Srl,123.1,1
Auto Depot,123.08,10
Haneda Kosa Co.,123.07,1
Keestrack Nv,122.76,3
Tweed Autogarage,122.74,94
Arabian Industries Mfg. Ll,122.54,1
Metsa Tissue Corp,122.44,4
"Blauda Co., Ltd.",122.26,106
"Qingdao Qinyuan Group Co., Ltd.",122.21,1
Exportadora Fms Sp A,122.16,4
Uno Mas (Ocho Rios) Llc,122.0,2
Dm Recycling Srl .,122.0,2
Riverside Sales Bv,122.0,11
Grimaldi Group,121.97999999999999,38
Bertrams Chemieanlagen Ag,121.92,4
186 Yen Bai Producing And Trading C,121.84,1
"Aollen Biotech Co., Ltd.",121.6,4
Delecta Fruit (Pty) ) Ltd.,121.55,5
Wilson Mercado Nunez,121.46000000000001,39
Hbh Logistics Gmb H & Co Kg,121.44,2
Orion Government Services Llc,121.34,7
Wfd 250,120.82,8
"Shanghai Steady Machinery Co., Ltd.",120.8,2
Nexans Norway As,120.75,5
"Renault Korea Co., Ltd. P C",120.7,14
"Okaya Co., Ltd.",120.66,1
American Independent Line Inc.,120.48,4
"Shijiazhuang Ruiyi Feed Co., Ltd.",120.48,2
Favourite Fresh Exp. (Pty) ) Ltd.,120.44999999999999,4
Multigestiones Ayax S.A.,120.37,66
"Dashiqiao Huamei Group Co., Ltd.",120.35999999999999,3
Geely Automobile International Corp.,120.32,2
Viet Phap Steel Corrugated Joint,120.24,1
"Haicheng Hongda Refractory Material Co., Ltd.",120.12,2
Formosa Heavy Industries,120.05,2
Alfa Laval Copenhagen A/S,120.02,2
M T Chem Sirius,120.0,3
Hitachi Energy Ltd. Chpgs,120.0,2
C.M.C. Suria Sl,120.0,2
Xcmg E Commerce Inc.,120.0,2
Gujarat Alkalies And Chemicals Ltd.,120.0,6
Aritas Kriyojenik End San Tic As,120.0,1
"Clariant Igl Specialty Chemicals Pvt., Ltd.",120.0,6
Soframe,120.0,2
Shinhwa Eng,120.0,1
Sandasa Timber Ab,120.0,2
Schmiedewerke Groditz Gmb H,119.96000000000001,4
Fes (China) Ltd.,119.72999999999999,3
Vectrus,119.6,1
Oughterard,119.58,8
Ss Trading Co.,119.24,8
Guangzhou Yuanjun Imp.,119.23,1
Huludao Steel Pipe Technology,119.16,2
"Japan Motors Co., Ltd.",119.11,98
Motorworld,119.08,95
Huette Bohrtechnik Gmb H,119.08,6
Mondiale Vgl,119.0,4
Sbm Mineral Processing Gmb H,119.0,2
Sk Rail Bahntechnik Gmb H & Co. Kg,119.0,1
Agco Corporation,118.7,6
Komatsu Mining Panama S A,118.64,2
Mall Herian,118.36000000000001,4
Mpg Transitos S.A,118.2,1
Sub Sea Services As,118.18,3
Haco A.S,118.0,4
Bridgeman Ecosystems Ltd.,118.0,6
Hiperbaric S.A,118.0,2
"Nippon Sanso Korea Co., Ltd.",117.97,1
Allseas Marine Contractors,117.94,2
Diler Dis Ticaret As.,117.8,1
"Nippon Shokubai Co., Ltd.",117.73,6
Vio & C. Srl,117.72,5
Harburg Freudenberger Maschinenbau,116.98,2
Siemens Energy Industrial Turbo Mac,116.98,1
Pt Polykencana Raya,116.93,1
Anselmi Srl,116.5,2
Stena Drilling Ltd.,116.46000000000001,4
Officine S. Giacomo Srl,116.4,2
"Dy Innovate Co., Ltd.",116.32000000000001,5
Oneworld Logistics Sas Nit. 901163525 2,116.12,1
Neptune Lines Panama Inc.,116.1,4
Reinosa Forgings And Castings,116.0,2
Southwark Metals Ltd.,116.0,2
Ecoglobal Machinery Sl,116.0,2
Kroenert Gmb H & Co Kg,115.88,2
Stefan Pfaff Gmb H & Co.Kg,115.8,2
Comber Process Technology Srl,115.71000000000001,3
Ypf S.A Macacha Guemes 515,115.66,2
Dsv Air & Sea Sas,115.6,2
Irish Mfg. Sevices Ltd.,115.6,4
836 Th Transportation Battalion Iwak,115.44,2
"Jitsu Motors Co., Ltd.",115.33,86
Tideway Bv,115.2,1
"Pearl Kogyo Co., Ltd.",115.1,1
Framag Industrieanlagenbau Gmb H,115.0,1
C.S. Cargo Ltda,114.74,4
Hwh Machines Gmb H,114.6,3
Bisson,114.6,4
Formosa Heavy Industries Corp.,114.53,3
Naxco Group Belgium N.V,114.44,6
Marathon Petroluem,114.42,1
Crystal Cruises Ltd.,114.2,62
Voestalpine Grobblech Gmb H,114.06,4
Xiamen King Long International,114.0,6
Gaschem Services Gmb H & Co. Kg,113.97,5
Ag Int Bv,113.9,9
Thyssenkrupp Ind. Solutions Ag,113.9,3
A.S.T.A. Car Srl,113.68,6
Oxymat,113.66999999999999,6
Vibramech (Pty) ) Ltd.,113.62,1
Fml Logistics,113.54,2
Baker Hughes De Colombia,113.53999999999999,3
Ringen Farmservice Christoph Ringen,113.5,5
Isuzu Motors International,113.42,8
Kongsberg Marine,113.4,4
E & J Used Car Sales And Courier Se,113.34,56
Forkliftcenter Bv,113.24000000000001,3
Dsv Air & Sea S.A.S. I946,113.2,2
Lk Metrology Ltd.,113.16000000000001,20
Heila Cranes Sp A A Socio Unico,113.16,4
Rheinmetall Man Military Vehicles,113.08,4
T Matterhorn,113.0,1
Drillmec Sp A,113.0,2
Ritchie Bros,112.92,4
Van Vliet Automotive Trading,112.9,6
Repinho Reflorestadora Madeiras E,112.88,4
0142 Av Bn 03 Co Cassault Co.,112.88,16
Mecalift Oy,112.64,2
Arjes Gmb H,112.63,3
Partenzajapan Inc.,112.56,146
"Chem Process Systems Pvt., Ltd.",112.55000000000001,2
Savino Del Bene Usa Ol Us,112.5,2
Zhangjiagang Hongqiang Pipe Product,112.4,2
Short Brothers,112.4,4
Dreistern Gmb H & Co Kg,112.2,2
Agico Cement International Engineering Co.,112.04,1
Emons Air & Sea Gmb H,112.0,4
Kmg International Bv,112.0,2
Lx Pantos Logistica Do Brasil Ltda,112.0,2
Shihlin Electric & Engineering Corp.,111.8,1
Hansa Gateway Ug,111.72,4
Allied Steel International S.L.,111.58,2
Pt Wipolimex Raya,111.52,1
Comercial El Camino Sp A,111.50999999999999,5
Xuzhou Amish Imp. & Exp. .,111.25,1
Deugro (Canada) Inc.,111.2,2
Chelan Fresh Chile Sp A,111.16000000000001,9
Enprocon Enterprise Ltd.,111.1,2
Magerle Ag Maschinenfabrik,111.03999999999999,7
Cesare Galdabini Sp A,111.0,2
Altius Sa (Bilbao),110.97999999999999,2
Enterprise 264,110.97,12
Chantier Catana,110.92,6
Allstein Gmb H,110.9,2
Guangdong Yuntong Heavy Industries,110.88,1
Anwa A New Way Ahead,110.88,49
Mammoet Middle East B.V.,110.8,1
Amazing International Trade,110.49000000000001,8
Tchen Motors Llc,110.44,45
Stellantis Korea,110.4,2
Pakistan Souvenirs,110.34,6
Shenzhen Huiqin Tongcai Trading Co.,110.28,2
South American Grain S.A.,110.14,1
Chengdu Zhengxi Hydraulic Equipment,110.1,1
Matilda,110.0,2
Sterling Fox Llc,110.0,1
Adicomp Srl,110.0,2
Robb Crumpton Crumpton Family Llc,110.0,2
Hatebur Umformmaschinen Ag,110.0,2
Dunkel Autokran Gmb H,110.0,2
Koenig & Bauer Metalprint Gmb H,109.96,4
Halliburton Guyana Inc.,109.85,14
Marco Polo,109.82,17
Jch Agroexportaciones Sac,109.78,4
"Jdm Exp. Co., Ltd.",109.76,80
"Guangzhou Kang Yin Trade Co., Ltd.",109.72999999999999,8
Ironplanet Ltd.,109.5,4
Accord Health Beauty Products Sdn Bhd,109.5,5
Rabaud,109.42,11
"Sakamura Machine Co., Ltd.",109.34,3
Flytrans,109.31,2
Ningbo Fuhua Boat Building,109.3,4
Hexatronic Cables & Interconnect,109.2,2
Benalu,109.12,8
Klingelnberg Gmb H,108.88,14
Yieh Corp. Ltd.,108.72,1
Changzhou Baoling Heavy Industrial,108.52,1
Mhj Heavy Equipment Trading Llc,108.5,1
Bm Logistica International Ltd.A,108.44,4
Rosenbauer International Ag,108.25,4
Guizhou Wire Rope Incorporated Company,108.21,1
Trane Technologies International,108.2,15
Seah Coated Metalcorporation,108.18,2
Marine Engagement Team Jordan,108.11999999999999,6
Intimex Buonmathuot,108.06,1
Tin Thanh Dat Jsc,108.06,1
Palfinger Platforms Gmb H,108.0,3
Advanced Plastic Solutions Sl,108.0,2
Franchini Acciai,108.0,2
Maritima Dominicana,107.93,3
C.H. Robinson Freight Services,107.93,1
Louis Dreyfus Co. Vietnam,107.91,1
"Nissei Plastic Industrial Co., Ltd.",107.9,2
Agroindustrial Y Comercial Arriola,107.89,3
Dsv Air & Sea Sdn. Bhd.,107.84,1
Hino Motors Ltd.,107.56,4
Imperial Solutions Ltd.,107.48,84
Halliburton Latin America S.A.,107.41000000000001,2
Carrocerias Ayats S.A.,107.39999999999999,4
Gevisa Sa,107.21,1
Shanghai Baoyi Group Corp. Ltd.,107.14,1
Labels Caribe Inc.,106.81,31
Renault Trucks Sas,106.6,4
Mgl Lojistik Hizmetleri A.S.,106.48,2
"Dlhi Vietnam Co., Ltd.",106.46,2
Embajada Americana,106.36,2
"Krr Engineering Pvt., Ltd.",106.26,1
Nmt Lines,106.24000000000001,4
Nohara Auto Llc,106.14999999999999,57
Eukor Car Carriers Inc.,106.14,3
"Ishima Pte., Ltd.",106.06,4
"Car Junction Co., Ltd.",106.03,67
Intl Armored Group Zirhli,106.0,8
Master Turquoise,106.0,1
Skc Mining Services,106.0,2
"S.K Co., Ltd.",105.82000000000001,54
Grupo Manufacturero Jm & Em Srl,105.7,39
Geodis Ff France,105.7,4
2 G Energietechnik Gmb H,105.5,3
Sinohydro Corp. Ltd.,105.38,1
Maquinaria Meyco S.L.,105.38,2
Apiarios Jose Perez,105.36,8
Vertiv Srl,105.3,3
Cunzolo Maquinas E Equipamentos Ltd.,105.3,2
Exser Ltda,105.24,6
Flame Spray,105.2,2
Afridi Trading Ltd.,105.16,78
Laufer Group International,105.08,2
Gmm Pfaudler Ltd.,105.08,2
Synergy Industries L.P.,105.08,2
"Tung Hwa Industries Co., Ltd.",105.0,3
Wrl Lines Ltd.,105.0,1
"Vedika Metals Pvt., Ltd.",105.0,1
Integra Trading Sas,104.9,3
Sany Marine Heavy Industry,104.86,2
Bauer Fundacionespanama S.A.,104.8,2
Trilladora De Cafe Moreno Sas,104.77,2
Asahi Forge Corp.,104.68,2
Joenic Steel Llc Guangdong Yunto,104.62,2
Collins Aerospace Hamburg Gf,104.6,3
Hellmann Worldwide Logistics S.A.,104.5,2
Cajun Iv,104.34,3
Nmt International Shipping B.V.,104.32,4
Pt . Anugrah Sibolga Lestari,104.25,1
Hidromek Hidrolik Ve Mekanik,104.2,2
Maschinenfabrik Hermle Ag,104.05,8
Bodo Int.,104.0,2
Abb Schweiz Ag,104.0,2
France Evaporation,104.0,2
General Dynamics Ordnance And Tactical Systems,104.0,2
Royal Saudi Air Force,104.0,4
"Linyi Dongyue Imp. & Exp. . Co., Ltd.",104.0,1
Colin J Edmonds Sales Ltd.,104.0,2
Kiswire Neptune Sdn Bhd,103.98,2
Pt Kapuas Besar,103.88,1
Blue Water International A S,103.88,2
"D.M Tech Co., Ltd.",103.88,2
Jiangsu Tuniu New Energy Technology,103.86,6
"Ube Motors Co., Ltd.",103.8,6
Dexco S.A.,103.61,2
Noble Drilling Uk,103.6,2
Xiamen Fengtai Bus Coach,103.4,1
Vanquish Yachts,103.2,9
Triple B Forwarders,103.13,2
Tokyo Seimitsu,103.11,8
Fb5808,103.11,11
Global Motor Traders,103.06,32
Prime Drilling Gmb H,103.06,4
Sjb Tractors Ltd.,103.0,10
Arvos Gmb H,103.0,2
Ritchie Bros Deutschland Gmb H,102.72,5
Spp Pumps Ltd.,102.72,2
Sea Shipping Line,102.42,1
Icm Japan,102.4,64
"Nanjing High Speed & Accurate Gear Group Co., Ltd.",102.38,1
Invernizzi Presse,102.34,2
"Auto Sakhalin Co., Ltd.",102.28,56
Dhl Global Forwarding (Finland) Oy,102.28,6
Us Ocean Llc,102.09,1
Grano Trading Exportadora E,102.05,5
Sacas Tecnorib Sp A,102.0,8
Norsk Trafo Service As,102.0,2
Eco Hog Ltd.,102.0,6
Agricola Monfrut Limitada,101.97,5
Commercial Lynks Inc.,101.94,1
Mmd Mineral Sizing Chile Ltda,101.58,2
Autec Haskell,101.57,7
Olympic Delta,101.55,10
Compania Azucarera Hondurena Tres Valles S.A.,101.25,2
"Credit Steel Industrial Co., Ltd.",101.24,2
Air Liquide Global E&C Solutions,101.22,3
Navitrans France,101.2,1
Pall Filtersystems Gmb H,101.12,4
"World Navi Co., Ltd.",101.1,18
Temsa Ulasim Araclari Sanayi Ve Tic,101.08,6
Icechem Tankers,101.0,1
Manoir Pitres,100.82000000000001,6
Hitachi Rail Italy Sp A,100.82,4
Bobst Bielefeld Gmb H,100.8,1
Yokohama North Dock Bldg 507,100.67,6
A G Logistics,100.6,2
Glc Engineers And Constructors Co.,100.53,1
Kiesel Worldwide Machinery Gmb H,100.2,4
"Wuxi Chemical Equipment Co., Ltd.",100.15,1
Kadia Produktion Gmb H Co.,100.14000000000001,8
Stellantis Mexico Sa De Cv,100.04,8
Terminal Forest Products,100.03,1
M7 Metals Gmb H,100.0,1
Haeusler Ag Duggingen,100.0,2
Noatum Logistics Spain S.A.U.,100.0,2
Cts International Logistics,100.0,2
Billfisher S. F. Llc,100.0,2
Yasa Flamingo,100.0,1
O Brien Specialist Crane Services L,100.0,2
Pesquera Santa Cruz S.A,99.99,1
Komatsu,99.92,2
Coolarne Civils Ltd.,99.9,4
Beijing Jietaihongli Technology Co.,99.9,1
"Japan Commerce Corp. Co., Ltd.",99.82,88
Point Global Logistics,99.8,2
Dwayne Lockhart,99.72,67
Toyo Corp.,99.58,12
Taiwan Powco Ltd.,99.43,1
Herbold Meckesheim Gmb H,99.26,6
Nwd 4 X4 Ltd.,99.2,25
Goodrich Aerospace Poland Sp. Z O.O,99.0,2
Cosco Shipping Supply (Guangzhou) Co.,99.0,1
Faresin Industries Sp A,99.0,6
Exportadora Triofrut Ltda,98.99,5
Bergerat Monnoyeur,98.84,5
Kran Und Transport Schuch Gmb H,98.8,1
Onesubsea Malaysia Systems Sdn Bhd,98.6,2
Florida Maritime Trade Group Obo,98.6,8
Sandvik Equipment Sdn Bhd,98.6,2
Pro Prim,98.56,2
Master Of Cable Innovator,98.45,35
Ykk Argentina S.A.,98.2,1
Cia International De Banano,97.95,1
Caterpillar Prodotti Stadali Srl,97.94,16
Ingenio Rio Grande Sa Cia Arg Agr E,97.94,1
Weg Equipamentos Eletricos S A,97.9,2
Silverspring Holsteins Inc.,97.8,7
Novelis Koblenz Gmb H,97.78999999999999,3
La Cisa Trasporti Industriali Srl,97.66,3
Visa International Srl,97.6,5
Interconti Navigation Gmb H,97.58,1
Aisin Shiroki Corp.,97.56,8
Amentum Services Inc.,97.56,2
Productores De Fruta Del Valle,97.54,7
Arkonik Ltd.,97.5,48
Wholesale Uab,97.46000000000001,4
Qingdao Wangbaoqiang Industries Co.,97.28,1
0101 Sc Bn Co C Joint Area,97.27,5
Energya Steel Fabrication,97.12,4
Hemisphere Freight Services,97.0,2
K Two Sales Ltd.,97.0,4
Desont S.L.,96.92,1
Oy Botnia Marin Ab,96.8,12
Cce Gmb H Co. Kg,96.8,1
"Kiwa Machinery Co., Ltd.",96.78,4
"Dalian A.L.X. Trading & Development Co., Ltd.",96.72,11
Spaleck Gmb H Co Kg,96.69,7
Heller Maquinas Operatrizes Industries,96.56,2
Snp America Inc.,96.52,2
Transportes Montejo P. S.A.,96.5,2
Caravan & Reisemobil,96.44,2
Hellmann Worldwide Logistics Sa,96.25,2
Zf Wind Power Antwerpen Nv,96.2,3
Las Aguilas Sp A,96.0,2
Baltic Workboats As,96.0,3
Selo Food Technology B.V.,96.0,2
Aida Engineering (M) Sdn Bhd,96.0,2
Byrnecut Australia (Pty) ) Ltd.,96.0,2
Ecohog Ltd.,96.0,6
Haim Zuckerman Ltd.,96.0,2
Arama Machinery,96.0,2
Cma Cgm (America) Llc,95.83,259
Impex Corp. (Pvt) Ltd.,95.79,6
"Howden Air And Gas India Pvt., Ltd.",95.73,1
Laeis Gmb H,95.6,2
Cde Global,95.53999999999999,6
Mecalac France S.A.S.,95.53999999999999,9
"Sena Trading Co., Ltd.",95.5,8
Pacific Cargo Sas,95.2,1
Pentagon Logistica De Frete Brasil,95.2,2
Inver House Distillers Ltd.,95.16,4
Eti Elektrometalurji A.S.,95.0,1
Walter Foeckersperger Gmb H,95.0,2
Sakura Ltd.,94.96000000000001,39
Xuzhou Globe Reach Heavy Machinery,94.92,6
Noble Voyager Nvoy D104,94.8,6
"Hengshui Jrain Frp Co., Ltd.",94.8,2
Logistica Maritima Integral,94.66,4
"Chin Fong Machine Industrial Co., Ltd.",94.52000000000001,2
Pernod Ricard Mexico S.A. De C.V.,94.47999999999999,3
Mezcladoras Y Trailers De Mexico,94.44,6
Man Energy Solutions,94.2,3
Gosselin Suisse Sa,94.16,54
Shanxi Jiade Chenrui Construction,94.0,2
Changzhou Changbao Precision,94.0,1
"Vk Drive Co., Ltd.",93.92,30
"Flowserve India Controls Pvt., Ltd.",93.76,1
Danieli & C. S.P.A.,93.67,1
Exportadora Flor Maria Sp A,93.62,4
Comacchio Srl,93.32,1
Jindal Saw,92.92,2
M T Global Glory,92.92,1
"Doosan Heavy Industries & Construction Co., Ltd.",92.88,2
Tianjin Jingchengweiye Mechanical,92.77000000000001,2
Shanghai Tonghua Logistics Manageme,92.72,1
Xpt Grain Inc.,92.64,3
Exportadora Disa Sociedad Anonima,92.58,5
Fruytier Group,92.56,2
Caterpillar S A R L Singapore,92.5,16
Daimler Ag,92.36,10
Kcp,92.25,2
Seko Logistics,92.11,1
Nammo Vanaesverken Ab,92.06,8
Topfibra,92.04,1
A&M Commercials Ltd.,92.0,2
Odfjell Tankers As Bow Persistent,92.0,2
Sky Frame Ag,92.0,8
Pt . Honda Prospect Motor,91.92,6
Os Machinery Corp.,91.88,2
J.M. Voith Se & Co. Kg Vzb,91.84,4
Vensys Energy Ag,91.68,4
Smyth Developments,91.6,2
Roganex Ltd.,91.56,2
Guayaki Yerba Mate Brasil Producao,91.53999999999999,3
Exportafresh Sp A,91.52,2
Maritimex,91.48,2
"Rosper International Co., Ltd.",91.42,52
Caddell Construction Co. (De) Llc,91.27000000000001,3
Kisa Gmb H,91.2,3
Air Sea Worldwide Panama S.A.,91.08000000000001,4
Wde Maspell Srl,91.0,2
Cl Xunyang,91.0,1
Op Systems Ab,91.0,2
Pyramid Auto Japan,90.98,28
Delta Machinery,90.8,6
R International Inc.,90.76,46
Putz Recycling Sp. Z O.O.,90.7,2
Asa Lift A S,90.66,10
Cameron France Sas,90.64,2
Kg Mobility Corp.,90.6,2
Sempertrans Belchatow Sp Zoo,90.6,1
Andes Trading,90.46,16
Trans Global Auto Logistics In,90.42,34
Mcdermott Inc. Co Gmc Amazon,90.38000000000001,2
Kowa Trading Co. Llc.,90.32000000000001,33
Ac 857,90.16,3
Spbi Chantiers Beneteau,90.14,12
Kestrel Liner Agencies Ltd.,90.13,3
Maxort Philippines Inc.,90.03,21
Dungannon Plant Sales Ltd.,90.0,2
Yusenlogistics Benelux B.V.,90.0,6
Tld Asia (Wuxi) Ltd.,90.0,2
Caramba Sportfishing Llc,90.0,2
Tinflex Srl,89.99,62
Hitachi Rail Sts Sp A,89.92,3
Clark Material Handling International Inc.,89.84,2
Intl Freight Transport Inc.,89.82000000000001,4
Qingdao Pioneer Equipment Mfg.,89.8,1
Metso Minerals Inc.,89.66,2
Zuern Harvesting Gmb H & Co. Kg,89.64,20
Hermano Trading,89.58,4
Contitech (Shandong) Engineered,89.56,1
E Taylor Consulting Ltd.,89.5,2
O.M.V. Officine Meccaniche Venete,89.48,2
Sandvik Mining And Construction De,89.3,2
Suzhou Hengsheng New Materials,89.27,1
Pt Nusira,89.22,1
Fernando A. Ramirez Filpo,89.13,43
Crrc Xian Yonge Jieli Wind Energy,89.11,1
Utc Overseas Sa,89.1,1
Kisan Oleochem And Derivat,89.02,4
Db Group Sp A,89.0,2
Sartori Rides Srl,89.0,2
Cooperation Mfg. Plant Agu,88.84,1
Beam Suntory Spain S.L.,88.84,2
Metso Outotec Machinery Heavy Industries,88.84,1
Hazemag & Epr Gmb H,88.8,2
Dw Asgard,88.73,5
"Unet Co., Ltd.",88.71,55
Forkliftcenter Americas S.A.,88.68,3
"Bmw Asia Pte., Ltd.",88.66,4
Morrico Equipment Llc,88.47,2
Segler Foerderanlagen,88.4,2
"Red Eagle Shipping Agencies Pvt., Ltd.",88.24,2
Topnotch Commerce Co.,88.21,92
Epsa International S A,88.0,2
Micronizados Rodafuerte Sl,88.0,2
Jumillamar Sl,88.0,2
"Maritime Synergy (Thailand) Co., Ltd.",88.0,2
Aztec Ventures,88.0,2
Imextrading Maschinenhandels Gmb H,87.98,3
Oleoestepa S.C.A.,87.88,4
Svifflug S. De R.L. De C.V,87.87,3
Tokyo Electron Limited,87.75,9
"Integrityexports Co., Ltd.",87.66,15
Doppio Minning Equipment Ltd.,87.66,1
"Ym Shipping Co., Ltd.",87.62,2
Amurrio Ferrocarril Y Equipos S.A.,87.52,3
Ed Forwarding Sapi De Cv,87.48,2
Maurice Ward Logistics Gmb H,87.46,2
Kocurek Excavators Ltd.,87.4,1
T.T.I. Tubacex Tubos Inoxidables,87.34,4
Czm Industries Stria De Equipamentos Ltda,87.32,2
Antigo Mhb Breakers Ltd.,87.2,4
Green Planet,87.16,5
"Shin Jo Logitech Co., Ltd.",87.15,3
Diko Trading B V,87.0,2
Qingdao Baojian Technology,87.0,1
Randa Portas Molduras E Compe,87.0,1
Luna Park Machinery S R O,87.0,6
Hansen Shipping (Uk) Ltd.,86.8,2
Enterprise 263,86.60000000000001,9
Seram,86.54,1
Lohr Industrie,86.53,4
Cv. Antara Saudara,86.48,2
Schep Verwarming B.V.,86.32,5
"Keon Chang Ind. Co., Ltd.",86.22,2
Shanghai Kingdom Control Engineerin,86.1,2
Mbs Agroindustrias Srl,86.0,1
Peeters,86.0,2
Dc Equipment Limtied,86.0,2
Talleres Landaluce Sa,86.0,2
Infinity Boat Llc,86.0,1
Eco Prozesstechnik Gmb H,86.0,1
Epigral Ltd.,85.8,4
Powerscreen Ireland Ltd.,85.8,2
Central Oceans,85.8,2
"Kun Corp. Co., Ltd.",85.78,2
Citrus Mogador Sarl,85.76,1
Savino Del Bene Mexico Sa De Cv,85.7,2
K.R. Pfiffner Gmb H,85.64,2
Palfinger France,85.64,6
"Akebono Co., Ltd.",85.56,60
Fried Sped,85.5,2
"Daye Hongfan Trading Co., Ltd.",85.5,1
Advanced Geo Solutions Inc.,85.39999999999999,3
Tatra Trucks A S,85.24,3
Overseas Santorini,85.2,2
Jim Pattison Enterprises Ltd.,85.0,1
"Suzuki Motor (Thailand) Co., Ltd.",84.83999999999999,6
Extrude Hone Gmb H,84.8,10
David Del Curto Sp A,84.74,3
Komag,84.64,2
Diamond Offshore Drilling (U.K.) Ltd.,84.61,3
Dilo Systems Gmb H,84.4,1
Jereh Oil & Gas Engineering Corp.,84.4,2
"Tokyo Rope Mfg. Co., Ltd.",84.31,3
Comsma,84.2,16
Master Hellas Avatar,84.18,3
Schenker Italiana Sp A,84.16,4
"Zeeco India Pvt., Ltd. 11 Th Fl",84.15,1
Pxgeo 2,84.1,13
La Mare Spolka Z,84.0,6
De' Oronzo Group Ltd.,84.0,2
Gibbings And Sons,84.0,4
Machinefabrick Goudkuil Apeldoorn B.V.,84.0,3
"Nabros Arabia Co., Ltd.",84.0,2
Technical Park Snc Di,84.0,2
Toscotec,84.0,1
"Sany Auto Mfg. Co., Ltd.",83.97999999999999,2
Trilladora De La Cooperativas De,83.92,2
Dhl,83.84,4
Terex Uk Ltd.,83.75,3
Pesquera Cruz Del Sur S.A.,83.53999999999999,4
"Manaboon Co., Ltd.",83.49,55
Sri Trang Agro Industry Public,83.4,4
Manitou Bf Ancenis,83.39999999999999,6
Universal Motor Geraete De Mexico,83.38,2
"Jinhuan Construction Group Co., Ltd.",83.36,1
Dango & Dienenthal Maschinenbau Gmb H,83.3,2
Alexander Dennis Ltd.,83.3,11
Damietta Lng (Dlng) S.A.E.,83.22,2
Soc Comercializadora Exportadora E,83.22,4
D.I.C. Korea,83.19,30
I.M.A. Industria Macchine Automatiche Sp A .,83.12,4
"Lam Research Singapore Pte., Ltd.",83.10000000000001,7
Ferrari E Carena Srl,83.0,2
Piano Mermer Maden Ithalat Ihracat,83.0,1
Tangshan Yuantai Derun,82.99000000000001,2
Nsm Magnettechnik Gmb H,82.6,2
Green Admire,82.6,10
Holiday,82.56,4
Sojitz Machinery,82.5,1
Iods Pipe Clad Ltd.,82.48,39
Cmd Engrenages Et Reducteurs,82.4,1
Tondong A Corp.,82.32,2
"Sam Motors Pvt., Ltd.",82.24,10
Global Tungsten & Powders S.R.O.,82.0,2
Trevi Cimentaciones Y Consolidacion,82.0,2
Minera Panama Sa,82.0,2
Kolmax Plus S R O,82.0,4
Konecranes Finland Oy,81.9,3
Danieli India Ltd.,81.83,1
Nickel Bros House Moving Ltd.,81.64,2
Svp Yachts Inc.,81.6,6
Metro Motors,81.58,22
Lonking Fujian International Trad,81.56,2
Comercializadora E&J Srl,81.39,1
Liebherr Components Biberach Gmb H,81.28,10
Dubois Natural Esters Sdn. Bhd.,81.14,4
Pasteurizadora Rica S.A.,81.08,6
Grupo Cometa,81.06,12
Transpower Electrical Equipment Co.,80.99,1
Blue Logistics Jamaica Ltd.,80.6,3
Yizumi Precision Machinery Co. (Hk),80.48,2
Gleason Switzerland Ag,80.44,6
Untha Iberica,80.42,2
Industeel France (Chateauneuf),80.33,2
Smile Jv Ltd.,80.11,25
Bhs Sonthofen Gmb H,80.1,2
Gmv Enterprises Ltd.,80.0,2
Bzl Holdings,80.0,1
Wel,80.0,2
Utc Overseas Colombia Sas,80.0,2
Maf Industria E Comercio De Aparelh,80.0,2
Cartacci Tube Machinery Srl,80.0,1
Pyxis Maritime Corp.,80.0,1
Itec Corp.,80.0,2
Elphinstone (Pty) ) Ltd.,80.0,2
Weingaertner Maschinenbau Gmb H,80.0,1
Wildcoast Granite (Pty) ) ) Ltd.,79.82,1
W50 Vps,79.71000000000001,7
Exportadora Alfaberries Ltda,79.67,5
Peters And May Ltd.,79.58,9
Teubert Maschinenbau Gmb H,79.5,3
Alltechfarming Solutions Ltd.,79.38,4
Dupps Do Brasil Industries E Com Ltda,79.3,2
Construcciones Y Trituraciones Sa D,79.08,2
Exportadora Y Comercializadora De F,79.08,5
Staehli Laepp Technik Ag,79.07,9
Iwt Llc Aps,79.02,2
"Hudson Yacht & Marine Co., Ltd.",79.01,4
Tiangong Development Co. (Hk),78.97,1
Seven Navica,78.9,5
Alzmetall Gmb H & Co.Kg,78.72,4
Seemi Sas,78.6,3
Peeters Landbouwmachines B V,78.6,3
Grand Isle,78.54,1
Kiesel & Co Kg,78.5,2
Constellium Issoire,78.44,6
Vina Punti Ferrer Ltda,78.42,1
M.C. Tractors,78.3,2
W3 Va 7 A Exercises,78.26,3
Nippon Auto Group,78.22,8
Marc Global Marine Inc.,78.08,2
Bergmann Americas Inc.,78.04,2
Dupps Do Brasil Industria E Comerci,78.03,1
Protos Shipping Ltd.,78.02,2
Sea Fix Sportfishing Charters Llc,78.0,2
Bobby's Supermarket,78.0,2
M T Santiago I,78.0,1
Higginbotham Marine Llc,78.0,2
Kaifeng Yingjina Machinery,77.94,1
Azbil Telstar Technologies S.L.U.,77.8,2
"Xinyu Iron And Steel Co., Ltd.",77.78999999999999,2
"Wuhu Risever Machine Co., Ltd.",77.64,6
Sgl Express Lines,77.5,2
Caribetrans S.A.,77.48,2
Wallenius Wilhelmsen Logistics Ab,77.4,2
"Angliss Singapore Pte., Ltd.",77.38,2
Us Military Sales,77.31,40
Alberto Hernandez Pabon,77.26,28
Yusen Logistics (Benelux) B.V.,77.22,4
Arcelor Mittal Wire France,77.14,2
Dream Yacht Charter,77.12,8
Vvf (India) Ltd.,77.08,4
Zeppelin Systems Gmb H,77.06,6
Geotunel Sl Sucursal Colombia,77.0,4
Chimera Agencieslimited,77.0,2
Kallpa Generacion,77.0,1
Interexporta S.C.,76.82,7
Logistics Plus Deutschland Gmb H,76.78,4
Soenen Technology Nv,76.78,2
Harvey Discovery,76.77,1
Hanse Yachts Ag,76.76,7
Kia Corp. 12 Heolleung Ro,76.66,6
Abb Inc.,76.66,1
Car Cave Llc,76.56,16
Pesquera Deseado Sa,76.48,1
Yes Cargo Logistics,76.2,2
Bba Business Byair,76.15,2
"Grand Auto Japan Co., Ltd.",76.04,88
"Dexin Steel Tube (China) Co., Ltd.",76.03999999999999,2
Lippmann,76.0,2
Advantage Yacht Sales,76.0,4
Ge Renewable Us Llc,76.0,1
Nonsuch Nurseries,76.0,2
Khs Gmb H,76.0,2
Bollore Logistics Sp A In,76.0,2
Sulzer Pumps India Ltd.,75.97,1
Exportadora Expocumbres Ltda,75.96000000000001,3
Herfurth Logistics Nv,75.9,2
Metsa Board Corp.,75.84,2
Dodaac Hqcwjn,75.79,4
"Kyoto Seisakusho Co., Ltd.",75.6,2
North Shore Three Llc,75.6,2
Hunger Maschinen Gmb H,75.6,2
Soosan Csm,75.6,4
Grosans Llc,75.53999999999999,6
Deugro (Deutschland) Projekt Gmb H,75.28,2
Tubos Trans Electric S A,75.2,1
Central Shipping Belgium,75.17999999999999,34
"Myande Group Co., Ltd.",75.04,1
Osm Thome Ship Management,75.0,2
Kinectrics Gmb H,75.0,2
M V Subsea Responder Ii,75.0,1
Zebra Shipping Ltd.,74.98,5
Helmke Orbis Gmb H,74.64,2
Dodaac Cage Btwl00,74.58,4
Pelagia As,74.56,2
Omura Syokai,74.34,50
Upl Ltd. Upl House,74.11,2
Recycling Plant Machinery Ltd.,74.0,2
Maritimo (Mfg) International (Pty) ),74.0,2
Rwe Eemshaven Magnum Bv,74.0,2
Lumach B.V.,74.0,2
Bojux,74.0,4
Mt Womar,74.0,1
Ship Overseas,73.96000000000001,42
Giraudon,73.84,10
Phillips 66 Canada Ltd.,73.84,1
Boway Machinery Complete Eqpt,73.74,2
Argenova Sa,73.46,1
Rama D.B.K. Ltd.,73.45,52
Shanghai Sinomac Machinery Industri,73.45,1
"Jda Yachts Co., Ltd.",73.2,1
High Wind,73.2,2
Rapid Runner Ii,73.2,10
Us. Embassy American Ambassador,73.12,4
Trans Auriga International,73.1,4
Nicofrut S.A,73.06,3
Martin Bencher (Scandinavia) Ab,73.0,2
Tallis Amos Group Ltd.,73.0,8
Damico Tankers Dac,73.0,1
Singapore Jinteng International Pte,72.91,1
Shinwalimited.,72.84,2
Jose Manuel De Leon Garcia,72.74,12
Road Runner Sales And Plant Hire Lt,72.60000000000001,5
Los Caballeros,72.60000000000001,22
Scania Latin America Ltda,72.6,4
Slade Shipping Inc.,72.6,2
Spectinga B.V.,72.6,5
Sociedad Agricola Bellavita S.A.,72.57,2
West Indies Auto Services,72.55,36
Scheuch Gmb H,72.5,2
Dla Distribution Center Yokosuka,72.39,1
John Deere Gmb H & Co. Kg,72.36,2
Smitma Bv,72.19999999999999,4
Exportadora Disa S.A.,72.16,4
Kestrel Liner Agencies (Stanstead),72.04,2
Manuel Rosario Pimentel,72.01,12
Secheron Sa,72.0,2
Pakleni Otoci D O O,72.0,2
Ermont,72.0,2
Punto System Sp A,72.0,2
Technipfmc Guyana Inc.,71.95,6
"Chiu Hung Machinery Co., Ltd.",71.89,1
Bertazzon 3 B Srl,71.8,2
Novem Car Interior Design K.S.,71.8,1
Blue Water Shipping A S,71.78999999999999,7
A6 Jung Fahrzeugbau Gmb H & Co. Kg,71.72,4
Exportadora Los Olmos Sp A,71.68,5
Cevertam,71.61,17
Access Farms (Pty) ) ) Ltd.,71.6,1
M Q Granit Ag,71.54,1
Ningbo Mingxin Chemical Machinery C,71.52,1
Globus Srl,71.5,6
Alfa Laval Packinox,71.42,1
Wonderful Wall New Materials Corp.,71.28,2
Delamine B.V.,71.22,3
Robert Coates Plant Hire Ltd.,71.2,2
Monte Carlo Machines,71.1,7
Shanxi Huazhan Wear Resistant Mater,70.93,1
"Henan Bebon Iron & Steel Co., Ltd.",70.91,1
Eco Plant And Hire,70.84,2
G. Vestergaard A S,70.8,4
Transitex Colombia S.A.S,70.8,2
Schenck Rotec Gmb H,70.75999999999999,5
Yiwu Pengfei Imp. & Exp. . Co.,70.7,1
Se Origin Sas,70.58,1
Lvd S2 A.S.,70.52000000000001,5
"Toyota Industries (Kunshan) Co., Ltd.",70.30000000000001,4
Alpiq Energia Italia Sp A,70.24,1
Trading International Real Auto,70.21,15
"M.D.K Corp. Co., Ltd.",70.05,20
Moog Controls,70.03999999999999,4
Sunpack,70.02000000000001,2
Goodwin Steel Castings Ltd.,70.01,1
Fastmexico Ltd.,70.0,2
"Novadeko Hi Tech Housing Co., Ltd.",70.0,1
Mt Eurochampion,70.0,2
Intertech Spol Sro,70.0,2
Fomas S.P.A.,70.0,2
Maruti Suzuki Indialimited,69.94,2
Magic Mountian Parkway,69.92,207
Reis Robotics Gmb H Co. Kg,69.92,2
Geodis Usa Inc.,69.8,2
Sucafina Colombia Sas Nit,69.6,2
"Best Auto Co., Ltd.",69.6,6
Cranfield Precision,69.58,2
Pesqueria Del Atlantico S.A,69.49,1
Mondiale Vgl Bv,69.44,6
Laboratorios Alfa,69.36,50
Worldwise S Corp.,69.2,2
Group Ag,69.14,2
Caterpillar Peterlee,69.12,2
Capello Srl,69.1,3
Shawcor Norway As,69.08,3
Wk4 Nwf Us Army 39 Thtrans Bn,68.92,1
"Trade Master Co., Ltd.",68.78,78
Msc Poesia,68.61,6
"Exsea Co., Ltd.",68.56,10
"Iliad Yachts (Guangdong) Co., Ltd.",68.54,2
Tabarelli Sp A,68.4,3
Autong Inc.,68.33,20
Cooperativa Tequilera La,68.28999999999999,3
Hos Clearview,68.25,2
Intermarine Americas Llc,68.18,3
Tianma (Chengdu) Precision Machi,68.14,10
Building Leasing Group Eood,68.04,2
Nordic Ace,68.0,2
Amazon Consultancy Ltd.,68.0,2
Danish Ministry Of Defense,68.0,2
Parris Tractors Ltd.,68.0,8
General Impianti Srl,68.0,2
Steeler Yachts,68.0,4
M Core Group,67.98,2
Master Of Living Stone,67.96,2
"F Co. Co., Ltd.",67.9,5
Aks Lifting Usa B V,67.8,4
Mcgrath Plant Ltd.,67.78,2
Atlas Copco Internationaal B.V.,67.6,2
Takraf Mining Technology (Beijing),67.58,2
Otto Bihler Maschinenfabrik Gmb H,67.55,10
Heinrich Frings Gmb H & Co Kg,67.4,2
"T And I Co., Ltd.",67.36,36
Guven Rides Makina Sanayi Ve Dis Ti,67.36,6
Ipso Tarim Anonim Sirketi,67.35,3
Oriemac International Holding,67.35,1
"Samuel Lloyd And Co., Ltd.",67.16,37
Cde Global Ltd.,67.16,4
Neptunes Yacht And Brokerag,67.0,2
Florida Maritime Trade On Group,67.0,4
Weinmann Holzbausystemtechnik Gmb H,67.0,2
Ci Transatlantic Greentrade Sas,67.0,1
Bae Systems Bofors Ab,67.0,2
Drumroy Enterprises Ltd.,67.0,2
Hmh Nz Ltd.,67.0,2
Conceptum Logistics Istanbul Nakliy,67.0,1
Klm Auto Brokers,67.0,2
Cargo Services Pamplona Sau,66.97,1
Langendorf Gmb H,66.92,3
Canadian Fishing Co.,66.89,9
Tunas Asal Sdn Bhd,66.8,4
V. Alexander Transport Systems Gmb H,66.66,2
"Saini Co., Ltd.",66.3,46
Leventpark Dis Tic. Imalat Makina M,66.16,2
Wt4 Kdv,66.13,1
Volkswagen Argentina S.A.,66.12,6
Schoeller Special Machines Gmb H & C,66.06,2
Sealift Inc. Jointly And Severally,66.05,2
Cmi Concrete Machinery Ltd.,66.0,2
Rosenbauer International Aktiengese,66.0,2
Estaleiro Schaefer Yachts Ltda,66.0,2
Sigma General Equipment S L,66.0,2
Pedro M Kelly Figaro,66.0,10
Lange & Partners Froerding,66.0,2
Atlantic M,65.83,5
Dsv Air & Sea Pa Inc.,65.8,3
Movas Global,65.74,50
Bando Chemical Industries Ltd.,65.72,5
Kelvion Phe Gmb H,65.66,2
"Un Kikai Hanbai Co., Ltd.",65.6,4
Heinrich Schroder Landmaschinen Kg,65.6,4
Zeeco Usa Inc.,65.4,1
Fjs Plant Repairs Ltd.,65.34,2
Zhejiang Nanhua Anticorrosion Equip,65.34,2
American Embassy,65.32,2
Millar Plant Sales Ltd.,65.31,6
Locatelli Crane,65.3,2
Alstom Transport Sa Aytre La Rochel,65.3,2
Datron Ag,65.25999999999999,6
Thi Refrigeration,65.2,1
Locatelli Crane Srl,65.2,2
Ossotuba Industria E Comercio De,65.12,1
Vps Veritas Petrol Svcs Test Inspec,65.01,4
Gea Brewery System Gmb H,65.0,1
Raven Offshore Shipping Lines L,65.0,1
Sandvik Mobile Curshers And Screens,65.0,2
Goosmann Baumaschinen Gmb H,65.0,5
Rsps Marine Ventures Ltd.,65.0,1
Sugino Machine Ltd.,64.92,2
Putzmeister Pazarlama Ve Tic. Ltd.,64.9,4
Helix Robotics Solutions International Corp Singapore,64.9,2
Cooperativa Regional De Cafeicultor,64.83,3
Lockheed Martin Corp.,64.8,2
Nutrien Trinidad Ltd.,64.8,2
Steinhauer Elektromaschinen Ag,64.8,12
Engemasa Engenharia E Materiais Ltda.,64.8,1
Agricola Moncuri Sp A,64.72,2
Robert Fearnley Tractors,64.69,4
Ito Moebeltransport,64.66,10
"Great Eastern Shipping Co., Ltd.",64.63,14
Hyosung Tnc Corp.,64.62,2
Quilfer Sa,64.5,2
S.E.D.A P.I.C S.A,64.5,3
Fb Gru,64.43,3
Plasser Mexicana,64.4,2
Tc 1142 Llog Salamanca,64.39,1
Dynamo Weltweit Logistik Sp A,64.38,1
Katie International,64.35,5
"Jtm Co., Ltd.",64.33,46
Eik Engineering Sdn Bhd,64.28999999999999,3
Bsk Marine P.C.,64.2,8
Groszhans Llc,64.12,2
Hi Lite Airfield Services Llc,64.12,6
Sifa Projets,64.08,6
Cnhi International Sa,64.06,6
Velox Pure Digital Ltd.,64.0,2
Hol House Of Liquid Srl,64.0,2
Tld Europe Sorigny Facility,64.0,4
Jung Max Rides S R O,64.0,4
El Zorro V92007,64.0,1
Repkon Makina Ve Kalip Sanayi,64.0,1
Nyk Line (North America) Inc.,64.0,2
Ptsc Quang Ngai Jsc,63.9,2
Miraibashi Llc,63.879999999999995,40
Mecalac Construction Equipment Uk L,63.84,6
Voshol Warmte Elektrotechniek Bv,63.8,2
"The Great Ocean Line Pte., Ltd.",63.76,1
Ug Logistic Service De Mexico S.C.,63.74,18
Corsair Marine International Co . Ltd.,63.7,4
Alltech Farming Solutions Ltd.,63.7,6
David Morales Figueroa,63.6,43
"Bellota Mexico, S.A. De C.V.",63.56,8
Nachi Fujikoshi Corp.,63.550000000000004,5
Vlassenroot Polska S.P. Z.O.O.,63.5,5
Sv Athena 59008 Llc,63.5,2
Gipo Ag,63.5,1
Kiesel & Co. Kg Imp. Exp.,63.5,2
Demmeler Maschinenbau Gmb H & Co. Kg,63.5,1
Pack Label,63.45,35
North Pacific Trading,63.4,10
Enlace Caribe Sas,63.39,18
Mt Lucky Trader,63.32,2
Schlumberger Technical Services Inc.,63.29,1
Bergerat Monnoyeur S A,63.24,4
Alpina Burkard Bovensiepen Gmb H,63.18,18
Sociedad Exportadora De Cafe De Las,63.01,2
Geodis Wilson Germany Gmb H & Co. Kg,63.0,1
Csl Cargo Service,63.0,1
Adams Armaturen Gmb H,63.0,2
Sandvik Ltd. T A Sandvik Contruction,63.0,2
Grace Global Forwarding Ltd.,63.0,4
Aisha Trading .Llc,62.96,42
James Tractors Ltd.,62.94,4
Fives Landis Ltd.,62.8,2
Harley Farms Wilts,62.8,4
Copefrut S.A.,62.790000000000006,2
Racing Cargo Mexico Sa De Cv,62.75,3
Zephir Sp A Socio Unico,62.7,2
Cgt Sp A,62.6,2
Cgt Sp A Direzione Generale,62.6,2
Ovako Bar Ab,62.6,2
"Hamai Co., Ltd.",62.4,2
"Meidoh Co., Ltd.",62.3,1
"Anssen Metallurgy Group Co., Ltd.",62.29,1
Amara Sau,62.24,3
Cafes Especiales Corquin Sa De,62.13,3
Copart,62.09,35
Manoir Industries,62.06,4
Oac Shipping Co. Inc.,62.02,1
Tong Engineering Ltd.,62.0,6
Swift & Co. Trade Group,62.0,12
Tetra Pak Processing Equipment Sp.,62.0,2
Rmi Engineering Ltd.,62.0,2
Cantoni & C Sp A,61.92,6
A. Celli Paper Sp A,61.8,1
Water Spirit Stx,61.78,6
Asahi Sunac Corp,61.73,1
"F.C.Autosource Co., Ltd.",61.72,26
Wazo Packaging,61.71,2
Fb5284,61.68,2
Sarins Batar Oy Ab,61.58,10
M.G. International Logistics Gmb H,61.56,1
5 Star Ltd.,61.46,12
Putzmester Pazarlama Ve Ticaret L,61.44,2
Shanghai Kingsun Steel Product Co.,61.44,2
Blue Horizon Inc.,61.31,1
Gold Crop Ltd.,61.3,2
Fruit Marketing Sociedad De Responsabilidad Limitada,61.28,1
"Omex International Co., Ltd.",61.28,12
Abi Maschinenfabrik Und Vertriebs,61.25,1
Blohm Maschinenbau Gmb H,61.1,6
Yoshida Auto,61.019999999999996,23
"Neimenggu Fufeng Biotechnologies Co., Ltd.",60.96,2
"Hangzhou Hangyang Cryogenic Vessel Co., Ltd.",60.92,1
Crrc Changchun Railway,60.900000000000006,2
Tebbe Gmb H,60.86,2
Japan Overseas Corp. Can Japan International Inc.,60.84,6
Thai Hoang Trading And Construction,60.8,1
Zhejiang Tongli Heavy Machinery,60.69,1
1 St Move International Ltd.,60.58,44
Ebara Corp.,60.519999999999996,4
"Mumtaz International Co., Ltd.",60.48,4
Roeders Gmb H,60.42,5
Geis Air Sea Gmb H,60.4,2
Felsomat Gmb H & Co. Kg,60.36,5
Voltamp Transformers Ltd.,60.29,1
Enterprise Wfd 400,60.29,5
"Traffic Co., Ltd.",60.29,49
Haldrup Gmb H,60.28,12
Exjp. Ltd.,60.25,46
Gardner Denver Ltd.,60.2,4
Crane Worldwide Logistics B.V.,60.16,2
Xo Boats Oy,60.15,14
Van Aalst Bulk Handling Bv,60.1,1
Marco Polo International Corp.,60.09,10
Fastbrick Engineering (Pty) ) Ltd.,60.04,2
Automania Garage Services Group Ltd.,60.0,2
Viking 55,60.0,1
Bobcat France,60.0,4
Shanghai Bao Dao Pleasure Boat,60.0,1
Comercializadora Italesmex S.L.,60.0,2
Bow Tungsten C Oodfjell Usa Houston,60.0,2
Klj Plasticizers Ltd.,60.0,3
Klaravik Ab,60.0,1
Superior Energy Services Colombia,59.96,2
"Motorwings Co., Ltd.",59.96,10
Hartfuss Stahlbau,59.94,2
Fb5294 51 Lrs Lgrddc,59.88,1
Verhoef Access,59.8,2
Bsh Electrodomesticos S.A.C.,59.7,1
Volvo Construction Equipment Techno,59.699999999999996,3
"Lung Soon Frozen Logistic Co., Ltd.",59.69,2
Northern Crusher Sp A Res Ltd.,59.54,2
General Electric Soudi Advanced,59.46,1
Hitachi Ltd.,59.41,6
Jeanneau Yachts,59.4,8
Feintool Technologie Ag,59.3,1
Caterpillar Motoren Gmb H & Co. Kg,59.28,2
Konig Co Gmb H,59.23,1
Danper Trujillo S.A.C.,59.17,3
Manitou Acces Est,59.12,2
Sociedad Exportadora Verfrut Sac,59.06999999999999,3
"Nhifuller (Shenyang) Mining Co., Ltd.",59.04,1
Iljin Electric Co.,59.0,1
Fan Chunyuan International Trade,59.0,1
Sifem Soluciones E Innovaciones Fer,59.0,2
Csr Sa,58.980000000000004,3
Laxmi Organic Industries Ltd.,58.97,3
Power Systems Mfg Korea Llc,58.97,1
Bananera Goshen Sa,58.81,1
Compania Bananera Monte Blanco S,58.81,1
Mpw Gmb H Co. Kg,58.8,2
Global Actum Kft,58.78,2
Hangzhou Zhongshui Technology Co.,58.74,1
Clarke Equipment,58.739999999999995,4
Volvo Do Brasil Veiculos Ltda,58.66,2
Cnb Lagoon,58.62,4
Coates Hire,58.52,2
Sms Group Gmb H (Moenchengladbach),58.5,2
Iwatani International Corporation,58.46,2
Maschinenfabrik Seydelmann Kg,58.42,8
Purely Canada Foods Corp.,58.38,2
Street Sweep Ltd.,58.3,2
Jeannaeu Yachts,58.28,4
Bulmor Industries Gmb H,58.199999999999996,4
Joenic Steel Llc Guangdong Yuntong,58.089999999999996,3
Zephir Sp A,58.02,2
Dsv Air & Sea S.A.S.,58.02,1
Svt Gmb H,58.0,1
Euromix Mtp Gmb H,58.0,2
Saco Shipping Gmb H,58.0,2
Alabanda Madencilik Dis Tic.A.S.,58.0,1
Tecma Gmb H,58.0,2
Fabbri Attractions Srl,58.0,2
Squadra Lupo Yachts,58.0,4
V.M Traders,58.0,2
W80 Ben,57.94,8
"Nikko Ypk Shoji Co., Ltd.",57.86,1
S.G.C. Spedizioni Srl,57.86,2
Spaans Babcock Bv,57.85,3
Tm Inox Ltd.,57.74,2
Joskin Ets. Sa,57.72,2
"J A P Express Co., Ltd.",57.56,42
Belgosuc,57.510000000000005,3
Sociedad Agricola La Rosa Sofruco S,57.480000000000004,3
"Dypnf Co., Ltd.",57.4,1
Brimapack Bv,57.4,2
Pt . Hyundai Motor Mfg. Ind,57.31999999999999,6
Arag Bau Ag,57.3,3
Asap Inc.,57.28,46
Piemme Srl,57.26,2
Astican Canarios,57.220000000000006,2
"Nostalgia Co., Ltd.",57.199999999999996,34
"Luup Co., Ltd.",57.1,46
Seven Seas Logistics Ltd.,57.0,2
Konrad Forsttechnik Gmb H,57.0,2
Mhm Nz Ltd.,57.0,2
Expeditors Ireland Ltd.,57.0,2
Modig Machine Tool Ab,56.879999999999995,3
Honda De Mexico S.A. De C.V.,56.86,8
Wsk Pzl Swidnik' Spolka Akcyjna,56.72,35
Matriks Denizcilik A.S.,56.58,4
Hansel Processing Gmb H,56.5,2
Ford Motor Co.,56.46,8
Us Imp.,56.43,4
Scarbrough International,56.4,2
"T7 Korea Co., Ltd.",56.28,4
Dw Invictus,56.25,1
Fundacion Amigo Del Hogar,56.16,38
Braden Uk Ltd.,56.08,2
Lufh Conveyor Belt Systems Gmb H,56.0,2
Quest Integrity Nld Bv,56.0,2
Strong's Marine Llc,56.0,4
Green Simplicity Research B.V.,56.0,4
Odfjell Usa (Houston) Inc.,56.0,2
Margui Maquinas Ltda,56.0,2
Specialist Services,56.0,2
Aluminum Marine,56.0,1
New Globe Tradingco. Ltd.,55.99,6
Rizubi Trading Used Cars Japan,55.93,36
"Bridge Co., Ltd.",55.9,8
Ardapez S A,55.71,1
Fcc Do Brasil Ltda,55.709999999999994,3
Vinicola Del Norte,55.7,20
Mobility Solution Ltd. Unit Ii,55.66,3
Morris Leslie Plant Hire Ltd.,55.620000000000005,4
Gebr. Mickenhagen Kg,55.58,2
Seatrax Uk Ltd.,55.57,1
Easy Win (Ningbo) International,55.56,1
Defenders Direct Ltd.,55.53,31
Sayeed Trading Co.,55.51,15
One Man And A Van,55.48,20
Royal Jordanian Air Force,55.45,10
Pickles Auctions,55.4,2
Brotherly Love Trading,55.339999999999996,24
Weir Group Machinery Equipment Wux,55.31,1
Live Oak Combined Driving Inc.,55.28,2
Silcotub S A,55.17,3
Hallberg Rassy Vars Ab,55.1,4
Adnan Ltd.,55.06,12
Ht International Supply Chain,55.04,1
Hallberg Rassy Varvs Ab,55.0,4
Tiba International,55.0,1
M H N Maschinenhandel Gmb H,55.0,4
Ifb International Freightbridge,54.9,2
"Nrtec Co., Ltd.",54.84,2
Autospecs Ltd.,54.839999999999996,33
Svq Gmb H,54.75,4
Von Dur Netherlands,54.7,26
Werwie Gmb H,54.699999999999996,5
Compagnie D'operations Petrolieres,54.64,1
John Deere Forestry Oy,54.6,2
Staeubli Tec Systems Gmb H,54.56,2
Emeco S.A. De C.V.,54.54,2
Manitou Bf,54.52,2
Zeelander Yachts,54.5,3
"Nordex India Pvt., Ltd.",54.43,1
Agrocorp Processing Ltd.,54.43,1
Tc Management & Pensioen Bv,54.34,2
Efficient Engineering Phase 1,54.31,2
Ims Technologies,54.18,2
W500 Z0,54.16,4
Marcone Vidal Servicos De Logistica,54.1,2
Pemba Tuna Ltd.,54.1,2
"Bergwerff Organic (I) Pvt., Ltd.",54.09,4
Jl Goslar Gmb H,54.0,2
Usina Alto Alegre Sa,54.0,1
Pentagon Prime International Freigh,54.0,1
Maritima Capital Ltd.,54.0,2
"Tung Hwa Industrial Co., Ltd.",54.0,1
"Loadwell Cranes (Shanghai) Co., Ltd.",53.99,1
Bdp International Nv,53.97,1
Tatra A.S.,53.94,2
"A. A. N. Japan Co., Ltd.",53.86,16
Toku World Corp.,53.8,4
Gea Process Engineering Sp A .,53.72,1
Lucas Machinery Ltd.,53.7,1
Rheinmetall Man Military Vehicles Gmb H,53.6,1
Trademasterco Ltd.,53.6,46
Trasfor Sa,53.52,1
First Expert Traders,53.5,14
Racing Cargo Germany Gmb H,53.48,2
Collins Aerospace,53.440000000000005,5
0101 Sc Bnco C Joint Area,53.44,3
Kuka Deutschland Gmb H,53.4,2
Emergency One Uk Ltd.,53.4,4
Malteurop Ukraine Llc,53.32,1
Thales Alenia Sp A Ce Italia Sp A,53.32,4
"Ru Japan Co., Ltd.",53.28,37
Quality Services Ltd.,53.24,16
Barnaboy Enterprises Ltd.,53.2,2
"Bomag Apac Pte., Ltd.",53.16,2
Map Cargo Ltda,53.1,3
Hi Tec Industries Inc.,53.08,4
China Machinery Engineering Corp.,53.08,2
"Hyup Shin Industrial Co., Ltd.",53.06,2
Henneberger Schwerlast,53.0,1
Afs Logistic Solutions Gmb H,53.0,2
"Arai Logistics Co., Ltd.",53.0,4
Spbi Beneteau,52.8,2
Henriquez Hermanos Ltda,52.73,1
Ops Ingersoll Funkenerosion Gmb H,52.69,2
Qingdao Taihechang Steel,52.66,1
Aceites Abril S.L.,52.62,3
Machinery Sales (Pty) ),52.62,2
Pugh Venture Llc,52.62,2
Broekman Logistics B.V.,52.480000000000004,4
Key Construction,52.46,9
Rolec,52.4,2
A S Hydrema Exp.,52.32000000000001,3
Zahid Tractor,52.3,1
Nikon X Tek Systems Ltd.,52.08,9
Fracht Finland Oy Ltd.,52.04,2
Royal Ihc Ltd.,52.0,3
Shandong Tinwing Machinery Mfg.,52.0,1
Sharmans Agricultural Ltd.,52.0,4
Cesar Nicolas Amparo,52.0,8
Equipment And Plant Services Ltd.,52.0,2
Delta Sugar Co.,52.0,6
Kobelco Construction Machinery,51.92,2
M.O.D Goi,51.92,1
Ruebig Gmb H & Co Kg,51.9,2
"Gtc Solution Co., Ltd.",51.87,35
Russula Corp.,51.839999999999996,4
Silver Dawn,51.730000000000004,7
Zhengzhou Taida Minging And,51.7,1
Real Auto B.V.,51.68,20
Rashid Sons Ltd.,51.64,24
Petroleum Equipment & Supplies Fze Uae,51.58,2
Equilibrio Balanceamentos Industria,51.4,2
"Nissan Trading Co., Ltd. Belista To",51.379999999999995,4
Karatzis S.A.,51.37,4
Van Vliet Trucks Holland B V,51.28,4
Trans Global Project China Ltd.,51.26,2
"Applied Materials S.E.A. Pte., Ltd.",51.19,5
Skan Ag,51.16,2
Feldbinder Spezialfahrzeugwerke Gmb,51.12,5
Ls International Cargo Gmb H,51.1,4
Rahm Fahrzeug Und Maschinenbau,51.019999999999996,4
Marchetti Autogru Sp A,51.0,2
Auto Alliance Thailand,50.86,8
Rsp Gmb H,50.86,2
"Younchang Engineering Co., Ltd.",50.85,5
Noble Annex Yard Plot 6,50.8,1
Jiangsu Hexin Petroleum Machinery,50.79,1
Pcci Inc.,50.73,1
Citroen,50.72,8
Ds 18,50.71,5
Air Liquide Technologies,50.7,2
Hangzhou Fortune Gas,50.66,1
Floorflex (Pty) ) ) Ltd.,50.64,1
Saipem Guyana Inc.,50.62,3
"Shin Steel Co., Ltd.",50.56,2
Seven Oceanic,50.53,1
"Wuxi Digwell Drilling Tools Co., Ltd.",50.5,1
Gac Energy And Marine Services,50.47,3
"Iwasaki Machinery Trading Co., Ltd.",50.44,4
Shijiazhuang Qinming Building,50.43,1
Kramer Werke Gmb H,50.41,2
Blm Sp A,50.4,2
Henschel Industrietechnik Gmb H,50.34,4
"Jan's Sakura Trading Co., Ltd.",50.27,21
Peregrine Motors Llc,50.2,16
Bella Veneet Oy,50.199999999999996,15
Mecklenburger Metallguss Gmb H,50.14,1
A P Pavers,50.14,2
Dsv South Africa (Pty) ) Ltd.,50.129999999999995,2
Hermes Shipping & Airfreight Gmb H,50.12,2
Ocean Blackhorent,50.08,1
Halliburton De Mexico S De Rl De,50.0,2
Mt Linus P,50.0,1
Chasing Daylight Marine Llc,50.0,2
Obc Development 1 Corp.,50.0,2
Compagnia Generale Trattori Sp A,50.0,2
Asch Infraestructuras Y,50.0,1
"Hangzhou Rongda Tech Co., Ltd.",50.0,2
Fratelli Aprea Sorrento 1890 Usa L,50.0,2
Trommall International Ltd.,50.0,4
Ice Ag,49.9,4
H.R. Trading (Pvt) Ltd.,49.9,24
Shin Ei International Inc.,49.89,53
Ecoclean Technologies S.A.S,49.8,2
Jb Exp.,49.7,4
Pat Timmins Tractor Sales Ltd.,49.7,6
Frutera Agrosan Exp. Sp A Lo Font,49.68,1
Himile Mechanical Science & Technol,49.62,4
Heila Cranes Sp A,49.599999999999994,3
"Middleby India Engineering Pvt., Ltd.",49.58,2
Gemini Pearl,49.54,2
Pedro Moscuzza E Hijos S.A.,49.54,1
Alunamar S A,49.49,1
Halliburton Latin America S.A Llc,49.46,2
Hosokawa Alpine,49.46,2
Maersk Viking,49.4,2
Weibel Scientific A S,49.18,3
Anika Corp.,49.040000000000006,6
Mz International S D Rl,49.0,2
Master Of Marinor,49.0,1
Cg Machinery,49.0,6
Bienvenido Diroche Gutierrez,49.0,16
G.P.S. Srl Unipersonale,49.0,1
Base De Mailly Le Camp,49.0,2
Akin Haddecilik As,49.0,1
"Shanghai Timeast Engineering & Tech Co., Ltd.",48.94,2
Henco Global S.A.,48.94,2
J Cey Tea (Pvt.) Ltd.,48.91,2
"Houston Machinery (China) Co., Ltd.",48.9,1
Horn Mountain,48.87,18
Skf Sverige Ab,48.83,1
Maerz Ofenbau Ag,48.78,1
Jc Trades,48.77,27
Fr. Fassmer Gmb H & Co. Kg,48.75,1
Hinterkopf Gmb H,48.6,2
Dyno Nobel Asia Pacific Ltd.,48.6,2
Spacecube Uk Ltd.,48.52,2
Starr Auto Depot,48.5,18
Jcb Do Brasil Ltda,48.44,4
Solintal,48.43,1
Sirena Marine,48.4,2
Explora I,48.38,41
Matetic Wine Group S.A.,48.32,2
Zippe Industrieanlagen Gmb H,48.28,6
0126 Av Bn 03 Co C Det 1,48.11,6
Oocl Logistics (Thailand) Ltd.,48.05,1
Rr Magic Shipping Sa De Cv,48.04,4
Gruas Saez S.L.,48.02,2
Idra Srl Unipersonale,48.0,1
Riverside Machinery,48.0,2
U Surfaces,48.0,2
Martin & Co. Wines Inc.,48.0,2
Haeusler Maschinenbau Gmb H,48.0,1
"Mitsui Seiki Kogyo Co., Ltd.",48.0,4
Carlos Cervando Gonzalez,47.98,136
Brunswick Marine In Poland,47.95,13
Efl Global Panama S.A.,47.9,2
Kemuning Engineering Sdn Bhd,47.85,1
Atara Motors,47.82,38
Stefan Ebert Gmb H,47.76,2
Roders Gmb H,47.74,4
W4 Bv 835 Th Us Army Trns Bn,47.73,1
Blu Logistics Colombia S A S,47.64,2
"Sm Solution Co., Ltd.",47.54,5
"As Japan Co., Ltd.",47.43,23
Custom Builders,47.38,8
Savino Del Bene Sp A,47.32,2
Bp Exploration (Shafag Asiman) Ltd.,47.3,2
Titan Lines Inc.,47.26,8
Am Fresh South Africa,47.25,1
"Andritz Hydro Pvt., Ltd.",47.2,2
Stellantis Asia Pacific Investment,47.16,3
Jungerhans Maritime,47.129999999999995,33
Ceva Logistics,47.08,2
"Yusen Logistics Co., Ltd.",47.04,1
Kyocea Corp.,47.01,1
"Sichuan Honghua Electric Co., Ltd.",47.0,1
Young Shin Diecutters,47.0,1
Mt P. Aliki,47.0,2
Cww Colombia Ltda,47.0,1
Mecalac Baumaschinen Gmb H,47.0,4
Caterpillar (Thailand) Ltd. On B,46.98,2
Liaoning Fu An Heavy Ind,46.96,2
Sadoshima Corp.,46.839999999999996,33
Schimanski Gmb H,46.82,4
Savino Del Bene Japan Co.,46.8,1
Island Performer Gc 157,46.7,2
Nippon Auto Centre Ltd.,46.64,23
"Zhejiang Xcc Group Co., Ltd.",46.5,1
W6 J6 Usareuraf Trex 48,46.49,1
"Kuve Works Co., Ltd.",46.48,1
G M Dorn Gmb H,46.46,8
Swecon Baumaschinen Gmb H,46.44,2
John Cockerill Sa,46.44,5
Fujifilm Healthcare Corp.,46.32,1
Pt . Orion Gandatama Perkasa,46.3,2
Trillacoop Ltda,46.2,2
Spares Inmotion Bv,46.2,1
Poc Japan,46.12,34
"Raito Kogyo Co., Ltd.",46.08,2
Rueko Gmb H Baumaschinen,46.0,2
Boundary Plant Sales Ltd.,46.0,2
"Renault Korea Motors Co., Ltd. P C R",46.0,10
Probulk Sp,46.0,2
Dernaseer Engineering Ltd.,46.0,2
Cargojet S.A.,46.0,2
Colomiers Utas,45.99,9
Kaede,45.96,6
Demanor As,45.94,8
Co. Ia Hondure A Del Cafe S.A. De,45.92,2
Buehler Ag,45.92,6
Contacto Japan Inc.,45.9,34
Industrias Derivadas Del Etileno,45.84,2
R Nation,45.839999999999996,37
Daekyung Engineering,45.79,1
Stc Cargo Gmb H,45.78,6
Jiangsu Huaxing Pressure Vessel Co.,45.77,1
Nmt Lines Co Hansen Shipping Uk Ltd.,45.74,2
Southern Timber Exp.,45.72,1
Bruks Klckner Ab,45.7,2
Acciaieria Fonderia Cividale Sp A,45.620000000000005,4
West Equipment Bv,45.6,2
Italia Yachts Srl .,45.6,4
Diemme Filtration Srl,45.59,1
Stadler Service Ag,45.58,2
John Deere Asia (Singapore),45.56,2
Flemings Transport Inc.,45.56,8
Cfl Europe,45.5,1
Liebherr Brasil Industria E Comerci,45.5,2
Jen Corp.,45.44,6
Uni International America Corp.,45.42,2
Doubleday Group,45.4,3
Nammo Palencia S.L.,45.36,6
Rafael Ceballo De La Rosa,45.2,7
M.E.C. Srl Meccanica Alfonsine,45.2,2
Radar Process S.L,45.2,2
"Takumi Sansho Co., Ltd.",45.18,2
121 Llc,45.17,24
Jiangsu Dongze Enviromental,45.1,3
Naxco Antwerp,45.09,1
Spencer 69 Llc,45.0,1
Nite Oil,45.0,1
Andritz Hydro Srl,45.0,1
Gtd Group Ltd.,45.0,2
Gkn Fokker Aerostructures,45.0,6
Nora International Forwarding Co.,45.0,2
Tote Maritime Puerto Rico,44.910000000000004,5
Adcom World Wide,44.9,163
Kg Logistics,44.9,2
Caf Mexico Sa De Cv,44.800000000000004,14
Eisenbau Kraemer Gmb H,44.8,2
Rsd International Inc.,44.8,22
Tci International Logistics B.V.,44.8,2
Newport Investments Ad,44.8,2
Office Watanabe,44.760000000000005,4
Spares In Motion Inc.,44.75,1
Kreisel Gmb H & Co Kg,44.7,1
Pernod Ricard Ricard Mexico Sa De,44.68,1
Yangzhou Americantec Imp. & Exp.,44.62,1
Riverland Equipment Bv,44.58,3
Ruedinger Spedition Gmb H,44.54,6
Coral Favia Shipping Bv,44.54,3
Mb Mayrhofer Baumaschinen,44.44,3
Rohlig Espana S.L.,44.44,1
"Castorgirnar Industries Pvt., Ltd.",44.41,2
Delta Petroleum (Caribbean) Ltd.,44.4,4
Romasco Group,44.39,8
Rocket Tanzania Ltd.,44.24,2
Bis 67 Trasporti Multimediali Sp A,44.24,2
Uk Car Exporters,44.239999999999995,7
Transceler Sas,44.18,20
Globe Trotter 1,44.14,2
Bmwag,44.1,2
Aurum Freight International Ltda,44.08,2
Zf Friedrichshafen Ag,44.08,3
Koscom Corp.,44.02,33
Hidroliksan Halim Usta Dis Ticaret,44.0,1
Ashcourt Plant Ltd.,44.0,2
Blend Plants,44.0,2
Emag Salach Maschinenfabrik Gmb H,44.0,2
Homar Bv,44.0,1
Hesnault Sas,44.0,2
Worldwide Nexus,44.0,2
Josef Gartner Gmb H,44.0,2
"Japanmotor Co., Ltd.",43.88,14
Bulk Tainer Logistics,43.88,2
Mccloskey International Ltd.,43.88,2
Komatsu Forestry Ltd.,43.82,2
Siemens Ag Energy,43.8,1
Scarab Sweepers Ltd.,43.8,4
Ferro Umformtechnik,43.690000000000005,9
Motive Rentals Ltd.,43.67,1
Valley Of Peace Farms Ltd.,43.66,1
Bertrams Chemical Plants Ltd.,43.63,1
"Tpt Pacific Co., Ltd.",43.45,1
Russula S.A.U.,43.440000000000005,3
Nordic Callao,43.43,1
Subsea 7,43.41,2
Pal Srl,43.4,2
Hunan Sanyi Huayuan Machinery Co L,43.349999999999994,2
"Alpha Project Imp. Co., Ltd.",43.3,31
Mastenbroek Ltd.,43.3,2
Cafe De Mi Pueblo International,43.24,2
Ngk Stockler Ltda,43.21,1
Mt Nord Mirai,43.2,1
"Sinotruk International Co., Ltd.",43.2,2
Klk Industria E Comercio De Madeira,43.19,1
Sichuan Liuhe Special Metal Materia,43.14,2
Intersupply Corp.,43.07,1
Mt Chem Bulldog,43.0,1
Bernard Van Lengerich,43.0,8
Mineralteknikk As,43.0,1
Ana Lusia Jacqueline Gomez,42.96,15
"Yamada Dobby Co., Ltd.",42.94,2
National Parts,42.92,12
Jord International Inc.,42.9,1
"A&G Hansol Motors Co., Ltd.",42.88,2
Tgi Cargo (Pty) ) Ltd.,42.88,2
Mt Medtech Engineering Gmb H,42.8,2
Safan Bv,42.8,2
Harry Alexander Classic Cars Ltd.,42.71,11
Muller Technology Conthey Sa,42.7,7
At Construction Services Llc,42.64,1
Nanjing Gangshuo Metal Material Co.,42.6,2
Norton Lilly International,42.52,20
Pacific Coast Autoimports,42.519999999999996,15
Cmpc Pulp S.A.,42.5,1
Nouryon Functional Chemicals,42.5,2
Kraken Subsea Ltd.,42.44,2
Inheung Industry,42.4,2
Flsmidth Mining Technologies Gmb H,42.4,2
Elwema Automotive Gmb H,42.38,2
"Daming Heavy Industry Co., Ltd.",42.34,1
Kuhne Gmb H,42.33,3
Iconic Marine Group,42.260000000000005,4
Mchale Engineering Ltd.,42.18,2
"Matrix Life Science Pvt., Ltd.",42.16,1
Empire Teas (Pvt.) Ltd.,42.16,2
Z Diffusion,42.1,4
Emde Bohrtechnik Gmb H,42.08,7
"Wuu Jing Enterprise Co., Ltd.",42.08,1
Nedtrax B.V.,42.0,2
Carbo Force,42.0,1
Goodmans Motorhomes,42.0,12
Allreco,42.0,2
F.D.Transportation Gmb H,42.0,2
Sessa Marine Srl,42.0,4
Ginga Jaguar,42.0,2
Qingdao Jit International,42.0,4
Howco Group Plc,41.99,1
Sund Birsta Ab,41.940000000000005,4
Vicem Yat San Ve Tic A.S.,41.9,2
Hitachi Zosen Fukui Corporation,41.89,1
Maeda Seisakusho,41.86,2
Dmv France Sas,41.86,2
Altimus Tech Sp. Z O. O. Lietuvos F,41.81,1
Gosho Industrial Co Ltda,41.8,2
Ma Zoom,41.8,44
Valaris 75,41.78,7
As Motors,41.72,26
Fy5799 Usafal Asad Aerial Por,41.65,11
Circular Group Ltd.,41.64,2
"Jinsung Plt Co., Ltd.",41.6,2
Mecof Srl,41.58,1
Prima Equipment Bv,41.58,1
Okuma Corp. Service Division,41.55,8
Mitsubishi Heavy Industries Machine,41.5,5
"Hanwha Techwin Co., Ltd.",41.5,1
Regent Seven Seas Cruises,41.43,43
Finca Monte Azul S.A De C.V.,41.42,2
"Shinko Rental Co., Ltd.",41.4,2
"X Riders Co., Ltd.",41.22,6
Clem2 B,41.21,2
Zoomlion Anhui Industrial Vehicle C,41.2,1
Kenki Worldco. Ltd.,41.2,2
Tracsa Sa De Cv,41.2,2
"Nikkyo Machinery Co., Ltd.",41.2,2
Zentis Fruchtwelt Gmb H & Co.Kg,41.18,4
Poly Plast Chemi Plants (I) Pvt. Lt,41.13,1
Welser Profile Gmb H,41.12,1
"Japan Express Co., Ltd.",41.1,4
Pemtec Snc,41.1,2
Genimex Jersey Ltd.,41.089999999999996,5
Renault Truck Sa,41.04,16
Michael Burdge Ltd.,41.0,3
Jh Milnes Ltd.,41.0,4
Siem Dorado,41.0,1
Sc Singapore,41.0,1
Hanyoungcorporation Ltd.,40.98,2
Mainfreight Gmb H,40.97,3
Dhl Pc Ceipa,40.88,4
"Changan Ford Automobile Co., Ltd.",40.84,2
Dodaac Cage W91 Sr3,40.84,1
"Polyhose India Pvt., Ltd.",40.82,1
Erema,40.8,2
"Showa Trade Co., Ltd.",40.79,16
Mico Machines Inc.,40.72,2
Sampo Rosenlew Oy,40.7,4
Dowell Schlumberger De Mexico S.A.,40.7,1
Concept Laser Gmb H,40.68,2
C.I Indutrade Colombia S.A.S.,40.68,2
Cn Qingdao Luyang International,40.63,1
Shanghai Welton Shipping Co. Inc.,40.6,1
Kaercher Floor Care Srl,40.5,5
"Daiho Nippon Co., Ltd.",40.47,31
"Japan Global Gateway Co., Ltd.",40.459999999999994,7
Berg Propulsion Production Ab,40.4,5
"Dmg Mori Co., Ltd.",40.39,1
Robertson & Caine (Pty) ) Ltd.,40.38,2
Ginny Lab,40.38,3
Logistica Maritima Integral S.A.S.,40.37,1
J. M. Baxi & Co.,40.36,8
World Auto Trading,40.32,37
Dalbo A S,40.25,3
Globe Chemicals Gmb H,40.24,1
Steels Constructions Bv,40.22,8
Bradleys Construction Ltd.,40.2,2
Swebend Ab,40.2,6
Novem Car Interior Design D.O.O.,40.2,1
Turbo Power Systems,40.14,6
Cunard Line Ltd.,40.05,4
Polskie Zaklady Lotnicze Sp Z O O,40.019999999999996,6
Sigma Plantfinder,40.0,1
S R P B L,40.0,1
Smartech International Sdn Bhd,40.0,1
Prall Tec Gmb H,40.0,2
Wh Bond & Sons Ltd.,40.0,2
Mabrouk Diesel Power Equipment Bv,40.0,1
Backers Maschinenbau Gmb H,40.0,2
Crossnet International,40.0,2
Spliethoff Transport Bv,40.0,2
Lm Wind Power Spain S.A.,40.0,2
G And W Transport Ltd.,40.0,1
Georgia Strait,40.0,2
Klj Petroplast Ltd.,40.0,1
Besiktas Tersane A.S.,40.0,1
Mager & Wedemeyer,40.0,2
"Haian Haitai Casting Co., Ltd.",39.93,1
Atlantis Resort,39.89,1
Ezb Europe Ou Estonia,39.78,2
W51 Am8,39.74,7
Stephex Stables,39.74,2
Top Pro Steel Jsc,39.739999999999995,2
Gruau Laval,39.7,10
Japan Tuna Fisheries Corporation,39.66,4
Binder Co Ag,39.6,2
Fair Trade Imp. Gmb H,39.6,16
"Arham Petrochem Pvt., Ltd.",39.56999999999999,2
Lisman Vorkheftrucks Bv,39.56,2
"Nature Pulse Botanicals Pvt., Ltd.",39.53,2
Krommenhoek Bv,39.48,2
Maxbet Llc,39.46,1
Amada Gmb H,39.44,4
"Warraich Motors Co., Ltd.",39.44,10
Intercontinental Ick Mexico Sa De C,39.4,1
Baker Hughes Guyana Co. Inc.,39.33,21
Chrysler Group (China) Sales Ltd.,39.230000000000004,5
Takisawa Machine Tool,39.22,2
Compania Bananera Los Laureles S A,39.21,1
Masters & Owners Madriver Shipping Ltd. Of Cv Ensenada,39.2,2
Galaxy Surfactants Ltd.,39.2,2
Sabo Gmb H Paul Baumann Str. 1 45772,39.2,2
Kind & Co Edelstahlwerk,39.09,1
Schmitz Cargobull Overseas Gmb H,39.08,2
Fischer Landmaschinen Gmb H,39.04,2
"Proking Machinery Co., Ltd.",39.0,1
Maclean Engineering,39.0,2
Stahl Und Apparatebau Hans Leffer,39.0,4
Eggersmann North,39.0,2
Aarti Industries Ltd. 71 Udyog,39.0,2
"Rhenus Logistics India Pvt., Ltd.",38.870000000000005,2
Industrias Nigua C. Por A.,38.87,99
Dana Motion Systems Deutschland Gmb,38.8,2
Bulmor Lancer Ltd.,38.8,2
Sodexim Sarl,38.8,2
Matsui Corp.,38.8,2
Courage Automotive Ltd.,38.76,14
Kiriu,38.72,2
Nabertherm Gmb H,38.68,6
Nicaragua Banana Corp. S.A.,38.65,1
Chemtec Uk Ltd.,38.6,2
Benhil Gmb H,38.58,3
Moda Denizcilik Nak Dis Tic Ltd. Sti,38.56,2
Marco St. Croix Inc.,38.55,4
Siemens Energy T. Srl Via Di Spini,38.54,1
Jiangsu Grand Drying,38.5,1
Sempre Italia Llc,38.5,1
Challenge International Belgium,38.46,4
Embotelladora De Sula Sa,38.44,2
Saab Seaeye Ltd.,38.28,2
Progressive Services Corp.,38.22,1
Nexco East Innovation And Communica,38.2,2
Cevertam Sa De Cv,38.2,12
National Oilwell Varco Norway As,38.16,1
Lotus Technology Innovative Ltd.,38.1,8
Exp. Freight & Brokers Inc.,38.1,2
"Thai Swedish Assembly Co., Ltd.",38.0,4
Mayfran International B V,38.0,2
La Vigie Sailing 450 F Llc,38.0,1
Sealogis Guadeloupe,38.0,2
Nmt Oceania (Pty) ) Ltd.,37.98,2
Monkerhey,37.95,3
Bove Verhuurmaatschappij Bv,37.839999999999996,2
Goldhofer Airport,37.8,2
Ivo Christov Bmw E28 Specialist,37.78,24
Master Of Overseas Cascade,37.75,2
Mobil Equatorial Guinea Inc.,37.71,2
Blue Ocean Transport,37.66,21
Congelados Del Monte S.A.,37.62,2
Hanwha Power Systems,37.55,1
Guangdong Yuntong,37.52,1
Rolls Royce Plc,37.51,1
Emball'iso Australia (Pty) ) Ltd.,37.43,4
"Akatsuki Machinery Co., Ltd.",37.4,2
Seven Seas Fruit (Pty) ) ) Ltd.,37.4,1
Airbus,37.39,1
Landustrie Sneek Bv,37.370000000000005,3
"Carvector Co., Ltd.",37.37,17
Pester Pac Automation Gmb H,37.34,4
Simec Sp A,37.31,1
Ets Joskin Sa,37.24,2
Manuport Logistics Espa A S.L.U,37.24,2
Auramo Oy,37.16,6
Riverhouse Trading,37.16,16
Pan Pacific Inc.,37.1,44
Dhl Global Forwarding,37.07,1
"Ishigaki Co., Ltd.",37.06,1
Hbp Environmental Engineering,37.0,1
Yacht Sales International,37.0,4
Ultratank Shipping,37.0,1
Safepack Srl,37.0,2
Young Global Human Tech,37.0,2
Mager & Wedemeyer Maschinenvertrieb,37.0,4
Oslo Caribbean Carrier As,37.0,2
Hanse Yachts Aktiengesellschaft,36.94,6
Welift Gmb H,36.9,2
Hubtex Maschinenbau Gmb H & Co. Kg,36.86,4
Mbz Miami Usa Corp.,36.78,2
0001 Ad Bn 01 Bty B Ada Batte,36.730000000000004,3
Crp Subsea Uk Ltd.,36.7,2
Seadrill Angola Lda Nif#5417065340,36.57,5
Btb Transfer Sp A,36.53,1
Heering,36.52,2
Emilio Adams,36.480000000000004,9
Van Oord Guyana Inc.,36.41,1
Premix Oy,36.400000000000006,2
Caterpillar (Qingzhou) Ltd. On Beh,36.4,2
Ledinek Engineering D.O.O.,36.4,2
Ebm Papst Mulfingen Gmb H & Co. Kg,36.3,2
Ortalis Concrete,36.29,1
Schmidt + Clemens (Asia) Sdn Bhd,36.24,2
"Autoportal Co., Ltd.",36.22,2
Bauer Spezialtiefbau Gmb H,36.2,2
John Deere Werke Zweibruecken,36.18,2
0003 Cs Co Hhc And Stb Div,36.13,1
Nrs Ocean Logistics Ltd.,36.019999999999996,2
Dewulf,36.0,2
Schwaben Kunststoff,36.0,1
Bae Systems Surface Ships Ltd.,36.0,2
Vermatrac Handelsonderneming B V,36.0,4
Anton Haering Kg,36.0,2
Holt Cat,36.0,1
Elecnor Mexico S.A. De C.V.,36.0,2
Tso Nge Mxico Sa De Cv,36.0,2
Vestas Australian Wind Technology P,36.0,1
Qingdao Csd Auto And Equipment Co.,35.98,14
Rohtech Dst Gmb H,35.98,2
Sentury Tire Morocco,35.96,2
Deepwater Skyros,35.92,3
Crown Gabelstapler Gmb H & Co.Kg,35.9,2
Ritchie Bros Iron Planet,35.84,2
Egi Klubb Group,35.82,1
Volvo Truck Corp.,35.82,4
Henan Jianhong Refractory,35.78,1
Veit Electronics,35.76,5
Azimut Do Brasil Fabrica O,35.74,2
Cemengal P&G Sa,35.7,1
Carl Zeiss Industrielle Messtechnik Gmb H,35.7,4
Manuport Logistics Espana S.L.U.,35.68,2
Meiyo Boeki Shokai,35.66,30
Gefco Logistica Do Brasil Ltda,35.64,2
Ste Victory Fresh,35.64,1
Alfred Spindelberger Fahrzeugtechni,35.620000000000005,12
Lpb,35.6,2
La Casa De Los Excedentes Sas,35.51,1
Casa De Los Excedentes Sas,35.51,1
Loreal Produktion Deutschland Gmb H & Co Kg,35.48,2
Vag Gmb H,35.44,2
Zoomlion International Trading,35.4,1
Idesa Industrial Plants Slu,35.36,2
Actom Electrical Machines,35.3,1
"Toyota Industry (Kunshan) Co., Ltd.",35.28,2
Cnh Italia Sp A Lecce Plaint,35.24,2
O.Watson Trading,35.2,2
T Honda Co.,35.2,2
Sae Fayat Group,35.2,2
Margaritaville At Sea Islander,35.18,88
0379 Cm Coplt T1 Chem Co.,35.05,3
United Enterprises,35.04,16
Wmw Ag,35.0,2
Verhoeven Holding B.V.,35.0,2
Kohlschein Baumaschinenhandel Gmb H,35.0,1
Pacific Gas,35.0,1
Topinox,35.0,2
Streck Transportges Mbh,35.0,2
21 Rima Frejus,35.0,2
Pinette Emidecau Industries,35.0,1
Airsys Refrigeration Engineering,35.0,2
Wojskowe Zaklady Uzbrojenia S.A,35.0,1
Pasifik Gemi B Denizailer Is Merkez,35.0,1
Nidec Drive Technology Corp.,34.96,2
Power Vehicles,34.94,25
Venti Oelde,34.9,2
Blue Machinery Scotland Ltd.,34.86,1
Equi Trek,34.82,14
Kuendig Ag,34.82,4
Cnhindustrial Brasil Ltda,34.82,2
Gsc Vans Theault,34.81,8
Daas Distribuicao E Comercio,34.8,2
Tranceler Sas,34.78,20
Sociedad Exportadora Verfrut S.A.,34.769999999999996,2
Agramex,34.76,2
Sik D.O.O,34.74,2
W51 Bnd,34.71,2
Epiroc Mexicana Sa De Cv,34.7,1
W50 Me0,34.63,5
Prodeko Elk Sp. Z O.O.,34.58,2
Quarken Boats Oy,34.5,10
Messer Se & Co. Kgaa,34.44,2
J. Schneider Elektrotechnik Gmb H,34.34,4
Oxbo Ploeger Uk Ltd.,34.34,2
Bahia Grande S.A.,34.26,1
Energyen Corp.,34.14,1
Meindl Traktor,34.04,3
Taskoprojekt S.A.,34.02,2
Tighten Up Llc,34.02,1
Total Services,34.019999999999996,3
Quality Pharma World,34.019999999999996,2
Gulf Stream Transports,34.0,3
Axopar Boats Oy Markos Sp Z.O.O.,34.0,2
Mol Cy Ns Sa,34.0,2
Elling Shipbuilding Bv,34.0,2
Historic Motoring Solutions Ltd.,34.0,16
Ribal Tp,34.0,1
Seatrade International Sa,34.0,4
Sabatino Italia Srl,33.94,2
Magirus Gmb H,33.92,2
Mafo Naval Closures Bv,33.91,1
Fls Inc. Heavy Equipment And Mach,33.9,2
Steinhauer,33.88,6
Mall Herlan Gmb H,33.8,2
Caribbean Auto Mart,33.8,10
Emde Bohrtechnik Nentershausen Gmb H,33.8,2
Caterpillar Product Support,33.8,1
B. A. S. Truck B. V.,33.8,2
Interdolphin Denizcilik,33.78,6
W50 Jla,33.75,1
Implementos Agricolas De La Sierra,33.72,2
Array Industries Exp. Bv,33.7,1
Ballycrystal Asset Holding Ltd.,33.6,2
Willenbrock Fahrzeug Gmb H Andreas B,33.6,10
Casa Luker S.A.,33.6,2
Botnia Marin Oy Ab,33.6,4
Pronto Clearing Cc,33.54,7
Engineering Top Tech (Pty) ) Ltd.,33.5,1
Ritrama,33.48,18
"Qingdao Npa Industries Co., Ltd.",33.48,1
Mainfreight Uk Ltd. London Ocean,33.44,2
Cas Auto Llc,33.44,14
"Imperial Motors Co., Ltd.",33.42,4
"Everworldwide International Co., Ltd.",33.42,2
Marte & Estrella Agrotechnology,33.41,15
Bosch Rexroth Ag,33.3,2
Grupo Cice,33.2,2
Vermeer Deutschland Gmb H,33.12,2
Casa Fuentes S.A.C.I.F.I.,33.06,2
Vk Cars Bvba,33.0,5
Russells (Kirbymoorside) Ltd.,33.0,4
Stena Drillmax Ltd.,33.0,1
Mavel A.S.,33.0,1
Walcownia Metali Dziedzice Sa,32.98,2
Dinnis Diggers Ltd.,32.96,2
Aca Forwarding Ltd.,32.94,1
Tomiyu,32.88,22
"J P Trading Co., Ltd.",32.86,10
Siapi Srl,32.76,2
Dsv Air And Sea S A U Plaza Circular 4 4 Piso,32.7,1
Exp. Banman,32.68,2
"Autocomp India Pvt., Ltd.",32.660000000000004,4
Defense Logistics Agency,32.66,1
Blake Heslop Charman,32.66,10
Ngk Insulators Ltd.,32.56,2
Smart Business Dominicana,32.55,1
Strabag International Gmb H,32.52,2
"Morenot ( Dalian) Co., Ltd.",32.480000000000004,5
Prins Motoren Bv,32.46,12
231 Yangjae Dongseocho Gu,32.4,2
"Gwipungmotors Co., Ltd.",32.4,2
"Bakrich Worlds Trading Co., Ltd.",32.38,4
"Royal Japan Co., Ltd.",32.300000000000004,8
Carnival Cruise,32.28,4
"Deungju Instrument Co., Ltd.",32.26,2
Fischbach Kg,32.2,2
Adri Lab,32.18,5
Potez Aeronautique,32.15,5
Rara Corp.,32.120000000000005,20
Azamara Cruise,32.12,10
0940 Tc Tm Movement Contro,32.04,4
"Thomas Sherriff & Co., Ltd.",32.0,4
Greenwood Engineering A S,32.0,2
Monterey Services Inc.,32.0,1
Gaussin Sa,32.0,2
Fountaine Pajot,32.0,2
Jdr Cable Systems,32.0,2
Okris Ltd.,32.0,2
Quick Truckservice As,32.0,2
Delta Powerboats America,32.0,4
Haven Development Llc,31.98,1
Rotech Subsea Ltd.,31.98,2
Op Inc.,31.95,1
M.D.K Corp.,31.939999999999998,14
Gea Process Engineering A/S,31.82,2
Core Cargo Logisticaint L Ltda,31.82,2
Qingdao Hengye Electric Power,31.8,2
Daniels Co. West Virginia Inc.,31.76,2
"Takatsu Mfg. Co., Ltd.",31.75,4
Kestrel Liner Jamaica Ltd.,31.75,1
Bombardier Transport France S.A.S.,31.74,2
A.O.K. Industrial Co.,31.68,2
Tangshan City Secai Trading Co.,31.68,1
Sgs Trading,31.68,7
"Wuxi Rhester Machinery Co., Ltd.",31.64,1
"Global Auto Co., Ltd.",31.62,15
Mae Maschinen Und Apparatebau,31.6,2
Sea Princess,31.6,166
Mixaco Dr Herfeld Gmb H & Co Kg,31.6,4
Hj Schryver,31.590000000000003,2
Mt Aerospace Ag,31.56,6
St Auto Munir Fawad,31.5,6
Jeremias Abgastechnik Gmb H,31.5,2
"Trendy Information Co., Ltd.",31.36,14
Global Couriers & Services,31.34,11
Hbh Logistics Gmb H & Co. Kg,31.32,2
Coil Innovation Gmb H,31.3,2
"Fukuoka Energy Co., Ltd.",31.259999999999998,12
Sargo Oy Ab,31.200000000000003,6
Universal Eisen Und Stahl Gmb H,31.2,2
"Triangle Co., Ltd.",31.19,23
"Queen Long Marine Co., Ltd.",31.0,1
N. Sundin Dockstavarvet Ab,31.0,2
Sealogis Freight Forwarding,31.0,2
Fuzhou Helmsman Yachts Industries,31.0,2
Gt Exp. Consulting Ltd.,31.0,1
"Primass Japan Co., Ltd.",30.84,18
"Ist Co., Ltd.",30.82,2
Delonix Cars And Freight Solution,30.8,18
"Kuk Je Metal Co., Ltd.",30.8,2
Saic Motor Sudamerica Sp A,30.78,2
Putzmeister Paz.Ve Tc. Ltd.T.,30.72,1
Innomotics S.R.O.,30.72,1
Xuzhou Construction Machinery Group,30.7,1
W81 Nmj,30.6,4
Sn Maschinenbau Gmb H,30.6,2
"Sung Il Co., Ltd. (Sim)",30.57,2
Cif,30.56,2
Vemag Maschinenbau Gmb H,30.540000000000003,8
Ge Energy Uk Ltd.,30.52,1
Hos Beretta,30.51,1
Cord Cable Ind,30.44,2
"Yanagisawa Hd Co., Ltd.",30.42,24
Sbt M3 Betriebs Gmb H,30.4,2
Packsys Global Ag,30.38,2
Same Deutz Fahr Italia Sp A .,30.32,2
Anders Eriksson Travel Ab,30.3,2
Metso Mccloskey Usa Llc Dba Lippman,30.26,1
"Agasta Co., Ltd.",30.259999999999998,24
Cervetti Tractor Srl,30.2,2
Bansin Srl,30.2,4
Relineeurope Liner Gmb H Co. Kg,30.2,2
Schmees Cast Pirna,30.16,2
Enermech Guyana Inc.,30.14,1
Mc 215,30.1,1
Ritchie Bros (Nz) Ltd.,30.09,1
Zhejiang Tianyuan Materials Co.Pty,30.09,1
"Autotop Japan Co., Ltd.",30.06,32
"Loginet Co., Ltd.",30.04,21
Perenco T&T Ltd.,30.03,1
Tyler Tomodachi,30.02,22
G And R Pykett,30.0,4
Jbm Co. Kalmar Ab,30.0,2
Textron Ground Support Equipment,30.0,1
Fairline Yachts Ltd.,30.0,2
Halekulani Llc,30.0,1
Rumberg International Gmb H,30.0,1
Igdl Analytical Instrument Ltd.,30.0,2
Zeppelin Austria Gmb H,30.0,1
Anvera Yacht Us,30.0,2
Golbal Resources Llc,30.0,1
Aduantir Srl,30.0,2
Limata Gmb H,30.0,3
Scion Drilling (Pty) ) Ltd.,30.0,2
Goodfellow Equipment Llc,30.0,1
"Suzhou Oxygen Plant Co., Ltd.",30.0,1
Mako Marine Ventures,30.0,2
Claas Western Ltd.,30.0,2
Heering Bv,30.0,2
Maritimo Offshore (Pty) ) Ltd.,30.0,1
Cwl Mexico S De Rl De Cv,30.0,2
Bucher Municipal A S,30.0,2
Carrosserie Industrielle Leruth,30.0,2
Greka (Zhengzhou ) Technical,30.0,1
Liebherr Container Cranes Ltd.,30.0,4
Fincoil Lu Ve Oy,30.0,2
Sol Antilles N.V.,30.0,4
Seacastle,30.0,2
Grupo Erh,30.0,6
Aoki Technical Laboratory Inc.,29.96,2
Al Masa Shipping And Cargo Clearing,29.96,5
Renishaw Plc,29.96,4
Maxco Group Belgium Nv,29.96,2
Fb5518 100 Lrs Lgrdd,29.94,1
Dodaac Fb5685,29.94,1
Tropical Shipping Usa Llc,29.93,3
"Alpha System Japan Co., Ltd.",29.9,1
Verhoef Access Technology,29.9,1
"Zen Co., Ltd.",29.84,23
Babik Sp. Z.O.O.,29.810000000000002,2
Jmc Negoce,29.8,4
"Shanghai Sunds Fibertech Co., Ltd.",29.7,1
"Ge Oil & Gas India Pvt., Ltd.",29.68,1
Far East Corp. Ltd.,29.58,38
Schmoll Maschinen Gmb H,29.5,2
Christian Karl Siebenwurst Gmb H,29.46,2
"Maruzen Machine Co., Ltd.",29.45,1
Autology Motors S.L.U.,29.42,18
Petroleum Equiplient Anl Supplies,29.42,2
Termo Makina Sanayi Ve Ticaret As,29.400000000000002,3
"Ventus Auto Co., Ltd.",29.4,8
Ford Werke Gmb H,29.4,4
Harrison Tractors Ltd.,29.4,4
Jensen Industrial Laundry Technolog,29.4,2
"Keizo International Co., Ltd.",29.3,20
Ceva Freight (Uk) Ltd.,29.28,2
Newmont Suriname Llc,29.259999999999998,2
Hos Riverbend,29.25,4
Richard J. Dadeo Trustee Of The Ri,29.24,4
Mobility Solutions Ltd.,29.22,1
Svp Avio Storitve D.O.O.,29.2,2
Injo Equipment Bv,29.2,2
"Kalmar Industries (Shanghai) Co., Ltd.",29.2,2
"Prestige Auto Exp. Pte., Ltd.",29.169999999999998,15
"Newave Logi Co., Ltd.",29.14,8
Ogden Services Albrook Corp.,29.14,2
General Atomics Aeronautical System,29.14,2
Hongkong Hailiang Metal,29.13,1
Erduman Otomotiv Ic Dizayn Karoseri,29.12,2
"Pqs Japan Co., Ltd.",29.119999999999997,22
Mirza Enterprises,29.11,23
"M N Trading Co., Ltd.",29.11,13
Mt Clearocean Marauder,29.1,1
Soleras Advanced Coatings Bvba,29.099999999999998,3
Shanghai Shuaiheng Environmental Pr,29.06,2
Rendo Corp. Stt,29.02,2
Sterling Montage Cay,29.02,2
Ocean Cay 2 Ltd.,29.02,2
Cmk Holdings Ltd. Dba Coral Sands H,29.02,2
Autec,29.02,2
Military Classic,29.0,1
"Street Crane Co., Ltd.",29.0,2
Chandlers (Farm Equipment) Ltd.,29.0,2
Interfracht Container Overseas Service Gmb H,29.0,2
Wet Kisses Llc,29.0,2
Trioliet Mullos Bv,29.0,2
"Used Cars Co., Ltd.",28.92,20
"Mnc International Co., Ltd.",28.88,2
Ngl Navigator Global Logistics,28.86,2
Ge Energy Products France Snc,28.859999999999996,4
Sig Combibloc Systems Gmb H,28.84,3
Woodbridge Plant Ltd.,28.82,2
Knb14631,28.8,1
Vermatrac Handelsonderneming Bv,28.8,4
Longhill Plant Services Ltd.,28.8,1
Hawk Enterprises,28.799999999999997,5
"Nippon Steel Trading Matex Co., Ltd.",28.78,1
Christiaens Engineering And Development,28.78,2
Roque Fernandez,28.78,13
Smalley S Garage Pictures,28.78,2
Linkinpartner Europe Gmb H,28.77,1
Japan Partner Inc.,28.76,21
Space Exploration Techn,28.72,2
General Cargo Logistic Transp.,28.68,2
"Ak Technos Co., Ltd.",28.68,1
Algoma Shipping Ltd.,28.65,78
Calibre Auto Logistics,28.64,8
Louault Sarl,28.6,2
Agenzia Industrie Difesa Stab.Mil,28.6,6
Autefa Solutions Austria Gmb H,28.54,2
Mando Health Care Ltd.,28.52,2
"Excore Co., Ltd.",28.52,2
"Nam Tien Production & Exp. Co., Ltd.",28.5,1
Bawat A S,28.5,1
Werkzeugmaschinenfabrik,28.5,3
Slm Maritimefreight Broker Llc,28.48,2
"Soecon Engineering Co., Ltd.",28.46,1
Fourphase As,28.42,2
General Gases Vi,28.42,26
Cfr Carshippers Gmb H,28.42,9
Pforc Bv,28.419999999999998,14
Vakuum Barcelona Sl,28.4,2
Luis Paulino Reynoso,28.39,39
"Jamex Co., Ltd.",28.39,15
The Landy Centre,28.34,10
Rem Andes,28.310000000000002,9
Atlantic Express Corp.,28.3,4
Amle Comercial,28.3,20
Ranfer Group,28.28,2
Tangshan Yuantai Derun Internationa,28.23,1
Wilhelmsen Ahrenkiel Ship Managemen,28.22,41
Schlumberger Trinidad Inc.,28.150000000000002,6
Huwer Sas,28.14,2
Virgin Islands Air National Guard,28.14,10
Suzhou Hengsheng,28.1,1
Short Brothers Plc,28.1,1
Specialized Utility And Fiber,28.03,3
Babcock Land Systems Royal School,28.0,2
Hunt Forest Group,28.0,2
Ritchie Bros. Iron Planet,28.0,2
Mp Logistik Gmb H,28.0,2
Sogocorporation,28.0,2
Exportaciones Friesen,28.0,2
Gm Stephenson Ltd.,28.0,4
Sinergia Sp A,28.0,2
Rides Solutions Srls,28.0,2
Performance Boats S.A. De C.V.,28.0,2
Br Holdings Sxm,28.0,4
Rental Logistica E Transporte Ltda,27.96,2
Transport Partners B.V.,27.86,6
Kuhn S.A.,27.82,4
Jet Speed Gmb H,27.8,2
Tau Corp,27.8,2
Japan Overseas Corp. 1 De Bk Plaza Kitanocho 3 2 5 Chuo Ku Kobe Japan,27.78,15
Caterpillar (Wujiang) Ltd.,27.76,4
"Daveyjapan Co., Ltd.",27.74,6
Industrias Gutierrez S.A. De C.V.,27.74,2
C.I. Procaps S.A.,27.73,2
Jdm Pro Llc,27.66,16
Ogimat Sarlu,27.6,2
Sract Gmb H,27.56,2
Phibro Saúde Animal Internacional Ltda.,27.54,2
Focus Method Contracting Establishm,27.5,1
Transunion Mallorca Sl,27.5,2
Tk Airport Solutions Sa,27.46,2
Buycarkorea,27.42,4
Esmatrans Ag,27.4,2
Ja & Wa Proctor Ltd.,27.4,2
Airbus Helicopters,27.36,5
Nesplas,27.32,38
Miragrown Enterprise Ltd.,27.28,1
Viking Life Saving Equipment (Thailand) Ltd.,27.27,47
Dcl Island Development Ltd.,27.26,1
Productos Capilares Loreal Sa,27.23,2
Austrian Ministry Of Defense,27.22,2
Edf Energy,27.21,3
Caterpillar Africa (Pty) ) Ltd.,27.2,1
Bjt Benetau,27.2,2
Mauser Werke Gmb H,27.2,1
Carlos Crespo,27.1,32
Long Clawson Dairy Ltd.,27.1,2
Karmen Ltd.,27.06,21
Disa Industrie Ag,27.0,1
Bioforcetech Corp.,27.0,2
Com Trade Ltd.,27.0,1
Tadano Imes Ltd.,27.0,2
Lekker Boats International Bv,27.0,3
Nippon Jidosha International Co.,27.0,16
Trans Global Logistics Europe Gmb H,26.98,15
Seascape D.O.O.,26.939999999999998,4
"Zulfiqar Motors Co., Ltd. (Japan)",26.919999999999998,8
Gc 596,26.91,3
Bristow Norway A S,26.9,2
Bw Pavilion Vanda,26.87,3
Fairway Freight Consolidators,26.82,1
Przedsiebiorstwo Budowy Drog,26.8,4
"Trust Kikaku Co., Ltd.",26.8,19
Servicios Chilfresh Ltda.,26.79,2
West Auirga,26.76,1
Contitech Transportbandsysteme Gmb H,26.76,2
General Gases Of The Vi,26.75,37
Serenity Scapes Cc,26.74,2
Carina Voyager,26.72,26
M T Marvel Eagle V. 35 B,26.68,6
Maison Joseph Drouhin,26.67,2
"Atonce Co., Ltd.",26.64,14
Noble Globetrotter Ii,26.63,2
Elecnor Servicios Y Proyectos,26.6,1
26 Degrees North Llc,26.6,2
Supfina Grieshaber Gmb H & Co. Kg,26.599999999999998,4
Ravagnan Sp A,26.58,2
"Gb Power Co., Ltd.",26.58,17
Freeport Airport Development Co.,26.57,3
Ruhrpumpen Industrial S.A. De C.V.,26.55,1
Lucky Wholesale,26.520000000000003,39
Easy Way Agenciamento De Cargas,26.5,1
Bristow Helicopter Group Ltd.,26.5,4
Dsv Air & Sea Ab,26.44,2
Warmglowco. Ltd.,26.42,20
Emergency One Group Ltd.,26.4,2
China Faw Group Import & Export Corporation,26.4,2
Gemini Engineering,26.38,1
Heavy Materials Llc,26.31,1
Air Center Helicopters Inc.,26.3,2
"Matel Trading Co., Ltd.",26.28,18
"Mizuho Motors Co., Ltd.",26.22,10
Luis Frometa,26.18,3
Yutaka Inc.,26.16,3
Envio Mau Eirl,26.14,52
Mammoet Brasil Guindastes Ltda,26.1,1
"Prime Resources Trading Co., Ltd.",26.08,2
W Yachts Sp Z.O.O.,26.04,6
Q 4000,26.03,2
Moritz International,26.0,14
Kraussmaffei Extrusion Gmb H,26.0,2
Solaris Power Srl,26.0,2
Axionlog Sas,26.0,1
Laguna Marine Transportation Llc,26.0,2
Geotunel Filco Sas,26.0,2
"Jam Trading Co., Ltd.",26.0,2
Screenpod Design & Mfg.,26.0,2
Zeppelin Sverige Ab,26.0,2
Romeu Mexico Sa De Cv,26.0,2
Little Seven Ilp,26.0,2
Lg Srl .,26.0,2
Nikay Agroindustrial Srl,25.919999999999998,12
"Chaudhary Trading Co., Ltd.",25.87,14
The Fujisawa Trading Corp.,25.8,2
"Thome Ship Management Pte., Ltd.",25.8,6
Tropical Trinidad Agency Unlimited,25.799999999999997,4
Robert Coates (Plant Sales) Ltd.,25.74,2
Robert Bosch Automotive Steering,25.71,3
Trumpf Werkzeugmaschinen Gmb H Co Kg,25.7,4
Dynamic Merchandising Inc.,25.68,3
Foraco Sa,25.68,2
Interex Motorsport,25.66,10
Ulvac,25.65,3
"Minhas Trading Co., Ltd.",25.62,4
"Araliya Trading Co., Ltd.",25.62,16
Fracht Fwo B.V.,25.6,2
Van Zutphen Bv,25.6,2
Maschinenfabrik Kemper Gmb H & Co. Kg,25.6,6
"Daekyung Machinery & Engineering Co., Ltd.",25.59,1
Sa Franzeluta,25.59,1
Pon Equipment As,25.58,2
Shanghai Luck Yachts Mfg.,25.5,1
Dna Vehicle Forwarding B.V.,25.48,16
Garant Maschinenhandel Gmb H,25.46,4
Farol Ltd.,25.45,3
"Alvan Blanch Development Co., Ltd.",25.45,1
Dalian Blue Whale Yacht Co.,25.4,2
Niederwieser Sp A,25.4,2
Sgm Magnetics Sp A,25.36,2
Margaritaville At Sea Paradise,25.36,56
Busman Nv,25.36,12
Jiangsu Hexin Petroleum Machinery C,25.35,1
Jiangsu Hexin Petroleum,25.35,1
Ntv Logistica Sa,25.32,1
E.S.I.,25.26,2
"Urasaki Trading Co., Ltd.",25.2,2
Scan Global Automotive Special,25.2,2
Haco Spzoo,25.2,2
Inmersol Srl,25.16,11
Royal Caribbean Cruises Ltd.,25.15,7
Alunamar Sa,25.13,1
"Premium Cars Japan Co., Ltd.",25.1,20
Rasheediya Trading,25.1,2
Centrans International Sa,25.09,1
Casagrande Elettrocostruzioni Sp A,25.09,3
Magyar,25.08,2
Marine Express Dominicana,25.02,4
3 S Japan Inc.,25.02,25
Skanveir Oy,25.0,2
Pon Equipment Bv,25.0,1
Total Energies E&P Suriname B.V.,25.0,2
Mondiale Vgl Gmb H,25.0,2
B H Holt And Sons Ltd.,25.0,1
Cd Consult,25.0,1
Global Equipment Trading Ltd.,25.0,2
"Nichimo Co., Ltd.",25.0,1
Kiwi Corp.,25.0,2
"Growth Power Co., Ltd.",25.0,2
Richie Bros. Auctioneers B.V.,25.0,1
Rg Tunnel As,25.0,1
Hooray Machinery Ltd.,25.0,1
Steenland Chocolate Bv,24.990000000000002,2
Constitution,24.94,5
Peugeot Citroen Autom. S.A.,24.92,12
Mv Hans Schulte,24.91,6
Tatung Co.,24.9,2
Sanuki Corp.,24.84,10
Jet Art Aviation Ltd.,24.8,2
Mirai Llc,24.75,13
Us Probation,24.72,4
Dmg Mori Gmb H,24.72,2
Fracht Ltd.,24.72,2
Giordano Poultry Plast Sp A,24.71,7
A And M Laktomar Sp. Z O.O.,24.7,1
"Sankei Giken Kogyo Co., Ltd.",24.599999999999998,3
Emirsan Treyler Makina Sanayi Ve Ti,24.56,2
Enshore Subsea Ltd.,24.55,7
Cct Logistics Ltd.,24.54,2
Adar (Huizhou) Plastic Hardware,24.51,1
Interfracht Inc. Usa,24.5,2
Rea Valley Tractors,24.5,3
Bowsky Auto Sales Inc.,24.5,10
Koch Engineered Solutions India,24.48,1
Metso Minerals,24.46,2
Veit Electronics S.R.O.,24.46,4
Universal Balancing Ltd.,24.44,2
Weir Minerals,24.4,2
W7 Rq Uspfo Activity Vi Arng,24.4,2
General Gases Usvi,24.38,9
Gebr. Kaufer Gmb H,24.33,3
Double Ace Cargo (Pty) ) S.A.,24.24,2
Betty K Agencies Ltd.,24.22,24
Transocean Brasil Ltda,24.2,1
Gsc Management Co (Bah) Ltd.,24.19,15
Maurice Ward & Co Ab,24.18,2
Europartners Mexico S.A. De C.V.,24.18,2
Sikander Corp.,24.16,18
Mobro Marine,24.14,1
Scania Netherlands,24.14,2
"Sumotori Japan Co., Ltd.",24.14,8
Shinkaboueki,24.139999999999997,6
0001 Ad Bn 01 Co E Maintenanc,24.09,1
Total Logistics Stt,24.060000000000002,14
Vestdavit Production Sp. Z O.O.,24.04,1
Ballytrain Plant & Commercials Ltd.,24.0,2
Lawman Commercial Services Ltd.,24.0,2
Llansiln Tractors Ltd.,24.0,2
Intertransport Air Logistics S.A.,24.0,2
K Rber Supply Chain A S,24.0,1
Davinci Yachts Bv,24.0,2
Technohull S A,24.0,2
John Deere Forestry Ltd.,24.0,1
Oakfields Ag Ltf,24.0,2
Proteus Ltd.,24.0,1
Sevenstar Yacht Transport Agency Uk,24.0,8
New Farm Ltd.,24.0,2
Rietveld Auto Parts Bvba,24.0,2
Merris Engineering Ltd.,24.0,2
La Mare Spolka Z Ograniczona Odpowi,24.0,2
Hammer Yachts Southafrica,24.0,4
Zarpo Llc,24.0,2
"Xiamen Ltmg Co., Ltd.",23.85,1
Hornbeck Offshore,23.840000000000003,4
Getinge Life Science France,23.82,11
Mde Machinery Ltd.,23.8,2
Fujisawa Trading Corp.,23.8,2
Blg Industrielogistik Gmb H,23.77,4
"Aaa Japan Co., Ltd.",23.740000000000002,18
Emag Ecm Gmb H,23.74,2
Oskar Frech Gmb H,23.72,2
Robine Trucks,23.72,2
Fantuzzi Team Material Handling Srl,23.66,1
Contitech Chile S.A.,23.64,2
Willis Asset Managment,23.64,2
Klh Massivholz Gmb H,23.62,1
Woods Hole Oceanographic,23.6,14
Sowah (H.K.) Ltd.,23.54,1
Hitachi Industries Products Ltd.,23.54,2
Mi Trinidad Ltd.,23.53,2
Max Wild Gmb H,23.5,1
Desmet Ballestra North America Inc.,23.5,2
Parker Poland Sp. Z O.O.,23.5,6
"Unisonhkr Co., Ltd.",23.49,1
Suzuki Motorcorporation,23.479999999999997,4
Bay Max Corp.,23.42,8
Ostfold Gress A S,23.4,2
Kamui Galaxy,23.38,2
Exportadora Y Servicios Rucaray S.A.,23.38,2
Exportadora Y Servicios El Parque S,23.38,2
Ckf International Shipping,23.38,1
Tecnospan,23.3,2
Sucafina Colombia S.A.S Cl 99 9 A 45 P 6 Bogota D.C. Co.,23.26,1
Tracto Technik Gmb H & Co.Kg,23.26,2
Eimsm Llc,23.23,10
Suzhou Aosijie Environmental Protec,23.23,1
Tritec Production Sp Zoo,23.22,2
Gunter Shipping Inc.,23.22,1
Uddcomb International Ab,23.2,2
Virtue Yacht Tender Llc,23.2,2
Maegerle Ag,23.2,2
Thaletec Gmb H,23.2,1
"Transkia Co., Ltd.",23.18,2
Agave Azul San Jos S.A. De C.V.,23.18,1
Sucafina Colombia S.A.S Cl 99 9 A 45 P 6 Bogota D.C. Colombia,23.17,1
Weatherford Industria E Comercio Lt,23.16,2
Ningbo Jintian Imp. & Exp. Co.,23.15,1
Nam Huy Trading Ltd. Co.,23.14,1
Socit Gnrale De Travaux,23.12,2
Vi Waste Management Authority,23.09,1
Wfd 350,23.05,5
Carl Aug. Picard Gmb H,23.04,2
Gfm Gmb H,23.04,2
Rmg S. A.,23.01,78
Greenfield Spreading Sales Inc.,23.0,2
Process Components Ltd.,23.0,2
Herrenknecht Ag,23.0,2
Alpine Metal Tech Uk Ltd.,23.0,2
Oakfields,23.0,4
Cesar Nicolas Amparo Garcia,22.96,4
Entreprises Macay Inc.,22.95,1
Kizbel (Bermuda) Ltd.,22.8,2
Fibre Glass Moulding Services Ltd.,22.8,7
2309270 Alberta Ltd.,22.75,9
Brendon Moss,22.72,20
Seacor Island Lines,22.71,20
Liwathon B.O.S.,22.68,1
0000 Hq Hq Campal Salyiah,22.68,3
Van Go Llc,22.68,2
"Bizupon Co., Ltd.",22.68,12
Mariner International Travel,22.64,2
Same Deutz Fahr,22.64,2
Krug Expedition Gmb H,22.6,4
Magerle Ag,22.6,2
Planta Hbs Delli Sa De Cv,22.59,1
Grand Isle Ds 18,22.59,1
Osd Gmb H,22.560000000000002,5
Zuffra Trading Llc,22.56,14
Shanghai Quanye Metal Packaging Mat,22.51,1
Nimbus Group Ab Publ,22.5,2
Yutong Ltd. (Hk),22.459999999999997,4
Bmwslp S.A De C.V.,22.45,7
Stena Carron Drilling Ltd.,22.4,3
Bauer Mat Slurry Handling Systems,22.4,4
Cfm Schiller Gmb H,22.4,2
Exportadora Green Valley Ltda.,22.36,1
"Polynt Composites Korea Co., Ltd.",22.36,1
Takahashi Auto Parts,22.34,2
Shanghai Kaishu Machinery,22.3,1
Peters And May Shipping Llc,22.28,2
Musashi Seimitsu Industry,22.23,1
Petronas Suriname E & P B.V.,22.23,2
"Adar Industries (Shenzhen) Co., Ltd.",22.23,1
Weber Gmb H & Co Kg,22.200000000000003,4
Beneteau Group,22.2,2
C P D Motors Llc,22.14,14
Hitachiitaly Sp A,22.13,1
Duchting Pumpen Maschinenfabrik Gmb H & Co Kg,22.12,2
Windtech A S,22.1,3
Master Of Mv Frauke,22.0,1
Anhui Qiaoyuan Construction,22.0,1
Cantiere Nautico Cranchi Sp A,22.0,3
Davis Standard Ltd.,22.0,2
Gac Do Brasil Ltda,22.0,1
Dijkma Bv,22.0,2
Walling Uk Ltd.,22.0,2
Netherton Tractors Ltd.,22.0,2
Global Machinery Solutions Ltd.,22.0,2
"Alchemie Finechem Pvt., Ltd.",22.0,1
Nmtc B.V.,22.0,2
S Y Teasing Machine Venteterre,22.0,2
Javier Ortiz,22.0,4
Phoenix Marine (Pty) ) Ltd.,22.0,1
Gleason Pfauter Maschinenfabrik Gmb,21.93,3
Screen Led Doberstajn Sp. K.,21.93,4
"Amano Co., Ltd.",21.88,8
Globus Gummiwerke Gmb H,21.86,2
Captain Traders Ltd.,21.84,20
Axopar Boats Poland Sp Z O O,21.8,4
Ludwig Schwerdtel Gmb H,21.8,2
Bmw Canada Inc.,21.799999999999997,10
Ward And Burke Construction,21.76,2
"Hemee International Pvt., Ltd.",21.75,1
"Progresso Co., Ltd.",21.689999999999998,5
Usina Acucareira Ester S A,21.63,1
T.M Trading,21.62,12
Inter American Cargo Group Sa,21.62,2
Zanotti Cafe Comercio Importacao E,21.61,1
Nicchio Sobrinho Cafe S A,21.61,1
"Toco International Co., Ltd.",21.61,27
Hansa Meyer Global Transportbremen,21.6,1
Industrias Quimicas Y Mineras Timbo,21.59,1
Darcy Thomas Sr Automotive,21.55,6
Broler Bosch Service,21.52,11
United Granites (P) Ltd.,21.51,1
Fricke Landtechnik Gmb H,21.5,1
Tgd Consolidations,21.5,1
Faymonville Logistics Sa,21.46,2
Strohm Bv,21.45,1
All American Marine Inc.,21.42,1
I B C Japan,21.41,15
Tropigas Sxm Nv,21.4,2
Desautel,21.4,2
Sipa Sp A,21.4,1
Nova,21.38,2
Shenyang Donfon Titanium Industries,21.38,1
Uniquelimited Co.,21.32,2
Scania Cv Ab Publ,21.32,2
Muller Machines Sa,21.32,2
Japan Overseascorporation,21.26,2
Agronik Ltd.,21.26,1
Port Cargo & Logistics Llc,21.2,154
Atlantic International Freight,21.2,2
Dmg Mori Poland Sp.Z O.O.,21.18,2
Hi Tech Metal Srl .,21.18,1
"Kw International Co., Ltd.",21.15,1
Seadrill Angola Lda,21.12,1
Upl Ltd. Uniphos House,21.1,1
"Topspeed Auto Co., Ltd.",21.08,4
Crestchic Ltd.,21.060000000000002,3
Xuzhou Globe Reach Heavy,21.04,1
Mcginty Tractors Ltd.,21.01,1
Allu Stamix Oy,21.0,1
Oliver Classics,21.0,6
Yantralive Middle East Fze,21.0,1
Ropa Fahrzeug Und Maschinenbau,21.0,2
Sh Sulphtec Gmb H,21.0,2
Uk Sales & Services,21.0,1
100% Turfrecyclers Srl,21.0,1
De Antonio Yachts,21.0,2
Quijano & Associates (Bvi) Ltd.,20.98,1
United Enterprise,20.96,12
Bdl Trading,20.93,7
Atlantic Container Agencies,20.9,2
Monnier + Zahner Ag,20.9,2
Schuang International Development,20.89,1
"Dextrans Worldwide Korea Co., Ltd.",20.86,1
Nagoya Auto Trading,20.86,2
Inca Global Exp. S.A.C.,20.84,1
Direction Fly Canada Auto Service,20.78,9
"Tong Thai N.B. Co., Ltd.",20.78,1
Blue Line Exp. Llc,20.76,11
W3 Va Asg Balkans Ssa,20.740000000000002,6
Cooperativa Agraria Norcafe Peru,20.72,1
Inversiones Agroindustriales S. A. De C. V.,20.71,1
"Jdm Global Co., Ltd.",20.7,14
Sc Trading,20.7,1
Asociacion De Productores,20.69,1
Globalink,20.64,14
Siddons Martin Emergency Group,20.62,1
"Jiangsu Suyun Medical Materials Co., Ltd.",20.61,2
W0 Da Asc Dulmen Worksite,20.61,1
Seabourn Quest,20.6,63
Apco Technlogies Sa,20.6,1
Sogedep Sas,20.6,2
Futuro Ltd.,20.6,2
"Green Crest Co., Ltd.",20.54,6
"Weins Toyota Kanagawa Co., Ltd.",20.52,18
Pacific Jade,20.52,2
Blanchard Tp,20.5,1
Caterpillar Distri Service,20.5,4
"Main New Energy Co., Ltd.",20.5,2
"Shin Etsu Engineering Co., Ltd.",20.46,4
Z I Trading K K,20.46,12
Ali International,20.46,4
Walton Motors,20.42,9
"Re Circledge Co., Ltd.",20.41,9
"Diesel Tradfng Co., Ltd.",20.4,1
Car Camper Srl,20.4,8
Scoular Global Shipping (Sgs),20.39,1
Fb4835 Wrm Preposition Prog,20.38,1
Schutte Schleiftechnik Gmb H,20.36,4
Boomvang,20.36,4
Rem Offshore As,20.34,10
Las Gaitas Sa,20.32,1
Zeeko,20.3,2
Laxmi Organic Industries Limited,20.3,1
C.C.A.W.,20.3,12
"Roots Cast Pvt., Ltd.",20.26,1
Thyssenkrupp Rothe Erde Gmb H,20.25,4
Nova Metal Les Dunes Sas,20.22,2
Nagahama Seisakusho Ltd.,20.2,3
Walter Hunger Gmb H & Co. Kg Hydraul,20.2,1
Team Teasing Machine,20.2,2
"Spak Orgochem (India) Pvt., Ltd.",20.19,1
Enterpirse 263,20.18,1
Lucuis,20.16,5
"Aamir Trading Co., Ltd.",20.14,4
Land Rover,20.119999999999997,4
Transacciones Salerno S.A.,20.1,1
F&H Crone Bv,20.1,2
"Niugini Coffee, Tea And Spice Company Ltd.",20.03,1
Nmt International Shipping Uk Ltd.,20.0,1
Yusen Logisticsbenelux B.V.,20.0,2
Aarti Pharmalabs Ltd. 204 Udyog,20.0,1
Codelpa Saint Vincent Ltd.,20.0,1
Industria & Comercio Sao Jose Ltda,20.0,1
Polygel Organometallic (Brunei) Sdn,20.0,1
Ripon Farm Services Ltd.,20.0,2
Balaji Amines Ltd. Balaji Tower,20.0,1
Rees Machinery Group Ltd.,20.0,1
Biscayne Bay Pilots Inc.,20.0,2
Neptunus Yacht And Brokerage,20.0,2
Ancla International Ltd.,20.0,1
Hidalglass S.A. De C.V.,20.0,1
"Ensco Arabia Co., Ltd.",20.0,1
Indo Amines Ltd.,20.0,1
Warrior Won Llc,20.0,2
Klj Organic Ltd.(Benzyl Unit),20.0,1
La Mare,20.0,2
Drytech International (Pty) ) ) Ltd.,20.0,1
Ravillon,20.0,2
Pramac,20.0,2
Prasol Chemicals Ltd.,20.0,1
Plastic System Sp A,20.0,1
Parinee Crescenzo 1102 11 Th,20.0,1
Linex Boat Oy,19.96,2
Kaedetrading Inc.,19.94,14
Baosteel Zhanjiang Iron & Steel Co.,19.94,1
Volvo Espana,19.9,2
Royal Thai Navy,19.9,2
Gokul Overseas,19.88,1
Silvan Sanayi A S,19.88,2
"Jayshree Aromatics Pvt., Ltd.",19.87,1
Bertschi Global Ag,19.86,1
Antonia Diaz,19.85,104
G & M Tex Uk,19.82,1
"Wuhan Changjiang Trading Co., Ltd.",19.8,1
Mcphee Freight,19.8,2
Trisaga Lg Logistics S.L,19.77,1
Sociedad Exportadora Roquefort Ltda,19.76,1
Upl Ltd. Upl House 610 B 2,19.76,1
"Kbb Group Co., Ltd.",19.759999999999998,8
Vg Engineering Consultants Ltd.,19.74,2
Aviation Concepts,19.73,1
Valmet Oy,19.72,2
Boston Beer Co.,19.72,1
Hortus International B.V.,19.72,3
Ineos Composites India Llp,19.7,1
Shine Street Japan,19.63,3
Shw Storage & Handling Solutions Gm,19.6,2
Voestalpine Eifeler Vacotec Gmb H,19.6,4
Compania Bananera La Estrella,19.6,1
Intl Liquor & Tobacco Trad,19.560000000000002,21
Shrijee Process Engineering,19.5,1
"Rubyinternational Co., Ltd.",19.5,14
Chipolbrok Shanghi,19.5,4
Parul Exp.,19.5,1
Ningbo Fuhua Boat Building Industries,19.5,1
Amee Castor And,19.5,1
Royal Trade Comercio E Exportacao L,19.5,1
Estin Materiels,19.5,1
Chateau La Coste,19.48,4
Cavalier Logistics,19.46,6
"Jlk Trading Co., Ltd.",19.46,6
Candy Land,19.46,2
Ingersoll Argentina S.A.,19.45,2
"Eduleader Inglobal Co., Ltd.",19.44,4
Exportadora Reina Sur Sp A,19.43,1
"Nikki Auto Co., Ltd.",19.42,4
Amee Castor & Derivatives Ltd.,19.42,1
Grant Candies,19.37,1
Fenwal International Inc.,19.34,4
Mangaluru International Airport Ltd.,19.32,2
Havila Subsea,19.32,11
Patricio Enmanuel Villalona,19.3,18
Allison Shipping,19.28,1
L Chile S.A.,19.27,1
Metal One Steel Service De Mexico,19.26,2
Sas Moreau,19.24,2
Rg Machinery Nv,19.2,1
Semat,19.18,2
"S.K. Trading Co., Ltd.",19.18,12
Allegria Foods Sp A,19.17,1
Oliac Japan,19.14,12
Horizon Consultants S.A.,19.06,2
Fernando Scrap Metal,19.06,2
Idilia Foods,19.06,2
"Di Chemical Co., Ltd.",19.0,2
Mac Surfacing Ltd.,19.0,1
Ramble On Ltd.,19.0,2
Ministry Of Defence,19.0,2
Ets. A. Menart Sprl,19.0,2
Navios Taurus,19.0,1
Access Autosale,19.0,7
C.E.R.N. Organisation Europeenne,19.0,1
Padilla,19.0,10
Ufkes Greentec,19.0,2
Lincoln Manana,19.0,4
Noatum Logistics Spain,18.98,2
Wdm Ltd.,18.98,2
Kongsberg Maritime Ltd.,18.97,2
Resansil Rental S A,18.96,2
G Lion Trading,18.96,18
Achernar Sas,18.95,1
Co Saipem Sa,18.95,1
"Rpt Design & Machine Co., Ltd.",18.94,2
Royal Ordnance Plc,18.94,2
"Al Mashriq Trading Co., Ltd.",18.94,16
Food Machinery Pfraenger Gmb H&Co Kg,18.9,2
Rohlig France S A S,18.86,2
Siemens Ag Energy Sector,18.84,2
Hammock Helicopter Sdn Bhd,18.78,4
Elh Eisenbahnlaufwerke,18.78,2
Euro Plant & Machinery Sales Ltd.,18.78,2
0160 In Bn 01 Co C Rifle Co.,18.73,3
Freight Forwarders & Logisitics Ser,18.7,10
Berdex Carrosserie En Handels Onder,18.6,2
Morgan Machinery Ltd.,18.6,2
King Ocean Services Ltd.,18.6,11
Fsm Frankenberger Gmb H & Co. Kg,18.6,2
Mitsuishi Bussan Corp. Ltd.,18.560000000000002,4
Fb4863 Us Forces 378 Elrs Lgr,18.52,3
"Toho Kogyo Co., Ltd.",18.52,2
"Ali Trading Co., Ltd.",18.52,16
Fh Dekker Traktoren En Machines,18.52,2
"Okaya & Co., Ltd. Kariya District",18.5,4
Global Construction Equip.,18.5,1
Kurita Water Industries Ltd.,18.49,1
Kohe Noor Trading,18.48,12
Bch Ltd.,18.48,2
D&D Exporta,18.48,2
Jiangxi Bocent Environmental,18.46,1
Koru International Freight Uk Ltd.,18.4,6
Subsea Protection Systems Ltd.,18.4,5
Hatch Business Group Ltd.,18.4,8
Mer Concept,18.38,2
Fy7898 Commander,18.349999999999998,2
Balmoral Tanks Ltd.,18.34,2
Lamberet Sasu,18.3,4
Man Truck,18.3,2
Omni United (S) Pte Ltd.,18.3,2
Tummers Food Processing Solutions,18.3,2
Guven Kepce Makine Sanayi Ve,18.25,1
"Hung A Co., Ltd.",18.24,2
Pellenc Bordeaux Charentes Sas,18.2,2
Lotus Bakeries Nv,18.2,1
Iem Foerdertechnik Gmb H,18.2,4
Acl Ab,18.16,4
Ocean Transport,18.14,2
On Site Environmental,18.14,2
Ion Beam Applications S.A.,18.14,2
Rendco Corp.,18.14,2
Nippon Express Belgium N.V.,18.1,2
Minato Trading Co.,18.1,6
Tmi Sa,18.08,1
Nesbitt Trucking,18.02,11
Pardo Yachts Miami Llc,18.0,2
Gs Brown Ltd.,18.0,2
"Nj Froment And Co., Ltd.",18.0,2
Atlantic Caribbean Packaging,18.0,4
Klein Gmb H,18.0,1
Askew,18.0,2
"Asawa Koueki Co., Ltd.",18.0,12
Cargomondo Srl,18.0,1
Fabbro Yatcilik Sanayi Ve Ticaret A,18.0,2
Transped Shipping Levante S.L.,18.0,2
Road & Runway,18.0,2
Nanjing Prima Cnc Machinery Co . Ltd.,18.0,1
Law Truck Centre Ltd.,18.0,2
Oslo Caribbean Carrier,18.0,1
Clara Nautic Srl R.N.C 131797318,18.0,2
Utranazz Importers Exporters Ltd.,18.0,2
Ben Burgess Newmarket Ltd.,18.0,2
"Tokyo Sanyu Shipping Co., Ltd.",17.98,2
M T Marvel Pelican V30 B,17.96,6
Acciona Forwarding S A,17.96,2
Leonardo Sp A,17.96,3
Heli One (Poland) Sp. Z.O.O.,17.96,2
Siegwerk Switzerland Ag,17.93,11
Luxor Cars,17.900000000000002,8
"Wow Trading Co., Ltd.",17.9,2
Andros Snc,17.88,1
"Cso Co., Ltd.",17.86,18
Seabridge,17.82,4
"M.Y. Trading Co., Ltd.",17.8,4
Bansard International,17.78,7
"Ultra Corpotech Pvt., Ltd.",17.779999999999998,5
Kamome Corp.,17.74,14
"Maxet Co., Ltd.",17.72,1
Caribbean Beekeeping Services Srl,17.7,8
Oceaneering Angola Sarl,17.69,1
Hyundai Electric & Energy Systems C,17.68,2
Santo Trading,17.66,4
Viking Masek A.S.,17.65,3
Unity Corp.,17.64,18
J Benton Construction Llc,17.61,9
Nicofrut S.A.,17.6,1
Sulmara Inc.,17.6,1
Empresas Carbone S.A.,17.6,4
Pt Sgmw Motor Indonesia,17.56,4
Malteries Franco Belges,17.54,1
Groupe Marais,17.54,2
Plasticos Flexibles C. Por A.,17.52,6
Flexi France,17.52,2
Bluenose Yachts Newport Ri Yacht,17.5,7
Impresora Del Yaque S.A. Elopak C,17.5,6
Jarcrac Forest Finland Oy,17.5,2
Mahindra Armored Vehicles Jordan Ll,17.5,1
Kwang Il Corp.,17.5,2
"Perstima (Vietnam) Co., Ltd.",17.47,1
Ensco International,17.46,1
A S Hydrema Distribution,17.44,2
"Terex India Pvt., Ltd.",17.42,1
"Kaito Co., Ltd.",17.42,4
Trans Global Logistics Uk Ltd.,17.4,12
Litostroj Lpts D.O.O.,17.37,1
Zodiac Maritime Agencies Ltd.,17.34,55
Weir Engineering Products Shanghai,17.3,1
Overaasen As,17.3,3
Kingstown Shipping Ltd.,17.3,4
Hahn Automation Gmb H,17.299999999999997,4
W5114 R,17.240000000000002,4
Torm A S,17.2,17
Traverse Intermodal Solutions Llc,17.2,1
Camilo Burgos Luciano,17.18,8
Voestalpine Gmb H,17.16,2
Siebfabrik Arthur Maurer Gmb H & Co.,17.13,3
"J S Auto Cast Foundry India Pvt., Ltd.",17.06,2
Fujukura Rubber Co.,17.06,33
"Hs Investments Co., Ltd.",17.04,12
Kzn Customs Clearing And Forwarding,17.03,9
Unitech Engineering Services Ltd.,17.0,2
Kauto24,17.0,12
C.H. Robinson Europe B.V.,17.0,2
Bioss Rohstoffe Gmb H,17.0,2
Cornthwaite Group,17.0,2
Axopr Llc.,17.0,2
Martinique Automobiles Sa,17.0,2
Behnemar,17.0,1
R V Shipping Ltd.,17.0,2
Bas World,17.0,2
Imex Logistics Sas,16.92,4
Rockwell Collins Uk Ltd.,16.9,6
"Homo Ludens Tokyo Co., Ltd.",16.9,8
Rhenus Contract Logistics Ag,16.88,2
"Sany Automobile Mfg. Co., Ltd.",16.88,2
Isiklar Ambalaj Pazarlama A.S.,16.84,1
Silvan Sanayi A.S.,16.84,2
Kabelschlepp Gmb H,16.82,4
H Putsch Gmb H & Co Kg,16.82,4
Lisban Hire Ltd.,16.8,2
Old Lyme Dock Co.,16.8,2
Air Salvage International Ltd.,16.8,2
Reline Europe Ag,16.8,2
Damco Shenzhen,16.799999999999997,4
Eta Srl,16.75,1
Darvikson Ltd.,16.75,3
Gm Industria Comerico E Manutencao,16.67,1
Oudkerk Bv,16.66,1
Beyond Gravity Schweiz Ag,16.66,4
Exportaciones Meyer,16.64,1
"Aisin Takaoka Engineering Co., Ltd.",16.630000000000003,3
Airbus Atlantic Rochefort,16.63,3
Oldenzaal Classics,16.59,13
Empresa Agropecuaria Vic Limitada,16.56,1
Soc. Agricola El Fuerte Y Cia. Ltda,16.56,1
W4 Cu Training Spt Act Eur,16.53,1
Jpn International,16.52,8
"Toyama Kaigai Boeki Co., Ltd.",16.52,9
Subseatec Ab,16.5,1
Jakob Thaler Gmb H,16.5,2
"Bien Co., Ltd.",16.44,2
"Daon Korea Co., Ltd.",16.42,2
Energymax Power (M) Sdn. Bhd.,16.42,1
Prestige Cars Usa,16.41,10
Schenker France,16.4,2
Hpi Energy Services Ltd.,16.37,1
High Lite Airfield Services Llc,16.33,1
Carl Zeiss Ag,16.32,4
Comnavmarianas Ddgm,16.32,2
Centro Grafico Srl,16.3,8
Tiru A Sl,16.29,3
Miguel A Gomez Ortiz,16.28,4
Trace International Srl,16.259999999999998,4
Vivot Equipment Corp.,16.240000000000002,3
Caterpillar (Shanghai) Trading Co.,16.24,2
Wyatt Candies,16.21,2
Mus Max Gmb H,16.2,1
Tianjin Binhai Tanggu Wanlihe Shipp,16.2,1
Seanet Bd95008 Llc,16.2,2
Pentagon Freight Services Plc,16.169999999999998,2
Clover Vietnam,16.12,1
Bourgoin Sas,16.1,1
Teka Maschinenbau Gmb H,16.1,4
"Kohan Shoji Co., Ltd.",16.08,1
De Groote Gaston Nv,16.08,2
Ruby Princess,16.03,47
Island Offshore Management As,16.0,1
Complete Marine Freight Ltd.,16.0,2
Asset Alliance Group,16.0,2
Aak Sweden Ab,16.0,1
Jarcrac Oy,16.0,2
Sharmans Of Grantham,16.0,2
Shamans,16.0,2
Trelleborg Clermont Ferrand Sas,16.0,2
Bowland Tractors Ltd.,16.0,2
Thorncliffs Ltd.,16.0,2
Korber Supply Chain Dk A S,16.0,1
Townson Tractors Ltd.,16.0,1
Unico,16.0,4
Ulmer Werkzeug Schleiftechnik,16.0,2
Fuji Seiko,16.0,2
Dakahlia Sugar Manufactoring,16.0,4
Islamic Trading Co.,16.0,12
Celtic,15.97,4
Altro Ltd.,15.95,1
Landstar Global Logistics Inc.,15.88,1
Amg Shipping Llc,15.88,2
Munk Gmb H,15.86,2
Karlinkz Auto Group Llc,15.780000000000001,5
"Meteor Co., Ltd.",15.78,2
Prestige Imp. & Exp.,15.78,9
Bairds Malt Ltd.,15.74,1
Alois Poettinger Maschinenfabrik,15.74,2
Lavatec Laundry Technology Gmb H,15.71,1
J.Schneider,15.7,1
"Southwick Tractor Co., Ltd.",15.66,2
Candela Technologyab,15.629999999999999,7
Ford Otosan A.S.,15.6,2
Auksjonen No As,15.6,1
Mchale Plant Sales Ltd.,15.6,1
Fermupe Solar S.L.,15.6,2
Carlini Srl Autodemolizioni,15.6,2
A. Hartrodt Nederland B.V.,15.58,1
Oscar Ramon Cruz,15.540000000000001,16
Fujichu Inc.,15.54,6
Hanyu Motors Llc,15.5,8
Sitec Industrietechnologie Gmb H,15.48,2
Fb4863,15.47,3
"Recar Co., Ltd.",15.4,4
Cel Trucks Ltd.,15.4,2
Siemens Energy Global Gmb H & Co Kg,15.39,1
Industries Italiana Trafilati,15.37,2
Cosbel S.A. De C.V.,15.37,1
Jose Manuel Ramirez Sanchez,15.35,10
Bb Entertainment Ltd.,15.32,3
Dimos Maschinenbau,15.32,2
Caterpillar Logistics Vdv,15.32,2
Pva Tepla Analytical Systems Gmb H,15.3,2
Bmw Aktiengesellschaft,15.28,2
Apply A Line,15.27,1
Riverhouse Trading Co.,15.26,8
Wilhelmsen Ahrenkiel Ship,15.219999999999999,4
Cockerill Maintenance & Ingenierie,15.2,1
M T Ivory Ray,15.2,4
Nt Bois,15.2,1
Constituion,15.190000000000001,2
"Kobelco Construction Machinery Co., Ltd.",15.19,7
"Top Lake Co., Ltd.",15.18,1
M V Owl 4 V. 3032,15.18,1
Grain De Sail,15.169999999999998,9
C.H. Robinson Belgium Bvba,15.16,2
Timbarlier Island,15.13,1
Lillo Swan,15.129999999999999,3
"Royaltrading Co., Ltd.",15.120000000000001,10
Indunorm Bewegungstechnik Gmb H,15.12,2
Kunststofftechnik Weber Gmb H,15.12,2
Classic Restoration Services Europe,15.12,9
Mining And Construction Ltd.,15.1,2
T And T Motors,15.1,4
Bns Intercon Gmb H,15.1,1
Klege,15.08,2
"Cs Exp. Co., Ltd.",15.05,12
Allied Internatio,15.0,2
Parker Plant Ltd.,15.0,1
Hansewood Ltd.,15.0,2
Krifft & Zipsner Gmb H,15.0,2
Qx Maritime Llc,15.0,2
Mia Clothes Sp. Z O.O.,15.0,4
Pc Truck Sales And Rental,15.0,2
General Power Holland B.V.,15.0,1
Fertilife Benelux Bv,15.0,1
Florida Maritime,15.0,2
Paul Mueller Gmb H,15.0,10
All Cargo Express Ace S.A.,14.990000000000002,4
Rockwool B.V.,14.99,1
Ethiotrade Fz Llc,14.98,4
Roadtown Wholesale Trading Ltd.,14.940000000000001,3
Yousafmotorsco. Ltd.,14.9,12
Rovop,14.89,9
Rav Bahamas,14.88,8
"Equipment Cell Co., Ltd.",14.8,2
"Yokota Shokai Trading Co., Ltd.",14.8,12
Kimberley Kampers (Pty) ) Ltd.,14.8,6
Avalon Logistic Services. Fmc027739,14.74,1
Aftab (Sky Line Trading),14.72,8
Art Custom,14.72,4
Logwin Air Ocean France S.A.S.,14.7,2
Bmss Comercio International Ltda,14.7,2
Tek 4 Ltd.,14.66,2
Palfinger Marine Europe Bv,14.63,1
Mixaco Maschinenbau,14.62,2
Paradise Freight Llc,14.61,1
Auto Sleepers Ltd.,14.6,2
Mse International Freight,14.59,1
"Nio Co., Ltd.",14.56,2
Customs And Border Protection,14.56,4
"Next Drive Co., Ltd.",14.54,12
Bahamas Lodge Ltd.,14.51,1
Drake Harris Trio Inc.,14.51,1
Environmental Chemincal Corp.,14.51,1
Little Island Group,14.51,1
Ensco 8503,14.51,1
Pmr Bahamas Realty,14.51,1
Mennonite Missions,14.51,1
Centauri Transport Bahamas,14.51,1
Guyana Deep Water Operations Inc.,14.5,1
Gyropac (Pty) ) ) Ltd.,14.5,1
Dalian (Shuifa) Energas Gas System,14.5,1
Briggs Of Burton Plc,14.48,2
Dekomte De Temple Kompensator,14.48,2
Horiba Fuelcon Gmb H,14.47,1
National Oilwell Varco De Colombia,14.46,2
3 A Composites Mobility Ag,14.44,2
Saint Martin Cars S.A.R.L.,14.43,13
"Creative Carve Pvt., Ltd.",14.42,2
Cetotec Gmb H,14.41,1
"Yueqing Yihua New Energy Technology Co., Ltd.",14.4,1
Glossop Caravans,14.4,4
X Wk Logistics Oy,14.4,2
Play Marine International Ab,14.4,2
Adcon Environmental Stt,14.38,2
Hk System Gastronomie Betriebs Gmb,14.34,2
Geolabs Inc.,14.33,1
Ford Motor Co. (Dearborn Mi),14.32,2
Lions Air Skymedia Ag,14.32,2
"Shinryu Co., Ltd.",14.3,6
Mtb Unlimited,14.25,1
Mg Maschinerie Gmb H,14.25,1
Bomi Trading,14.219999999999999,6
Elme Spreader Ab,14.2,6
Milano Japan,14.2,10
Bamford Plant Hire,14.2,1
Pj Gaffers & Film Rd Inc.,14.16,33
Seal Dog 52 Llc,14.15,2
Bauma Vermiet Und Handels Gmb H,14.12,1
Stefan Ebert Rental & Sales,14.1,1
Chemship B.V.,14.1,2
"Reco Co., Ltd.",14.07,8
"K Auto Traders Co., Ltd.",14.06,2
"Intership Navigation Co., Ltd.",14.02,3
Danieli Germany Gmb H,14.01,1
R Hunt Ltd.,14.0,2
C.A.R. Consulting Group B.V.,14.0,4
Raiffeisen Technik Grasdorf Gmb H,14.0,2
Wessington Cryogenics Ltd.,14.0,2
Plankbridge Ltd.,14.0,2
Intrepid Monello Ltd.,14.0,2
Camper Uk Ltd.,14.0,4
Ferretti Group Of America,14.0,2
Cgs Analysen Mess Und Regeltechnik Gmb H,14.0,2
Br Conversions Ltd.,14.0,2
Aprile Sp A,14.0,2
Javier Ortiz Feliz,14.0,2
Owls Nest Holdings Llc.,14.0,2
Regent Horse Boxes,14.0,2
K & S Horseboxes,14.0,2
K Larsen Transf Com De Prod Agric,14.0,3
Lion Protects B.V.,14.0,1
Windy Scandinavia Ab,14.0,2
G.S.Brown Ltd.,14.0,2
Solent Motor Homes Ltd.,14.0,4
Seychelles Prelude,14.0,2
Claas Eastern Ltd.,14.0,2
Cheffins Machinery Sales,14.0,1
Cosco Ship Management,14.0,2
Zeppelin Danmark A S Construction,13.99,1
"Krones Processing (Shanghai) Co., Ltd.",13.99,1
Beyond Gravity,13.98,2
Adcon Envitonmental Stt,13.96,2
Rk Power Generator Corp.,13.96,1
Bimini Shipping Llc.,13.95,2
Bradford Marine,13.92,8
"Neotrans Co., Ltd.",13.92,14
Custom Pet,13.9,2
Zeppelin Luftschifftechnik Gmb H,13.899999999999999,2
Aar Enterprises,13.86,4
Langley Alloys,13.85,1
M V Owl 1 V31 A,13.83,2
Lizardo Benites Davila Srl,13.82,2
"Ias Japan Co., Ltd.",13.8,9
Elan Doo,13.8,2
Griffin Military & Diplomatic,13.780000000000001,3
Motogoing Llc,13.76,14
Iom Modular Ltd.,13.75,1
Farmavenix,13.72,1
"Newglobe Trading Co., Ltd.",13.719999999999999,3
"Gosho Industries Co., Ltd.",13.7,1
"Synergy Maritime Pvt., Ltd.",13.7,22
Ocean Tec D O O,13.7,2
Unidan Engineering,13.64,2
Caribbean Leasing And Eco Transport,13.620000000000001,8
Hill Shipping,13.62,8
Seaboard Marine Guatemala,13.61,1
Customs Builders Stx,13.61,1
Carpio Imp. & Exp.,13.6,2
"Khan Japan Trading Co., Ltd.",13.58,4
"T Chatani And Co., Ltd.",13.58,2
Msi Building Supplies,13.579999999999998,6
Twin City Island Spirits Inc.,13.540000000000001,12
Rotzler Services Private Ltd.,13.540000000000001,3
John M Phillips Servicios De Eenerg,13.52,4
O'brien Hydraulics & Agri,13.5,1
"Higer Bus Co., Ltd.",13.5,1
Vision Yachts Sa (Pty) ) ) Ltd.,13.5,1
Travira Air,13.49,1
Spm,13.49,6
Glazing Vision Ltd.,13.48,8
"Jinan Sino Truck Sales Co., Ltd.",13.44,2
Greenex Sp A,13.44,2
Torgauer Maschinenbau Gmb H,13.42,2
Paradise Freight Mia,13.41,2
Eighty Eight Floor Gifts Inc.,13.41,1
Japan Motorco. Ltd.,13.4,8
"Hayato International Co., Ltd.",13.4,1
Flowserve Srl,13.37,2
Okuma Corp.,13.33,2
"Sas Co., Ltd.",13.32,2
"The Yokohama Rubber Co., Ltd.",13.32,4
"Denson Co., Ltd.",13.3,2
Cargo Services Panam S.A.,13.3,2
Unique Logistics International Inc.,13.28,2
"Graham Berry Co., Ltd.",13.26,10
Noble Voyager Co Weatherford Trind,13.26,1
General Atomics Aeronautical,13.26,1
Naval Support Activity Bahrain,13.22,2
T Corp.,13.22,10
"Iwata Kiito Co., Ltd.",13.200000000000001,6
"Estec Co., Ltd.",13.2,1
Enterprise 400,13.190000000000001,4
Wheelabrator Group Gmb H,13.18,2
Sankyo International Corp.,13.18,4
Mila Imp. & Exp. Co.,13.16,2
Hef Durferrit,13.16,11
Leonardo Sp A Helicopters,13.08,2
"Rising Sun Co., Ltd.",13.06,10
Capital Auto Trading,13.06,9
Hve Equipment,13.06,2
Adn Group,13.02,2
Usa 61957 Llc,13.0,2
Harvey Provider,13.0,1
Us Probation Office,13.0,2
American Track Rentals,13.0,2
Lmb Leemans,13.0,1
Rekord Hale Namiotowe Sp. Z O.O.,13.0,1
Lamers Machinery,13.0,2
Claas Vertriebsgesellschaft Mbh,13.0,1
Florida Maritime Trade Group On Beh,13.0,2
Uwe Mueller Gmb H,13.0,2
La Rosa Del Monte Express,13.0,2
Cantieri Capelli Srl,13.0,2
Ramon Cecilio Alonzo Blanco,12.99,7
Meccom Lanka Kk,12.94,2
Transocean Onshore,12.94,1
Leehwa Trading,12.899999999999999,3
Gridiron Forwarding Co. Inc.,12.89,6
Suena Electronica Srl,12.84,8
Weatherford Triniad,12.83,3
Y&P Worldwide,12.82,2
Halliburton Mfg.,12.82,2
Ecoclean Technologies Spol. S R.O.,12.8,4
Willenbrock Fahrzeugbau Gmb H,12.8,7
Govlog Elso American,12.79,8
Hoegh Autoliners Gmb H,12.78,2
China Dong Feng Motor Industries,12.78,2
Zhd,12.78,2
American Bridge Bahamas Ltd.,12.76,4
Paclog,12.73,1
Odisa Concrete Equipment Sa De Cv,12.72,2
"Sk B & T Pte., Ltd.",12.709999999999999,12
Royaljordanian Air Force,12.7,1
Hunter Food & Spirits,12.7,1
Ghq. Bahrain Defense Force,12.7,2
Atlantic Sales & Service,12.7,1
Konrad Books 3288,12.7,2
Duro Trading Co.,12.68,2
Volkswagen Do Brasil Industries De,12.64,2
Mcdermott Inc. Co Gmc,12.63,2
Oxbo International Corp.,12.62,2
Co Part,12.6,10
Riva World Sandro Zani,12.6,2
Weber Food Technology Gmb H,12.6,2
Lamelle International Ltd.,12.6,2
Bradford Grand Bahama Ltd.,12.57,5
Carpool 137 21 57815,12.559999999999999,4
Prestige Shipping Inc.,12.540000000000001,6
"Carfort Co., Ltd.",12.540000000000001,6
Msc Shipmanagement Ltd.,12.54,9
Pilkington Technology Management Li,12.54,2
American Marine Safety,12.53,7
Delcorte Sas,12.53,3
Mare Inc.,12.5,10
Ats Automation Tooling Systems Gmb H,12.48,1
Japancar Direct Llc,12.459999999999999,8
"Central Motors Co., Ltd.",12.44,4
"F1 Trading Co., Ltd.",12.44,2
Taea,12.42,1
Deret Logistique,12.4,1
Safran Nacelles,12.4,1
"Alnima International Co., Ltd.",12.399999999999999,6
Kensa Logistics Mexico S.A. De C.V.,12.38,2
Wrs 4 X4,12.38,6
Voestalpine Weichensysteme Gmb H,12.36,3
Ravi Caribe S.A.,12.36,14
A.Hartrodt (Uk) Ltd.,12.36,4
Leonardo Sp A Divisione Elicotteri,12.34,2
Cma Cgm Head Office,12.34,14
Danaos,12.33,38
Greenville Garage,12.32,6
Brunswick Marine,12.299999999999999,6
Jeffrey Howard & Associates,12.28,4
Sandriver Crop Protection (Pty) ) Ltd.,12.28,2
Ship Cars Ltd.,12.26,9
Jose Noel Rios Lebron,12.26,2
"Japan Carrier Co., Ltd.",12.24,2
Dean James Ltd.,12.24,4
Corporacion Miski S.A.,12.22,2
Atlantic,12.21,1
Emag Eldec Induction Gmb H,12.2,2
Somic Verpackungsmaschine,12.16,2
Autohause Koch,12.16,6
Titan Logistics And Support Service,12.15,1
Allied Vehicles Ltd.,12.12,2
Sauter Timber Llc,12.1,2
Shanghai Silverstones Automotive Se,12.1,5
Hydra Specma A S,12.08,3
Jaca & Sierra Testing,12.08,6
Madinter Trade,12.08,2
Suzhou Lmart Energy Equipment,12.06,1
Precon Marine Inc.,12.06,4
Schlumberger Guyana,12.05,2
Ankele Kunststoffmaschinenbau,12.04,2
Sajid Interprises Ltd.,12.04,2
Polish Military Insitute Of,12.02,2
Dateible Tunisia,12.0,2
Adamar My Llc,12.0,2
Linda Vista Aviation Inc.,12.0,2
Josef Greving Landmaschinen E.K.,12.0,1
Odysseus N,12.0,1
Av Simms & Sons,12.0,2
Master Msc Rochelle,12.0,1
De Lage Landen Leasing Ltd.,12.0,2
Alstom Transport S.A. Vpf,12.0,2
Conch Charters Ltd.,12.0,1
B Shiver Srl .,12.0,1
"The Chemours (Taiwan) Co., Ltd.",12.0,1
Esco Gb Ltd.,12.0,2
Goldhofer Airport Technology Gmb H,12.0,2
Sacs Technorib Sp A,12.0,1
"Tw Lights Co., Ltd.",12.0,1
Sandvik Smc Logistics Ltd. Perth Hu,12.0,2
Quorning Boats Aps,12.0,2
Gluck Freizeit Gmb H,11.98,2
Portifor Pedras Do Brasil Ltda,11.98,1
"United Brothers Supplier Co., Ltd.",11.98,2
Mineracao Paumar Ltda,11.98,1
Fried Sped Logistics Llc,11.98,2
Wilhelmsen Ship Management,11.98,21
Atrmis Athene,11.98,5
G. Adolf Lemp & Co. Gmb H,11.98,2
Explorair Sp A .,11.9,2
Doosan Corp. Industrialv,11.89,1
Hydro International Ltd.,11.88,2
"Koyotrading Co., Ltd.",11.86,6
"Qingdao Silent Power Equipment Co., Ltd.",11.84,1
Otto3 Nutzfahrzeughandel,11.84,2
Cfr Classic,11.82,8
Imro Maschinenbau Gmb H,11.81,1
Auto Amthauer Gmb H,11.8,4
Tonti Trading Srl,11.8,2
M V Lng Abuja Ii,11.8,1
Anderson Air Force Base,11.79,1
N39966,11.79,1
Motorwagen Spain Sl,11.78,8
Laubinger Rickman Gmb H Co. Kg,11.76,2
0001 Ad Bn 01 Hhb Ada Bn,11.75,2
Pva Industrial Vacuum Systems Gmb H,11.73,1
Productos Del Aire De Costa Rica Sa,11.72,1
Top Gear Trading,11.7,2
Imc Construction Group,11.7,3
Evortle Mobile Crusher & Screening,11.7,1
Sas Isk Auto,11.68,6
Master United Corp.,11.66,2
Ams Family S.A.,11.649999999999999,2
"Davin Industries Co., Ltd.",11.64,1
Holland America Brothers Bv,11.620000000000001,6
Nave Atropos,11.62,2
Rand Boats Aps,11.6,6
The Whiskey Project Group Ltd.,11.6,2
Rm Yachts,11.6,2
Walter Hunger Gmb H & Co. Kg,11.6,2
Erwin Junker,11.58,2
Caribbean Car Transport,11.57,6
"Auction Tokyo Co., Ltd.",11.56,15
Al Shujah Motors Japan,11.56,2
Grimaldi Belgium,11.54,5
Kongsberg Maritime Cm As,11.54,1
Tata Daewoo Commercial Vehicle Co.,11.54,2
Vst Tilers Tractors Ltd.,11.52,1
Perenco Oil And Gas Gabon S.A,11.5,3
Car Club Usa Inc.,11.5,6
Freight Forwarding International,11.5,2
Lorenz Gmb H,11.5,2
Carbon Crusher Norge As,11.5,1
Fairview Metal Industries Ltd.,11.5,1
Firstjoycekk,11.48,8
Oyama Tradingcompany,11.46,2
Langeni And Migrate Services Cc,11.459999999999999,4
Agricola Montolin S.A.,11.45,1
Shinestreet Japan,11.44,2
Klassik Garage Koselka,11.42,6
Wintersteiger Ag,11.4,2
Five Landis Ltd.,11.4,2
Jtmco. Ltd.,11.399999999999999,8
Nansen Eb 502,11.39,1
Apollo Chemicals Ltd.,11.38,2
Akashi Trading,11.38,2
Ramps Logistics (Guyana) Inc.,11.36,2
Alpine Japan K K,11.36,8
"Zen Trading Co., Ltd.",11.34,4
"Metso Outotec Machinery Heavy Industries (Suzhou) Co., Ltd.",11.33,1
Fymas Auctions Aps,11.32,2
Agencia Rojas Vela Y Asociados,11.3,1
Igl Landtechnik Gmb H & Co. Kg,11.3,1
Bamappro,11.3,4
Kairos One Corp.,11.280000000000001,6
Hirose International,11.28,8
Kastriot Prendi,11.28,6
"Navig8 Shipmanagement Pte., Ltd.",11.27,16
Bbe Entertainment Ltd.,11.26,13
Muxica Ferrolterra S.L.,11.24,8
Finning Chile S.A.,11.22,2
Bruno Scherer Entreprise,11.219999999999999,4
Firma Handlowa Wicar Witold Kocot,11.2,2
Mv Energy Glory V.009 B,11.18,6
Chromewell Engineering Ltd.,11.16,9
"Hot Carz Co., Ltd.",11.14,4
Ting Shing Imp. & Exp. . Trade,11.13,1
"Iron One Co., Ltd.",11.12,2
Motor Supply Co.,11.1,6
Amazone Technologie Gmb H U Co Kg,11.1,1
"Tanaka Seimitsu Kogyo Co., Ltd.",11.1,4
National Helicopter Services Ltd.,11.1,1
Inoron Gmb H,11.1,2
Sa Vermande,11.1,2
Ribco S A,11.1,4
"F R T Co., Ltd.",11.06,4
Plastinor Srl,11.06,2
Ucm Holland,11.059999999999999,3
Maquirena S.A.C.,11.02,1
E Kmotors Inc.,11.0,2
Clarke Machinery Ltd.,11.0,2
I Barbon Srl,11.0,2
Balance Catamarans Cape Town,11.0,1
Bbc Chartering Usa Llc,11.0,2
Wohrl Gmb H,11.0,2
Dopa Gmb H,11.0,1
Blue Bell Corp.,10.98,6
Andy Mellor Ltd.,10.96,2
"G Marine Service Co., Ltd.",10.959999999999999,22
Walter Klein Gmb H & Co. Kg,10.94,2
Cdr Productos,10.92,2
Inatec Srl,10.919999999999998,8
Epic Auctions Bv,10.9,1
"Tmt Corp. Co., Ltd.",10.9,14
Lashar International Inc.,10.9,4
Stoevelaar Machinery Bv,10.88,2
"A.E. Parnell & Co., Ltd.",10.88,2
Marine Auto Design Services Llc,10.88,2
Marland Logistics,10.86,6
Sea Ccargo Logistics Sa De Cv,10.84,1
Metro Motors Vi Inc.,10.83,3
Intl Armored Group Us Inc.,10.82,2
Imi Hydronic Engineering Ab,10.8,2
Agco As,10.8,2
Lady Lab,10.799999999999999,2
Haribo Maschinenbau Gmb H,10.78,1
Bahamasair,10.78,6
Unionstahlgmbh,10.77,1
Renk Ag Hannover Exportverpackung,10.73,1
Rovema Verpackungsmaschinen Gmb H,10.72,2
Greycarrier Bv,10.72,2
"Sococara Trading Co., Ltd.",10.719999999999999,8
"Pacc Container Line Pte., Ltd.",10.7,1
Zibo Hongyang Weatherford Oilfield,10.69,1
Jiangsu Daming Industrial Technolog,10.68,1
Simba,10.68,6
Creaciones Alba,10.67,35
Zhejiang Zhongxin Environmental Pro,10.66,1
"J.A.P.Express Co., Ltd.",10.66,8
"Kuroda Auto Japan Co., Ltd.",10.620000000000001,10
Articulos De Plastico S.A. De C.V.,10.620000000000001,2
Driller Sas,10.62,2
Tenias Harvester Sl,10.6,2
Mirza Enterprises.Co. Ltd.,10.6,8
Frymakoruma Ag,10.58,2
"Nnanna Holdings Co., Ltd.",10.56,6
Autonero As,10.559999999999999,4
"Nissen Kohki Co., Ltd.",10.54,2
Carvector,10.54,6
Ziegler Uk Ltd.,10.5,2
Mfs Engineering,10.5,4
Mecalac France S A S,10.48,2
Caverton Helicopters,10.44,2
Equusir Germany Gmb H,10.44,4
Stx Horseboxes Kft.,10.41,1
Volpi Cantine Srl,10.4,1
Cantine Volpi Srl,10.4,1
Bamitel,10.399999999999999,4
Savino Del Bene Australia (Pty) ) Ltd.,10.399999999999999,4
Comercializadora Y Exportadora Sant,10.38,1
Atl Composites (Pty) ) Ltd.,10.38,1
M V Albert V. 02,10.379999999999999,12
Knoll Maschinenbau Gmb H,10.36,2
"Jp Cars Co., Ltd.",10.36,2
Citrus Products Of Belize Ltd.,10.36,2
Bp Trinidad And Tobago Llc 5 5 A Queens Park Plaza West,10.34,1
Opac Rav Bahamas,10.33,5
Sambus Otomotiv Sanayi Ve Ticaret L,10.32,2
Mafac Ernst Schwarz Gmb H & Co. Kg,10.32,2
Caribbean Solar Co.,10.32,2
Loreal Slp Sa De Cv,10.29,1
Rate Performance Motors,10.28,2
Noble Energy Eg Ltd. Noble Energy,10.25,2
Full Packing Del Caribe,10.22,11
Lionmaru Co . Ltd.,10.2,14
"Daehwa Industrial Machinery Co., Ltd.",10.2,2
Naftilos Shipping Llc,10.19,6
Multimetals Ltd.,10.19,1
Leonardo Yachts Bv,10.16,2
Agro Food Industries,10.15,1
Scala Logistica S.A.S,10.14,8
Jiangsu Tuniu New Energy,10.14,2
Northstar Logistic Mamagement Com.,10.139999999999999,6
Man Camions & Bus,10.12,2
"Hanamaru Co., Ltd.",10.1,7
Dorst Technologies,10.1,2
Wintage Engineers And Consultants,10.1,2
Geodis Logistics Belgium Nv,10.08,1
Rootes C R S Ltd.,10.08,10
Lear Lauf Design And Engineers Pvt.,10.07,1
Lonsen Kiri Chemical Industries Ltd. .,10.06,2
Pgl Prime Agenciamento De Carga,10.0,2
M.T.T. Gribsvad Aps,10.0,1
Al Jennings Imp. & Exp.,10.0,1
Drug Enforcement Administration,10.0,2
Saffier Yachts,10.0,2
Man Truck & Bus France,10.0,4
Samc Avia Reverchon,10.0,1
Cheetah Marine International Ltd.,10.0,2
Neuffer,10.0,2
Ohb Digital Connect Gmb H,10.0,2
Rodgers Yacht Sales Llc,10.0,1
Hawk Maduro,10.0,1
Complete Marine Freight,10.0,2
Stolt Tankers Bv,10.0,2
Comer Industries S.P.A.,10.0,2
Warbird Restorations (Pty) ) Ltd.,10.0,2
Project 88,10.0,4
Fire Containers Ltd.,10.0,2
Wattcars Com Ltd.,9.98,4
Capital Air (Pty) ) Ltd.,9.98,2
Hartmann Dry Cargo Germany,9.98,2
Pormar Transporte Por Mar S. A.,9.94,13
Xinjiang Chengshida International,9.94,6
Kluber Lubrication Munchen Kg,9.91,1
"Sanyo Special Steel Co., Ltd.",9.91,1
Shinwa,9.88,4
Hortus Supplies International Bv,9.88,2
Socage Nacelle,9.88,2
Gm Japan Corp.,9.88,2
"Daebo Electric Co., Ltd.",9.86,2
Aignep Sp A,9.84,1
Novasco Les Dunes Sas,9.84,2
Aeon Shipping Llc,9.83,5
Grupo Metro S.A.,9.83,1
Dof Subsea Usa Inc. Guyana Branch,9.8,1
Thwaites Ltd.,9.8,2
Kukla Waagenfabrik Gmb H & Co Kg,9.78,2
Plastoblok Italiana Srl .,9.76,2
Synektik Sa,9.74,1
Vincie Llc,9.72,7
K Trading Co.,9.72,2
"Wuxi Aad Co., Ltd.",9.7,1
A.T.I. North Point Inc.,9.69,5
Lorenzo Peters,9.68,3
Grandautojapanco. Ltd.,9.68,12
Donghwa Entec,9.639999999999999,2
Transmadom,9.63,3
Myy Shipping,9.620000000000001,6
Hacienda El Espino,9.6,1
"Sky Auto Co., Ltd.",9.6,1
"Qingdao Jinhuanghai Container Co., Ltd.",9.6,4
Global Boat Shipping Gmb H & Co. Kg,9.6,2
Pentrans Inc.,9.58,1
Ambestclassic25 S L,9.56,6
Basseille Investment Group,9.549999999999999,5
General Electric (Switzerland) Gmb H,9.54,1
Keys Construction E.A.R. Mang.Mnt.,9.53,1
Cnh Argentina S A,9.52,2
Kaiser Cars Ab,9.52,2
Weichai (Yangzhou) Yaxing New,9.52,1
Open My Tab Sas,9.5,4
Summit Cargo Logistic Sas,9.5,6
G3 Constru Es Navais Ltda,9.5,1
Marmotech S.A.,9.49,14
Kanya Ag,9.48,2
"M&Z Co., Ltd.",9.48,13
Hissho Trading,9.46,6
Algart International,9.46,2
"Marlow Navigation Co., Ltd.",9.45,26
Troy Fashions Ltd. Inc.,9.45,1
Sinico Sp A,9.44,2
Japan Trading Tanaka Aya,9.44,4
Qatar Armed Forces,9.43,1
Evcargo Global Forwarding,9.42,3
"Banzai Co., Ltd.",9.42,4
Fairyloot Ltd.,9.42,4
Dynapac North America Llc,9.4,2
Anglia Car Auctions,9.4,4
Weber Food Technology,9.4,2
"Bakrich Worldstrading Co., Ltd.",9.4,2
Hermann Paus Maschinenfabrik Gmb H,9.37,1
Cheffins,9.36,2
Archer Bch (Canada) Ltd.,9.36,2
Martyn Fiddler Customs Services Ltd.,9.33,3
"Yachiyo Industries Co., Ltd.",9.3,1
Masters Transportation,9.3,1
Unique Auto Trading,9.3,10
Coson Corporate Services Ltd.,9.27,37
Tj Ocean Rental Llc,9.26,1
C Mediterranean Shipping Co.,9.25,2
Xianfeng Foreign Comprehensive,9.25,2
Xian Shengtangtongda Trading Co. Lt,9.24,6
Ero Gmb H,9.24,1
"Lotte Rental Co., Ltd.",9.24,5
Eternis Fine Chemicals Uk Ltd.,9.23,1
Premiers Llc,9.23,7
Cummins De Los Andes S.A,9.219999999999999,3
Hilger U Kern,9.219999999999999,2
Transceler Sas Behalf,9.219999999999999,4
M T Silver Gertrude,9.2,1
Abb S.R.O.,9.2,2
Green Zone Instruments (Pvt.),9.18,4
Mavs Mfg. Srl,9.18,14
Santiago Navarro,9.18,10
Neb International Kk,9.18,8
Ligne Perfecte,9.17,6
Crane Worldwide Logistics Geo,9.17,4
Autobedrijf Hooymans,9.16,2
Valaris Plc,9.16,1
Jaeva Ltd.,9.16,4
Dfs Ocean Services Llc,9.15,1
Oscar A. Ramon Almonte,9.14,10
"Pokal International Co., Ltd.",9.14,4
Hadley Group,9.13,1
Ugl Rail Services (Pty) ) Ltd.,9.12,2
Noble Developer,9.12,2
Carros Clasicos De Colombia S A S,9.1,2
Shanghai Yuqiang Construction,9.1,1
Inversiones El Cardo Sp A,9.09,1
Travois Vr Rv Industries Brie Bron,9.08,2
Direct Service Inc.,9.08,2
Radio Frequency Systems Gmb H,9.08,2
"Lund Fishing Co., Ltd.",9.07,1
Rubis Cayman Island Ltd.,9.07,1
Gold Rock Corp. Ltd.,9.07,1
0153 In Bn 01 Co A Rifle Co.,9.07,2
Zhangjiagang Sunswell Machinery Co.,9.05,1
"My Trading Co., Ltd.",9.04,6
Toyota Boshoku Corp.,9.03,1
P Yacht Brokers,9.0,1
Manex France S.A.R.L.,9.0,3
Frauscher Bootswerft Gmb H,9.0,2
Explect Bv,9.0,2
Berrios Usvi Inc.,9.0,2
Qasim Trading.Co. Ibaraki Ken,8.98,4
Arabi Co. Wll,8.96,2
Cruise Yacht Opco Ltd.,8.95,28
Wrs 4 X4 Di Cicconi Massi Pierluigi,8.94,5
"Tokyo Jidousha Co., Ltd.",8.92,2
J Composites,8.92,2
Baiv Bv,8.92,1
Turboalfa Japan Llc.,8.91,6
Pavelli Srl .,8.9,1
"Jiangsu Lingyang Machinery Co., Ltd.",8.9,1
Ceva Showfreight,8.9,2
Seapeak,8.88,11
Fiat Chrysler Automobiles,8.88,2
Sonarism Inc.,8.879999999999999,6
Espadas Y Sables De Toledo Sl,8.86,1
Ge Aircraft Engine Services Ltd.,8.86,2
"Shenzhen Tmh Tech Co., Ltd.",8.86,4
"Ss Japan Co., Ltd.",8.84,4
"Sunrise Trading Co., Ltd.",8.84,2
Alstom Transport,8.8,2
"Daitron Co., Ltd.",8.8,1
World Imp. Europa Ug,8.8,2
Yamagincorporation,8.8,2
"Zima Co., Ltd.",8.780000000000001,5
Isk Aut0 Sas,8.78,2
Us Navy Recruiters,8.76,4
Gesping Ltd.,8.75,1
Mimsa Marine S.A. De C.V.,8.72,1
Magari Japanco. Ltd.,8.72,2
Logan Motor Trading,8.709999999999999,12
Doomerik Yacht Bv,8.7,2
Kestrel Aviation (Pty) ) Ltd.,8.7,2
Dolphin International Transportatio,8.7,2
Emyr Evans Ltd.,8.7,1
Wingamm Group Srl,8.7,1
"Aoiseiki Co., Ltd.",8.7,2
Shaz Japan Corp. Ltd.,8.68,6
Hong Kong Aircraft Engineering Co.,8.68,2
Nhb Ball & Roller Ltd.,8.68,3
Airbus Oneweb,8.67,2
Delta Logistics Ltd.,8.64,2
Pioneer Knitwears (Bd) Ltd.,8.64,3
Inversiones & Negocios S.A.,8.620000000000001,6
"Neil Trading Co., Ltd.",8.62,1
C H Robinson Europe,8.62,2
Geoenvirotech Inc.,8.62,2
Dil Srl,8.6,12
Amtech Technocast,8.6,1
Industrias Gat S.A.,8.58,6
Egyptian Ministry Of Defense,8.58,1
Hunan Drillmaster Engineering Techn,8.57,1
Stein Maschinenbau Gmb H Co Kg,8.55,1
Blue Eagle Consol. Services,8.54,1
Autobahn 66,8.54,4
Fuzhou Zbt Supply Chain,8.52,2
Lipp Gmb H,8.5,1
Chelston Motorhomes,8.5,2
Tact Corp.,8.49,15
Maersk Line A S,8.48,14
Aces Australian Construction Equipm,8.48,2
Clipper Quito,8.440000000000001,6
Star Tex Srl,8.44,2
Redstar Havacilik Hizmetleri Anonim,8.44,2
Hlbg P C Wildman,8.4,1
Mitsubishi Motors Europe Bv,8.4,4
Pogo Structures,8.4,2
Ministry Of Defence (7 Ad),8.4,4
"Has Nihon Trading Co., Ltd.",8.4,6
Itp Ranville Yard,8.4,2
Smith Solermar Charter Ltd.,8.4,1
"Nippon Lanka Co., Ltd.",8.36,4
K Plus International Corp.,8.36,2
Zhangjiagang Sanlin Flange Forging,8.36,2
Benignio Marketing C. Por A.,8.34,17
Adage Automation On Belf Air Liqui,8.34,2
Rjj Freight,8.34,2
Plasticos Del Caribe,8.34,10
Laita,8.32,2
Estas Kam Mili Ith Ihr San Ve Tic L,8.31,1
"The Morgan Motor Co., Ltd.",8.3,11
M V Lng Endurance V. 06 B,8.290000000000001,7
Delta Petroleum Caribbean,8.29,2
Synergy Marine Copenhagen A S,8.28,2
Cpo Containerschiffreederei,8.26,5
"Leeds & Bradford Boiler Co., Ltd.",8.24,2
Nexus Trade,8.24,6
Unique Masterpieces Comercio Automo,8.24,4
"Matsumoto Sangyo Co., Ltd.",8.22,2
"Dct Motors Co., Ltd.",8.2,4
"Auto Yokohama Pvt., Ltd.",8.2,9
Rapido Trimarans Ltd.,8.2,1
Esadin International S A,8.2,2
Everblue Solar Ltd.,8.2,2
Noleggio Massucco T,8.2,2
Betularent S.L.,8.2,6
"Av Project Co., Ltd.",8.2,4
Qingdao Yuanhe Chelian New Energy,8.16,2
"Umair Trading Co., Ltd.",8.16,3
The Viking Corp.,8.129999999999999,6
Moveis Reinheimer Ltda,8.129999999999999,3
K2 Motors Co.,8.12,2
Cascade India Material Handling,8.11,1
Jap Auto Exp.,8.100000000000001,10
Barchetta Motorsports,8.08,6
Asiriassociates (Pvt) Ltd.,8.08,2
Jidousyaryodan,8.08,2
Sealift,8.06,1
Western Sky Ltd.,8.06,2
Seri Erlang,8.03,5
Ready Foods Peru Eirl,8.03,1
The Landrovers,8.02,4
Tracks And Trade Bv,8.0,2
P.K.Trader Ltd. Partnership,8.0,8
Mar Cargo Sas Ac I875,8.0,2
"L Jackson & Co., Ltd.",8.0,1
Tesoro Yachts,8.0,1
3 G Boat Llc,8.0,2
Shanghai Qidek Heavy Equipment Co.,8.0,1
Auto Exp. Corp.,8.0,2
Miba Sinter Brasil Ltda,7.9799999999999995,16
Cassina Sp A,7.970000000000001,6
Cnh Polska Sp. Z O.O.,7.96,2
"Worldwide Showa Tsusho Co., Ltd.",7.96,6
Johan Ipenburg,7.959999999999999,4
Laboratorio Mk Srl Cosmetics,7.95,6
Car From Japanco. Ltd.,7.9399999999999995,10
Plc International Corp.,7.93,9
Airtech Innovations Ltd.,7.93,1
Defi Houilleres De Cruejouls,7.93,3
Ross Candies,7.91,8
Samurai B,7.9,6
Tnt Maschinenbau Gmb H,7.9,2
Blg Auto Transport Gmb H & Co Kg,7.88,4
Crowley Liner Services Inc.,7.87,10
Naseer & Sons Trading Co.,7.86,4
"Km Auto Exp. Co., Ltd.",7.86,2
Gulf Marine Contractors 27347,7.86,7
Navigazione Montanari Sp A,7.86,11
"Ana Nippon Co., Ltd.",7.86,2
Far East Point Llc,7.859999999999999,4
Fujikura Rubber Ltd.,7.85,21
Janadhi Enterprises Japan,7.84,8
Alfred Spindelberger,7.84,10
Toll Global Forwarding (Beijing) Lt,7.84,1
Recursos Globales Srl,7.84,2
Renault Sofasa,7.82,2
"Sas3 Trading Co., Ltd.",7.82,5
Partrederiet Clipper Sirius Da,7.81,5
Lapmaster Wolters Gmb H,7.81,1
Uab Autobela,7.8,4
Dhs Ice Ero Usvi,7.8,4
Rov Durrant Engineering (Pty) ) Ltd.,7.8,1
Classic & Sportscar Ltd.,7.8,6
Sellars Agricultural Ltd.,7.8,1
Tournament Event Logistics,7.8,2
Shenzautotradejapanllc,7.78,8
"Senjo Seiki Co., Ltd.",7.78,1
Sanri Jp,7.76,10
Dop Off Road,7.76,4
Enterprise 250,7.75,2
Ustranscom,7.75,4
Ss Automatic Enterprises,7.739999999999999,4
Lague Et Goyette Ltee,7.72,2
Global Motor Traders (Pty) ) Ltd.,7.7,1
Autoworld International Ltd.,7.7,2
Desarrollos S9 De Mexico,7.7,1
Abhinav Exp.,7.7,1
"Sunshine Tea Pvt., Ltd.",7.7,1
Kc 689,7.680000000000001,2
Oceantribe,7.68,6
Asjapanco. Ltd.,7.68,4
Kw Automotive,7.66,2
"Macbrout Engineering Pvt., Ltd.",7.65,2
Baker Hughes Eho Ltd.,7.64,1
Dhl Pc Sosie Commerce International,7.63,1
"Yk Auto Co., Ltd.",7.62,8
Bricq Sas,7.62,1
White Drive Motors And Streering Gm,7.6,2
Icon Motorsports,7.6,6
Renk Ag,7.6,2
Arik Levy Studio,7.6,2
Alcotec Aluminium Coil Technologies,7.6,2
Mitsubishi Motors Corp,7.58,2
Tepmare,7.58,2
Ingenieria Global S.A I.N.G,7.56,2
Chuzhou Hercules Healthy Products C,7.550000000000001,2
J.Armando Bermudez And Co.,7.540000000000001,3
Ritrama Caribe,7.54,4
"Tochigi Trade International Co., Ltd.",7.54,4
Citroen Andre,7.539999999999999,6
Autoplanner Nl,7.52,4
Sfa Service Corp.,7.5,2
Altin Memaj,7.5,3
Crowley Maritime,7.5,1
Seabrige,7.48,2
Whitetail,7.48,1
Balev Eood,7.47,1
Byd Coach & Bus Llc,7.47,1
"Y.B. Trading Co., Ltd.",7.46,2
0673 Qm Co Fwd Det 3,7.46,1
Best International,7.459999999999999,4
Peters And May Usa,7.44,2
"Hisada Co., Ltd.",7.44,2
Quality Foods,7.44,2
Zainulabdeenco. Ltd.,7.44,2
Qantas Airways Ltd.,7.4,2
Malusaka Corp.,7.3999999999999995,4
Jeffrey Howard & Assoc,7.38,2
Dual Man,7.36,1
Sgs Trading Llc,7.340000000000001,4
Sod.Del Benelux,7.34,2
Toco International Ltd.,7.34,8
Fine Auto Detailing Centrum,7.34,4
Fermin Estevez,7.34,4
North Ocean Co Mcdermott Inc.,7.33,4
Mauser Maschinentechnik Gmb H,7.33,1
Mr Gearbox Ltd.,7.32,2
Schenker Logistics Nederland B.V. Tethe Great Ocean Line Pl,7.32,2
Yusufzai Trading,7.32,6
Lotte Rental,7.3,2
Satisloh Gmb H,7.3,2
Mt Ionic Aspis,7.29,6
"Waida Mfg. Co., Ltd.",7.29,1
Cargo Modules Llc,7.28,2
Epiroc Singapore Distribution,7.279999999999999,2
All In Auto Works,7.279999999999999,3
"St Logistics Pte., Ltd.",7.26,2
V1 Twn Ltd.,7.26,4
Ivadell Shipping International Inc.,7.26,1
Tropical Adventure,7.26,1
Peerless Oil & Chemicals Inc.,7.26,1
Cat Cay Yacht Club Ltd.,7.26,1
M V Matson Maui V010 E,7.25,3
Virgin Island National Guard,7.24,2
Nasma Al Khaleej Trading Co.,7.24,4
Jdmcarworldllc,7.24,10
Agc Interpane Architectural Glass G,7.220000000000001,3
Wisla Narrow Fabrics Ltd.,7.22,2
Overlander Shipping Hamburg E.K.,7.2,2
Pangaea Classics Ltd.,7.2,4
Smilejv Ltd.,7.2,2
Ihi Logistics & Machinery,7.2,1
Ultraschall Technologie Gmb H,7.2,2
Al Shaheen Trading Co Llc,7.2,6
"Thing Tech Co., Ltd.",7.199999999999999,4
Auto Best Korea,7.199999999999999,4
Nyk Lng Shipmanagement Ltd.,7.18,12
"Sumitomo (S.H.I.) Construction Machinery Co., Ltd.",7.18,1
Coastal Ship Services,7.16,23
Agie Charmilles Management Ag,7.16,2
Green Vi,7.15,2
"Dystar India Pvt., Ltd.",7.1499999999999995,2
Fy5799,7.14,1
H&P Logis Japan Inc.,7.14,2
"Ju Yaa International Co., Ltd.",7.12,2
Mossel Bay,7.1,2
"Sulemani Enterprise Co., Ltd.",7.1,4
Manz Ag,7.1,2
All Transport Depot Inc. (Ga),7.08,4
Nts Vehicle Sales,7.06,2
Agroindusstrial Montana Azul,7.06,1
Global Imp.,7.02,1
"Jitsumotors Co., Ltd.",7.02,4
"Shinpoong Ind Machine Co., Ltd.",7.0,2
Brownhills Motor Homes Ltd.,7.0,2
Florida Maritime Trade Group Miam,7.0,2
Premium Motorhomes Ltd.,7.0,2
Versalift Distributors (Uk) Ltd.,7.0,2
Octane Auto Inc.,7.0,2
De La Cruz Imp. Exp. S.A.S.,7.0,2
Erwin Hymer Centre Travelworld,7.0,2
Cmi Roadbuilding Ltd.,7.0,2
Weland Solutions Ab,7.0,2
Arcis International S. De R.L De C.,7.0,2
Electro Aco Altona S.A.,7.0,2
Jaybank Leisure Ltd.,7.0,2
Vikal International,7.0,2
Bob Lynch,7.0,2
Thompson Leisure,7.0,2
Home Depot Store 8201,7.0,2
Venom Motors,7.0,2
Schneider Electric It,6.98,4
Rizubi Trading Co.,6.96,4
Co Me T Officine Sp A,6.96,2
Tramar Ati,6.92,2
Hlag Vessel Holding Ltd.,6.92,6
Naval Mobile Con Batt Camp Shi,6.92,1
Princes Cruises 24300,6.92,23
Crane Worldwide Logistics (S) Pte,6.91,1
"Isuzu Logistics Co., Ltd.",6.9,2
Hafnia,6.9,2
"Tradehub Co., Ltd.",6.859999999999999,4
Autorec Enterprise Ltd.,6.84,6
Submer Technologies Sl,6.84,1
Puerto Rico Asphalt,6.83,1
Pvt Solana,6.82,1
Marinos Marine Single Member,6.81,1
Mdsc Systems Ou,6.8,2
Zellamae Bayer,6.8,1
Silver Nova,6.8,18
Kleyn Trucks,6.8,1
Iride France Sarl,6.78,2
"Shamura Co., Ltd.",6.78,4
"Zoom Co., Ltd.",6.78,6
Manitowoc Co. Inc.,6.76,2
Nok Corporation,6.76,1
Hurley's Marketplace,6.75,1
Hyundai Motor Group Innovation Cent,6.75,3
Rittmann Gbr,6.720000000000001,4
Ghanem Forwarding,6.72,4
A5 Exp. Sp A,6.72,1
Sumitomo Corp. Power And Mobility,6.72,2
Hyundai Transys Inc.,6.72,2
Alcinor Auto Sales,6.71,3
Przedsiebiorstwo Budowy Drog I,6.7,1
France Elevateur,6.7,2
Zamil Central Air,6.69,1
Classic Car Supplies,6.68,2
Long Trust Sl.,6.68,4
Baobab Commercial Supply Llc,6.67,3
Alliance Distribution Services,6.67,3
Qingdao Langsheng Energy Science An,6.66,2
Transceler,6.66,4
Real Motors International,6.66,4
Baxter Healthcare S.A,6.66,4
Power & Telephone Supply,6.65,1
Bollore Logistics Le Havre,6.65,1
M V Lng Endeavour V. 3 B,6.640000000000001,4
Victory Japan Auto Sales,6.640000000000001,4
Teydesa Conectores Sa,6.64,1
Alimentos Zuniga S.A.,6.64,2
Ymk Global Inc.,6.64,4
Serge Ferrari Sas,6.609999999999999,2
Halliburton Produtos Ltda,6.6,2
Quimica Liposoluble Sa De Cv,6.6,1
Silver Shadow,6.59,25
Cartwright International Van Lines,6.58,4
Empack Del Ecuador,6.58,1
Fronius International Gmb H,6.58,2
Seatrade Servicos,6.58,1
"Unimit Engineering Public Co., Ltd.",6.57,1
Stacked Racing Inc.,6.56,5
Metro Worldwide Ltd.,6.56,2
Execu Move (Pty) ) Ltd.,6.55,1
Wcs Environmental Engineering Ltd.,6.54,2
Zeppelin Osterreich Gmb H,6.53,1
Kleinheider Baumachinenhandel Und,6.53,1
"Kocel Steel Foundry Co., Ltd.",6.52,2
Quality Sprinkles (Uk) Ltd.,6.51,1
Sandvik Mining And Construction Log,6.5,1
"Volkswagen Group Taiwan Co., Ltd.",6.5,2
Hogervorst,6.5,1
Thielenhaus Technologies Gmb H,6.5,2
El Segundo Voyager,6.49,12
Arrow Classics Ltd.,6.48,4
Restless Kustoms,6.48,2
Ngk Kalukumara Liyange,6.48,4
Kverneland Group International Gmb H,6.47,1
G.Rossi,6.45,1
Nutrapac (Pty) ) Ltd.,6.44,2
Pepin,6.43,5
Qasim Trading,6.42,2
Aroma Nz Ltd.,6.42,2
Calidad A Tiempo,6.42,13
Gourdon Freres,6.4,2
Shiraj Exp.,6.4,1
Transceler S A S,6.36,2
Rtm Lines,6.36,2
Totalenergies Marketing Dominican,6.36,2
Sw3147 Dla Distribution Guam Marian,6.35,1
Shell Perido Ac 857,6.35,1
Somers Forge Ltd.,6.35,1
Best Class Enterprise Ltd.,6.35,1
Hybrid Services Llc,6.35,1
Guerlain,6.34,3
Igluaut Allrad Gmb H,6.34,2
Gea Westfalia Separator Group Gmb H,6.33,1
Mecanumeric Sas,6.32,1
Dannyger Mfg. Srl .,6.32,13
Tokyo Motor,6.300000000000001,4
"Shonan Trading Co., Ltd.",6.300000000000001,4
Yellow Plate,6.3,8
Chandu Toolmakers & Mouldings Ltd.,6.3,1
Eletson Corp.,6.3,10
Prs On Time Distributor Llc,6.3,10
Forum B + V Oil Tools Gmb H,6.3,2
Dk Classic Car,6.28,4
Wuxi Trenty Machinery & Equipment,6.28,1
Salzgitter Mannesmann Stainless,6.28,2
Global Imp. Llc,6.26,1
Asim Trading New & Used Car Exp.,6.26,2
Societe Du Ghassoul,6.24,2
"Dzb Co., Ltd.",6.220000000000001,4
Itc Heavy Equipment Bv,6.22,2
Jpdjapang.K.,6.22,4
Drytec Gmb H Co. Kg,6.22,1
M T Alhaya,6.21,3
Liyang Liyuan Machinery Fitting Co.,6.21,1
Ooparts International Inc.,6.2,6
Distribuidora Rosana Sur Srl,6.2,2
Aubineau Carrosserie,6.2,2
Hopyacht (Pty) ) ) Ltd.,6.2,2
Aubineau,6.2,2
Constanza Agroindustrial,6.2,8
Ut Tradingllc.,6.2,4
Niceday Inc.,6.199999999999999,4
Mt Gaschem Adriatic,6.19,9
Alopecil Corp. Srl .,6.18,4
"Sayuri International Co., Ltd.",6.18,8
Metsa Board Tako,6.18,4
Performance Marine Services Llc,6.17,1
Dana De Mexico Corporacion S De Rl,6.17,3
Coral Princess,6.16,19
Sanco Holding,6.16,44
Granges Finspang Ab,6.16,1
Empresa Genedora De Elect. Hai,6.16,1
Echo Lanka,6.16,8
Highbridge Caravan Centre Ltd.,6.16,2
Gm Motor,6.14,2
Pueblo Viejo Dominicana Corp.,6.14,1
Huebner Gmb H,6.14,2
Rollco Ab,6.14,2
0699 En Tm Construction Ma,6.13,2
Boada Commercial Supply Stt,6.12,2
Golden Peakock Overseas Ltd.,6.12,1
Haider Tradingco. Ltd.,6.1,2
Vista Enterprise Llc,6.08,2
Rent Equip Of Shippensburg Llc,6.08,1
Ethane Opal,6.08,6
Dns Motors,6.08,1
Kemix,6.07,1
Seapeak Marib,6.06,12
Schiffahrtsgesellschaft Mbh & Co Kg,6.06,2
Sbtco. Ltd.,6.06,4
Plasticos Multiform S.A.,6.05,13
Us Customs & Border Protection,6.040000000000001,4
Mppb Jw Slepsk,6.04,2
Shandong Fubo Composite Packaging,6.04,1
Seapeak Magellan,6.04,8
Sokon Group Co. (Hk),6.04,2
0228 Sc Hq Hhc Theat Tac S,6.02,2
Brand Energy & Infrastructure,6.0,2
Alexander Hess Gmb H,6.0,4
Palabora Global Ltd.,6.0,1
Roltrex,6.0,2
Solvang Asa,6.0,25
Q Fit Sdn Bhd,6.0,1
Bloomfields Horseboxes,6.0,2
Bhi Guyana Mud Plant,6.0,1
Atkinson Vos,6.0,1
Southdowns Motorhome Centre,6.0,2
Richie Bros.,6.0,2
East Coast Yacht Sales Inc.,6.0,2
Air France,6.0,2
Logistica Y Operaciones De Colombia,6.0,3
Cockwells Modern & Classic Boatbuil,6.0,2
"Zam Co., Ltd.",6.0,2
Zhongtong Bus Co. (Hk),6.0,1
Retro Sports Cars,6.0,2
Jose Cruz Morizete,6.0,2
Salemwolf Llc,6.0,2
Ph Ch,5.97,1
Sanukicorporation,5.96,2
Integral Solutions International,5.9399999999999995,4
Ashithacorporationcompanylimited,5.9399999999999995,4
Jav Motor Corp.,5.92,4
Dhl Global Forwarding (Brazil) Logi,5.91,2
Jfc Japan Inc.,5.91,1
Bae Systems,5.91,1
Seaspan Ship Management Ltd.,5.91,13
Adngroup Stock Co.,5.9,4
Island Site Development,5.9,1
Gc 608,5.9,1
Bdsc Baghdad Dip Support Cen,5.9,2
Suzhou Cheersson Precision Metal,5.9,1
Imperial Auto Industries Ltd.,5.89,1
Tayyaba Group Ltd.,5.88,4
Fujian Quanzhou Justsun Supply Chai,5.88,1
Fiducia Vermgensverwaltungs Ag,5.88,2
Buckeye Bahamas Hub Ltd.,5.87,10
"N R Japan Co., Ltd.",5.86,2
Givaudan De Mexico S.A. De C.V.,5.86,1
Nissin International Transport,5.86,2
Hawwa Motors,5.859999999999999,8
Egyptian Armament Authority,5.85,1
Sunrise Enterprise,5.82,6
Ramon Misla Villalba,5.800000000000001,4
Dali Srl,5.8,2
Casil Electronic Products Ltd.,5.8,1
Cars Uk,5.8,2
Your Next 4 X4 (Pty) ) Ltd.,5.8,2
Bellota Mexico S.A.De C.V.,5.79,1
"Frt Co., Ltd.",5.79,3
Cleveland Cascades Ltd.,5.79,1
Ask Motors,5.78,2
"Moeez Trading Co., Ltd.",5.78,2
Chengdu Zhengye Jixiang Parallel Au,5.78,2
"Every Co., Ltd.",5.78,2
Amentum Autec,5.779999999999999,4
Nelson Shipping Llc,5.77,3
Refresco,5.76,1
Impresora Del Yaque C. Por A.,5.76,2
"Kj Trading Co., Ltd.",5.76,4
Freightlead Llc,5.74,2
Shell Trinidad Ltd.,5.74,1
British Achiever,5.739999999999999,4
Ocean Mana Inc.,5.72,4
Union Des Groupements D'achats Publ,5.72,2
Virgin Islands National Guard,5.72,2
Caravan Shippers Gmb H,5.72,2
M V Seaboard Pride,5.72,1
Mt Cobia Lng,5.71,16
General Dynamics Land Systems,5.7,1
Alconza Berango S.L.,5.7,1
Transportes Grupo Caliche,5.7,2
Metso Peru S.A.,5.68,3
Premium Utility Contractor,5.67,1
Bray (China) Controls,5.66,1
Uk Sports Cars,5.66,8
Georg Render Gmb H,5.64,2
Benecke Kaliko Ag,5.64,2
Ta Trading,5.64,2
Paralloy Ltd. T A Fvc,5.64,2
Tycon (Fuzhou) Co. Ltd.,5.63,1
Ravasco Transmission And Packing,5.63,1
"Carjunction Co., Ltd.",5.62,2
Juede Gmb H Co. Kg,5.62,2
Ati Gmbhautotransport International,5.6,2
Southern Supplies Ltd.,5.6,3
Lifthing Nv,5.6,2
Kamikazeautollc,5.58,4
Abordo Media Group Srl,5.58,8
Belimed Life Science D.O.O.,5.56,2
"Pacific Boeki Co., Ltd.",5.56,6
Hanseatic Container Line Ltd.,5.56,2
"Shin Kyowa International Co., Ltd.",5.54,4
Stellantis & You Uk Ltd.,5.54,2
E K Motors Inc.,5.54,4
Artemis Shipping As,5.529999999999999,10
Blue Water Shipping Suriname,5.5200000000000005,6
Kangroos Wholesale,5.52,18
Alamah (Pty) ) Ltd.,5.5,1
Wattoo Enterprises,5.5,4
Wuxi Triumph Gases Equipment Co. Lt,5.49,1
"Japan Auto Sale Co., Ltd.",5.48,2
"Jr Motors Co., Ltd.",5.46,2
"Aero Facility Co., Ltd.",5.45,1
Noble Energy,5.45,1
Tubular Bells,5.44,1
Caribbean Pool Maintenance,5.44,1
Procesadora De Yucatan S.A. De C.V,5.44,1
Egyptian Air Force Department Of,5.44,1
Kwiatkowski Wojciech Janusz,5.4399999999999995,4
Apra Ingenieria S.A. Roberto Arr,5.42,2
Z & R Auto Sales,5.42,1
K D A Motor Traders Ltd.,5.42,2
Allcomm Ltd. (Hk),5.42,1
Master Of Oklahoma,5.41,4
Hmk Motors,5.4,2
Cevertam S A De C V Fo,5.4,2
"Hamara Trading Co., Ltd.",5.4,4
Pick Axe Ltd.,5.4,2
World Tanker Management,5.4,10
Classica Cruise Operators Ltd. Inc.,5.4,5
Bw Fleet Management As,5.4,44
"Autohub Co., Ltd.",5.4,2
Kony Hair Srl,5.380000000000001,8
Prodinsa S.A.,5.38,1
Ecoisland Elizabeth Ltd.,5.38,2
Comercio Veloce Srl,5.38,4
"Y.B.Trading Co., Ltd.",5.38,2
David Brown Santasalo Gears Oy,5.36,1
Brunswick Marine Emea Operations,5.34,1
Siegwerk France,5.34,2
Shenz Autotrade Japan Llc,5.34,5
A.C.R. Warehouse,5.34,2
Iivss International Vehicle Shippin,5.34,2
J&C Auto Mavin Inc.,5.33,1
Fire Protection Service,5.32,18
Avalon Logistic Service,5.3,2
Fimor S.A.S.,5.3,1
Alies Monterie,5.3,2
Dhs Uscg,5.3,2
Proyecciones Mineras Industriales,5.3,4
Chinafair Cargo Services Internatio,5.3,2
Shanghai Starcraft Tools Co.,5.29,1
Bharat Forge Ltd.,5.29,1
Mnc Ltd.,5.28,2
Aristarchos,5.28,8
Sams Supermarket Inc.,5.28,2
Hy S Corp.,5.28,2
Reller Automobile Gmb H,5.28,3
"Dystar Singapore Pte., Ltd.",5.279999999999999,2
Cadeler,5.2700000000000005,2
Msc Mediterranean Shipping Do Brasi,5.26,4
Hella Kgaa,5.26,2
Lufran International Corp. (Usa),5.26,2
Popular Express Nv,5.26,2
Norbulk Shipping,5.26,10
Motors Trust Inc.,5.25,2
Raychem Rpg (P)Ltd.,5.24,4
Ruag Ag,5.24,2
Energy Innovator,5.24,14
Jtekt Machine Systems Mexico,5.22,1
Tokyo Aotake Cooperation,5.22,4
Graham Seed,5.22,2
Bahamas Welding & Fire,5.22,1
Alablanca Food Products N.V.,5.22,5
Clipper Shipping As,5.22,15
Beliver,5.21,1
Kc 919,5.21,1
Auto Sadol Andrzej Sadowski,5.2,2
Zenbei Auto Trader,5.2,2
Apex Customs Beverage Llc,5.2,7
Seven Seas Yachts Ltd.,5.2,2
Best Deal Di Di Gennaro Sabatino,5.2,4
Brasserie Sacrilege,5.1899999999999995,2
Hellmann Worldwide Logistics Gmb H,5.18,2
Bayerische Motorenwerke Aktiengesel,5.18,2
Tqm Internationalco. Ltd.,5.18,2
Adn Groupstock Co.,5.18,2
Raes Motoren Oostende Bv,5.16,2
Powervamp Ltd.,5.140000000000001,3
Travellers Liquor Ltd.,5.14,1
Tass International,5.14,2
Kazeem Kolawole Anifowose,5.12,2
Seapeak Oak,5.11,8
Paini S.P.A. Rubinetterie,5.11,1
Auto Link Holdings Llc,5.11,5
Die Saegenmacher Gmb H,5.1,1
Alchemy Ingredients Ltd.,5.1,3
Alimak Group,5.1,2
"Sanri.Jp Co., Ltd.",5.1,2
Transportes Y Gruas Industriales S,5.1,1
0376 Ag Co Plt A4 Postal P,5.08,1
W805 Ny,5.08,1
Agencia Consignataria Peninsular,5.0600000000000005,2
Gaslog Singapore,5.0600000000000005,11
Fromi Rungis,5.06,2
"Nykt Marine Co., Ltd.",5.04,1
Atliberk Evden Eve Nakliyat Lojisti,5.04,2
Tms Tankers Ltd.,5.04,8
Halliburton Overseas Ltd.,5.03,1
Pacific Industrial,5.03,1
The Market Stx,5.0200000000000005,4
Tnt Bahamas Sponge Ltd.,5.0200000000000005,5
Department Of Homeland Security Ice,5.02,2
"Torque Autos Pte., Ltd.",5.02,4
Pt Batam Well Industries,5.02,2
Stellantis (Shanghai) Automotive Co.,5.02,2
Firma Neuffer,5.02,2
Gallery Shipping,5.0,2
In Time Shiipping Corp.,5.0,2
Jsm At Stelton Iii Llc,5.0,2
Iem Fordertechnik Gmb H,5.0,1
Productos Majuelo S.L.,5.0,1
Logistics And Technology Sas,5.0,2
Russ Clark,5.0,2
Usa Auto Sales,5.0,2
Ssl All Logistics International Cor,5.0,2
Jmb Services,5.0,2
Undiluted Spirit Ltd.,5.0,2
Sbt Motors (Uk) Ltd.,5.0,2
Pressmach Infrastructure Pvt.,5.0,1
National Shipping Lines Ltd.,5.0,1
Hayaari Marine Freediving And,5.0,1
Fast Cheetah,4.99,1
Pizarro Pile Driving Inc.,4.98,2
Vi Motors,4.98,2
Rols Machineonderdelen B.V.,4.97,2
San Martin Cars,4.96,8
Lng Bonny Ii,4.94,4
"Auto World Japan Co., Ltd.",4.94,2
Asm Front End Mfg. Singapo,4.94,1
"Diyatajapan Co., Ltd.",4.94,6
Clavia Dmi Ab,4.94,1
Saipo,4.9399999999999995,6
M V Msc Allegro,4.930000000000001,2
"Sanritsu Kosan Co., Ltd.",4.92,2
"G.W Greenways Textile Co., Ltd.",4.92,1
Navneet Education Ltd.,4.92,1
Parris Enterprise,4.91,3
Lemore Industries Srl .,4.9,4
Utac,4.9,2
Volkswagen Do Brasil Industria De V,4.9,2
"Meiyi (Hebei) Food Co., Ltd.",4.89,1
Henan Zhongyuan Al Industrial Co.,4.88,1
Riello S.P.A.,4.88,1
Ford Motor Colombia S.A.,4.88,2
Aichi Global Cars Llc,4.88,2
Imaginative Design Int Ab,4.88,1
"J Cars Co., Ltd.",4.88,2
"Ge India Industrial Pvt., Ltd.",4.87,1
Bp Ocean Llc,4.86,2
Chanas Auto,4.86,2
Yanagisawa Motors Ltd.,4.86,4
Add Apt Chemicals Bv,4.86,2
Dls Automobile,4.86,2
Glovis Mexico,4.86,2
R Nation 2950 15 Kawashima Cho,4.84,4
Aubert & Duval,4.84,1
Uhlmann Singapore Llp,4.84,1
Friulforgia Srl,4.82,1
Bahamas Air Holding,4.82,3
If Sys Integrated Feeding,4.8,2
Seapeak Arwa,4.8,4
Candela Technology Ab,4.8,2
Caraibes Desamiantage,4.8,2
Remorques Moiroud,4.8,2
Azabu Property Investments Ltd.,4.8,2
Konrad Korobowicz B & C Doradztwo,4.8,2
Bosch Gmb H Nup1 Versandzentrum,4.78,2
Mv Fulmar Explorer Co Gulf Marine,4.779999999999999,10
Carisbrooke Shipping,4.77,7
Quadient Industrie France,4.77,5
Mersen Do Brasil Ltda,4.77,1
Clv Seaway Aimery,4.76,1
Project Service & Produktion Gmb H,4.76,1
Chef Henries Bistro,4.76,2
Wallenius Wilhelmsen Logistics Zeeb,4.74,2
Maruti Suzuki India Ltd. Palam Gurgaon Road Gurgaon Haryana (122015) India,4.74,2
Bartosz Bialas,4.72,2
"Funazumi Express Co., Ltd.",4.72,2
Duwest Caribbean Srl,4.72,8
Planitium Fze,4.72,2
"Bassam Trading Co., Ltd.",4.7,1
Portagent,4.7,2
"Supernova Japan Co., Ltd.",4.7,2
Sanco Sword,4.69,5
Francisco Sanchez Sanchez,4.68,2
Europlast Srl,4.68,4
"Triumph Enterprise Co., Ltd.",4.68,2
"Grandauto Japan Co., Ltd.",4.66,2
Zhejiang Zhongtuo Supply Chain Mana,4.66,2
Ip Rings Ltd.,4.65,1
Cargolog International Sas,4.65,2
Imcd Dominicana Srl,4.640000000000001,6
Hamza Boeki,4.640000000000001,4
Shanghai Neve New Energy,4.64,2
Herbert Amann Gmb H,4.64,2
Alvaro Luis Marte Rosa,4.64,13
Interamericana De Productos Quimico,4.64,2
Stanley Warehouse,4.63,1
Motodrome,4.62,4
Maximum Imp. Exp.,4.62,4
Stacked.Exp. Inc.,4.62,4
Gaslog Seattle,4.6000000000000005,7
Elec & Eltek Co (Mco) Ltd.,4.6,8
Unique Masterpices Comercio De Au,4.6,2
Jemmtec Ltd.,4.6,1
"Dana India Pvt., Ltd.",4.6,1
Rma Automotive,4.6,2
Moiroud Remorques,4.6,2
Nielsen Brown,4.6,2
Urbia Sas,4.6,2
Urbaflux Sas,4.6,2
"Budget Holdings Co., Ltd.",4.6,4
Alistair L Key Sr,4.59,1
Orkla Latvija Sia,4.59,1
Mc 255,4.59,1
"Riyona Co., Ltd.",4.58,4
Alfa Laval Technologies Ab,4.58,1
Sandals Emerald Bay,4.57,1
M T Etagas,4.56,1
Sam Cho Trading Co.,4.56,2
Action Motors,4.56,2
Msc Naomi Msc Shipmanagement Ltd.,4.54,1
0106 Av Bn 01 Co E Forward Sp,4.54,1
0000 Hq Hq Camp Al Salyiah,4.54,1
Apg Neuros Corp.,4.54,1
Orange Truck Sale,4.54,1
Vi Recycling,4.54,1
Northpac Forestry Group Ltd.,4.54,2
Texelis,4.54,2
"Camel Japan Co., Ltd.",4.5200000000000005,3
Omsc Ltd. Overseas Military Sales,4.52,2
Fujian Heqichang Bamboo Industry Gr,4.52,2
"Technical Panels Co., Ltd.",4.52,2
Scb Property Maintenance,4.5,2
"Ns Auto Mart Jp Pvt., Ltd.",4.5,2
Bizerba Se & Co.Kg,4.5,4
Tieval,4.5,1
Ace Auto Japan Llc,4.5,4
Interlodge Sailing Llc,4.5,1
Cheshire Farm Machinery Ltd.,4.5,1
M V Tulip Voy Tul8,4.5,1
Bydh.K.Co. Ltd.,4.5,2
At Construction Solutions,4.48,2
Green Zone Instruments,4.48,2
"Yamakatsu Co., Ltd.",4.48,6
Silicon Products Technologies Gmb H,4.48,2
Al Tayer Motors Llc,4.46,2
Eg Industries Dominican Republic,4.46,10
E & W Engineering Sdn. Bhd.,4.45,6
Kies Kars,4.45,3
"Yokohama Enterprises Co., Ltd.",4.45,2
Nexisco. Ltd.,4.44,2
Jrt Trading (Pty) ) Ltd.,4.44,2
Robert Bosch Gmb H,4.43,1
Annie B The National Forwarder,4.42,1
Total Energies Marketing Pr Corp.,4.42,4
Sportscar La,4.42,2
Oy Strait Air Transport Ab,4.42,2
Perrel Incorporado,4.42,8
Shandong Zhicheng Economic & Trade,4.41,1
Exel Yachting,4.4,2
Sportservice Lorinser,4.4,2
Nmtc B.V Gorslaan,4.4,2
Marie Sharp's Fine Foods Ltd.,4.4,1
Hi Spec Leasing Ltd.,4.4,2
Mv Vision Of The Seas,4.4,2
Brighouse Car Outlet Ltd.,4.4,4
Douglass Motors Ltd.,4.4,2
Indoeuropa Automotive Ltd.,4.4,2
Associated Steamsh. Agents Sa,4.4,1
K.K Uprise Japan,4.4,3
Reach Subsea As,4.4,11
Kinotica Inc.,4.4,2
Electron Thermal Processing,4.4,2
Maiden Marine Ltd.,4.4,2
Gac North America Shipping,4.39,6
Embassy Freight Services Europe Nv,4.38,2
Lesjofors,4.38,1
Cs Automotive Cr S.A,4.37,2
Sevenstar Yacht Transport,4.36,2
Shonan Trading Llc,4.36,2
Mitsuico. Ltd.,4.36,6
Cormate As,4.36,2
Tcl Transcontainerlimited,4.36,2
M V Volendam,4.359999999999999,2
Protherm Systems (Pty) ) ),4.35,1
Hok Ltd. Poon,4.34,4
Brothers Trading,4.34,4
Sinotruk (Chongqing) Light,4.34,1
Fca Italy Sp A,4.34,2
Micro Precision,4.34,2
Fordchina,4.34,2
Hydro Equipement Bvba,4.34,3
"Neuro Institutes Co., Ltd.",4.34,2
Clipper Hermes,4.32,15
Khs Maschinen Und Anlagenbau Ag,4.32,2
"Es Marine Pte., Ltd.",4.32,6
"Changan Ford Automobile Co., Ltd. Hang",4.32,2
Thenamaris Ships Management Inc.,4.3100000000000005,14
White Tail,4.31,1
Chartreuse Garage,4.300000000000001,4
Christian Dior Couture S.A.,4.3,1
Fire Protection Services,4.3,6
Emmanuel Trading,4.3,1
S. Lardenoije,4.3,2
Mt Valverde,4.3,1
Hyde Agencies Ltd.,4.29,4
Prinsor Vof,4.28,2
Dni Express,4.28,2
Albatrans Uk Ltd.,4.28,1
Specialized Overseas Shipping,4.28,2
Airlog Group Oy,4.28,2
Qwerty Motors,4.279999999999999,3
Navistar,4.27,1
Abu Dhabi Marine Sports Club,4.26,1
"M&M Trading Co., Ltd.",4.26,3
Guadeloupe Service Automobile,4.26,2
"Hillwealth Multinational Pte., Ltd.",4.26,3
Stream Tapware,4.25,1
Uab Pelkinis,4.24,2
"Newjapan Motor Co., Ltd.",4.24,2
"Myk Auto Trader Co., Ltd.",4.24,2
Ben Burgess Groundscare,4.24,2
"Jiangsu Sunco Boiler Co., Ltd.",4.24,2
Nextep Sa (Pty) ) ) Ltd.,4.22,2
River House Trading Co. B.V.,4.22,2
Magdala,4.21,17
Automobili Veloci Srl,4.2,2
H M H Motors,4.2,2
Van Away,4.2,2
M V La Mancha Knutsen V 0621,4.180000000000001,2
Intermotive Bv,4.18,2
"Aj Traders Co., Ltd.",4.18,4
Dave Hardwick Engineering,4.18,2
Brauns International,4.16,2
Freight Professionals Ltd.,4.16,1
"The Sang Co., Ltd.",4.16,1
Pompiere Sa P C Ckpn Services,4.16,2
Abastek Marketing Srl .,4.16,2
Professional Rental Tools Llc,4.16,1
Ziehl Abegg Danmark Aps,4.15,5
Eduvigis A. Camacho Lora,4.15,14
Kloska Gmb H,4.1499999999999995,2
M T Aqua Ray,4.140000000000001,6
Magna Automotive Technology (Th),4.14,2
G Trading Inc.,4.13,3
Caesar Shipping Services (Korea) Co.,4.13,1
Wedderburn,4.12,2
Shahid Auto Network Ltd.,4.12,2
Hirdaramani International Exp.,4.12,2
Ihi Corp.,4.12,2
Brightwells Ltd.,4.12,2
Clasanteri Oy,4.12,2
Dg Classic Cars,4.12,2
Clipper Eris,4.11,9
Ticona Polymers,4.109999999999999,3
Master Symphony,4.1,1
Pc Puerto Rico Usvi Fuel Services,4.1,8
Premium Car Rental,4.1,1
Defender Dis Ticaret Danismanlik Lt,4.1,2
Isuzu Motorslimited,4.1,2
Susaeta Ediciones S.A.S.,4.1,2
"Mktjapan Co., Ltd.",4.1,4
"Autoleader Co., Ltd.",4.1,1
Seabourn Sojourn,4.1,21
M T Indigo Ray,4.1,2
Boeing Hungary Inc. Bhi,4.1,3
Balboa Movers Inc. Eric Daniel Tr,4.1,2
C Portugal,4.09,3
Ocean Car Gmb H,4.08,2
Bmls,4.08,2
K Line (Deutschland) Gmb H,4.08,4
Transportes Pormar S.A.(Ecuador),4.08,6
Assala Gabon Sa,4.08,1
Campers By Combi Imp.,4.08,2
"Carfrom Japan Co., Ltd.",4.08,4
"Makino Technical Service Co., Ltd.",4.08,2
2150461 Alberta Ltd.,4.06,2
Kobe Motor Co.,4.06,2
Target Shipping Inc.,4.06,2
"Japan4 X4 Co., Ltd.",4.04,2
Pdm Logistica Ltda,4.04,2
"Car Fort Co., Ltd.",4.04,2
Dankjapan Inc.,4.04,4
"Pk Valve Engineering Co., Ltd.",4.04,1
500 Sails,4.04,1
Aduana International Freight Forwar,4.03,2
Schiebler Scandinavia Ab,4.02,2
Uttrading. Llc,4.02,2
Uniflex Hydraulik Gmb H,4.02,2
Ensco Australia (Pty) ) Ltd.,4.01,1
Hotel & Restaurant Equipment Co.,4.0,1
Fugro Usa Marine Inc.,4.0,2
E. M. Rogers Ltd. Trucks & Trail,4.0,2
Cortes Rodriguez Asesores S A S,4.0,1
The Alcohol Free Co.,4.0,2
Rental Group Trading As,4.0,2
Alukin Boats Sweden,4.0,2
Master Brentholmen,4.0,4
Trammania Ltd.,4.0,2
Foley Specialist Vehicles Ltd.,4.0,2
Ship Spares In,4.0,1
Selden Mast,4.0,2
Dhs Tsa Stx,4.0,2
Supercat Marine,4.0,1
"Kataoka Motors Co., Ltd.",4.0,2
"Lee Hwa Trading Co., Ltd.",3.99,1
Metalcraft Marine Inc.,3.97,1
Prinzing Pfeiffer Gmb H,3.96,2
Carrolls Automotive,3.96,2
Johnson Partners Ltd.,3.96,2
"Shine Auto Trading Co., Ltd.",3.96,2
Stephon Canteen,3.96,2
Silkstone 4 X4,3.96,2
Oslo Bulk 4,3.96,8
Intl Tanker Management,3.9400000000000004,6
Green Power Solutions Srl,3.94,1
Ford Motor De Colombia Suc,3.94,2
Timken Polska Sp. Z. O.O.,3.94,2
Exmar Nv,3.93,8
Columbia Shipmanagement Deutschland,3.9299999999999997,7
Zeppelin Baumaschinen Gmb H Niederla,3.92,2
Classic Car Imp. Ltd. David Ell,3.9000000000000004,6
Maersk Lines As,3.9,2
"Global Container Freight Pte., Ltd.",3.9,2
Orion Government Services,3.9,1
Enteprise 264,3.9,1
Drappier S.A.,3.9,1
Sozotas Inc.,3.9,2
Andros Aviation Supplies And Mainte,3.9,1
Bhatti Corp.,3.9,2
"Utc Co., Ltd.",3.9,2
Japan Motors Trading,3.9,2
"Kuze Bellows Kogyosho Co., Ltd.",3.89,1
Havila Chartering As,3.89,6
"Option Jp Co., Ltd.",3.88,4
"Nihon Car Connection Co., Ltd.",3.88,2
Heights (Uk) Ltd.,3.88,4
Sainico. Ltd.,3.88,2
"Crimb Co., Ltd.",3.88,4
Shandong Huixin New Energy Vehicle,3.88,2
F&F Enterprises,3.88,2
"Ssa Group Co., Ltd.",3.87,3
"A.R.Wilfley India Pvt., Ltd.",3.8600000000000003,2
Fastron Hungaria Kft,3.8600000000000003,3
"Shiro Auto Shonan Co., Ltd.",3.86,2
Kawano Auto Service,3.86,2
Us Customs & Border Prote,3.86,2
Bernhard Schulte Shipmanagement,3.85,14
Johanna Guzman Reynoso,3.85,28
Cubic Systems,3.85,2
Siddis Mariner,3.85,1
Assistance Srl .,3.85,1
Spliethoff Bevrachtingskantoor B.V.,3.8400000000000003,14
Acorsys Sl,3.84,2
"Mirai Co., Ltd.",3.84,2
Maxorata Shipping International,3.84,2
"Ecoburn Japan Co., Ltd.",3.84,2
"Nkr Auto Pvt., Ltd.",3.84,2
Accompany Consultants,3.84,2
Instrument India,3.84,1
Cartwright Relocation,3.83,2
Alpine Japan K.K Trinity Auto & Heavy Equipment Ltd.,3.8200000000000003,4
Hunnebeck Deutschland Werkvertreter,3.82,2
"Japan Cars Co., Ltd.",3.82,2
Tuboscope Holding Us Llc,3.82,1
"Goodwood Ship Management Pte., Ltd.",3.82,3
Tenneco Automotive Brasil Ltda.,3.81,1
Go Imp. Club Srl,3.81,2
Engel Eduardo Diclo,3.8000000000000003,13
Il Casale Del Soledi Michele,3.8,2
Ingenja Rsfirman Elektromontage I S,3.8,1
Allalouf And Co Shipping Ltd.,3.8,2
Moog Gmb H,3.8,1
Busman,3.8,2
Brentholmen,3.79,4
Eurial International,3.78,1
Rock City Cargo,3.78,1
Best Shipping,3.77,2
Dalian A.L.X Trading & Development,3.75,1
Raj Engineering Co.,3.74,2
Haahr Rasmussen Aps,3.74,2
American Roll On Roll Off Carrier,3.74,6
Abidsiddiquegeneraltrading,3.74,2
"Tokyo Nagoya Services Co., Ltd.",3.74,2
Cinnamon Capital S.L.,3.74,2
Ito Moebeltransport Gmb H Damaschkestrae 31,3.74,2
Selim Cars Srl,3.72,2
Merged,3.72,2
Global Davit Gmb H,3.72,1
Jpc Tradeco. Ltd.,3.72,4
W50 V33,3.72,2
V.Ships Usa Llc (Boston),3.72,9
Ds International Trade,3.71,1
Capital Logistics International Llc,3.7,2
"Autoray Co., Ltd.",3.7,2
"Nanning Ningda Auto Ms&S Co., Ltd.",3.7,2
"Seobuk International Co., Ltd.",3.7,2
Bree Dail,3.7,2
"Vigo4 U Co., Ltd.",3.7,2
Petronas Suriname E & P Bv,3.7,2
Gr Enzebach Maschinenbau Gmb H,3.7,2
"Eastern Auto Services Co., Ltd.",3.7,2
Motorwingsco Ltd.,3.7,2
Dayco Europe S.R.L.,3.69,1
Universal Auto Leasing & Rental In,3.68,2
Elwema Automotive Gmb H D 506993414,3.68,1
Nautilus,3.68,8
Da General Enterprises,3.68,2
Fb5621 52 Fw Lrs Dci,3.68,1
Murex,3.67,3
Fogmaker International Ab,3.67,1
Vibracoustic Gmb H & Co. Kg,3.67,4
Upstream Trading,3.66,2
"Macro Japan Co., Ltd.",3.66,2
Imcd,3.66,1
Misha Auto Inc.,3.66,2
New Liberty,3.6500000000000004,2
Tamura Europe Ltd. O.S. Czech Repub,3.65,1
Seram Sa,3.64,2
Bollore Logistics Uk Ltd.,3.64,2
Veracruz Automotive & Marine,3.64,2
"Onteco Co., Ltd.",3.64,2
Enshu K.K.,3.64,1
Global Motors Ltd.,3.62,2
Sindoni Group Srl,3.6100000000000003,3
Precision Engineered Products Inc.,3.61,1
Brolerbosch Service,3.6,2
Zf Active Safety Gmb H,3.6,2
"Chelsea & Co., Ltd. Malta",3.6,2
Verdevip Srl,3.6,1
P&R American Classics,3.6,2
"Sewa Motors Co., Ltd.",3.6,2
Daniel De Preter,3.6,2
Belluga Autos Ltd.,3.6,2
"Hakata Global Trading Co., Ltd.",3.6,2
Davey Japanco. Ltd.,3.6,2
Francar Srl,3.6,2
A. Van Der Horst Auto's V.O.F.,3.58,6
Parker Hannifin Europe Sarl,3.58,4
Upm Conveyors Ltd.,3.58,2
Emelanio Ramirez,3.58,19
Msi Building Supplies St Croix,3.58,4
Compak Coffee Grinders Sa,3.58,2
Mlt Trading,3.58,2
"Sm Trading Co., Ltd.",3.58,2
Graham Smart,3.56,2
Rivolve Motorworks Ltd.,3.56,2
Ea113 Tacv023,3.56,2
Hms,3.56,2
"Magarijapan Co., Ltd.",3.56,4
Frank's International Trinidad Ltd.,3.56,1
Ea Car Sales,3.56,2
Seaspan Empire,3.55,3
Adriatic,3.54,2
"Field Creations Co., Ltd.",3.54,5
Zilenzio Ab,3.54,5
Especialidades Graficas Moran Srl,3.54,2
Cma Cgm Nerval,3.54,2
Eendengarage Sander Aalderink,3.54,2
M V Bw Magnolia V24004,3.52,1
Nick Hoffman,3.52,5
Assister,3.52,6
Leonard Sprik Dutch Defenders,3.52,2
M & M Automotive Historic Ltd.,3.52,2
Autotopjapanco. Ltd.,3.52,2
Bytr Uluslararasi,3.52,2
Citrosuco Europe N.V.,3.51,3
Esra Digitalino,3.51,3
Ari Armaturen Albert Richter Gmb H,3.51,1
M V Global Sea Spirit V 9 B,3.51,2
Marcus Whitaker,3.5,2
Suzhou Tiancheng Coating System Co.,3.5,1
Trafalgar Motor Co.,3.5,2
Alexander & Blake Ltd.,3.5,1
Swift Supplies,3.5,2
Macauley Vehicle Solutions Ltd.,3.5,2
Quirke Street Motors,3.5,2
Burow Reisemobile Gmb H,3.5,1
Johnsons Land Rovers,3.5,2
Stosa Sp A,3.5,1
Seraco Bil As,3.5,2
Performance Legends,3.5,2
"Tenokucho Co., Ltd.",3.5,2
Holland Interface Solutions Inc.,3.5,1
Qualitair Sea Dimotrans Group,3.5,1
Omera Srl,3.5,1
Mailboat Company Ltd.,3.48,3
Ati Container Services,3.48,2
Michael G. And Barbara A. Kidd,3.48,2
Applegood,3.48,2
"Aesseal Cold Weld Pvt., Ltd.",3.47,1
Cosechas Dominicanas J&M Srl,3.46,2
Norwegian Cruise Line Holdings Ltd.,3.45,1
Argo Piraeus Saltis Tasos,3.44,2
"Saran Trading Co., Ltd.",3.44,2
Choice Motors Llc,3.44,2
Lazarus Services Ltd.,3.44,7
Renaissance Apparels Ltd.,3.42,1
Armacup Ltd.,3.42,2
Efj,3.42,2
Inver Press Srl,3.42,1
Navios Ship Tankers Management,3.4,6
Lobra Ag,3.4,1
Martin Skye (Omniform Kk),3.4,4
Ribeye Boats,3.4,2
Tianjin Xiangyu Electric,3.4,2
Prysmian Sp A In Sa,3.4,1
Hys Mooi,3.4,2
My Cars Korea,3.4,2
M T Chem Mercury,3.4,2
Bahamas Environmental Group,3.3800000000000003,3
Plaber Srl,3.38,1
Hebei Yongcheng Bicycle Industry Co.,3.38,2
Smurfit Kappa Republica Dominicana,3.38,2
Sumotorijapanco. Ltd.,3.38,2
"Contemar Shipping Co., Ltd.",3.38,4
Pak Nippon Corp.,3.37,3
Exmar Shipmanagement,3.3600000000000003,10
Firts Choice Source Center,3.3600000000000003,2
First Move International Ltd.,3.36,2
Acia Aero,3.36,1
College Auto Sales Of Florida Llc,3.36,1
The 4 X4 Specialists,3.36,2
Shanghai Liannan Auto Accessories,3.36,1
Maspor Marine,3.36,2
Hawkins Agri Ltd.,3.36,2
Tatc,3.36,2
Woxtune Ab,3.36,2
Norfran Ltd.,3.36,2
Japan Overseas Corp. Canjapan International Inc.,3.36,2
Auxiliares Textiles S.A.,3.35,1
Sysco France Sas,3.35,1
Vships Greece,3.3499999999999996,3
Car Trade Line Ltd. Liability Co.,3.34,2
"Ymt Co., Ltd.",3.34,2
G Hilton,3.34,2
Ampere Sas,3.34,2
Jaa Simon Burger,3.34,4
Grand Bahama Port Authority,3.34,2
M V Energy Universe V037 B,3.34,6
Davigel Sas,3.33,1
"Tezarat Co., Ltd.",3.32,2
Beapy,3.32,2
Psp Logistics,3.32,2
Belleville Auto Sp A Res,3.32,2
"Abey Global Co., Ltd.",3.32,2
Ziemann Holvrieka Gmb H,3.32,1
Hoheplate Ug & Co Kg,3.3000000000000003,4
Hagopur Ag,3.3000000000000003,4
Tk Aufzugswerke Gmb H,3.3,1
Zeeco China,3.3,1
Qingdao Sinotraffic Supply,3.3,2
Ym Trust Corp.,3.3,2
Creaciones Flerida,3.29,13
"Kbm Japan Co., Ltd.",3.28,2
Mendels Gmb H,3.28,2
Mt Trysil Spirit,3.28,12
Selecar Srl,3.28,2
Toyota De Puerto Rico,3.27,1
Le Bouchage Metallique,3.27,1
Baez Logistics Llc,3.27,1
Usta Automobile,3.26,2
Mms Ship Management (Singapore),3.26,3
Paris Clark,3.26,2
M V Hoegh Beijing V139,3.26,5
Norma Germany Gmb H,3.25,1
Nanjing Shun Rui Landscape,3.25,1
Antwon Dance,3.24,2
Rotzinger Pharmapack Gmb H,3.24,2
Yasin Trading Co.,3.24,2
"Chan Auto Co., Ltd.",3.24,2
Assessa Industria Comercio E Exp. L,3.24,1
Heller Sae,3.24,2
Daishintrading,3.24,2
"Trade Box Inc. Co., Ltd.",3.24,2
Deme Offshore Dk A S,3.23,11
Astra Cucine Srl,3.23,1
Earth Summit,3.23,3
Fiat Chrysler,3.23,1
Pt . Sioen Semarang Asia,3.22,1
"Nippon Enterprises Co., Ltd.",3.22,2
Nexustrade Ltd.,3.22,2
F A Stationary Trading Srl,3.22,4
U.Cararai,3.22,2
Manitoba,3.22,7
Rias Baixas Knutsen,3.2199999999999998,7
"Vectrix Japan Co., Ltd.",3.2199999999999998,4
Richard Autio (Sponsor) & Karen,3.2,2
"Rosperinternational Co., Ltd.",3.2,2
Eagle International Trading,3.2,2
Sgcm Guadeloupe,3.2,2
Rockland Federal Credit Union,3.2,2
Prm Newage Ltd.,3.2,1
Sortis Oprema D.O.O,3.2,2
Williams Classics Ltd.,3.2,2
Alablanca Food Products N.V,3.19,5
Mubea Iberia S.A.,3.19,1
Iamet Srl,3.19,3
0492 Ag Co Co T1 Hr Co.,3.18,1
"Rockwell Collins Southeast Asia Pte., Ltd.",3.18,2
Gva Bymycar Bourgogne,3.18,2
Transceler S.A.S,3.18,2
"Vj Technologies (Suzhou) Co., Ltd.",3.18,1
Industria De Empaques Multiples Alm,3.18,3
0001 Ad Bn 01 Bty D Ada Batte,3.18,1
Suprema Mfg. S.A.,3.1799999999999997,8
Sea Trans Services Burgos,3.16,2
"Us Direct Co., Ltd.",3.16,3
"Mtm Ship Management Pte., Ltd.",3.16,6
Henan Ruijie Automobile Leasing Co.,3.16,2
Cris Guns,3.1500000000000004,3
Norwegian Cruise Lines,3.14,2
Vardeco Sa,3.14,2
Auto Aaldering Brummen Bv,3.14,2
Legrand Estonia O Ensto,3.1399999999999997,3
Costamare Shipping Co.,3.1399999999999997,4
Prestige Selection Ltd.,3.12,2
K 1 Trading Cp.,3.12,2
Wah Kwong Ship Mngmt Ltd.,3.12,4
Oakwood Specialist Cars,3.12,2
Mian Motors Ltd. Japan,3.12,2
Sonama,3.12,2
"Isa Jidosha Co., Ltd.",3.12,2
Bosch Car & Classic Service,3.12,2
Lyric Industries (Pvt) Ltd.,3.12,2
Stafsjoe Valves Ab,3.11,1
Yunikon International Inc.,3.1,2
Triturados Puerto Blanco,3.1,2
Air Quality Process,3.1,1
Swallow Yachts,3.1,2
Trans Arenas International Cargo Ltda,3.1,2
Sekai Japan Llc,3.1,2
"Risky Business Co., Ltd.",3.1,2
Mgi Llc,3.0999999999999996,2
"Port Link Co., Ltd.",3.0999999999999996,4
Andros Island Sea Spone,3.09,4
"Car Life Noguchi Co., Ltd.",3.08,2
Master Of Wislaborg,3.08,7
Huber Cars Gmb H Co Kg.,3.08,2
Hk Handels Gmb H,3.08,2
Angofih Sai,3.08,2
"Indus Trading Co., Ltd.",3.08,2
"Bay Garage Co., Ltd.",3.08,2
"M3 Japan Co., Ltd.",3.07,3
"Far East Trading Co., Ltd.",3.06,2
Silicon Refractory Anchoring System,3.06,1
Dutch Rovers,3.06,2
"Qinshi (Xiamen) Trading Co., Ltd.",3.06,1
Zaman Motor Co.,3.06,2
Florencio Comercial Srl,3.0599999999999996,6
Sanco Swift,3.05,35
Eastern Mediterranean,3.04,5
Lucius,3.04,2
"Shijiazhang Hanpiao Metal Work Co., Ltd.",3.04,1
"Kc Trade Co., Ltd.",3.04,2
New Tech Inc.,3.04,4
Funai Electric Cebu Inc.,3.04,5
Euronav Ship Management Ltd.,3.03,6
George Mcivor Aviation,3.03,1
"Sky Enterprise Co., Ltd.",3.02,2
Zhejiang Liqian Vehicle,3.02,2
K3 Trading,3.02,2
Fmc Technologies Inc.,3.02,1
Shandongshuoyivehiclesalesco. Ltd.,3.02,2
Eagle Explorer Co Gulf Marine Cont,3.02,2
Rnr Bv,3.02,2
Union Atlantic Srl,3.01,1
Desyre S.R.O.,3.01,1
Dazmac (Pty) ) Ltd.,3.0,2
Wilhelmsen Ship Managment Korea Lt,3.0,2
Uk Sports & Prestige,3.0,2
Pcd,3.0,1
Sammit Llc,3.0,2
Master Of Atlanticborg,3.0,2
New Shipper,3.0,2
Dredging International Nv,3.0,1
Manesh Sundarial,3.0,2
"Sewon S P Co., Ltd.",3.0,2
Pepa World Llc,3.0,2
Ruote Da Sogno Srl,3.0,2
M T Pacific Garnet,3.0,3
Wb &Sons Auctioneers,3.0,2
T&M,3.0,2
M V Argo B,3.0,1
Hapag Lloyd Ag,3.0,3
Icon Motorsports (Pty) ) Ltd.,3.0,2
"Chiba Trading Co., Ltd.",3.0,2
Zetrucks S.L.,2.98,2
M Traders,2.98,2
Pak Japan Trading,2.98,2
Crystal Hills,2.98,2
M V Gsl Violetta V444 E,2.98,1
Alonza Gmb H,2.98,2
"Aoi Trading Co., Ltd.",2.96,2
Nine1 Motors,2.96,2
Waterfront Marine Services,2.96,6
Japan Quality Exp.,2.96,2
"Takasaki Jidousha Hanbai Co., Ltd.",2.96,2
"Woorom. Co., Ltd.",2.96,2
Enshujihan Ltd.,2.96,2
Autofarm Ltd.,2.96,2
Tokyo Bay,2.95,1
Mc 127,2.95,1
W51 D3 S,2.95,2
Pforc,2.94,2
Kapril Industrial Laboratorio S.R.,2.94,1
Palfinger Marine Maribor,2.94,1
Maison Zellige,2.94,1
Masa Trade International Ltd.,2.94,2
Anglo Eastern Ship Management Ltd.,2.93,12
M K Trading,2.92,2
Seaway 7 Us Inc.,2.92,1
Cmp Products,2.92,2
Seven Ocean,2.9,1
Dhs Uscis Vi Charlotte Amalie Fo,2.9,2
Helidberg,2.9,1
"Kashmir & Co., Ltd.",2.9,2
Cavalier International Air Ocean Freight,2.9,2
Dhs Tsa Stt,2.9,2
Solo Chuzos Cr Cars Ltda,2.9,1
Mahaweli Enterprises,2.9,2
Erkyah Little,2.9,2
Motorships As,2.9,2
"Dynatech Controls Pvt., Ltd.",2.89,1
Mt Oslo Bulk 1,2.8899999999999997,9
Cheema Brothers Medix Japan,2.88,2
Globenet Ltd.,2.88,2
V Ships Uk Ltd.,2.88,4
Sturm Maschinen & Anlagenbau Gmb H,2.88,1
Oliver & Oliver International Inc.,2.88,2
Wuhan Harden Electric Furnace Co.,2.88,2
Global Marine,2.88,2
Note Lund Ab,2.87,3
Eurotech Srl,2.87,1
Bcs Automotive Interface,2.87,1
"Joint International Co., Ltd.",2.86,2
4 Wheelers Ltd.,2.86,2
Patels Airtemp India Ltd.,2.86,2
"Japan Global Co., Ltd.",2.86,2
Rodriguez Auto Parts Inc.,2.86,1
Tomei International Llc,2.86,2
New Garage Customs,2.86,2
Lex Hin Holdings Llc,2.86,2
Ed Kar,2.85,1
"Takasaki Jidousha Co., Ltd.",2.84,2
Hennig France Sas,2.84,3
Auto Concept 66,2.84,2
Nomad Exp.,2.84,4
"Shinoda Co., Ltd.",2.84,2
Grimaldi Euromed Sp A,2.84,1
"Adachi Motors Co., Ltd.",2.84,2
Proempaques Nacionales,2.84,4
Rack N Roll (Pty) ) Ltd.,2.8200000000000003,2
Fareastcorporation,2.8200000000000003,4
Tupperware Us. Inc.,2.82,2
Takahashi Trading,2.82,2
Glion Trading,2.82,2
Fyco Telecomunicaciones Srl,2.82,6
Jdmoptions,2.82,2
De Jong Service En Verkoop,2.82,3
Evergreen Marine Corp.,2.81,4
Hos Black Rock,2.81,1
Producciones Antillana,2.8000000000000003,6
General Cases Usvi,2.8,2
United States Postal Services (Stt),2.8,2
Inovaimp Sa De Cv,2.8,2
Mariel Rodriguez Santos,2.8,4
Prestige Vehicle Sales And Consulta,2.8,2
Mm Service And Logistik,2.8,1
Xshore Ab,2.8,1
Asi Auto Shipment Gmb H,2.8,2
Hubei Haojing International,2.8,1
Oyamaenterprisesco. Ltd.,2.7800000000000002,4
Franky Y Ricky Sa,2.78,5
"Globle Fame Co., Ltd.",2.78,2
Pa Exp. And Trading,2.78,2
Preciso Fashion,2.77,1
"N.C.R. Rubber Industries Co., Ltd.",2.77,1
Speedmaster Di Tibiletti Marco,2.76,2
"Maersk Tankers Singapore Pte., Ltd.",2.76,1
"M&Mtrading Co., Ltd.",2.76,2
Autodue Srl,2.76,2
Carsbeck,2.76,4
"The Natures Bounty Co., Ltd.",2.76,2
"Zumoto Trading Co., Ltd.",2.76,2
Setcargo,2.75,1
Global Corp. Japan K K,2.74,2
International Flavors & Fragrances (Mexico) S.A. De C.V.,2.74,2
Tailgate Jp,2.74,2
Aptiv Manufatura E Serv. De Distrib,2.73,3
Fast Giant,2.72,1
Caraibes Spares Parts Csp,2.72,2
Walker Cay Land Holdings,2.72,1
Zeller Gmelin Gmb H,2.72,1
As166 Tacv111,2.72,2
Atlantic Sales Salvage,2.72,1
Bermuda Boat Sales,2.72,1
Saxonia Franke Gmb H & Co. Kg,2.7199999999999998,6
Brickell Buick & Gmc,2.71,1
Executive Ship Management,2.71,10
Xubi Engranajes,2.7,1
Philippine Kenko Corporation,2.7,3
Ja International Trading,2.7,2
Euro Bimmers,2.7,2
Artemis Voyager,2.7,9
J.A.P Expresscompany Ltd.,2.7,2
Thai Lin Radio Coil Manufactory Limited,2.69,2
Kinetic Engineering Ltd.,2.69,2
Newman's Electric Co.,2.69,1
Teklas Bulgaria,2.69,3
Narita Motors,2.68,2
Singer Vehicle Design,2.68,2
Zhuzhou Yitongda International,2.68,2
Hshk Corp.,2.68,1
Canopus Voyager,2.68,33
Marlog Car Handling,2.68,2
Tmss France,2.67,2
Odice Sas,2.67,1
"Green Telecom Technology Co., Ltd.",2.66,1
Expocos Eirl,2.66,2
Coombs Country Autos,2.66,2
Thomas Romania Plastic Srl,2.65,4
Nomikos Am Transworld Maritime,2.64,6
Matt Standing,2.64,2
Kracht Gmb H,2.64,2
Hi Lite Airfield Services Llc.,2.64,2
Ajm Sales Ltd.,2.64,2
Green Management Sp. Z.O.O.,2.64,2
Virgin Island Water & Power Authori,2.64,6
Dg Aviation Gmb H,2.63,3
"Tokyo Exporters Co., Ltd.",2.62,2
Hug Inc.,2.62,2
"Er Tradings Co., Ltd.",2.62,2
Active Freight Management Ltd.,2.62,2
Doral Freight S.A.,2.62,2
"B.I.D Co., Ltd.",2.62,2
Onego Shipping & Chartering,2.62,6
Eme Gmb H,2.61,1
Convertidora Industrial Sa Cv,2.61,1
Ferme De La Sansonnire,2.6,1
"Aaajapan Co., Ltd.",2.6,2
Str8 Six Ltd.,2.6,2
Green Shipping As,2.6,4
P3 Paper Plastic Products,2.6,1
Carbolite Gero Ltd.,2.6,1
Severi Auto Classic S.A.R.L.,2.6,2
Gb Mini Garage,2.6,4
Changzhou Belesen Auto Electric Par,2.6,1
Romero Sales Llc,2.6,1
Taller Ebanisteria La Joya,2.5999999999999996,4
Bahamasair Holding,2.5999999999999996,3
Inqube Global (Pvt) Ltd.,2.59,3
Zf Lemforder Aks Mod San Ve Tic As,2.58,1
Fairfield Chemical Carriers,2.58,2
M V Seaboard Gemini V17,2.58,1
Jra Co.,2.58,2
Gsm Fuji Llc,2.58,8
"Nouryon Surface Chemistry Pte., Ltd.",2.58,1
Nirvana Explorer,2.57,12
Waico Srl,2.57,1
"Parsa Co., Ltd.",2.56,2
Ugl Rail Services Ltd.,2.56,2
Quest Freight Ltd.,2.56,2
Forte Fixadores Industries E Comerci,2.56,1
"Japan Spec Co., Ltd.",2.56,2
Wallenius Marine Ab,2.56,4
Zydus Animal Health And Investments,2.55,1
"Sharifa Auto Car Japan Co., Ltd.",2.54,2
Emilia Auto Gmb H,2.54,2
Brotherly Lovetrading,2.54,2
"Drive Line Trading Co., Ltd.",2.54,2
"Destino Co., Ltd.",2.54,2
Viko Industries Limited,2.53,1
Genneia Sa,2.53,1
Nurel S.A.,2.53,1
Cummins Brasil Ltda,2.53,1
Ionic Tankers (Mgt),2.52,4
Ionic Shipping Mgt Inc.,2.52,4
Island View Shipping Services,2.52,6
Hansa Flottbek Feeder Vii Gmb H & Gmb H & Co Kg,2.52,4
Sca Auctions Llc,2.52,2
Jonker Sailplanes,2.52,1
"Wellcham Used Car Co., Ltd.",2.52,2
Kapellen,2.52,8
Sevens And Classics Ltd.,2.52,4
Laboratoire M&L L' Occitane,2.52,1
Paradise Navigation S.A.,2.52,4
Japanoverseas Corp.,2.52,2
Seven Seas Water Corp.,2.5100000000000002,5
Index Braille Ab,2.51,1
Subcom Llc A 2 Sea Solutions,2.5,1
Interunity Management Corp.,2.5,4
"Copertrading Comercio, Exportacao E Importacao S.A.",2.5,1
Karl Mcgregor,2.5,2
Japan Cardirect Llc,2.5,2
R.J. Zomer,2.5,2
Luvata Pori Oy,2.5,1
Jtrading Corp.,2.5,2
Robinson Exp. Ltd.,2.5,2
Geo Resolution,2.5,6
Street Furniture Australia (Pty) ) . Ltd.,2.5,6
"Jiaxing Zewu Trading Co., Ltd.",2.49,1
Bulkship Management As,2.49,9
Bidadoo Auctions,2.49,1
"Well Services Petroleum Co., Ltd.",2.49,1
"Rana International Co., Ltd.",2.48,2
Cool Co. Management,2.48,4
Westlake Epoxy Inc.,2.48,1
G R Davis (Pty) ) Ltd.,2.48,1
Hong Kong Haishang Exp.,2.48,2
Master Greenwich Park,2.46,4
Expeditors International De Mexico,2.46,1
Maritime Materiel Command,2.46,1
Dutch Munich,2.46,2
M V Hellas Athina V019 B,2.45,1
Cataler Corp.,2.44,2
Neijiang Ainuowei Supply Chain Mana,2.44,1
"Miki International Trading Co., Ltd.",2.44,2
Auto Handel Eksport,2.44,2
Rodi Cargo International Group,2.43,1
Deme Dredging International,2.43,1
Art Palace Exp.,2.42,1
Yebane Textil Sl,2.42,2
Moritz International Ltda Cnpj 14,2.42,2
Aiue Co . Ltd.,2.42,2
Tonnellerie Gillet Claude,2.41,10
Dietronic Srl,2.4,1
Targenta Importacao E Exportacao De,2.4,2
Grupo Power Plastic Srl,2.4,2
Mv Montreal,2.4,3
Manor Classic Cars Ltd.,2.4,2
Slavisa Iskic,2.4,2
As Exp. (Pty) ) Ltd.,2.4,2
Inc. Corp.,2.4,2
"Heiwa Auto Co., Ltd.",2.4,2
Agencia Naviera Latinoamericana Sa,2.4,1
Virgin Island Air National Guard,2.4,2
Grupo Rojas & Co.,2.4,8
Hall Sp A Res & Rigging Bv,2.4,2
Shandong Horche Intelligent Automob,2.4,1
"Wainwright Bros & Co., Ltd.",2.4,2
State Oil Co. Suriname,2.4,1
Outdoor World Sxm,2.4,2
Puradom Srl,2.4,2
Linde Gas Dominicana Srl,2.38,3
Tomax Ab,2.38,2
Ge Gas Power,2.38,2
Yonder Holding Ltd.,2.38,1
Laboratoires,2.36,1
Artemis Recycling Srl,2.36,2
Seamtec Srl,2.36,4
Carpay Diem,2.36,2
Caribtrans,2.36,2
Coral Windows Bahamas,2.36,1
0158 In Bn 01 Hhc Infantry Bn,2.36,1
Ddc Dolphin,2.36,2
Ikari Imp.,2.36,2
Arianegroup Sas,2.35,1
New Zealand Health Mfg. Li,2.35,1
"Zulfiqar Motors Co., Ltd.",2.34,2
Raute Corp.,2.34,1
Epoca Motor 1980 Sl,2.34,2
M T Nord Steel,2.34,1
Emco Meijer,2.34,2
Classic 9 As,2.34,2
Laminados Facarlyte Sa De Cv,2.33,2
Jeffrey Howard & Associates Llc,2.33,1
Fytexia,2.33,1
Alstom Ferroviaria Sp A,2.3200000000000003,3
Royal Garage Di Cherubini Simone E,2.32,2
Slr Elsterheide Gmb H,2.31,1
Contitech Mexicana Sa De Cv,2.31,2
Oman Ship Management,2.3,7
Avr Watersport Bv,2.3,2
"Shenzhen Wetenda Technology Co., Ltd.",2.3,1
Llog Salamanca Kc 831,2.3,1
"Huailai Golden Glass Co., Ltd.",2.3,2
Piezas Plasticas C Por A,2.3,4
Bradford Marine Bahamas Ltd.,2.3,2
"Weihai Yishun Import And Export Co., Ltd.",2.3,1
Takashi Shintani & Cia Ltda,2.29,1
Trico Belgium,2.28,1
"Shahzad Trading Co., Ltd.",2.28,2
H.B.S.,2.28,2
Gateway Cargo Systems Gmb H,2.28,2
"Jan S Sakura Trading Co., Ltd.",2.28,2
"Torque Autos Japan Co., Ltd.",2.28,2
"Z I Trading Co., Ltd.",2.28,2
Bvi Tourist Board,2.27,1
Car Linkz Auto Group Llc,2.27,1
Caribbean Pavement Solutions Ltd.,2.27,1
Ron's Electric Motor,2.27,1
Changzhou Tengheng Machinery,2.27,1
M V Mol Hestia V. 6,2.27,3
Teudy Moreta Linares,2.2600000000000002,18
Majestic Princess,2.2600000000000002,28
Henderson Ltd.,2.26,1
Pgi France Sas,2.26,1
"Sterling Japan Co., Ltd.",2.26,2
The School Garage,2.26,2
Trinidad Offshore Fabricators Unlim,2.26,2
Outdoor World Nv,2.25,3
M V Phoenix Harmonia V. 02,2.25,3
Sheehy Ford Of Springfield,2.23,1
Gaslog Winchester,2.23,2
Mathewsons Classic Cars Ltd.,2.22,2
M V Adriano Knutsen V. Ad 00620,2.2199999999999998,3
Gkm Promotions,2.2199999999999998,2
Audemars Piguet (Marketing) Sa,2.21,1
Progress Rail Australia (Pty) ) Ltd.,2.21,1
Global Citizen Entertaintainment,2.2,1
K4 Ltd.,2.2,2
North East Sports Salvage,2.2,2
Brookway Investments Ltd.,2.2,2
North Devon Classic Cars,2.2,2
Gaslog Galveston,2.2,4
Alstom Service Panama,2.2,2
"Best Wheels Japan Co., Ltd.",2.2,2
M V Marvel Eagle V. 031 B,2.2,2
Noble Develpoer,2.2,1
Bc Trade,2.2,2
Victoria Ship Management Inc.,2.2,5
Shaban International,2.2,2
Ingenieria Y Ciencias Aplicadas Sa,2.19,1
M V Star Istind,2.18,1
Cross Freight Int. Speditionsges Mb,2.18,1
Primum Logistic Services S.A.S.,2.18,1
Ari Shipping Corp,2.18,1
Color Fabb B.V,2.1799999999999997,2
Airbus Atlantic,2.17,1
El Apsc K.K.,2.17,3
Elnet Martime Ltd.,2.17,3
M V Ignacy Lukasiewicz V. 2408 B,2.17,3
Disinsa Sa,2.16,8
Boats Ltd.,2.16,2
Inchcape Shipping Services,2.16,14
"Js Co., Ltd.",2.16,3
Craft Trends Llp,2.15,1
Guam Auto Spot,2.15,1
Emc Gas Corp.,2.14,4
Atlantic Bulk Carriers Management,2.14,4
Nichinou Shouji Kk,2.14,2
Witzenmann Gmb H,2.14,2
"Office Nakajima Co., Ltd.",2.14,2
Carbex Ab,2.14,2
Peacock Apparels (P) Ltd.,2.14,1
"Xiamen Jiasheng Foreign Trade Co., Ltd.",2.13,1
Fibre Boost (Pty) ) Ltd.,2.13,1
"Guangdong Jinying Imp. & Exp. Co., Ltd.",2.13,1
Crawford Cars,2.12,2
Tridon Clamp Products Gmb H,2.12,2
Ibf Industries Brasileira De Filmes,2.12,1
Waldermar Vatter,2.12,2
Hapag Lloyd Sp A In S.L.,2.12,1
Msc Printing [Pty] Ltd.,2.12,5
Cinco C Srl,2.12,6
Orion Bohemia,2.12,6
Mr. Nice Guy Enterprises Llc,2.12,1
Shipworkx Engineering Llc,2.11,1
"Shoba Industries Pvt., Ltd.",2.11,1
Sensitech Emea Bv,2.1,3
Sable International,2.1,1
Master Of Silver Hannah,2.1,4
Aa Japan (Pvt) Ltd. (Prohibited),2.1,2
Domaine Huet,2.1,1
Hp Etch Ab,2.0999999999999996,3
Hcl Fasteners Ltd.,2.08,1
Kalifood Distribution,2.08,8
"Nihon Horizon Co., Ltd.",2.08,2
Productive Engineers (Unit Ii),2.08,1
Bollore Logistics Auto Accounts,2.08,2
M V Marvel Crane V 19 B,2.07,10
Kemin Europa N.V.,2.07,1
Estee Lauder,2.07,1
Sermeta,2.07,1
Blumaka El Salvador Sa De Cv,2.06,1
Auto Exp. Shipping Inc.,2.06,1
Orlane S.A.,2.06,2
M V Bw Brussels V 36,2.05,5
Manuel Grant,2.05,1
Prosolar Systems Llc Peter Rosen,2.05,1
Junehan International Freight,2.04,1
M T Empery Vt028,2.04,1
Shanghai East Orange West Wine International,2.04,1
Ingrulan Enterprice Srl,2.04,2
Sts Scheltzke,2.03,1
Curious Factory,2.03,1
Le Tailleur Srl .,2.02,8
Tmt Inc.,2.02,1
Fuji Lanka Enterprises,2.02,2
Circuit Soul,2.02,2
Orlaco Products Bv,2.02,1
Les Grands Chais De France,2.02,2
Passerine At Abaco Holding,2.02,5
Thyssen Krupp Materials Internation,2.01,1
Scot Flensburg,2.01,1
Aerfin Ltd.,2.01,1
The Market Stt,2.01,1
Iac Gmb H,2.01,1
"Shin Seung Co., Ltd.",2.0,1
A3 Services Inc.,2.0,2
Sy Pimu,2.0,2
General Transport Ag,2.0,1
Rhl Reederei Hamburger Lloyd Gmb H,2.0,8
Nautical Venture,2.0,1
Raaco A S,2.0,2
Best Way Used Cars Trading,2.0,1
Serigraf S.A.,2.0,4
Kastamonu Entegre Agac Sanayi Ve,2.0,1
Mms Ship Management M.T. Solar,2.0,1
Hofman Leek Classic Cars,2.0,2
Celografica Urena Srl,2.0,2
Dobinsons Spring And Suspension,2.0,1
Brandart,2.0,1
Olthof Engine Service,2.0,2
"Cool Running Jamaica Co., Ltd.",2.0,2
M V Guadalupe Explorer V18,2.0,1
Coburn Resources (Pty) ) Ltd.,2.0,2
M V Robin 2 V04 N,2.0,7
"Dezhou Huaye Composite Co., Ltd.",2.0,1
Mid Town Trading,1.98,2
Johnson Electric World Trade Ltd.,1.98,1
General Steamship Corp. Ltd.,1.98,2
Gebr Waasner Elektrotechn Fabrik,1.98,1
"Idex India Pvt., Ltd.",1.98,1
Kaviflex Fl,1.98,2
Greif France Sas,1.98,1
M V Golden State,1.97,2
509 Imp.,1.97,1
Invicta Automotive Design Ltd.,1.97,1
Echale Salsita Chicharritas Srl .,1.97,5
Metalurgica Hassmann S.A.,1.97,2
Auto Oostra,1.96,2
Mk Laboratorios Srl Cosmetics,1.96,2
Editora Buho C. Por A.,1.96,4
Westwood Conversions Ltd.,1.96,2
Sofian Trading,1.96,2
Liberty Wireless,1.96,4
Ishima Ship Managment,1.96,2
Uk Defenders,1.95,1
"Okinawa Agent Co., Ltd.",1.95,1
Chongqing Yongchuan Great Wall,1.95,1
Aircos,1.9400000000000002,2
Ceramica Antigua Industries E Com Ltda,1.94,1
A 9 Trucking,1.94,4
Budget Marine N.V.,1.94,2
Orion Marine Construction Inc.,1.94,1
M V Bw Brussels V39 B,1.94,6
Clermont,1.94,8
Z Motorz,1.94,2
Salvaterra,1.94,1
Alexander Schleicher Gmb H & Co.,1.94,2
Julian Osvaldo Vizcaino De La Cruz,1.9300000000000002,12
Mettler Toledo Produktinspektion De,1.93,1
Ripoche Industries,1.92,2
Master Mv Ogba,1.92,3
"Axman Enterprise Co., Ltd.",1.92,1
"Rimiinternational Co., Ltd.",1.92,2
"J.P.Intl Co., Ltd.",1.92,2
Minerva Chios,1.92,1
Cat Cay Yacht Club,1.9100000000000001,2
As Felicia Opco B.V.,1.91,2
"Mahabal Auto Ancillaries Pvt., Ltd.",1.91,1
Mv Ethane Topaz V. 09,1.9000000000000001,10
"Hoplok (Cambodia) Co., Ltd.",1.9,2
Master Erik Spirit,1.9,2
Doddington Service Station Ltd.,1.9,2
Bonamim Artefatos De Couro,1.9,4
West Riding Classic Cars Ltd.,1.9,2
Zadig Et Voltaire,1.9,1
Bkw Kaelte Waerme Versorgungstechni,1.89,1
"Mas Active Trading (Pvt) Ltd.,",1.89,5
Food N Joy,1.89,1
Weilburger France Sas,1.89,1
Aubert & Duval Usine Des Ancizes,1.89,1
Awilco Lng Technical Management As,1.8800000000000001,4
Glassart Sa,1.88,2
Blue Butts Chequered Flag,1.88,2
Unitrade Nordic Ab,1.88,2
"Ningbo Zhenming Shaft Co., Ltd.",1.87,1
Mec Container Safety Systems Gmb H,1.87,2
Tft Llc,1.87,1
W&J Motors Llc,1.87,1
Jaguar Land Rover North America Llc,1.87,1
Castco Sdn Bhd,1.86,2
Mecelec Composit,1.86,2
Auto Shopper Inc.,1.86,1
Patris,1.8599999999999999,6
M V Caribbean Princess,1.85,1
Bahamas Ferries,1.85,3
Cchl,1.84,2
"Nes Nihon Co., Ltd.",1.84,2
Manitowoc Crane Group France,1.84,1
Leather Back Stt,1.8399999999999999,6
M V Jean Raspail V. 08,1.83,7
Gentili Cucine Srl,1.82,1
Arawa Inc.,1.82,2
Caribbean Labs And Traders Srl,1.82,4
Tokyo Bayside Trading,1.82,2
Camfil Apc Gmb H,1.82,1
Thermo King Del Caribe,1.82,2
Saintnals Llc,1.82,5
Dp Usvi Inc.,1.82,2
Vesuvius France S.A.,1.82,1
Cinco Csa,1.8199999999999998,3
O'cof Technology Ltd.,1.81,1
Vaalco Gabon Sa,1.81,1
Gooniesone,1.8,2
Arc Lancaster Ltd.,1.8,1
World Harmony,1.8,1
Christian Dior Parfums,1.8,1
Feragaia,1.8,1
"Cartones Del Caribe, S.A.",1.8,6
Davidshaw,1.8,2
"S B K Co., Ltd.",1.8,2
Koskin Imp. Oy,1.8,2
Dg Classic Cars Di,1.8,2
M V Rolldock,1.8,1
M V Nohshu Maru V 36,1.8,4
Hastens Beds Ab,1.79,2
M V Grandeur Of The Seas,1.79,2
Gaslog Lng Services Ltd.,1.78,3
Best Motor,1.78,2
"Seonghwa Industrial Co., Ltd.",1.78,1
Jag Group Japan,1.78,2
Pricemart Usvi,1.77,1
Diamond Offshore Co.,1.77,1
Seaways Kenosha,1.7600000000000002,6
Helados Internacionales Sa,1.76,2
Starbulk Sa,1.76,4
Optimas Oe Solutions,1.76,1
Nomikos Am Transworld,1.76,4
Cosco Container Lines,1.76,4
Briese Schiffahrts,1.76,6
M V Prism Courage V014,1.76,1
Dockendale Ship Management,1.76,4
Papis Motors Llc,1.75,1
Fucine Umbre Srl,1.75,1
Cs Decisive Chief Engineer,1.75,1
Stahl Europe Bv,1.75,2
Richmond Voyager,1.7400000000000002,12
M V Enchantment Of The Seas,1.7400000000000002,2
Wilhelmsen Ahrenkiel,1.74,4
Anderson Stewart Castings,1.74,2
Mediterranean Shipping Co.,1.74,1
Chizhong,1.74,2
Colonial Foods (Pty) ) Ltd.,1.74,2
Ft Marine Sas,1.74,3
Msc Ocean Cay Ltd.,1.73,3
Vishakha Industries,1.73,1
Cafferata & Co.,1.73,1
Interplex Pmp Ltd.,1.72,1
Perell Incorporado,1.72,8
Xiamen Tengfei Imp. & Exp. .,1.72,2
"Synergy Martime Pvt., Ltd.",1.72,2
"Rinzai Co., Ltd.",1.72,2
Ghidini Giuseppe Bosco S.P.A.,1.72,1
La Fruitiere Du Val Evel,1.72,1
Cosworth Electronics Ltd.,1.71,1
Canal Movers & Logistics Corp.,1.71,1
Dongguan Perfect Promotional Gift,1.71,1
St Systemtronic S.A.,1.7,2
Kieft En Klok Vintage Volkswagen,1.7,2
Eva Comercial Srl,1.7,2
Ningbo Polaris Crafts Trading Co.Lt,1.7,1
Autostile Sp A,1.7,1
"Baltimore Dominicana, C. Por A",1.7,2
Total Headturners,1.7,2
Artemis Arctic,1.69,2
Epiroc Australia (Pty) ) Ltd.,1.69,8
Prestige Imp. & Exp. . In,1.69,1
Tryenergy Ltda,1.69,5
Wdi Lighthouse Point,1.69,2
Pj Gaffers Lighting & Grip,1.6800000000000002,4
Liberty Blue Shipmanagement Gmb H,1.68,2
Pro Auto Sales & Service Of Orlando,1.68,1
Blue Water Shipping (Georgetown),1.68,1
F O C A M Spol. S R.O.,1.68,1
Eldo,1.68,1
Japatique,1.68,2
Remant Africa Logistics Nv,1.68,1
Teco Srl,1.67,1
Turbocam Romania Srl,1.67,1
P3 Paper Plastic Products Llc,1.67,1
M V Radiance Ots,1.6600000000000001,2
Sanco Sp A .,1.66,2
Avalon Logistic Services,1.66,1
Master Of Cape Tees,1.66,3
Skin System Srl,1.65,1
Rocklea Pressed Metal (Pty) ) Ltd. T A R,1.65,1
Baker Hughes Trinidad Ltd.,1.65,2
Yamato Spi Spirit,1.6400000000000001,4
Ornet Intermediates Ltd.,1.64,1
Headway Apparel Vietnam Co. Li,1.64,1
Sloman Neptune Schiffahrts Ag,1.64,1
Bhadohi Carpets,1.64,1
Vi Regulated Waste Management,1.64,2
Alfa Laval Kolding A/S,1.64,2
Western Air Ltd.,1.64,2
A. W. Faber Castell Cosmetics Gmb H,1.64,2
Woodward Clark Price,1.63,1
Shin Eiinternational Inc.,1.62,2
Jj Electric Sa,1.62,4
Many Hands,1.62,1
Haugland Virgin Islands,1.62,1
Carbon Revolution Operations,1.62,3
Houston Voyager,1.62,16
Givaudan International Sa,1.61,1
Blue Ocean International Inc.,1.61,1
Berrybrook Motors,1.6,1
Solocuivre,1.6,1
"Sk Shipping Co., Ltd.",1.6,3
Singapore Voyager,1.6,12
Rail Safety System Bv,1.6,1
Fbivw,1.6,2
Artemis Athene As,1.6,2
Mondiale Freight Services Ltd.,1.6,2
W905 Wl,1.6,2
Hyde Shipping,1.6,6
D&T Nursery,1.59,1
"West Indies Oil Co., Ltd.",1.59,2
K International Transport Co. Inc.,1.59,3
Home Fabrics Ltd.,1.59,1
M V Lng Enterprise V 27 B,1.58,4
Kotug Seabulk Maritime Llc,1.58,6
Fernando Trucking Services Inc.,1.58,2
Airbus Defence And Sp A Ce,1.58,1
M V Cadiz Knutsen V 21,1.58,6
Champioin International Moving,1.58,1
Verno Enterprise Ltd.,1.58,2
Carlos Furniture,1.58,2
Jebsen Shipping P Management Gmb H,1.58,4
Mathewsons Auction,1.58,2
Kohlhage Fasteners Gmb H & Co. Kg,1.57,2
Caribbean Concierge Service,1.57,1
Lorenzo Enterprises Corp.,1.57,1
Dimsm Llc,1.57,1
Mt Asopos,1.5699999999999998,7
Silverstone Auctions Ltd.,1.56,1
Lufran International Corp.,1.56,1
Construction Helicopters Inc.,1.56,1
Isolamin Ab,1.56,2
La Realeza Dominican Tobacco Srl,1.56,2
Kleentoditee Auto Sale,1.56,1
Seabourn Ovation,1.56,15
Helimax Aviation,1.56,1
Lanjas Essentials,1.55,1
Centre Logistique Videlot,1.5499999999999998,2
Nordhydraulic Ab,1.5499999999999998,2
Torm Splendid,1.54,4
Nivek Industries (Pty) ) Ltd.,1.54,1
Liebherr Logistics Gmb H,1.54,2
American Shipping Co.,1.54,1
Silver Euplecta,1.54,4
Spirit Ii,1.54,4
Pel Pintossi Emilio Sp A,1.53,1
"Efj Co., Ltd.",1.53,1
Keizo Internationalco. Ltd.,1.52,2
Reiwa Enterprises Llc,1.52,2
Mt Qogir,1.52,4
Arrowdene Moving And Storage,1.51,1
Parker Hannifin European Sarl,1.51,3
M T Al Agaila,1.5,1
The Bombay Burmah Trading Corp.,1.5,1
Baden House Sp A,1.5,1
"Global Hearts Co., Ltd.",1.5,2
"Benriner Co., Ltd.",1.5,2
Fema Warehouse,1.5,6
Aunde Achter Ebels Gmb H,1.5,1
Ubc Tilbury,1.5,1
Mt Bluefin,1.5,1
Tecno Rimuca Este Sociedad Anonima,1.5,1
California T Shirt Llc,1.5,2
Bahamas Pineworks,1.49,3
Brandoni Sp A,1.49,1
"Ningbo Powermetal Industries Co., Ltd.",1.48,1
Bahri Line,1.48,2
Marvel Heron V. 017 B,1.48,16
Gaslog Hong Kong,1.48,4
Motorwagen Spain S.L,1.48,2
Ferroxcube Polska Sp Zoo,1.47,1
Ryoushin Holdings Inc.,1.46,2
Mitchells Motors,1.46,2
Wethje Carbon Composites Gmb H,1.46,1
Lenovo (Pty) ) Ltd.,1.46,2
Trinity Global Trade Sas,1.46,1
Grand Auto Japanco. Ltd.,1.46,2
1 St Moveinternational Ltd.,1.46,2
Empaques Multiples Srl,1.46,2
Infa Inc.,1.46,2
Galeon Sp.Z.O.O. Sp.K.,1.46,2
Moran Shipping Agencies Inc.,1.46,8
Alpinestars Sp A,1.45,1
Fsp One S.R.O.,1.45,1
Freudenberg Vliesstoffe Se & Co. Kg,1.45,10
Lp Art,1.45,1
Icon Logistics Services Llc,1.45,1
Westrock Graphics Inc.,1.45,1
John Brown 4 X4,1.45,1
Chippenhook Corporation,1.45,1
Seaspan Emissary,1.45,1
Ecolab Ltd.,1.4400000000000002,4
"Nikkai Tsusho Co., Ltd.",1.44,2
Simpson's Shipping Enterprise.,1.44,1
Algoma Ship Tech Ltd.,1.44,2
Othoei Enterprise,1.44,2
Shimizu International Trading Co.,1.44,2
Usdot Faa Radar Site,1.44,1
Emile Egger & Cie Sa,1.44,2
Hellespont Ship Management Gmb H & Co Kg,1.44,2
"Sayuriinternational Co., Ltd.",1.44,2
"Eagle Ship Management Pte., Ltd.",1.44,2
"Hafil Trading Co., Ltd.",1.44,1
Nyk Lng Shipmanagement (Uk) Ltd.,1.44,2
"Terasaki Electric Co., Ltd.",1.44,1
Hai Jiao 1605 Ltd.,1.44,4
"Nyk Shipmngmt Pte., Ltd.",1.44,2
"I.F.J Co., Ltd.",1.44,2
Waico Srl .,1.43,1
Bernhard Schulte Shipmgmt Hong Kong,1.42,2
Nikko International Trading Co.,1.42,2
Hepatica Shipping Ltd.,1.42,2
"Bernhard Schulte Shipmanagement(India) Pvt., Ltd.",1.42,2
La Cara Mariko,1.42,2
Sanco Spirit,1.42,6
Shun Huating Lndustrial Shenzhen Co.,1.42,1
Vi.Da. Srl S.,1.42,2
"Nawab Trading Co., Ltd.",1.42,2
Silversea Cruises Ltd.,1.42,7
"Unojikou Co., Ltd.",1.42,2
Polytech A/S,1.42,1
Simp,1.4100000000000001,2
Federal Mogul Italy Srl Division Racing & Motorcycle,1.41,1
Vs Prospera,1.4,8
"Cabinda Gulf Oil Co., Ltd.",1.4,1
Rif Bv For Depth Logistics,1.4,2
The Car Warehouse,1.4,2
Industrie,1.4,1
Reederei Nord,1.4,24
Mr. Signs Srl .,1.4,2
Precision Cargo Services Ltd.,1.4,2
D And J Shipping Inc.,1.4,1
M V Star Lygra,1.4,1
Ha Auto Imp. Llc,1.4,1
Maison Peguet,1.4,2
Maersk Project Logistics,1.4,2
Silver Etrema,1.4,18
Simply Clean Auto,1.4,1
Damast Srl,1.39,1
Avb Ahrenkiel Vogemann Bolten Gmb H,1.39,3
Goodwin Refractory Services Ltd.,1.38,2
Robnor Resins Ltd.,1.38,1
Ocean Infinity Inc.,1.38,2
Oyama Enterprise,1.38,2
Vesuvius Mexico Sa De Cv,1.38,2
Levy Classic Cars,1.38,1
Lindt Et Sprungli,1.38,1
Tidewater Mexico,1.38,2
Optra Shipping Ltd.,1.38,4
V Ship Usa Llc (Boston),1.38,2
Kostal Eletromecanica Ltda,1.37,2
P.H.E. Gaskets Sp A,1.37,1
City Services Ltd.,1.3699999999999999,2
Gda Group Llc.,1.36,1
Vietnam Weilan Optical Ltd.,1.36,1
"Kyoritsu Industry Co., Ltd.",1.36,2
Yongkang Sanqianke Industries&Trade,1.36,1
Xiamen Coco Baby Childrens Products,1.36,1
Bahamas Rental,1.36,1
Front Line Systems,1.36,2
"Kazuya Suzuki (K's Factory Co., Ltd.)",1.36,1
Inter Abrasiv San Ve Tic A.S. Atatu,1.35,1
Halliburton Trinidad Ltd.,1.35,1
"Zhuji Itop Hardware Tools Co., Ltd.",1.35,1
Tahoe Spirit,1.35,7
Overseas Express Consolidators,1.34,2
Zim Integrated Shipping,1.34,4
Gac North America Logistics 162,1.34,4
1 St Impression,1.34,2
Ziegler Gmb H,1.34,1
V. Ships Greece Ltd.,1.34,2
Eastern Pacific,1.34,2
Atsushi Kakizaki,1.34,2
"Bw Lpg Holding Pte., Ltd.",1.34,2
Polembros Shipping Ltd.,1.34,2
"Furukawa Kyusou Co., Ltd.",1.34,2
Ascent Castings Technologies,1.34,2
"K. Marine Ship Managemetn Pvt., Ltd.",1.34,2
Sk Solutions,1.34,1
Fast Metallurgy Gmb H,1.34,1
Kotaki Corp.,1.34,2
Wild Enterprise,1.33,1
Fives Stein,1.33,2
Basf Chemcat (Thailand) Ltd.,1.33,1
Tui Cruises Gmb H,1.32,1
Lifeline Fire & Safety Systems Ltd.,1.32,1
Dexam International,1.32,2
Margaritaville At Sea Paradisemar,1.32,3
Volaplast,1.32,1
"Jabil Vietnam Co., Ltd.",1.32,1
Monte Pascoal,1.32,2
Odfjell Fleet Bergen,1.32,2
M V Diamond Gas Metropolis V. 003 B,1.31,7
Coleman American Moving Services In,1.31,1
Artisan Motor Co.,1.3,2
Goodwood Ship Management,1.3,3
Emarat Maritime,1.3,10
High Peak Autos Ltd.,1.3,1
Syspal Ltd.,1.3,2
Grands Vins De France,1.3,6
Earth Top International Ltd.,1.3,1
Amore Motors Ltd.,1.3,1
Jhp Dominican Timber Srl,1.3,5
Andritz Seals Sas,1.3,2
Paulclugston,1.3,1
"Vulica Shipping Co., Ltd.",1.3,2
X Ris Xray Imagins Solutions,1.3,1
"Lindal Valve Co., Ltd.",1.2999999999999998,3
Ami Industries Inc.,1.29,1
Maxwell And Spark B.V,1.29,1
Thomas Broadbent & Sons Ltd.,1.28,1
New Horizon Ferry Service Ltd.,1.28,4
Meditec A S,1.28,1
Wilhelmsen Vessel Accounting,1.28,2
Concentric Pumps Pune,1.28,2
Windstar Cruises,1.28,8
Ipsis Grafica E Editora S A,1.28,1
Royalton Antigua Resort And Sp A,1.27,1
"Hj Valve Co., Ltd.",1.27,1
Tdk Hungary Components,1.27,1
Sechsundsechzigste Schiffahrt Kg C,1.26,2
Viet Thanh Mechanical Production Co.,1.26,1
Oman Ship Management Co. S.A.O.C,1.26,2
Oman Shipmanagement Co. Saoc,1.26,2
Mantagas Denizcilik Ve Ticaret,1.26,2
V. Ships (Glasgow) Ltd.,1.26,2
"V. Ships Asia Group Pte., Ltd.",1.26,2
Scorpio Ship Management Sam,1.26,2
Cosco Shipping Energy Transportatio,1.26,2
As Camellia Schiffahrtsg Mbh&Co.Kg,1.26,2
Poaradise Navigation S.A.,1.26,2
Svalson Assembly Lulea Ab,1.26,3
Interunity Management (Deutschland),1.26,2
Javi Home (P) Ltd.,1.26,1
Cma Ships Warehousing,1.26,10
Pc Suzohapp Poland Sp. Z O.O,1.26,2
Ernh. Schulte Shipmt Deutschland,1.26,2
Intl Seaways Inc.,1.26,2
"V.Ships Asia Group Pte., Ltd.",1.26,2
Donnelly Tanker Management Ltd.,1.26,2
Reederei Nord B.V. De Entree 53,1.26,2
The National Chemical Carries Com.,1.26,2
Epson Mexico S.A De C.V,1.26,3
"Yellow Star Shipping Pte., Ltd.",1.26,2
Mideast Ship Management Ltd.,1.26,2
Wallem Shipmanagement Ltd.,1.26,2
National Chemical Carriers Ltd.,1.26,2
Leonhardt & Blumberg,1.26,2
Dominican Golden Leave Srl,1.26,2
Master And Owners,1.26,2
V.Ships,1.26,2
Master And Owners Mv Gisela Olden Oldendorff,1.26,2
Golden Union Maritime Operations,1.26,2
Keep It Reet (Pty) ) Ltd.,1.25,1
Summit Cargo Logistic Scl S.A.S,1.25,1
N I C Trading Llc,1.24,1
Wilhelmsen Port Services Inc.,1.24,3
Mujaded Textiles,1.24,1
Vestas A S,1.24,2
Survitec,1.24,2
V. Ships (Greece) Ltd.,1.24,4
Silver Moon,1.24,4
"Kusumgar Corporate Pvt., Ltd.",1.23,1
Weatherford Trinidad Ltd.,1.22,2
Rambal Ltd.,1.22,2
Oceanus Maritime Servicess,1.22,24
M V Celsius Charlotte V. 07,1.21,4
Fcf Fontanafredda Cold Forging S.R.,1.21,1
Intercos Europe Sp A,1.2000000000000002,2
"Meridian Construction Co., Ltd.",1.2000000000000002,3
Ap S. A.,1.2,1
Ben Boden Services Ltd.,1.2,2
New Advance,1.2,2
Nidec Instruments (Malaysia) Sdn.,1.2,1
Corporacion De Desarrollo Agricola Del Monte S.A.,1.2,2
Montauk Tanker Corp.,1.2,2
Omas Srl,1.2,2
"Stamco Ship Management Co., Ltd.",1.2,2
M V Avance Capella V. 02,1.2,2
Emca Universal Fmcg Sl,1.2,1
Retro 2 Resto S Gb Ltd.,1.2,2
Provenza Co.,1.2,2
Mv Valturchese,1.2,2
Baumueller Reparaturwerk,1.2,1
Junior Truck Center,1.2,1
Caramedics Vehicle Repairs,1.2,2
Modra Srem,1.2,1
Vellinge Bilbolag Ab,1.19,1
Cemm Mex Sa De Cv,1.19,1
Mt Amberjack Lng,1.19,7
"Sk Bnt Pte., Ltd.",1.1800000000000002,2
Enterprises Shipping And Trading Sa,1.18,10
Milli Enterprise,1.18,1
Sepremes Affordable Catering,1.18,1
Pvt. Individuals France,1.18,1
Urban Descartes,1.18,1
Productos Y Soluciones De Ingenieri,1.17,1
Fagrovet Farmaceutica Agro Srl,1.17,3
Impexport Surl,1.1600000000000001,2
M T Nord Superior,1.16,1
M T Nord Supreme,1.16,3
Swedish Lorry Parts Ab,1.16,1
Signal Dominicana S.A.,1.16,5
Paint Depot,1.16,2
Star Java,1.16,1
Bizlink (Bvi) Corp.,1.15,2
Gh Electrotermia S.A.,1.15,1
Enerdry Aps,1.15,1
T Chatani & Co.,1.15,1
Armor Plast Ltd.,1.1400000000000001,2
Grand Bahama Shipyard Ltd.,1.1400000000000001,6
Almar Inverproyect Srl,1.1400000000000001,6
As Carolina Schiffahrtsg.Mbh&Co.Kg,1.14,2
Caillau Sas,1.14,1
Cotton Knit S.A.C.,1.14,1
"Wtl Corp. Co., Ltd.",1.14,1
National Sea Resue Institute,1.14,1
"Shinko Denshi Co., Ltd.",1.14,2
Marinetrans,1.14,2
Alcan Timber Inc.,1.14,2
Wk4 Fgt,1.14,1
Asm Maritime Ltd. Stawinskylan,1.14,2
Cacique International,1.13,1
Tom&S Jet Ski Rentals,1.13,1
M V Avenir Achievement,1.13,3
Sure Trucking,1.13,1
Pinetree Stables Ltd.,1.13,1
Best Class Trading Recycling,1.13,1
North Riding Point Club,1.13,1
Seapeak Maritime Ltd.,1.12,8
Cool Classic Club,1.12,2
S. Veldkamp,1.12,2
Machimpex Ningbo Limited,1.12,1
As Svenja Schiffartsgesellschaft,1.12,1
Sky Overseas,1.12,1
2 Cv Garage Bv,1.12,2
Ledesma Pea Distributor Srl,1.12,2
Rs Clare,1.12,1
Charleston Restoratie,1.12,2
"Thai Fine Sinter Co., Ltd.",1.11,1
Deartis Lda,1.11,1
Nutra Organics (Pty) ) Ltd.,1.1,1
Ntk Europe Sp A,1.1,1
Honor Winter Sea Ltd.,1.1,1
Industrias De Fibras Dominicanas,1.1,4
"Taiyo Electric Co., Ltd.",1.1,2
"Korea Marine Engineering Co., Ltd.",1.1,1
Mversal Packing Srl,1.1,4
Master Of Cape Sable,1.1,2
Blossom Japan,1.1,2
"Jinan Forsun Cnc Machinery Co., Ltd.",1.1,1
"Mms Ship Management India Pvt., Ltd.",1.1,5
Barnidom Srl,1.1,4
Sabiana Sp A,1.1,2
Vvmv Jsc,1.09,1
Rolos Dominicanos S.A,1.09,5
Scandiloc A S,1.08,1
Gardet Champagne,1.08,2
Asp Ships Management,1.08,2
Msc Bahamas Ltd.,1.08,7
"Shanghai Forest Packing Co., Ltd.",1.08,1
Mtu Maintenance Hannover Gmb H,1.08,2
"Cwl Multinational Pte., Ltd.",1.08,2
Fori Korea Ltd.,1.07,1
Rk Industries Iv (Branch Code 2),1.07,1
Crusher Consumables Ltd.,1.06,2
M V Matson Maui,1.06,1
"Jet 8 Co., Ltd.",1.06,2
Labara S.R.O.,1.06,1
Shriram Foundry Ltd.,1.06,1
Lgg Tools,1.06,1
Croisieres Antilles Sxm,1.06,2
Zschimmer & Schwarz Gmb H & Co Kg.,1.06,1
Hillebrand Gori France Sas,1.05,1
"Rilong Technology (Shenzhen) Co., Ltd.",1.05,1
Archroma Mexico,1.05,1
"Apex Controls Co., Ltd.",1.05,1
"Olympic Country Co., Ltd.",1.05,1
Tronox France Sas,1.05,1
Freeport Container Port Ltd.,1.04,2
Frabel Sa De Cv,1.04,1
Gaschem Orca,1.04,3
Seletar Spirit,1.04,8
Columbia Shipmgmt,1.04,4
Mineo Diego,1.04,2
Master Msc Pina,1.04,2
Franz Fischler Gmb H & Co. Kg,1.03,1
Manpower Scrap Metal,1.03,1
M V Star Hansa,1.03,1
Destination Jiu Jitsu,1.03,1
An Brothers International,1.03,1
Clean Cajun,1.03,4
Phoenix Bulk Carriers,1.02,2
Energy Endeavour,1.02,7
Nabors Drilling International,1.02,1
Fernando Trucking Services,1.02,6
Webber Italia Srl,1.02,2
Apply Carbon,1.02,1
Barber Ship Management Germany Gmb H,1.02,2
"Gs Ship Management Pvt., Ltd.",1.02,2
Energy Integrity,1.02,6
Mt Oslo Bulk 6,1.02,4
Plaza Central Cinemas Srl .,1.02,2
Mt Eagle San Antonio,1.02,12
Fabie Sas,1.02,1
Valles Steamship (Canada) Inc.,1.01,4
"January International Trade Co., Ltd.",1.01,1
Jst Indonesia,1.01,1
"Schneider Electric India Pvt., Ltd.",1.01,1
M V Adam Lng V079 B,1.01,2
Anglo Eastern Shipmanagement Pte,1.0,4
Mt Roseshipping Management Bv,1.0,4
"Texray (Vn) Co., Ltd.",1.0,1
Guangxi Longsheng Huamei Talc,1.0,1
Bob Lynch Moving And Storage I,1.0,2
Master Amber Bay,1.0,2
Viros Pack Export S.L.,1.0,2
Comet,1.0,10
Arte Gelato Srl,1.0,2
M F Productions,1.0,1
Seatrade Groningen,1.0,1
F & J Exp. Ltd.,1.0,1
Del Zotto Products Ltd.,1.0,1
Mt Irini,1.0,1
Perennials Textiles De Mexico S De,1.0,1
Unit International,1.0,2
Mt Lngships Empress,0.99,3
"Saru Silver Alloy Pvt., Ltd.",0.98,1
Norbulk Shippig Uk Ltd.,0.98,4
Anglo Eastern (Germany) Gmb H,0.98,6
Forte Ind. E Com. De Artefatos Plas,0.98,1
La Aurora C Por A,0.98,1
M V Diamond Gas Crystal,0.98,5
Mv Horizon,0.98,1
Pulltex Sl,0.98,1
Deep Helder,0.9700000000000001,13
Stl Nanhu,0.97,5
Rovelli Antonio Sp A,0.97,1
Boehlerit Sa De Cv,0.97,1
Hebei Guangde Precision Casting,0.97,1
"Fynex Longfly Garment Co., Ltd.",0.97,1
Al Tard Al Dhahabi Al Duwali,0.96,1
Hon Kwang Electric (Philippines) I,0.96,1
Del Llano Alto Oleico Sas,0.96,1
Tamar Ship Management Ltd.,0.96,5
Reliance International Corp.,0.96,1
Inter Logistics Textile Supplies,0.95,1
"Hangzhou Flying Eagle Boat Co., Ltd.",0.95,1
"Draeger Korea Co., Ltd.",0.95,1
Dicker Data Ltd.,0.95,1
Mediterranean Shipping Co. Espana B,0.94,2
Siro Xavi Sl,0.94,2
Toyota Tsusho Nexty Electronics,0.94,1
Airbus Aerostructures Gmb H,0.94,1
Pennel Et Flipo Sprl,0.94,1
Osl Group Ltd.,0.94,2
Cortes Hermanos And Compania C. Por A.,0.94,4
Eco City Of Angels,0.93,2
Navigator Eclipse,0.93,4
M V Hellas Diana V23 B,0.93,2
Jiangsu Tongshun Power Technology C,0.93,1
Mv Bbc Kherson,0.93,1
Water Sewerage Corp.,0.93,1
Cosco Vietnam,0.92,3
Ever Green Carpets,0.92,1
Kasthall Mattor & Golv Ab,0.92,2
Gran Couva,0.92,2
Quanta Computer Inc.,0.92,1
Duelco A/S,0.92,1
S Reddish,0.92,2
Leonards Shipping,0.92,2
Wiwynn Corp. Tainan Branch,0.91,1
Dokumental Gmb H & Co. Kg,0.91,1
Master Chemtrans Adriatic,0.91,2
Laboratoires Expanscience,0.91,4
Danpumps A S,0.91,1
M T As Camellia,0.91,1
M V Dawn V 112,0.91,2
Bell Island Gordan Overing,0.91,1
Bahamas Rental Services,0.91,1
Fugro Trinidad,0.9,2
M V Green Warrior V. 104 Tc,0.9,2
Angels Spirit,0.9,1
M V Iberica Knutsen V. 00322,0.9,1
Car Exporters Uk Ltd.,0.9,2
M V,0.9,6
Independent Boat Yard,0.9,2
Ecu Line Australia,0.9,1
Meritor Hvs Ab,0.8999999999999999,2
Hellas Confidence Shipmanagement Sa,0.8999999999999999,2
M V Lng Rosenrot V. 23 B,0.89,4
"Asmpt Smt Singapore Pte., Ltd.",0.89,1
Duncha France Sas,0.89,1
Benzi & Di Terlizzi Srl,0.89,1
Golden Helm Shipping Co. S.A.,0.88,2
Juan Arrendell Peguero,0.88,4
Ab Maritime Inc.,0.88,2
Northern Marine Management,0.88,2
Equinox Maritime Ltd.,0.88,2
Kassian Maritime,0.88,2
Ecocarriers Maritime Ltd.,0.88,2
"First Marine Service Co., Ltd.",0.88,2
Badeloft Gmb H,0.88,1
"Synergy Navis Marine Pvt., Ltd.",0.88,2
"Chronos Shipping Co., Ltd.",0.88,2
Load Line Marine S.A.,0.88,2
Osm Thome,0.88,2
Borealis Denizcilik A.S.,0.88,2
Bernh. Schulte Shipmanagement Deuts,0.88,2
"Belships Mgmt (S) Pte., Ltd.",0.88,2
"Thome Shipping Pte., Ltd.",0.88,2
"Tokyo Corp. Co., Ltd. Fukuoka",0.88,2
Tradelinens Ltd.,0.88,1
Tri Bulk Shipping Ltd.,0.88,2
M T Gh Madison,0.88,5
"Masumoto Shipping Co., Ltd.",0.88,2
Pos Sm,0.88,2
Prent Americas Cr Srl,0.88,1
Master Of Aragonborg,0.88,2
Dalex Shipping Co Sa,0.88,2
Albro Navigation Co.,0.88,2
Aquaspersions Ltd.,0.88,2
"New Marion Pte., Ltd.",0.88,2
M V Sterling Freia Sterling Freia L,0.88,2
"Tamir Ship Management Pte., Ltd.",0.88,2
Densay Ship Management,0.88,2
"Genco Synergy Pvt., Ltd.",0.88,2
"Nsk Ship Management Pvt., Ltd.",0.88,2
Kyla Shipping & Trading Corp.,0.88,2
Cetus Maritime (Shanghai) Ltd.,0.88,2
Conbulk Shipmnt Corp.,0.88,2
Master Of Warnowborg,0.88,2
Saint Michael Shipping,0.88,2
Four Seasons Resort,0.88,2
Hoegh Techinical Managment As,0.88,1
Carboflotta Sp A,0.8700000000000001,3
Bieri Hydraulik Ag,0.87,1
"Eight Tool Co., Ltd.",0.87,1
Fook Wah Kun Kee Knitting Fty. Ltd.,0.87,1
Mt Vivit Americas Lng,0.8600000000000001,5
Caribbean Trading,0.86,2
Future Electronics Inc. (Dist.) Pte,0.86,1
Schiffahrtskontor Tom Woerden Gmb H,0.86,8
Cma Cgm Symi,0.8500000000000001,2
Mv Nh Siri,0.85,1
Master Of Trancura,0.85,3
Master Hellas Voyager,0.85,1
Abt Products Ltd.,0.85,1
Securon (Amersham) Ltd.,0.85,1
Msc Mediterranean Shipping Co.,0.8400000000000001,3
M V Marvel Pelican,0.8400000000000001,6
Bikes4 You Srl,0.8400000000000001,4
Sydney Spirit,0.84,14
Kraff S.L.,0.84,1
Octopus Ship Management B.V.,0.84,2
Analog Devices Phils Inc.,0.84,1
Brenntag Schweizerhall Ag,0.84,2
Datwyler Pharma Packaging,0.84,1
Unic International Uk,0.84,2
Hans Foelsgaard A S,0.84,4
Oceanus Aurora,0.8300000000000001,3
Gyma 84,0.8300000000000001,3
Stant Manufactury De Mexico S.A De,0.8300000000000001,3
Imt Armaturen Srl,0.83,2
Seaboard Galaxy,0.83,5
Chame Ltd. 7 A Park House,0.83,1
Master Of One Triton,0.83,1
Msc Korea Ltd.,0.83,4
Torin Sifan Ltd.,0.83,1
Layana Co.,0.83,1
Entech Electronics,0.83,1
Eco Joshua Park,0.83,2
M V Sky V 160056,0.8200000000000001,2
"Alphacraft Pvt., Ltd.",0.82,1
"Cpro Vietnam Co., Ltd.",0.82,1
Mv Mol Celebration V. 096 W,0.82,2
Tripple Tees Cuas,0.82,2
Ebs Sweden Ab,0.82,2
Vranken Pommery Monopole S.A.,0.82,1
Intl Roofing Waterproofing,0.82,2
Nls Sas,0.81,1
Man Truck Bus Ag,0.81,1
Imcd Espana,0.81,1
High Trust,0.81,2
Master Of Cape Taft,0.81,3
Adm Do Brasil Ltda,0.81,1
Tote Services Inc.,0.81,11
Trocompsa,0.8099999999999999,4
Grupo Cometa S.A.S,0.8,2
Zeaborn Ship Management,0.8,2
Crowley Latin America Services Llc,0.8,2
Leidos Security Detection,0.8,1
Tb Marine Shipmanagement Gmb H,0.8,2
Ps Paper Plastic Products,0.8,2
Alabalanca Food Products N.V.,0.8,2
Master Of Virginiaborg,0.8,2
Master Of Reggeborg,0.8,2
Horizon Auto Shipping Inc.,0.8,1
Stl Pearl,0.8,11
Master Msc Barbara,0.8,1
Navigator Nova,0.8,1
Interscan Schiffahrtsges Mbh,0.8,2
Exportadora Bueno Sa,0.8,2
Limetree Bay Terminals Llc,0.8,2
Mid Century Evocations,0.8,2
Smoki Srl,0.8,1
Universal Instrument Sro,0.8,1
Mt Eagle San Juan,0.8,12
Epsilon Aframax Corp.,0.8,1
Sgs Canada Inc. Agri Insp. Services,0.8,7
Randflex (Pty) ) Ltd.,0.8,2
Mt,0.79,2
K.K.P. Textiles Ltd.,0.79,1
Smt Apparel Lanka Ltd.,0.79,1
Confisserie Napoleon B.V.,0.79,1
M V Rioja Knutsen V. 0518,0.79,3
Tdk Electronic Components S.A.U.,0.79,1
Stl Yangtzhe,0.78,9
Aubrilam,0.78,1
The Construction Stt,0.78,2
Rovers Medical Devices Bv,0.78,2
Kristeel Shinwa Industries Ltd.,0.78,1
Heynen Systems Bv,0.78,1
C Shipmanagement Ltd.,0.77,1
Sea Jacks Uk Ltd.,0.77,2
Cst Caldelas,0.77,1
M V Diamond Gas Rose V 25 B,0.77,8
M V Exhibitionist V01 Vc,0.77,4
Mann Hummel Water E Fluid Solutions,0.77,2
Ione Innovation Inc. Taiwan Branch,0.77,1
Wyman Gordon Ltd.,0.77,1
Lanco Dominicana C Por A,0.76,2
Arawak Hardwoods & Imp. Internat,0.76,2
Pec De Mexico Sa De Cv,0.76,1
Gulmohars,0.76,4
Hachette Uk Distribution,0.76,1
Espel S.A.I.C.A.,0.76,1
M V Trf Kristiansand V 2404,0.76,2
Pt Eratex Djaja Tbk,0.76,1
"Rishabh Instruments Pvt., Ltd.",0.76,1
Sofileta,0.76,1
Master Connector,0.76,2
M T Genco Warrior,0.75,2
Sin Boon Beng Printing Sdn Bhd,0.75,2
Star Gibraltar,0.75,1
M V Exhibitionist,0.75,2
Master Of Cougar,0.75,3
Vintage Auto Dealership Sa,0.75,1
"Jin Yi Cherng Precision Co., Ltd.",0.75,1
"Jin Tay Industries Co., Ltd.",0.75,1
"Meenakshi India, Ltd.",0.75,1
Metra Jules,0.75,1
Franco Compania Naviera S.A.,0.75,1
M.R. Auto Trading,0.75,1
"Quanzhou Huanchen Trading Co., Ltd.",0.74,1
Blue Line Ship Management Sa,0.74,1
Tug Services Ltd.,0.74,2
Trimfix Mouldings,0.74,1
Rekers Gmb H Maschinen Und,0.74,2
"Ever Famous Co., Ltd.",0.74,2
Oslo Bulk 1,0.74,1
Urepol Polimeros Ltda,0.74,1
Jpd Global Pinturas Automotriz,0.74,1
Carnival Celebration,0.7300000000000001,3
Clipper Star,0.73,3
"Metso Outotec India Pvt., Ltd.",0.73,1
Mt Gaschem Nordsee,0.73,10
W F E L Ltd.,0.73,1
Warner Electric Europe,0.72,1
Wavy Wonders Aps,0.72,1
Mt Met Trading,0.72,2
Eaglestar Shipmanagement Usa Llc,0.72,1
Bsm Singapore,0.72,4
"Future Forwarding Co., Ltd.",0.72,1
Dowa Line America Houston Office,0.72,2
Psmt Llc Pricemart Inc.,0.72,2
Brother Trading,0.72,6
Spa Depot Sxm,0.72,2
Hayuama Shipping Ltd.,0.72,2
Changzhou Non Ferrous Casting,0.72,1
Gala Srl,0.72,6
Marathon E.G. Production Ltd.,0.71,2
Silgan Dispensing Systems Milano Sr,0.71,1
Ijh A S,0.71,1
Comercializadora Melo,0.7000000000000001,4
Seaspan Loga,0.7000000000000001,3
Scot Tanker,0.7,2
Mt Eagle Hanover,0.7,4
Smpm,0.7,4
Sacatec,0.7,1
Wah Kwong Ship Management,0.7,2
Mv Bona,0.7,1
Le Meridien Beach Plaza,0.7,1
Medina Maritime Cv,0.7,2
Viking Cruises,0.7,2
Forestwave Navigation,0.7,2
Flanders Innovation,0.7,2
Master Of M V Bulk Pride,0.7,2
Cebi Luxebourg S. A.,0.7,1
Bp,0.7,16
Gac North America,0.7,5
Promoplast Proebo,0.7,1
Energy Innovator V. 031,0.7,6
Cool Rider,0.69,1
Tora A.S,0.69,1
Blackcomb Spirit,0.69,9
Te Connectivity Germany Gmb H,0.69,2
Linhardt Gmb H & Co. Kg,0.69,1
Porcher Industries,0.68,2
Poor Man's Auto,0.68,2
M V Captain C,0.68,2
M V Eurocargo Bariv08,0.68,1
Dozamel Sp. Z O.O.,0.68,2
Sti Spiga,0.68,3
Virgin Island Paving Inc.,0.68,2
Resorts World Bimini Bahamas (Rwbb),0.68,1
Tripple Tees Gas,0.68,2
Owens Corning Technical Fabrics,0.68,1
Cool Explorer,0.6799999999999999,3
Imax Corporation,0.67,1
Chandris Building,0.67,1
Aurora Suspended Fires,0.67,1
Apexus (Pty) ) Ltd.,0.67,1
Canada Global Logistics Ltd.,0.67,2
Sde #1 Solar Dominicana,0.66,2
Lindblad Expeditions,0.66,1
Xplorer,0.66,1
M.E.Dey & Co. Inc. Dba Rolland Dey,0.66,2
Alumeco A S,0.66,1
Kobai,0.66,8
Ips Adhesives Europe Ltd.,0.66,1
Everlast Access Technologies,0.66,1
Oslo Ts 23022,0.66,2
Autokuhler Gmb H & Co.,0.66,1
"Dow Toray Co., Ltd. Fukui",0.66,1
M V Cadiz Knutsen V. Ck 01024,0.66,4
Villares Metals Sa,0.66,1
Russmill Safety,0.6599999999999999,3
Nescos Shipping,0.6599999999999999,2
Mv Ottoman Courtesy V. 2405,0.65,1
Master Msc Esthi,0.65,2
Mt Gaschem Arctic,0.65,1
Industrial Courage,0.65,1
"Ponie Sg Pte., Ltd.",0.65,2
Continental Automotive Mexicana Sa,0.65,1
Kerry Ingredients,0.65,1
Lupinus Planet,0.65,9
Kier Construction,0.6499999999999999,2
Vallooeby Mississippi Star Ltd.,0.64,1
"Nassau Paper Co., Ltd.",0.64,2
Elinchrom Ltd.,0.64,1
Transgas Shipping Lines Sa,0.64,2
Epic Manhattan,0.64,2
Chengdu Vantron Technologies Ltd.,0.64,1
Chinese Polish Joint Stock Shpg Co.,0.64,1
Teamsped,0.64,2
Holsum De Republica Dominicana,0.64,4
Fidel Antonio Sanchez Hierro,0.64,4
Medical Device Supply & Testing Ltd.,0.64,1
Oman Ship,0.64,9
Mt Nacc Poros,0.64,2
Qube Holdings Ltd.,0.64,4
Cld Physical Security Systems,0.64,1
Amazon Co Mcdermott Inc.,0.64,3
Oman Ship Management Co. Saoc,0.63,1
Subcom Llc,0.63,1
Master Sider Colombia,0.63,1
Logan Explorer,0.63,7
Flexo Wash Aps,0.63,1
Polaris Voyager,0.63,13
Pipeline Induction Heat Ltd.,0.63,1
Muhut Silver Maritime Transp.,0.63,1
Carib Supply Inc.,0.63,3
Baek Geum Philippines Corp.,0.63,1
Signal Alpha Mi 5 Llc,0.63,1
Dakaka Nigeria Ltd.,0.63,1
Sea Jaguar,0.63,2
Cs Reliance Master,0.63,9
Club Med Columbus Isle,0.63,3
Adelfia Navigation S.A.,0.63,1
Navios Star,0.62,1
Master Of Cape Tempest,0.62,3
Ing Oscar Vergez & Asociados,0.62,2
Mt Navigator Pluto V. 2202,0.62,5
M V Stena Pro Patria V. 2204,0.62,1
Electrolux Home Products,0.62,1
Seamtec Srl .,0.62,1
M V Lambi,0.62,1
Bepco Parts Sa,0.62,1
Mv Mykonos,0.62,1
M V Charline V01,0.62,1
Master Peak Spirit,0.62,4
"Autajon Packaging Pacific Co., Ltd.",0.62,1
Master Of Ps Amalfi,0.62,3
Carlfors Bruk Ab,0.62,1
Uiker Antriebstechnik Ag,0.61,1
Asklipios,0.61,1
Hiber Aligroup Srl,0.61,1
Swire,0.6000000000000001,4
Zim Israel Ltd.,0.6000000000000001,6
Boskalis Offshore Transport Service,0.6000000000000001,4
Master Kimolos,0.6000000000000001,3
M V Siem Aristotle,0.6,1
Svitzer Americas Ltd.,0.6,2
"Heya Metal Manufactory Co., Ltd.",0.6,2
Jungerhans,0.6,1
Koninklijke Sanders Bv,0.6,2
British Contributor,0.6,10
Norbulk Shipping Ltd.,0.6,1
Epsa Labco Ingenieros Consultores,0.6,2
Guenter Jasper Gmb H Co. Kg,0.6,1
Jps Afroditi,0.6,2
M V Ubc Halifax V24005,0.6,2
Saffier Maritiem B.V.,0.6,2
Master Of Ps Milano,0.6,2
Atlantic Jade,0.6,1
Sague Eirl,0.6,2
Schlenk Metallic Pigments Gmb H,0.6,3
Petroquim Srl,0.6,1
Scherdelgmbh,0.6,1
Strobel Spezialmaschinen Gmb H,0.6,1
Pc Maskiner.Dk A S,0.6,1
M T Sea Fractus,0.6,1
Shanghai Youlong Rubber,0.6,2
Aal Pusan,0.59,1
Delta Phoenix Srl,0.59,1
Steripower,0.59,1
Island Metals,0.59,1
Cincinnati Mine Australia (Pty) ) Ltd.,0.59,1
Subic Consolidated Projects Inc.,0.59,1
Master Miaoulis 21,0.59,1
Seabourn Odyssey,0.59,9
Master Of Continental,0.5800000000000001,3
Leatherback Tla,0.5800000000000001,4
Hatenboer Water,0.58,2
A.M. Nomikos Transworld Maritime Sa,0.58,6
Beltclav Electro Luxury Srl,0.58,2
Bonny Gas Transport,0.58,2
P T Chocolate And Presents Bv,0.58,1
Rolida Investments Inc.,0.58,2
Aston Dynamics (Pty) ) Ltd. A S Deutsche,0.58,1
"Shennan Circuits Co., Ltd.",0.58,1
London Voyager,0.5700000000000001,7
Bahamas Industrial Technology,0.5700000000000001,2
Adolf Edelhoff Gmb H & Co.,0.57,1
"Jsb Tech Pte., Ltd.",0.57,1
"Ningbo Jiecheng Axle Trade Co., Ltd.",0.57,1
Cf Industrial Electric (Qingdao) Co.,0.57,1
"Seatrium (Sg) Pte., Ltd.",0.57,1
Green Attitude,0.57,1
Master Dimitris P,0.57,1
"Raychem Rpg Pvt., Ltd.",0.57,2
Propontis,0.57,1
"Dasin Pte., Ltd.",0.57,1
Epic Sicily,0.57,1
M T Baltic Scorpion,0.56,3
Hcv Group A.S.,0.56,1
Air Products & Chemicals (Shanghai),0.56,1
Manuel Del Valle Inc.,0.56,2
"Nikkiso Co., Ltd.",0.56,1
"Texport Industries Pvt., Ltd.",0.56,2
Warisoulx,0.56,4
Dhs Ice Hsi,0.56,4
Xt Management Ltd.,0.56,2
Barcelona Spirit,0.56,8
V. Ships (Greee) Ltd.,0.56,2
Interscan Schiffahrtsgesellschaft M,0.56,2
Belo Velvets Bv,0.55,1
Simone Acc. Collection Ltd.,0.55,2
Braid Tecnolog A Y Fabricaci N S.A.,0.55,1
Waugh Construction (Bahamas) Ltd.,0.55,3
Preconco Ltd.,0.55,1
M V Aramis V 0123,0.55,2
Focal Jmlab,0.55,1
Mt Lng Ships Athena,0.55,3
Krey Schiffahrts Gmb H,0.54,2
Mt Xanthos,0.54,6
Prelude,0.54,2
Paragon,0.54,1
Maya Trades,0.54,1
"Five Star Shipping Co., Ltd.",0.54,2
Universal Concrete Llc,0.54,2
Emerson Process Mgmt Valve Automati,0.54,2
Wideshine Managment Ptd Ltd.,0.54,3
Alphaprix,0.54,2
M T Sea Santiago,0.54,2
Shanghai Chung Hang Imp. & Exp. Co.,0.54,2
Amphenol Tuchel Industrial Gmb H,0.54,2
Denver,0.54,10
Lanckriet,0.54,1
M T Ellington V4,0.54,2
Yasa,0.54,1
Granito Pena Jimenez Srl,0.54,2
M V Maran Gas Chios V 058 L,0.54,2
The Drh Collection Ltd.,0.53,1
(Vietnam) Sanjun Material Technolog,0.53,1
M V Saga Pioneer V 55,0.53,1
Springfix Befestigungstechnik Gmb H,0.53,4
Navi Prominence,0.53,3
Dokka Fasteners As,0.53,1
Mt Gaschem Pacific,0.53,2
Surface Tech International Phils Inc.,0.53,1
Wartsila Deutschland Gmb H,0.52,4
Angar Exp. Sa De Cv,0.52,1
St. Thomas Radiology,0.52,2
Lantana Planet,0.52,6
Pro Expert,0.52,2
Transformator Teknik Ab,0.52,2
Lazarus Service,0.52,2
Seasuccess,0.52,7
J Frankemberg C Por A,0.52,2
Mpr Brain,0.52,1
M V Global Sea Spirit,0.51,2
Heinz Glas Gmb H & Co. Kgaa Gs#11528,0.51,1
Pacific Blue,0.51,3
Accurate Diecast Ltd.,0.51,1
Ineos Dolphin V 020,0.51,1
"Teklight Components Pvt., Ltd.",0.51,1
"Dershr Co., Ltd.",0.51,1
M& J Industries,0.51,1
M T Genco Picardy,0.51,2
Vis Hydraulics Srl,0.51,1
Polymx Bv,0.51,1
Grundfos Colombia Sas,0.51,1
Integrity Eth,0.5,1
Maracuya Reposteria Artesanal S.R.,0.5,2
Master Msc Rosaria,0.5,1
Nyk Line,0.5,2
Tageos,0.5,1
Avant Denmark A S,0.5,2
Conformatic,0.5,4
Mclaggan,0.5,2
Carmanah Signs,0.5,2
"Fouma Shipping Co., Ltd.",0.5,2
Bw Lpg,0.5,1
Btt Solutions Ger Gmb H,0.5,1
Perseus Star,0.5,7
Transpetrol Tm As,0.5,2
J And J Bcn International Sa,0.5,1
Greco Libero,0.5,1
"Addison & Co., Ltd.",0.5,1
A.M. Nomikos Twma S.A.,0.5,1
Mortimer Candies,0.5,1
Secutor Corp.,0.49,1
M V Cadiz Knutsen,0.49,4
The Helping Hand Co (Ledbury) Ltd.,0.49,3
Inno Metaal Bv,0.49,1
Eastman Chemical Uruapan S.A. De C.,0.49,1
M V Globe Aliki V22 L,0.49,1
B.B.N. Exp.,0.49,1
Nc Macduff's Ltd.,0.49,1
Artemis Arctic Co Mid Gulf Shipping,0.49,1
Axalta Coating Systems Germany Gmb H,0.49,1
M V Hoegh Trader,0.49,1
Datum Electornics,0.49,1
Euronav Nv,0.49,6
Trumpf Gmb H Co. Kg Werkzeugmaschi,0.49,1
Xiamen Spider Network Technology Co.,0.49,1
Prosolar Pr,0.48,2
Hill Rom Sas,0.48,1
Winncare Uk,0.48,2
Torm Aslaug,0.48,6
Swedavia Ab,0.48,2
Grace Management Sa,0.48,2
Master Of Msc Ela,0.48,1
B Leather Mfg. Inc.,0.48,1
M V Eclipse V241 Vc,0.48,1
B Tech Contracting Group,0.48,2
Master Ice Victory Dynacom Tankers Management Ltd.,0.47,1
S S S Engineering,0.47,1
Vetus Maxwell Apac Ltd.,0.47,1
International Paint Ltd.,0.47,1
Mv Sanco Sword,0.47,1
Freeport Ship Services,0.47,3
"Quanzhou Senior Trading Co., Ltd.",0.46,1
Bob Lynch (Stx),0.46,2
Metso Chile Sa,0.46,3
Guangdong Ellington Electronics,0.46,1
Master Msc Agrigento,0.46,1
Mv Discoverer,0.46,1
Colcom Group Srl,0.46,1
Mt Bw Pavilion Aranthera,0.46,2
Sion Farm Distillery,0.46,2
Editora Buho Srl .,0.46,2
Olympia Rig Angola Lda,0.46,1
Master Of Ps Venezia,0.46,3
Fairfield Srl,0.46,2
Siv Gmb H & Co. Kg,0.46,2
Carmen Veloz,0.46,2
Eco Innovations,0.46,2
Motorstep,0.45,1
"Dongguan Malish Cleaning Equipment Co., Ltd.",0.45,1
Global Design Ltd.,0.45,1
Marlow Ship Management,0.45,1
Xiamen K Plumbtech Industries And,0.45,1
Ingo Mfg. Philippines Inc.,0.45,1
Mentor Technical Group,0.45,1
Elnet Maritime Ltd.,0.45,1
Diligent Holdings S.A. 43,0.45,1
Mv Star Apusc O Starbulk Management,0.45,1
Fugro Brasilis,0.45,2
Alpine Legend 142,0.45,5
"Alpla India Pvt., Ltd.",0.45,1
Mv Grande Togo V. 524,0.45,1
"Gwhome Pvt., Ltd.",0.44,1
Pt . Dystar Trading Indonesia,0.44,1
Trinpet 2012 Ltd.,0.44,1
"Swift Courser Enterprise Co., Ltd.",0.44,1
Etc Nefertari,0.44,2
Fleet Management Ltd.,0.44,1
Jr Ship Management Bv,0.44,4
Led2 Work Gmb H,0.44,2
M V Bf Hamburg,0.44,1
Clipper Mars,0.44,2
Kobol,0.44,1
Laselec Sa,0.44,1
Keller Kalmbach Gmb H,0.44,2
As Clara Shipco C.V.,0.44,1
Rubberindustrie Ebo B.V.,0.44,1
Seers Medical Ltd.,0.44,2
"Qingdao Maihui Shipping Co., Ltd.",0.44,1
Torm Vessel Co Uk,0.44,2
Sadah Silver Maritime Transporta,0.44,2
"Daesong Engineering Co., Ltd.",0.43999999999999995,2
Liferafts Inc. Of Puerto Rico,0.43000000000000005,3
Maritime Endeavors Shipping Co.,0.43000000000000005,2
Tl Ultralight S.R.O.,0.43,1
Ges Manufacturing Services (M) Sdn. Bhd.,0.43,1
D'vanya's Spices Dvanya's Mfg.,0.43,1
Silgan Dispensing Systems Hemer Gmb,0.43,1
Nakilat Shipping (Qatar) Ltd.,0.43,6
Stl Huangpu,0.43,10
Vistafolia,0.43,1
Sanco Shipping As,0.42000000000000004,3
Master Asphalt Splendor,0.42000000000000004,4
Stl Qianjiang,0.42000000000000004,3
Schiedel Skorstene A S,0.42,1
Seaboard Pride,0.42,6
Cor Sitzmoebel Helmut Luebke Gmb H,0.42,1
Hunter Food And Spirits,0.42,2
Atlantis Battle 4 Atlantis,0.42,1
Saga Crest,0.42,1
Assa Abloy Ltd. T A Securistyle,0.42,2
Freycinet,0.42,10
Distribuidora Thomen Srl,0.42,2
Akara,0.42,2
Kay Dee Engineering Plastics L,0.42,1
M T Marlin Shikoku,0.41000000000000003,2
Laerdal Medical As Nl,0.41,1
Volumental Ab,0.41,1
Videoton Elektro Plast Kft.,0.41,1
Solar Katherine Mms Ship Management,0.41,1
Eco Bel Air,0.41,3
"Shenzhen Rjc Industries Co., Ltd.",0.41,1
Beacon Automation,0.41,1
Industrias Gol S.A.,0.41,1
Sit Controls Bv,0.41,1
Royal Princess,0.4,2
Master Msc Long Beach Vi,0.4,1
Focal Shipping Services Llc,0.4,2
Cool Carriers Ab,0.4,2
Te Connectivity Brasil Industries De,0.4,1
Fischer Bargoin Sas,0.4,1
Vivot Equipment,0.4,4
Viking Norsafe Life Saving Equipmen,0.4,2
Yellowstone Co Reliable Ship Supply,0.4,1
Sk Telink,0.4,2
Corporacion Agricola La Loma Srl,0.4,2
Retrospective Scooters Ltd.,0.4,2
Breezes Of The Caribbean Ltd.,0.4,1
Grupo Expertix,0.4,2
Eneos Ocean Coporation,0.4,6
Captiva Print Srl .,0.4,2
Hizkia Germany Gmb H,0.4,1
Mississipi Star,0.4,2
On Site Enviromental (Stx),0.4,2
M T Sea Navigator,0.4,1
Marvel Fragrances Co.,0.4,1
Uniject,0.4,1
Tmg International Ltda,0.4,1
Scopedome Jacek Pala,0.4,1
Liberty Mobile Usvi Inc.,0.4,2
Arta Wash Sdn. Bhd.,0.4,1
Portorey Srl,0.4,2
Casa Arani C Por A,0.4,2
Torm New Zealand,0.4,2
Mt Seatriumph,0.4,1
"Pro Liquid Pte., Ltd.",0.4,1
Alegiria I,0.39,2
Master Karvounis,0.39,3
M T Seaways Rio Grande,0.39,1
"Kunshan Unistar Electronics Co., Ltd.",0.39,1
Zim Integrated Shipping Services Lt,0.39,4
Ahk Group,0.39,4
Laboratoires Lea,0.39,1
Wartsila Global Logistics Services,0.39,1
Toray Textiles Central Europe,0.39,1
Marine Freight Services,0.38000000000000006,6
Tonnellerie Remond Sa,0.38,1
Chukka,0.38,2
"Dg Shangaak Enterprise Co., Ltd.",0.38,1
Alkos Cosmetiques,0.38,2
Energy Fidelity,0.38,10
M V Amethyst Ace V118 A,0.38,2
Oldach St Thomas Branch,0.38,2
Master Of Bw Var,0.38,2
Corporate Systems Sia,0.38,2
Coliege Metalco Emballage,0.38,1
Cool Co. Managment As,0.38,8
Texpima S.A.C.,0.38,1
Pacific Ruby,0.37,3
Mt Seri Daya,0.37,10
Medinas Furniture Shop,0.37,1
"Schwan Cosmetics Cr, S.R.O.",0.37,1
Hapag Lloyd (America) Llc,0.37,2
Nomikos Am Transworld Agencies,0.36,2
Delly Deck,0.36,2
Knokke,0.36,4
Enterpise 263,0.36,1
Columbia Shipmanagement Singapore,0.36,11
Contship Management Inc.,0.36,2
M T Emilius V. 28,0.36,5
Twin Industrial,0.36,2
Native Oils Australia (Pty) ) Ltd.,0.36,1
M V Harvest Rain V 16 L,0.36,1
Seapeak Magellan Sepeak Maritime,0.36,8
"Ming Cheng Precision Co., Ltd.",0.36,1
Proxima Y Ltd.,0.36,2
Corporate Solutions Stt,0.36,2
Master M T Persepolis,0.35000000000000003,3
Burger Et Cie,0.35,1
Pserimos,0.35,1
Bulk Ship Management,0.35,1
Dipesh Sawant Vessel Manager,0.35,1
Gallery All Ltd.,0.35,1
Lng Seapeak Magellan,0.35,1
Jps Barcelona,0.35,1
Sulzer Brasil Sa,0.35,1
"Sinokor Petrochemical Co., Ltd.",0.34,2
"Town Talk Polish Co., Ltd.",0.34,2
Munson Shipping,0.34,1
Survitec Service & Distr Ltd. Attn,0.34,1
Seri Emperor,0.34,2
Island Link,0.34,1
Pacific Diamond,0.34,2
Mt Pic Paragon,0.34,1
Master Of Constellation,0.34,2
Aspel Molding De Mexico Sa De Cv,0.34,1
Lelon International Industries Ltd.,0.34,1
Hellespont Promise,0.34,12
Fromagerie Henri Hautin,0.34,1
Northern Franklin,0.33999999999999997,12
Valmet Services Jelenia Gora Sp.Z.O,0.33999999999999997,2
Schwan Cosmetics Germany,0.33999999999999997,2
Cresques,0.33999999999999997,6
Goltens Houston,0.33,2
Hlv Bokalift 1,0.33,1
Intelca Srl,0.33,1
M V Freycinet V29 L,0.33,2
Gc 780,0.33,1
Cj Korea Express Corp.,0.33,3
Array Plastics S.L.,0.33,1
Khana Marine Ltd.,0.33,1
"Glory Faith Pcb Co., Ltd. (Hk)",0.33,1
Atlas Logistic Services,0.32999999999999996,2
Galene Logistics,0.32,6
Top Five Enterprises Bv,0.32,2
Casa Abreu Srl,0.32,2
Arno Arnold Gmb H,0.32,2
Senko Advanced Components,0.32,1
"Pro Med Wuxi Imp. & Exp. . Co., Ltd.",0.32,1
Plaza Extra East,0.32,4
Hongkong Zheng Yuan Electronic,0.32,1
Fabrica Nacional De Lija Sa De Cv,0.32,1
Intec Mkd D.O.O,0.32,1
V.Ships Shipmanagement India Pvt.,0.32,2
Sti Jermyn,0.32,4
Glasgow Voyager,0.32,16
Stealth Maritime,0.32,2
Oslo Bulk 7,0.32,1
Crown Artist Brush Ltd.,0.32,1
Inzone Contractors Llc,0.32,2
Master Of Bw Liberty,0.32,1
Jacks Bay Development,0.32,1
Marias By The Sea,0.32,2
Intl Motors Ltd.,0.32,2
Seaspan Holdco Ii Ltd.,0.32,2
Mt Eagle Hydra,0.32,2
Grande Cass Management,0.31,1
Baker Gauges India Private Ltd.,0.31,3
Av Flexologic B.V.,0.31,1
Egregia Di A. Giannelli Srl,0.31,1
Onsite Marine Auto Service Ltd.,0.31,1
Tempaire,0.31,3
Chin Poon Electronics (Thailand),0.31,1
"Bahamas Power And Light Co., Ltd.",0.31,1
Golden Number Solutions Ltd.,0.31,1
Turkon Konteyner Tas. Ve Denizcilik,0.31,4
M T Front Savannah,0.31,5
Esterer Wd Gmb H,0.31,1
Fulmar Explorer Co Seabird Explora,0.30000000000000004,6
Jag Leela,0.30000000000000004,2
Cratis,0.30000000000000004,4
Majestic Princess Aerostream,0.30000000000000004,5
Gentilini Power Train Srl,0.30000000000000004,2
The World Resident Holdings Ltd.,0.3,1
Msc Suministros Srl,0.3,2
Mv Stavanger Poseidon,0.3,2
Pvt Flora,0.3,2
Nexus Yachts Cc,0.3,1
Groix Nature,0.3,1
Metrostar Management Corp.,0.3,1
M V Canadian Bulker,0.3,1
Benimaq,0.3,2
Bonneville Group Vi St Croix Usvi.,0.3,2
Pacific Opal,0.3,2
Shandong Nuen Automotive Tech,0.3,1
Mitchell & Cooper Ltd.,0.3,2
Edition Clouet Decorative,0.3,2
Antilles Power Virging Island,0.3,2
Techcross Inc.,0.3,2
Marvel Eagle,0.3,2
Nova Ship Teck S.A. Via Bagutti,0.3,2
Mastec Network Solutions,0.3,2
M V Pampero V. 35,0.3,2
M V Robin 5 V. 01 N,0.3,1
Tanques Antillanos C X A,0.3,4
Selladores Cobian,0.3,1
Chemtrans Arctic,0.3,2
Kennametal India Ltd.,0.3,2
M V Dn 205 Imo 9562661 Ships Spares In Transi,0.3,1
Danners,0.3,2
Phoenix Pipeline Product Ltd.,0.3,2
Master Mv Challenger,0.3,1
"Humorist Shipping Pte., Ltd.",0.3,2
Flanders Pioneer,0.3,7
M V Barcelona Knutsen V2308,0.3,1
M V Ethane Pearl,0.29000000000000004,6
Gaschem Beluga,0.29000000000000004,3
Lpg C Knokke,0.29000000000000004,6
"Yusen Logistics (Shenzhen) Co., Ltd.",0.29,1
Hebei Fengyang Rubber Products Co.,0.29,1
Ks Gleitlager Gmb H,0.29,1
Kurt Kauffmann,0.29,1
Saga Discovery,0.29,1
Contitech Vibration Control Gmb H,0.29,1
Chromavis Sp A,0.29,1
Pan Asia,0.29,1
Cosbel Sa De Cv,0.28,1
"Marinetrans Singapore Pte., Ltd.",0.28,2
Hgg Performance,0.28,1
Cerralux Srl .,0.28,1
Tas Transatlantische Schiff,0.28,2
Bright Future,0.28,1
Arendal,0.28,2
Palm Bay Asset Corp.,0.28,2
Caribbean Inflatable Boats & Lifera,0.28,2
The Design Department Bv,0.28,1
Hustlers And Sons Stt,0.28,2
Caribbean Production Solutions Llc,0.28,2
Dams Furniture Ltd.,0.28,2
Mt Bow Architect,0.28,4
Boe Shen Project,0.28,1
Triple A Marine,0.28,1
Msc Ocean Cay,0.28,2
Pacific Basin Shipping (Hk),0.28,6
Irontech Industrials,0.28,2
Jag Laxmi,0.28,1
Tollman's Ltd.,0.28,1
"Zhejiang Irean Knitting Co., Ltd.",0.27,1
P.J. Exp.,0.27,1
Axess Guayana Inc.,0.27,1
Fromageries Arnaud,0.27,1
Fin X,0.27,1
Abilities India Pistons And Rings Ltd.,0.27,1
Kontich,0.27,3
Caguas Motorsport,0.27,1
Investments And Precision Casting,0.27,1
"Pungjin Solution Co., Ltd.",0.27,1
"Mfg. Yantralaya Pvt., Ltd. S",0.27,1
M V Nsu Ultimate,0.27,1
M V Marvel Kite,0.27,2
M V Cabo Misaki V72,0.26,2
"Fab Designs Co., Ltd.",0.26,1
Marinetrans Usa Llc,0.26,2
Lmp Srl,0.26,1
Gearbulk Norway As,0.26,2
Meshad Carpets,0.26,1
Excellence Technologies,0.26,1
Accesible Anguilla Smartconcepts,0.26,2
Commodore,0.26,2
Nordpenguin,0.26,3
Botan,0.26,2
St. Martin Cars Sarl,0.26,8
Grupo Reypro Dominicana S.R,0.26,2
Glass 2000 Stt,0.26,2
M V Ottoman Equity V. 2409,0.26,1
Modisprem Sa,0.26,2
M T Harzand V01 Vc,0.26,1
Master Msc Ludovica,0.26,1
Tokyo Spirit,0.26,2
Ledesma Pena Distributors Srl,0.26,2
Honeywell Safety Prods Eu,0.26,1
Radiant,0.25,1
Storholmen,0.25,3
M V Unity Endeavour,0.25,1
Delfingen De Hassfurt Gmb H,0.25,1
Virginie Lobrot Eurl Temps Libre,0.25,1
Fowlco Maritime Project Services,0.25,1
Baker Hughes Guyana Co Inc.,0.25,1
M V Sunbird V. 09,0.25,5
M T Chemstar Iris,0.25,2
M T Celsius Carolina,0.25,1
Ober Sa,0.25,1
Ungaran Sari Garment,0.25,1
M V Alula Express,0.25,1
Port Authority Of Tampico Sa De,0.25,1
Novatra,0.25,1
Mv Ceres One,0.25,1
"Alpha Siam Corp. Co., Ltd.",0.25,1
Mt Cabo Kamui V86,0.25,1
Al Riffa,0.25,1
Steiner Optik Gmb H,0.25,1
Mv Maritime Valor,0.25,1
M V Dawn,0.25,4
M V Diamond Gas Crystal V. 004 L,0.25,2
Mt Lngships Manhattan,0.25,7
M V Desert Orchid V 01,0.24000000000000002,2
Cool Voyager,0.24000000000000002,3
Seasuccess C Othenamaris Ships Mgt,0.24,4
Master Arctos,0.24,3
Ningbo Henghui Sensor Technology Co.,0.24,1
M V Al Manamah,0.24,1
Hohebank Ug & Co Kg,0.24,1
Mv Cool Spirit,0.24,2
Uog Despina V Llc,0.24,4
Mv Clarabelle,0.24,1
Heavy Equipment Imp. Nilsoncp S.,0.24,2
Seaguardian,0.24,1
Volendam,0.24,1
Ahuja Overseas,0.24,1
M T Front Mariner,0.24,4
M T Front Ocelot,0.24,3
Meconet As,0.24,1
Grand Bahama Shipyard Limited,0.24,1
"Martin's Product Co., Ltd.",0.24,1
Masc Global Industries,0.24,1
M V Taranaki Sun,0.24,6
3 S International Srl,0.24,2
Harris Paints,0.24,1
Renzing Gmb H Federntechnik,0.24,3
Flame Spray Croatia D.O.O.,0.24,2
Normand Clipper,0.24,2
Over Yonder Cay,0.23,1
Bue Bulkers Ltd.,0.23,1
G N Construction,0.23,1
Rotrex A S,0.23,1
Finest Brands International,0.23,1
Freeport Harbour Co.,0.23,1
Lake Fuxian,0.23,1
Superior Energy Services Guyana Inc.,0.23,1
Cable Solutions (Pvt) Ltd.,0.23,1
M V Rdo Fortune,0.23,1
Ttm Technologies Trading (Asia),0.23,1
Oslo Bulk 10,0.23,1
Elektra Elektrohandwerks Und,0.23,1
"The Bright Screw Co., Ltd.",0.23,1
Mickyle Enterprises Ltd.,0.23,1
"Exuma Waste Management Co., Ltd.",0.23,1
Msc Ocean One,0.22999999999999998,2
Master Of Brussel,0.22999999999999998,3
M V Federal Rideau V. Anglo Eastern,0.22000000000000003,2
Master Of Pasco Marsel,0.22000000000000003,2
M T Ethane Opal V. 18,0.22,8
Boska Holland,0.22,2
Maurice Ward & Co Uk Ltd.,0.22,1
Banco Popular,0.22,2
Eli Lilly Benelux,0.22,1
Bering Gas,0.22,1
T Paragon Industrial (Thailand) Co.,0.22,1
Mitsui Osk Lines,0.22,6
"Insect Shield Japan Co., Ltd.",0.22,1
Grand Bahama Power Co.,0.22,1
Mv Friedrich Schulte,0.22,1
Prodical Lottery Services,0.22,2
Antilles Power Republica Dominicana,0.22,2
Master Of Nordic Ruth,0.22,2
Alfareria Tradicional,0.22,1
Siebenhaar Antriebstechnik Gmb H,0.22,2
World Courier,0.22,2
General Service Administration,0.22,2
M V Owl 1 V 91030,0.21000000000000002,4
Carnival Uk,0.21000000000000002,12
M V Santos Eagle V 202402,0.21000000000000002,2
Mt Oriental Marguerite,0.21,2
Master Of The M V Bulk Concord,0.21,1
Nordorchid,0.21,1
Freeport Star,0.21,4
Lewis Australia (Pty) ) Ltd.,0.21,1
Tpc Scop Sa,0.21,1
Shubhpriya Rugs & Furnishing Pvt.Lt,0.21,1
Rich Harvest,0.21,1
"Everprecision Technology Co., Ltd.",0.21,1
Xiamen Green Pack Imp.&Exp.Co. Ltd.,0.21,1
Gabriel Coulet,0.21,1
La Mancha Knutsen,0.21,1
"Robin Industries (Xiamen) Co., Ltd.",0.21,1
Alsico Promex S. De R.L. De C.V.,0.21,1
Qingdao Ocean & Great Asia,0.21,1
Oenobrands,0.2,1
Master Whistler Spirit,0.2,2
M V Eurcargobari V 19 24,0.2,1
Mt High Trust,0.2,1
V Ships Usa Llc,0.2,8
Mt Evergreen Mariner,0.2,1
Norbulk Pacific,0.2,2
M V As Svenja,0.2,1
Pinnacle Spirit,0.2,2
Tropijugos S.A.,0.2,2
Parakou Shipping Ltd.,0.2,1
Maluhia Laboratorios Srl .,0.2,2
M V Hafnia Puma,0.2,1
Alvaro Auto Parts,0.2,2
European Refreshments Unlimited Com,0.2,1
Pacific Ineos Grenadier,0.2,2
Garibaldi Spirit,0.2,4
Metcalfe Components,0.2,2
Star Pride,0.2,1
Henriquez & Asociados Srl,0.2,2
Wworkshop North Europe,0.2,2
Mv Diamond Gas Victoria V. 003,0.2,1
Zim Lines,0.2,2
M Vstar Dalmatia V2402,0.2,2
Bode Die Tuer Gmb H,0.2,1
Mercados Mundiales Imp. & Exp. Sa,0.2,2
Marlow Ship Management Deutschland,0.2,1
Tupack Verpackungen Gesellschaft M.,0.2,1
Takasago International Corporation,0.2,1
C.V.B.G S.A.S,0.2,2
Jorge Diaz Delgado,0.2,2
Mt Eagle Kuantan,0.2,4
Pasco Marsel,0.2,4
R.G Industries,0.2,1
Master Ofone Swan,0.2,1
Amor Es,0.2,2
Cl Marguerite Duras,0.2,1
Mv Btg Misti,0.2,1
Prime Fire Dominicana Srl,0.2,2
Master C S Rene Descartes,0.2,1
Solas Ts,0.2,2
Gris Umformtechnik Gmb H,0.19,1
M V Owl 6,0.19,1
"Hafnia Pools Pte., Ltd.",0.19,2
Trust Comany Complex,0.19,2
Tractors And Farm Equipment Ltd.,0.19,1
Cebi Luxemburg S.A.,0.19,3
La Meccanica Turbo Disel Sp A,0.19,1
Mt Fairchem Pioneer V002,0.18,1
Delft Schiffahrt Gmb H & Co. Kg,0.18,2
At Construction,0.18,1
Victrex Mfg. Ltd. Victrex T,0.18,1
Intellian,0.18,1
Placell Ab,0.18,1
Eagle Ford Lady,0.18,1
Danube River,0.18,1
Talleres Mecanicos Arroyo S.L.,0.18,1
Wendy's Stt,0.18,4
New Horizons,0.18,1
M V Bw Boston,0.18,1
Gci Unicom Inc.,0.18,1
Hutchinson Precisions Sealing,0.18,1
Master Of Nordorinoco,0.18,3
S.P.E Elettronica Industriale,0.18,1
"Cosco Shipping Bulk Co., Ltd.",0.18,1
"Xiamen Kehan Electronics Co., Ltd.",0.18,1
On Site Marine & Auto Service,0.18,1
Department Of Agriculture,0.18,2
Msc Antwerp,0.18,1
Centergate Entertainment Marketing,0.18,1
Beijing New Rainbow Technology,0.18,1
Land Crab Ltd.,0.18,1
Metso Metals Oy,0.18,1
Cma Ships Logistics Platform,0.18,2
Rimpact Components Ltd.,0.18,1
Heritage Seafood Ltd.,0.18,1
M V Maran Gas Hector,0.18,1
Constitution Gc 683,0.18,1
M T Enable Vt014,0.18,1
Sofia,0.18,1
Seal's System Srl,0.18,1
"Anderson Model Co., Ltd.",0.17,1
Triumph And Disaster,0.17,1
M V Jazan V2434 N,0.17,1
Master Crimson Pearl,0.17,1
M V Yiannis V 04 B,0.17,3
Veem Engineering,0.17,1
Oceangold Tankers Inc.,0.17,1
Bodyline (Pvt) Ltd.,0.17,2
Art Cosmetics,0.17,1
Fresh Air,0.17,1
M T Empery V. 01,0.17,1
Master And Owners Of Lpg C Kontich,0.17,3
Hilti Caribe,0.17,3
M V Marvel Falcon V. 031 B,0.17,3
Exuma Resort Developers Ltd.,0.17,1
Master Of Naac Providence,0.16999999999999998,3
Horst Platz Gmb H,0.16999999999999998,2
Nordsymphony,0.16999999999999998,4
M V Star Java V. 2007,0.16999999999999998,5
Mv Interlink Solidity,0.16,1
Ethane Emerald V. 15,0.16,2
Nordtulip,0.16,3
Grand Vins De France,0.16,2
Paradise Cruise Line Operator Ltd.,0.16,3
Par La Ville Palce,0.16,2
Master Of Arneborg,0.16,2
Darphin,0.16,2
Worldwide Products & Services,0.16,2
Cmi Music & Audio (Pty) ) Ltd.,0.16,1
Spliethoff's Bevrachtingskantoor,0.16,2
Lx Pantos Mexico Sa De Cv,0.16,1
M V Msc Seaside,0.16,1
Rheem Australia,0.16,1
Helsinki,0.16,4
Ocm Tuna Brentholmen Llc,0.16,3
Eneos Ocean Corp. Eneos Ocean,0.16,2
"Mms Co., Ltd.",0.16,2
M V Quetzal Arrow,0.16,1
Poltrona Frau S.P.A.,0.16,1
Thome Croatia D.O.O.,0.16,2
M V Marvel Kite V. 011 B,0.16,2
Inversiones Nisibon Srl,0.16,2
"Copper Automotive Washer Co., Ltd.",0.16,1
Ducto Limpio Srl,0.16,2
M T Empery Vt024,0.16,1
Global Resources International Dom,0.16,1
M V Chiquita Venture,0.16,2
"Authland Heavy Equipment Co., Ltd.",0.16,1
Hellenic Star Shipping,0.16,2
Technipfmc,0.16,2
"Tsb Technology Co., Ltd.",0.16,2
Oversys Ous Sl,0.16,1
Nacc Providence,0.16,1
Clipper Vanguard,0.16,2
Sti Yorkville,0.16,4
M V Ethane Crystal V. 23,0.16,4
M V Energy Glory V030 L C O Nyk Line,0.16,1
Tomini Transports Llc,0.16,2
Tomini Transports Llc Tomini Bldg,0.16,2
Pedro De La Cruz,0.16,2
Vi Customs Brokers,0.16,1
Gudrun Sjoden Sverige Ab,0.15000000000000002,3
Key Valve Technologies Ltd.,0.15,1
Sunray,0.15,1
Flc Water Bahamas Ltd.,0.15,1
Vmt Global Ic Ve Dis Tic Ltd. Sti .,0.15,1
Sensient Cosmetic Technologies,0.15,1
Common Progress,0.15,1
Nordindepence,0.15,3
M V Bw Pavilion Vanda,0.15,1
Solar Katherine Mms Ship,0.15,1
Master Chemtrans Nova,0.15,2
M V Al Qibla Express V 31 E,0.15,1
Mv Al Qibla Expres,0.15,1
Mv Cetus Humpback,0.15,1
Primeway,0.15,1
Knorr Bremse South Africa (Pty) ) Ltd.,0.15,1
Verder Ltd.,0.15,1
Fit Service Sp A,0.15,1
Bulbous Environmental & Logistics,0.15,1
M T Humorist V 01 Vc,0.15,1
M T Fairway,0.15,1
"Parakou Shipmanagement Pte., Ltd.",0.15,5
M T Uog Syros,0.15,1
Ubc Tampa,0.15,2
Local Wood Ltd.,0.15,1
Cartier,0.15,8
Cost U Less Inc.,0.14,2
Standard Fruit De Honduras S.A.,0.14,11
Incoils Electronics Sdn Bhd,0.14,1
Odfjell Tankers,0.14,4
Bahamas Contractor Rental & Sup,0.14,1
M V Ethane Sapphire V. 22,0.14,4
Materion Ireland Ltd.,0.14,1
Orient Tide,0.14,1
Bw Magnolia,0.14,1
St Martin Car Sarl,0.14,2
M.Dizengoff,0.14,2
Bonacina 1889 Srl,0.14,2
Recyl S.A.S,0.14,1
Master Green Warrior Polembros Ship,0.14,2
Great Stirrup Cay Terminal,0.14,1
St Michel Biscuits,0.14,2
Nordindependence,0.14,3
Sena Diecasting Industries Sdn Bhd,0.14,2
"Bhm Co., Ltd.",0.14,1
"Vships Asia Group Pte., Ltd.",0.14,2
Knots International,0.14,1
Subic Technics Inc.,0.14,1
Carib Supply Of St. Croix Inc.,0.14,1
National Molding Italia Srl .,0.14,1
Red Dot Europe Ltd.,0.14,1
"Bw Constellation Ii Pte., Ltd.",0.14,1
Jork Schiffahrts Ug,0.14,2
M V La Selva V33,0.14,1
Crystal River,0.14,2
High Voyager,0.14,1
Celsius Portsmouth,0.14,1
Konecranes Noell Gmb H,0.14,1
M T Stl Nanhu,0.14,1
Master Mv As Fabrizia,0.14,1
M V Phoenix Admiral V 162,0.14,7
Searhythm,0.14,2
M V Marvel Heron V021 B,0.13999999999999999,10
Anglo Eastern,0.13999999999999999,7
M V Siem Aristotle V. 048 A,0.13,1
A&W Electrical And Refrigeration,0.13,1
Staci Limited,0.13,1
M T Mh Adagio,0.13,1
"Cypress Industries India Pvt., Ltd.",0.13,1
Ocean Evolution,0.13,1
Ballymore Anchor,0.13,1
Ballymore Project,0.13,1
Shangrao Canwin Imp. & Exp. . T,0.13,1
Virgin Port Services,0.13,2
Atlas Copco,0.13,1
Star Harmonia,0.13,1
Mv H A Sklenar,0.13,1
Transportes Pormar S.A.,0.13,1
Plastuni Normandie Sas,0.13,1
Sunrise,0.13,2
Gc 157,0.13,1
Tyco Electronics Polska Sp. Z.O.O,0.13,1
Master Of Fedor,0.13,2
Mahle Behr South Africa (Pty) ) ) Ltd.,0.13,1
Lisi Automotive Mecano Gmb H,0.13,1
Crystal Oasis,0.13,4
M T Energy Innovator V. Eiv010,0.12000000000000001,6
Marfret Le Havre,0.12000000000000001,5
Nacc Providence Nova Ship Tech,0.12000000000000001,2
Mt Evrotas,0.12000000000000001,5
Master Samo,0.12,1
M V Stema Impulse V02411,0.12,1
M T Energy Universe V. 8,0.12,2
Bw Leo,0.12,1
Condado Window,0.12,2
Weco Holli V. 0009,0.12,2
Marinetrans Germany Gmb H,0.12,1
Herida Healthcare Ltd.,0.12,2
Arcos Dorados,0.12,2
Aramis V. 1124,0.12,1
Lanif.Ermenegildo Zegna Figli Sp A,0.12,1
Garca Real,0.12,1
"Mms Co., Ltd. Solar Melissa",0.12,1
Mt Eagle Hatteras,0.12,2
Seven Castle Shipping,0.12,2
Master Lumphini Park,0.12,4
Prs Pre Retailservices,0.12,1
Diversey Europe Operations Bv,0.12,1
M V Hyperion Aug24 Pgs V01 Vc,0.12,2
Pxgeo Usa Inc.,0.12,1
Master Of Cobra,0.12,3
Tecnofil Tecnologia Y Filtracion In,0.12,2
Epic Madeira,0.12,4
Moooi Retail Bv,0.12,1
Gaschem Narwhal,0.12,2
Rocklea Truck Parts,0.12,1
Columbia Shipmanagement Greece Ltd.,0.12,1
Hpf Energy Services (Alcester),0.12,1
"Freeport Harbour Co., Ltd.",0.12,1
Gas Thirty One Ltd.,0.12,4
Baltic K,0.12,1
Jabil Healthcare Dr,0.12,1
Master Of Silver Millie,0.12,6
Fowlco Marine And Logistics,0.12,1
Klaveness Ship Management As,0.12,4
Enatel Ltd.,0.12,1
Mv Robin 5 V27 N,0.12,1
Mt Gustavia S,0.12,1
M V Svitzer,0.12,1
M V Owl,0.12,1
Super Value Food Stores,0.11,1
Swift Marine,0.11,1
Abaco Sporting Club Ltd.,0.11,1
Sandals Royal Bahamian Hotel,0.11,1
Island School,0.11,1
Master Of Silver Dubai,0.11,6
Mt Zita Schulte,0.11,5
Cardiomed,0.11,1
"Hsin Yui Technology Co., Ltd.",0.11,1
Beyleybeyi,0.11,1
Claxtons Services,0.11,1
Geoquip Marine,0.11,8
"Sea Net Shipping Co., Ltd.",0.11,1
G2 Ocean As,0.11,3
Kj Trading Llc,0.11,1
Airmat Technologies,0.11,1
Cma Cgm Mexico,0.11,2
"Yong Lun Carpets & Textile Co., Ltd.",0.11,1
Master Of Densa Hawk,0.11,1
Grand Bahamas Power,0.11,1
Aal Kobe,0.11,1
Navarone S.A.,0.11,1
Lighthouse Shipping Agency,0.11,1
Freeport Jet Wash,0.11,1
Palanca Rio,0.11,2
Karimoku Furniture Inc.,0.11,1
Green Azure,0.1,2
Speedy Garage Ltd.,0.1,1
Qapirom Plast Srl,0.1,1
Yukon,0.1,1
M V Diamond Gas Orchid,0.1,1
Goldenport Shipmanagement Ltd.,0.1,1
Multi Ventas Y Servicios R.D.,0.1,2
Kolb Ks Fasteners Gmb H,0.1,1
M T Trf Mandal V009,0.1,1
M V Cma Cgm Beira V. 124 N,0.1,1
Master M V Rotterdam,0.1,1
M T Manchac Sun V. 011,0.1,4
Master Of Cape Daly,0.1,2
Caoxian Shuanglong Arts & Crafts Plant,0.1,2
Schunk Sintermetalltechnik Gmb H,0.1,1
Nordrose,0.1,5
Dystar Industria E Comercio De,0.1,1
Cheniere Marketing Ltd.,0.1,1
Master Shenlong Spirit,0.1,4
M V Lng Schneeweisschen V29,0.1,2
Trinity Towing,0.1,1
M V Eurocargo Bari V 17 23,0.1,4
M T Earth Summit V 1421506,0.1,1
Gw Plastics Mexicana S De Rl De Cv,0.1,1
Sos Carbon Srl .,0.1,2
Brady Linen Services Llc.,0.1,1
Peak Spirit,0.1,6
Tianlong Spirit,0.1,6
Sti Galata Chartering Ltd.,0.1,2
Atlanta Spirit,0.1,2
Cascade Spirit,0.1,2
Cerro Alto Explorer,0.1,2
M Vstena Impulse V. 2306,0.1,2
Ocean Breeze,0.1,2
Standard Profil Sp A In S.A.,0.1,1
M V Diamond Gas Victoria V022 B,0.09000000000000001,3
Pacific Gas Honk Kong,0.09000000000000001,3
M V Diamond Gas Rose V 042 B,0.09,1
Gmb Marine Shipping Agency Inc.,0.09,3
Zenith Gemi Isletmeciligi As,0.09,4
M T Pelican Mariner,0.09,2
Baker Spirit,0.09,3
Hollingsworth & Vose Gmb H & Co. Kg,0.09,1
Logisteed Europe Bv,0.09,1
M T Nord Swiftc O,0.09,1
Victor's Cosmestics St.Maarten,0.09,1
"Al Tanker Vi Shipping Pte., Ltd.",0.09,1
Ionic Anax,0.09,2
Sgs Canada Inc.,0.09,1
Advanced Mri Of The Bahamas,0.09,1
Actia Automotive,0.09,1
M V Star Juventas V 1908,0.09,3
Vlgc Gas Magnolia,0.09,1
Lucayan Renewal Holdings Ltd.,0.09,1
Matson Navigation Co. Inc.,0.08,1
Erhard Luttkau Gmb H,0.08,1
M Vglobal Star V05,0.08,1
Cory Brothers (Usa) Inc.,0.08,1
Jv Sbc Isd Ltd.,0.08,1
Tokyo,0.08,3
Minerva Gas Inc. Lng C Minerva,0.08,1
Carbofin Sp A,0.08,1
M V White Cliffs V17,0.08,2
Sti Marvel,0.08,8
Seaways Athens,0.08,2
Master Hafnia Leopard,0.08,2
Mv Artemis Arctic,0.08,1
Mssa S.A.S.,0.08,1
Ethane Crystal,0.08,4
Sea Coral,0.08,2
Mv Brest,0.08,1
Densay Ship Management Ltd.,0.08,1
Ahrenkiel Steamship Gmb H & Co. Kg,0.08,1
Sunrise G,0.08,3
"Ddecor Home Fabrics Pvt., Ltd.",0.08,1
Hayama Shipping Ltd.,0.08,1
Cheyenne,0.08,4
"Clean Marine Pte., Ltd.",0.08,2
Tru Marine Rotterdam,0.08,1
M V One Competence V. 088 E,0.08,2
Mv Nordlotus,0.08,1
M V Maran Gas Leto V89 B,0.08,1
M V Mayaro V 2308,0.08,4
Nordymphony,0.08,2
M V Hoegh Trader V. 176,0.08,1
V. Ships Norway As,0.08,2
"Swire Shipping Pte., Ltd.",0.08,3
Northern Marine Group,0.08,2
Demaco Corp.,0.08,2
Master Of Bw Balder,0.08,4
"Mms Co., Ltd. (Orient Innovation)",0.08,1
"Sti Leblon Shipping Co., Ltd.",0.08,2
Leather Back Tla,0.08,2
Exel Composites Oyj,0.08,1
Apption Labs Ltd.,0.08,2
Carey's Auto Nation,0.08,1
Coko Werk Gmb H & Co. Kg,0.08,1
Radiant Pride,0.07,1
Mt Martini,0.07,1
Swire Shipping Us Inc.,0.07,1
M V Eneos Gunjo V08,0.07,1
Mollfam Srl,0.07,1
Pt Daiwabo Garment Indonesia,0.07,1
Nicro Boltasa De Cv,0.07,1
Stella,0.07,2
Mobilestocks,0.07,1
Geodis Australia,0.07,1
Herolds Bay,0.07,1
Adnoc Logistics & Services,0.07,1
Nova Ship Tech,0.07,2
M T Sagami V. 2405,0.07,1
Mt Chemtrans Nova,0.07,1
Rott S.R.O.,0.07,1
M V Global Energy V026 B,0.07,1
Hutchinson Srl,0.07,1
"Fujiglobal Logistics Co., Ltd.",0.07,2
Pascagoula Voyager,0.07,20
M V Global Star V 1701,0.07,1
Viking Orion,0.07,3
Endurance Iv,0.07,5
Chemtrans Ems,0.060000000000000005,2
Master Of Ps Augusta,0.060000000000000005,2
M T Phoenix Admiral V 11 A,0.060000000000000005,6
Isa Helicopters (Pty) ) Ltd.,0.06,1
Jag Punit,0.06,1
Sme Production,0.06,2
Atlantic Ship Agencies Inc.,0.06,1
Mv Rioja Knutsen V00424,0.06,1
Cwaj Center,0.06,1
M T Marlin Somerset,0.06,1
Master Cs Nexans Aurora,0.06,2
Oh Mehling As,0.06,1
Ocean Point Terminals,0.06,2
Master Msc Don Giovanni,0.06,2
Aliaga Express,0.06,2
M T Bochem Rotterdam V 6,0.06,2
Ile De Molene,0.06,1
M V Avance Avior,0.06,3
Flynn Ventures Ltd.,0.06,1
Maersk Monte Alegre,0.06,2
Precision Motion Industries Inc.,0.06,1
Sp Cruises Opco Ltd.,0.06,1
Ponce Trading,0.06,2
Seaways Galle,0.06,2
Sti Dama,0.06,2
Jbc Stx,0.06,2
M T Evergreen Mariner,0.06,1
Agencias Internacionales Sa,0.06,1
M T Spread Eagle V01 Pr,0.06,1
Olympic Artemis,0.06,2
Seaboard Globe,0.06,7
Master Of Cresques,0.06,1
Haidlmair Gmb H,0.06,1
Pis Kalimantan,0.06,3
Luzon Spirit,0.06,4
Mt Mahadah Silver,0.06,1
Cap Design Sp A,0.06,1
Cap Port Arthur Euronav Nv,0.06,1
The Chief,0.06,2
Beautylicious,0.06,3
"Everwell Co., Ltd.",0.06,1
M T Flex Rainbow V. 01,0.06,3
Zim Korea Ltd.Pusan Branch Office,0.05,1
M Vsk Resolute V. 55 B,0.05,2
M V Irvinebay V. 21,0.05,1
Mv Genco Pyrenees,0.05,1
Songa Shipmanagement,0.05,1
M T Green Energy V015,0.05,3
"Bsm Singapore Pte., Ltd.",0.05,1
Mv Star Hansa V. 2404,0.05,1
Master Of Sadah Silver,0.05,1
Deme Offshore Us Llc,0.05,2
M V Global Energy,0.05,1
Thenamaris Lng Inc.,0.05,5
Oman Ship Mgt,0.05,1
Master Muscat Si,0.05,1
M V Maran Gas Ithaca V 8 B,0.05,1
Wrist Ship Supply Usa,0.05,1
Cruises Logistics Usa,0.05,1
Master Hellas Eagle,0.05,1
Star Kinn V. 2403 G2 Ocean Norway,0.05,1
Nave Velocity,0.05,1
All Supply Logistics Inc.,0.05,1
M T Seaways San Saba V. 032,0.05,1
"Mms Co., Ltd. (Solar Madelein)",0.05,1
Lng Endurance,0.05,1
Master Of Bw Volans,0.05,1
Carnival G.B Investment,0.05,1
M V Owl 3 V 912012,0.05,2
Seabird Exproration Norway,0.05,2
M T Front Duke,0.05,1
Sea1 Spearfish,0.05,1
Seaways Hendricks,0.05,1
Agencias Internacionales C Por A,0.05,1
M V Richmond V. 001,0.05,1
Intertek Bahamas Ltd.,0.05,1
Jbo Industria Mecanica Ltda,0.05,1
Aripe Citrus Agro Industries Ltda,0.05,1
"Pg Shipmanagement Pte., Ltd.",0.05,1
Master Of Four Nabucco,0.05,1
Toll Global Forwarding,0.05,1
Mt Seavision,0.05,1
Seapeak Bahrain,0.05,2
Challenger Llewellyn,0.05,1
M V Hoegh Tracer V. 51,0.04,1
M V Hafnia Guangzhou V41,0.04,1
Hovden Spirit,0.04,2
Tarbet Spirit,0.04,6
Producciones Agricolas Del Sur S.A,0.04,2
Master Of M T Sk Audace,0.04,1
Lott Ship Agency Inc. Bosarge Divi,0.04,2
Faa Bahamas,0.04,1
Hartmann Gas Carriers Germany Gmb H,0.04,1
Sun Princess,0.04,1
Furuholmen,0.04,1
Yasa Orion,0.04,1
Hafnia Pacific,0.04,2
Sti Connaught,0.04,1
Wagenborg Agencies Bv,0.04,1
M T Front Dynamic,0.04,1
M T Front Nausta,0.04,1
Master Of Virginia,0.04,2
Arc Ship Owner,0.04,2
"Santoku Senpaku Co., Ltd.",0.04,2
Nx Boats Industria,0.04,2
Brightway,0.04,1
"Chromis Pte., Ltd.",0.04,2
M V Navigator Libra V5024,0.04,2
Gipsy Classic Yacht S.L.,0.04,1
Mv Petrel,0.04,2
Business World,0.04,2
"Xiang H42 International Ship Co., Ltd.",0.04,1
Mv Maritime Tranquility,0.04,1
"The Great Eastern Shpping Co., Ltd.",0.04,1
Jennings Bay,0.04,4
M T Flex Vigilant V. 001 B,0.04,1
M T Earth Summit V. T008,0.04,1
Valfsan Dis Ticaret Koll. Sti,0.04,1
Clipper Orion,0.04,1
Sea One International,0.04,1
Caribbean Shipping Agencies,0.04,3
Margaritaville Bahamas,0.04,1
M V Lng Sakura V36,0.04,1
Don Xixo Alimentos Ltda,0.04,2
Lng C Clean Destiny,0.04,3
Ecospray Technologies Srl,0.04,1
D'amico Tankers Ltd.,0.04,1
Mv Chem Ranger V 014,0.04,1
Mt Eagle San Francisco,0.04,2
Master Vessel Nicobar,0.04,1
Mv Aramis V25320 Co Interunity Mgmt,0.04,1
Budget Marine Vi,0.04,2
Esteem Explorer,0.04,1
Mv Bu Sidra V 1804,0.04,1
M V Coral Encanto V. 2301,0.04,2
Zenith Spirit,0.04,6
Sti Jardins,0.04,2
"Max Co., Ltd.",0.04,1
Quality Electric,0.04,2
Master Kithnos,0.04,3
Inter Island Auto Group Llc,0.04,2
Silversands Grenada,0.04,1
Master Of Silver Eleanor,0.04,1
Infinity Global Srl .,0.04,1
Lpg Eclipse,0.04,1
Golden Rock Market,0.04,2
M V Seaways Diamond Head,0.04,1
Peak Spirit V123,0.04,2
C Lanka (Pvt.) Ltd.,0.04,1
Master Of Silver Carla,0.04,1
Desert Orchid V. 0924,0.04,2
M V Lech Kaczynski V. 0123,0.04,1
Torm Voyager,0.04,4
Abs Printing,0.04,2
Athina,0.04,4
Usdot Faa,0.04,1
Rolldock Sea V. 114 S,0.03,1
Genco Enterprise,0.03,1
M V Star Lygra V. 202401,0.03,1
M V Star Loen V 202402,0.03,1
M V Star Luster V. 202401,0.03,1
Strymon,0.03,2
Mt Sfl Humber,0.03,1
M V Essen Express,0.03,2
Ross Sea,0.03,2
M T Flex Constellation V43,0.03,1
Cap Quebec Euronav Nv,0.03,1
Master Neapolis,0.03,2
Tenacity Iv,0.03,3
M V Titan Unikum V20,0.03,2
Master Of Cape Scott,0.03,1
Mt Royal Jasmine,0.03,1
Seabird Exploration As Co Gulf Mar,0.03,1
M T Dali,0.03,1
Bw Balder,0.03,1
M T Flex Ranger V. 002,0.03,1
M V Rdo Fortune V. 446 S,0.03,1
Master Conquest,0.03,1
Amazon Victory,0.03,3
M V Seaway Aimery,0.03,1
Nordlotus,0.03,1
Enterprises Shipping & Trading,0.03,1
Maersk Serangoon,0.03,3
M V Star Isfjord V. 202008,0.03,1
727 Sailbags,0.03,1
M V Pampero,0.03,3
"Dow Toray Co., Ltd. (Chiba Plant)",0.03,1
Bohlke International,0.03,1
Bob Lynch Trucking Shipping,0.03,1
M V Star Dorado,0.03,1
Hls Cartagena,0.03,7
Pacific Onyx,0.03,2
Ethane Sapphire,0.03,1
Quetzal Arrow Co G2 Ocean Norway As,0.03,1
Seavoyager,0.03,2
Sanisure Sa,0.03,1
M V Star Livorno Fe Ena 202407,0.03,1
V.Ships Ltd.,0.03,1
M V Maran Gas Amorgos V 03 B,0.03,1
Lake Annecy,0.03,2
M V Sm Seahawk V039,0.03,1
Clipper Neptun,0.03,1
M V Silver Gwen V090,0.03,2
Lngships Empress,0.03,1
M V Gaschem Dollart V. 0324,0.03,2
Carnival Dream,0.03,2
Master Of Nordrose,0.03,6
Captain Lyristis,0.03,1
Mt La Seine,0.03,2
Atlantic Emerald,0.03,2
Dht Jaguar,0.03,3
London Spirit,0.03,7
Mt Aliakmon,0.03,2
Eagle Explorer Co Seabird Explorat,0.03,2
Smemo Ab,0.03,1
M V Shahrastani V. 52 Anglo Eastern,0.03,1
M T Front Coral,0.02,1
"Vesselco9 Pte., Ltd.",0.02,2
Anschutz Gmb H,0.02,2
"Tdk (Zhuhai) Co., Ltd.",0.02,2
Xiang H2 International Ship Lease,0.02,1
M V Navigator Venus V. 2304,0.02,1
Mt Sea Lion,0.02,2
M T Electra V 01 A,0.02,1
Kaupang,0.02,2
Alpine Link V186 Sea World Mgmt,0.02,4
Radiant Sea,0.02,1
Green Sky,0.02,2
P Aliki,0.02,2
Trascal Norway As,0.02,4
M V Star Dalmatia V. 2201,0.02,2
"Bw Epic Kosan Maritime Pte., Ltd.",0.02,2
Iride Srl,0.02,2
"Fugro Marine Services Pte., Ltd.",0.02,4
Wind Scylla,0.02,3
M V Hafnia Asia V78,0.02,2
Hls Fluorite,0.02,2
Dimensions Infinity,0.02,1
Rk Power,0.02,1
M V Hong Kongexpress V. 046 E,0.02,1
M V Hoegh Copenhagen V. 8687,0.02,1
Oslo Bulk 3,0.02,1
Ineos Marlin,0.02,2
M V Felx Volunteer V22 B,0.02,2
Valhalla Ship Agency,0.02,1
M V Ribera Del Duero Knutsen V01024,0.02,2
M V One Minato V024 W,0.02,1
Seaworld Management And Trading Inc.,0.02,3
Sombeke Exmar Shipping Bv,0.02,1
Mt P Aliki,0.02,1
Jem Tci,0.02,1
Master Of M V Tangier Express,0.02,1
Master Of Four Wind,0.02,1
Mt Eagle Klang,0.02,2
Arkas Konteyner Tasimacilik A.S,0.02,1
M V Phoenix Admiral,0.02,2
Pg Shipmanagement,0.02,1
Libramont,0.02,1
Ilma,0.02,1
Dubai Angel,0.02,4
M V Pointis V30,0.02,1
Mv Ottoman Equity,0.02,1
M V Mol Hestia V17 B,0.02,4
M T Front Defender,0.02,1
M T Sfl Sabine,0.02,1
M T Bochem London,0.02,2
Mt Dorado Lng,0.02,4
Kohaku,0.02,2
"Tranquiity Shipping Pte., Ltd.",0.02,2
Master Lng Clean Future,0.02,4
Codan Communications,0.02,1
Seaspan,0.02,2
M T Fairchem Valor,0.02,1
Marine Logistic Service And Transpo,0.02,2
M V Lng Enterprise 22 B,0.02,3
Lng C Clean Copano,0.02,3
Leto Providence,0.02,1
Master Sola Ts,0.02,1
Master Sydney Spirit,0.02,2
Hojo,0.02,2
Mt Elandra Eagle,0.02,2
Saint Albans Bay,0.02,2
Hellman Wordlwide Logistics,0.02,2
M V Maria Energy,0.02,1
M V Luctor,0.02,2
Cma Cgm Tenere,0.02,1
Master Of Comet,0.02,1
Mt Tavropos,0.02,3
Mt Strimon,0.02,2
Spectacle Shipping And Trading Ltd.,0.02,3
Athos Lng,0.02,2
Asterix I,0.02,2
Galway Spirit Llc,0.02,2
Master Faith Iv,0.02,1
Amax Arrow,0.02,1
Sea Cougar,0.02,2
Schwan Stabilo Cosmetics Gmb H,0.02,1
Umm Salal Imo N9525857,0.02,1
Master Hafnia Lise,0.02,4
Master Hellas Fighter,0.02,1
M V Steel,0.02,1
Pichon,0.02,1
Energy Pacific,0.02,5
Tissus Toselli,0.02,2
Mt Arachthos I,0.02,2
Lafayette Bay Shipping Llc,0.02,2
M V Bw Pavilion Aranda V 3,0.02,2
Hmm Co.,0.02,2
M T Happy Avocet,0.02,1
Lake Lugu,0.02,2
Shinshu Maru V 26,0.02,2
Carnival Cruise Line Mail Room,0.02,1
Mv Eclipse V V01 Vc,0.02,1
Mv Umm Laqhab V 05,0.02,1
Torm Corrido,0.02,2
Mv Se Nicky,0.02,1
Medi Eolie,0.02,1
Mv Sonangol Rangel,0.02,2
M V Wolfsburg V001 A,0.02,1
Texas Voyager,0.02,2
Hls Emerald,0.02,2
294 Allseas Marine Contractors Sa,0.01,1
Querin Gmb H Technical & Nautical,0.01,1
Seapeak Madrid V. 2408,0.01,1
M Vlng Enterprise V27 L,0.01,1
"Avi Mfg. Co., Ltd.",0.01,1
Azamara Onward,0.01,1
Lilac Promenade,0.01,2
M V Global Star,0.01,1
"Iino Marine Service Co., Ltd.",0.01,2
Cruise Line Agencies Of Alaska,0.01,1
Colorcon Ltd.,0.01,1
Discovery Princess,0.01,4
Gaschem America,0.01,1
Pacific Integrity,0.01,1
Eimskipafelag Islands Ehf,0.01,1
M V Hoegh Trident V. 209,0.01,2
M T Lubara V. 2001,0.01,1
M V Global Sealine V 10,0.01,1
M V Sk Resolute V. 24,0.01,1
M T Dancing Brave V1224,0.01,1
Seafrontier,0.01,3
Clipper Eirene,0.01,1
Mt Tms Cardiff Gas,0.01,2
Mt Turquoise,0.01,1
M V Bbc Plata V29075,0.01,1
Master Of Nordic Tellus,0.01,1
Ontario C Oeastern Pacific Shipping,0.01,3
Master Almi Sky,0.01,2
Dla Distribution Ddyjok Sw318,0.01,1
Mt Lotus Shipping Management B.V.,0.01,1
Flex Aurora V. 31 B,0.01,2
North American Shipping Agencies,0.01,1
Haorui International Ship Lease Co.,0.01,3
Seaways Redwood,0.01,1
Osm Bergen Tank As,0.01,1
Broker Pick Up Vs Imp. Services,0.01,1
Reederei F. Laeisz Gmb H,0.01,1
Reederei Nord Gmb H,0.01,1
M T Crystal Oasis V. 22004,0.01,1
M T Crystal Sunrise V23005,0.01,1
M T Crystal Trinity V24002,0.01,1
Bw Aries,0.01,1
Gac N. America,0.01,1
M T Manifesto V 77,0.01,1
Deep Cygnus,0.01,1
M V Lng Adventure V. 005,0.01,1
Mv Fairchem Pathfinder V03,0.01,2
Seaways Yellowstone,0.01,1
Artemis Arctic As,0.01,1
M V Cadiz Knusten,0.01,1
Master Of Kyrakatingo,0.01,1
Master Of M.V. Teno (Imo 9447859),0.01,1
Fugro Brasillis,0.01,1
Msc Canada,0.01,1
M V Exhibitionist V 01 Vcc,0.01,1
Pan Africa,0.01,1
Master Of Cape Spencer,0.01,1
Master Of Cape Tampa,0.01,1
Fulmar Explorer Gmc,0.01,1
Master Fourni,0.01,2
Master Hellas Tatiana,0.01,1
M V Emei V 002 B,0.01,1
M V Enable,0.01,1
Eagle Exploerer,0.01,1
M T Lng Enterprise V. 25 B,0.01,1
M V Kunlun,0.01,2
M V Kunlun V 07,0.01,1
Mv Bw Pavilion Aranthea V0524,0.01,1
Mv Bw Pavilion Leeara V15,0.01,2
"Klc Sm Co., Ltd.",0.01,1
M V African Sisters,0.01,1
Mt Amur Star,0.01,2
M V Maran Gas Alexandria V. 45 B,0.01,1
Mt Gerakas,0.01,1
Master Mv Sapphira,0.01,1
Master Odessa,0.01,1
Cedar,0.01,3
Conjet Ab,0.01,1
Aquasurazo,0.01,1
Clearocean Fuku,0.01,1
Chios,0.01,1
Cherokee,0.01,1
Mv Ioannis K,0.01,1
Mv Meridian,0.01,3
Mv Nordorchid,0.01,1
Master Patmos I,0.01,1
Siddis Mariner Co Mid Gulf Shipping,0.01,1
Levantine Sea,0.01,1
Princes Cruises 24305,0.01,1
M V Agios Dimitrios,0.01,1
M V Ainsnan Express V. 032 E,0.01,1
Ing Buero Querin Gmb H,0.01,1
Unayzah Express,0.01,1
Mv Point Fortin V. 111,0.01,2
Chemikalien Seetransport,0.01,1
Pacific Cobalt,0.01,1
Orient M,0.01,1
Prism Brilliance,0.01,1
Mt Fuji Lng,0.01,2
Master Of The M V Hyundai Victory,0.01,1
Master Msc Kalina,0.01,1
Master Msc Mexico V,0.01,1
Mv Chem Patroit V2315 A,0.01,1
Survey Technician Deep Cygnus,0.01,1
Myklebus,0.01,1
M T Front Odin,0.01,1
M T Maersk Capri,0.01,1
Sea Traders S.A.,0.01,1
Pacific Citrine,0.01,1
Al Reem Maritime Ltd.,0.01,1
M V Maran Gas Andros V 007,0.01,1
Silver Muse,0.01,1
Master Of Ps Roma,0.01,2
Nova Scotia,0.01,1
M.V.Tempanos,0.01,1
Quebec C Oeastern Pacific Shipping,0.01,1
M T Enable,0.01,1
Bochem New Orleans,0.01,2
Cma Cgm Argentina,0.01,1
Mv Sety,0.01,1
M V Avance Polaris V. 13,0.01,1
M V Grace Freesia V 004 B,0.01,1
M V Grace Freesia V12 B C O Nyk Line,0.01,1
Master Of Pasco Roni,0.01,1
M V Stenheim,0.01,1
Axios,0.0,1
Swift Marine Hellas,0.0,1
Desmi Pumping Technology A/S,0.0,2
Aw Shipping Ltd.,0.0,1
M V Green Power,0.0,1
Sti Queens,0.0,1
0005 Hq Cps Avn5,0.0,1
Hls Bilbao,0.0,1
Rki Honduras,0.0,1
Whistler Spirit,0.0,4
Whilhemsen Ship Services,0.0,1
Whilhelmsen Ships Services,0.0,1
Mv Teno V. 4239,0.0,1
Mv Tenergy,0.0,1
M V Stena Superior V 202404,0.0,1
Seavoice,0.0,1
Cma Cgm Lapis,0.0,2
Cma Cgm Chile,0.0,1
M T Fairchem Honor,0.0,2
Malca Amit Usa Llc,0.0,1
Livorno,0.0,1
Waterfront Maritime Servics,0.0,2
Lv De Oliveira Pediasuit Costuras,0.0,1
Luxpet A.G. S.A.,0.0,1
Mt Axios I,0.0,1
Lng C Maran Gas Spetses V005,0.0,1
Dht Appaloosa,0.0,1
Hellespont Protector,0.0,4
Trysil Spirit,0.0,4
M T Front Tyne,0.0,1
Latgas Sa,0.0,2
Cmb.Tech,0.0,1
Master Rio Spirit,0.0,2
Master Msc Phoenix,0.0,1
Master Msc C. Montaine,0.0,1
Master Msc Aldebaran Iii,0.0,1
Fezzan,0.0,1
Master Cascade Spirit,0.0,2
Master Kriti State,0.0,1
Owl 5 V. 914627,0.0,1
Lpg Edel Weiss Panama Sa,0.0,2
Norton Lilly Shipping Mexico S.A. D,0.0,2
Dilong Spirit,0.0,2
Silver Rotterdam,0.0,1
M T Serjeant V 07,0.0,1
Mt Condor Lng,0.0,1
Mt Balla,0.0,1
Fillette Green Shipping Services,0.0,1
Master Mv Bw Magellan,0.0,1
M V Als Venus,0.0,1
Aitolikos,0.0,2
"Al Tankers Iii Shipping Pte., Ltd.",0.0,2
Mv Maritime Comity,0.0,1
Nicotra International Sa De Cv,0.0,2
Star Lanka Shipping (Pvt) Ltd.,0.0,1
Salamina,0.0,2
M V Marvel Dove,0.0,1
Master Of Captain Markos Nl,0.0,1
Mt. Radiant Sea,0.0,2
Master Njord Df,0.0,1
Master Nicolaos,0.0,1
Stolt Aguila,0.0,2
Endless Summer Prime Marine Mgmt,0.0,1
Energy Fortitude,0.0,2
M V Jy Ocean,0.0,1
Genco Rhone,0.0,1
Mt Aqausurazo,0.0,1
Orion Sun,0.0,2
M T Baltic Mantis,0.0,1
Seaspan Crew Management India,0.0,2
Lord Byron 21,0.0,1
"Mms Co., Ltd. Andean Sun",0.0,1
Mol Tankship Management (Asia) Pte,0.0,3
Eurovision,0.0,1
M V Aramis,0.0,1
Euronav,0.0,1
Mt Seways Niagara,0.0,1
Master Msc Tokyo,0.0,1
Master Msc Tianshan,0.0,1
Waimea,0.0,1
Aquabliss,0.0,1
Aquila L V2314,0.0,1
Seabird Exploration Cyprus Llc,0.0,1
Sea World Mgmt And Trading,0.0,1
Sea Valiant V18,0.0,1
Straightline Logistics Inc.,0.0,1
Mt Seaprincess,0.0,1
Mt Pearl Lng,0.0,1
M T Largo Eden,0.0,1
"Sea 284 Leasing Co., Ltd.",0.0,2
Mt Navigare Terra Mater,0.0,1
Princess Farms Sas,0.0,1
Princess Cruises Mail Room,0.0,1
Master Hellas Revenger,0.0,1
M V Barcelonaknutsen,0.0,1
Ain Snan Express,0.0,1
Enesel S.A.,0.0,1
"Seventy Eight Co., Ltd.",0.0,1
Master Of M V Hafnia Achroite,0.0,1
M V Cherokee,0.0,1
M V Bw Pavilion Leeara V Ple05.2024,0.0,2
Mediterranean Shipping Co. Mexi,0.0,1
Passerine At Abaco Holdings Ltd. C,0.0,1
Mt Searhythm,0.0,1
Epic Samos,0.0,1
Fulmar Explorer,0.0,1
Master Of Astra,0.0,1
Halliburton New Zealand,0.0,1
Ibm Australia,0.0,1
Norsymphony,0.0,2
Hafnia Tagus,0.0,2
Yasa Golden Bosphorus,0.0,1
Aerofumigaciones De Guatemala S.A.,0.0,2
Logistica Bananera S.A Logban,0.0,2
Jaraba Imp.,0.0,2
Selecao,0.0,1
Mfs Marine Freight Services,0.0,2
M T Nordic Hawk,0.0,1
M T Nord Swift,0.0,1
M T Mol Hestia V. 16 L,0.0,2
Mv Exhibitionist V. 84,0.0,1
Mv Diamond Gas Rose,0.0,2
Kapodistrias 21,0.0,1
Master Clean Copano Co Nord Sud Shi,0.0,1
Kanaris 21,0.0,1
Reg,0.0,1
Mt Solar Claire Imo 9882425,0.0,1
Mt Silver Houston,0.0,1
Dsv A/S,0.0,1
Ds Venture,0.0,2
Dubai Diamond,0.0,2
Dubai Brilliance,0.0,1
Dubai Beauty,0.0,2
Broshuis B.V.,0.0,1
Seaways Huron,0.0,1
M V Pinza V. 004 18,0.0,1
Man Energy Solutions Usa Inc.,0.0,2
Aegean Horizon 159 Arcadia Ship,0.0,1
Chinook,0.0,2
Jupiter One Shipping Ltd.,0.0,2
Mt Legislator,0.0,1
M V Aramis V2311,0.0,1
Bastille Street,0.0,1
Basra,0.0,4
Almi Sun,0.0,1
Chaparral,0.0,2
M T Genco Languedoc,0.0,1
Tokai Denki,0.0,2
California Voyager,0.0,2
Tolten,0.0,1
Mv Bw Cassia V03,0.0,1
Master Clean Future,0.0,1
Neo Energy,0.0,4
Lake Qaraoun,0.0,1
Master Alpine Marina,0.0,2
Master Alpine Legend,0.0,1
Master Alegria I,0.0,1
Clipper Freeport,0.0,1
Athens Spirit,0.0,4
Sti Gratitude,0.0,1
Seapeak Meridian Aps,0.0,1
Arsos,0.0,2
Aspen Spirit,0.0,2
Nave Equinox,0.0,2
Master Aquila L,0.0,1
Ucomar N.V.,0.0,2
M T Lone Star Mariner,0.0,1
Eleventhone Corp.,0.0,1
Oocl Bremerhaven,0.0,1
Gava Ils Uk Ltd.,0.0,1
Gaslog Saratoga,0.0,4
Chantal,0.0,1
Mv Independence,0.0,1
Dilong Spirit 059,0.0,2
Nave Equator,0.0,1
"Hainan Golden Shell Co., Ltd.",0.0,1
Sanco Soirit,0.0,1
Idee Fixe,0.0,1
M V Sc Scorpio V 2304,0.0,1
Master Of Prestige,0.0,1
Carnival Corp,0.0,2
Cartagena,0.0,2
Master Of Mv Evergreen Mariner,0.0,1
Lighthouse Freight International In,0.0,1
Mt Kita Lng,0.0,1
Quebec,0.0,2
M V Coral Encanto,0.0,1
Radiant Global Logistics,0.0,1
Torm Almena,0.0,1
Torm Allegro,0.0,2
Bw Pavilion Aranthera V. 0523,0.0,1
Bw Magellan,0.0,1
