Analysis_Type,Entity_ID,Entity_Name,Vessel_Type,Carrier,Vessel_Name,Vessel_Size_Class,Total_Tons,Total_Value,Shipment_Count,Unique_Vessels,Pct_Tons,Pct_Shipments
Entity_Vessel_Type,BP-001,BP,Bulk Carrier,,,,134092.14,94774000.0,1,,2.76577352198439,1.639344262295082
Entity_Vessel_Type,BP-001,BP,RoRo,,,,82.46,528000.0,1,,0.0017008132215865358,1.639344262295082
Entity_Vessel_Type,BP-001,BP,Tanker (Other),,,,4385963.13,3934485000.0,53,,90.46451711005416,86.88524590163934
Entity_Vessel_Type,BP-001,BP,Unknown,,,,328131.26,364944000.0,6,,6.768008554739866,9.836065573770492
Entity_Vessel_Type,CELANESE-001,Celanese,Tanker (Other),,,,4594344.84,5937292400.0,52,,99.9556390399284,100.0
Entity_Vessel_Type,CELANESE-001,Celanese,Unknown,,,,2039.0,7175000.0,0,,0.04436096007160272,0.0
Entity_Vessel_Type,CHEVRON-001,Chevron,Bulk Carrier,,,,187759.0,106799000.0,0,,0.31977149554940326,0.0
Entity_Vessel_Type,CHEVRON-001,Chevron,General Cargo,,,,2660.72,34034200.0,7,,0.0045314600825430915,1.2259194395796849
Entity_Vessel_Type,CHEVRON-001,Chevron,LPG Tanker,,,,995048.59,456972000.0,17,,1.6946627100092406,2.9772329246935203
Entity_Vessel_Type,CHEVRON-001,Chevron,Tanker (Other),,,,56817830.45,32535717929.0,534,,96.7661875961681,93.52014010507881
Entity_Vessel_Type,CHEVRON-001,Chevron,Unknown,,,,713073.8,495211802.0,13,,1.214432732721713,2.276707530647986
Entity_Vessel_Type,CHEVRON-001,Chevron,Vehicle Carrier,,,,243.09,4274000.0,0,,0.0004140054689953848,0.0
Entity_Vessel_Type,CITGO-001,Citgo,Tanker (Other),,,,4769536.94,2928637000.0,46,,93.62252132245978,100.0
Entity_Vessel_Type,CITGO-001,Citgo,Unknown,,,,324896.4,219331000.0,0,,6.377478677540219,0.0
Entity_Vessel_Type,ECOPETROL-001,Ecopetrol,Tanker (Other),,,,8499060.33,4624270000.0,44,,83.62646506999451,66.66666666666666
Entity_Vessel_Type,ECOPETROL-001,Ecopetrol,Unknown,,,,1664062.46,1091880000.0,22,,16.373534930005505,33.33333333333333
Entity_Vessel_Type,EMIRATES-001,Emirates Aluminium (EGA),Bulk Carrier,,,,10568574.48,18991102703.0,131,,68.90188500114107,18.82183908045977
Entity_Vessel_Type,EMIRATES-001,Emirates Aluminium (EGA),Container Ship,,,,675.35,1837238.0,30,,0.004402948394183112,4.310344827586207
Entity_Vessel_Type,EMIRATES-001,Emirates Aluminium (EGA),General Cargo,,,,170308.7,443268600.0,47,,1.1103285958101923,6.752873563218391
Entity_Vessel_Type,EMIRATES-001,Emirates Aluminium (EGA),LPG Tanker,,,,0.05,239.0,1,,3.2597530126475985e-07,0.14367816091954022
Entity_Vessel_Type,EMIRATES-001,Emirates Aluminium (EGA),Other,,,,5.62,38361.0,0,,3.663962386215901e-05,0.0
Entity_Vessel_Type,EMIRATES-001,Emirates Aluminium (EGA),Reefer,,,,121.37,322800.0,14,,0.000791272446290078,2.0114942528735633
Entity_Vessel_Type,EMIRATES-001,Emirates Aluminium (EGA),RoRo,,,,233.42000000000002,3971000.0,7,,0.001521783096424405,1.0057471264367817
Entity_Vessel_Type,EMIRATES-001,Emirates Aluminium (EGA),Tanker (Other),,,,6144.5199999999995,3286631.0,29,,0.04005923516254684,4.166666666666666
Entity_Vessel_Type,EMIRATES-001,Emirates Aluminium (EGA),Unknown,,,,4586515.92,3936177057.0,81,,29.901818175552343,11.637931034482758
Entity_Vessel_Type,EMIRATES-001,Emirates Aluminium (EGA),Vehicle Carrier,,,,6005.98,67869500.0,356,,0.03915602279780244,51.14942528735632
Entity_Vessel_Type,EXXONMOBIL-001,ExxonMobil,Bulk Carrier,,,,45798.32,39798000.0,2,,0.2405516921174825,0.7604562737642585
Entity_Vessel_Type,EXXONMOBIL-001,ExxonMobil,Container Ship,,,,292.05,2364000.0,5,,0.0015339672215686246,1.9011406844106464
Entity_Vessel_Type,EXXONMOBIL-001,ExxonMobil,General Cargo,,,,11594.43,33647590.0,10,,0.060898735054860154,3.802281368821293
Entity_Vessel_Type,EXXONMOBIL-001,ExxonMobil,Other,,,,2400.7,2136000.0,0,,0.012609467929531918,0.0
Entity_Vessel_Type,EXXONMOBIL-001,ExxonMobil,RoRo,,,,403.89,7129000.0,3,,0.0021213970933722025,1.1406844106463878
Entity_Vessel_Type,EXXONMOBIL-001,ExxonMobil,Tanker (Other),,,,17209770.830000002,14318465700.0,216,,90.39282432435496,82.12927756653993
Entity_Vessel_Type,EXXONMOBIL-001,ExxonMobil,Unknown,,,,1768608.1400000001,1815886200.0,27,,9.289460416228225,10.26615969581749
Entity_Vessel_Type,IRVING-001,Irving Oil,Tanker (Other),,,,15882431.68,11253361400.0,0,,86.61861589286346,
Entity_Vessel_Type,IRVING-001,Irving Oil,Unknown,,,,2453617.12,1775921300.0,0,,13.381384107136537,
Entity_Vessel_Type,MARATHON-001,Marathon Petroleum,Bulk Carrier,,,,60034.0,147144000.0,0,,0.34571687684927127,0.0
Entity_Vessel_Type,MARATHON-001,Marathon Petroleum,LPG Tanker,,,,133898.26,83553000.0,0,,0.7710778602583821,0.0
Entity_Vessel_Type,MARATHON-001,Marathon Petroleum,Tanker (Other),,,,15537250.21,10208253000.0,117,,89.47412495297472,90.0
Entity_Vessel_Type,MARATHON-001,Marathon Petroleum,Unknown,,,,1633651.75,1016916000.0,11,,9.407685326137631,8.461538461538462
Entity_Vessel_Type,MARATHON-001,Marathon Petroleum,Vehicle Carrier,,,,242.24,3356000.0,2,,0.0013949837799907966,1.5384615384615385
Entity_Vessel_Type,MARTIN-001,Martin Marietta,Bulk Carrier,,,,8019070.0,7412295000.0,0,,94.5524719114254,
Entity_Vessel_Type,MARTIN-001,Martin Marietta,Tanker (Other),,,,0.14,140.0,0,,1.6507333228915019e-06,
Entity_Vessel_Type,MARTIN-001,Martin Marietta,Unknown,,,,462009.03,392380135.0,0,,5.447526437841283,
Entity_Vessel_Type,MORTON-001,Morton Salt,Bulk Carrier,,,,3472104.9,11707965900.0,24,,75.64627225550615,82.75862068965517
Entity_Vessel_Type,MORTON-001,Morton Salt,General Cargo,,,,158067.0,235096000.0,1,,3.4437840045129655,3.4482758620689653
Entity_Vessel_Type,MORTON-001,Morton Salt,Unknown,,,,959750.11,507792600.0,4,,20.90994373998089,13.793103448275861
Entity_Vessel_Type,MOSAIC-001,Mosaic,Bulk Carrier,,,,4332140.51,13127517000.0,25,,84.20955048123682,80.64516129032258
Entity_Vessel_Type,MOSAIC-001,Mosaic,General Cargo,,,,223949.0,420180000.0,0,,4.353193202572856,0.0
Entity_Vessel_Type,MOSAIC-001,Mosaic,Tanker (Other),,,,109250.51000000001,565806000.0,1,,2.1236468013235954,3.225806451612903
Entity_Vessel_Type,MOSAIC-001,Mosaic,Unknown,,,,479136.45,943488000.0,5,,9.313609514866728,16.129032258064516
Entity_Vessel_Type,MOTIVA-001,Motiva Enterprises,Container Ship,,,,6292.42,6022000.0,2,,1.325449890374369,2.941176470588235
Entity_Vessel_Type,MOTIVA-001,Motiva Enterprises,Tanker (Other),,,,468446.01,432490000.0,66,,98.67455010962564,97.05882352941177
Entity_Vessel_Type,PBF-001,PBF Energy,Bulk Carrier,,,,139279.0,78408000.0,0,,0.7611319949324946,0.0
Entity_Vessel_Type,PBF-001,PBF Energy,Tanker (Other),,,,16306808.16,9485895000.0,218,,89.11345878274744,87.55020080321285
Entity_Vessel_Type,PBF-001,PBF Energy,Unknown,,,,1852841.4,1057151600.0,31,,10.125409222320064,12.449799196787147
Entity_Vessel_Type,PETROBRAS-001,Petrobras,Tanker (Other),,,,1139893.05,1178786000.0,10,,91.26903363087028,71.42857142857143
Entity_Vessel_Type,PETROBRAS-001,Petrobras,Unknown,,,,109044.29999999999,94471000.0,4,,8.730966369129723,28.57142857142857
Entity_Vessel_Type,PMI-001,PMI Trading,Tanker (Other),,,,660365.54,937781000.0,3,,93.63572254803752,60.0
Entity_Vessel_Type,PMI-001,PMI Trading,Unknown,,,,44884.04,27290000.0,2,,6.364277451962466,40.0
Entity_Vessel_Type,SAUDI-REFINING-001,Saudi Refining Inc,Tanker (Other),,,,14980445.959999999,8543990000.0,214,,100.0,100.0
Entity_Vessel_Type,TERNIUM-001,Ternium,Bulk Carrier,,,,7105372.63,8648725500.0,80,,84.40099833506885,31.25
Entity_Vessel_Type,TERNIUM-001,Ternium,General Cargo,,,,156431.32,166061000.0,76,,1.8581656819978243,29.6875
Entity_Vessel_Type,TERNIUM-001,Ternium,Other,,,,107066.0,63918000.0,0,,1.2717809125997215,0.0
Entity_Vessel_Type,TERNIUM-001,Ternium,RoRo,,,,92019.0,77796000.0,4,,1.0930454840613617,1.5625
Entity_Vessel_Type,TERNIUM-001,Ternium,Unknown,,,,957660.28,1072678400.0,94,,11.37554466272117,36.71875
Entity_Vessel_Type,TERNIUM-001,Ternium,Vehicle Carrier,,,,39.14,926000.0,2,,0.0004649235510727317,0.78125
Entity_Vessel_Type,TRAFIGURA-001,Trafigura,Bulk Carrier,,,,18310.420000000002,81340000.0,12,,0.3658424755757098,25.53191489361702
Entity_Vessel_Type,TRAFIGURA-001,Trafigura,General Cargo,,,,20035.07,98369000.0,10,,0.40030100932325063,21.27659574468085
Entity_Vessel_Type,TRAFIGURA-001,Trafigura,LPG Tanker,,,,133898.26,79670000.0,0,,2.6752893114237706,0.0
Entity_Vessel_Type,TRAFIGURA-001,Trafigura,Tanker (Other),,,,4331252.72,3012462200.0,16,,86.53849651885791,34.04255319148936
Entity_Vessel_Type,TRAFIGURA-001,Trafigura,Unknown,,,,501504.65,408064000.0,9,,10.020070684819347,19.148936170212767
Entity_Vessel_Type,VALERO-001,Valero,Bulk Carrier,,,,300004.78,243795000.0,6,,0.6892317337213416,1.0771992818671454
Entity_Vessel_Type,VALERO-001,Valero,Tanker (Other),,,,39171361.12,27849205700.0,475,,89.99238324456813,85.27827648114902
Entity_Vessel_Type,VALERO-001,Valero,Unknown,,,,4056052.43,2725286100.0,76,,9.318385021710522,13.644524236983843
Entity_Vessel_Type,VULCAN-001,Vulcan Materials,Unknown,,,,3310607.89,4316099333.0,89,,100.0,100.0
Entity_Carrier,BP-001,BP,,ADHQ - Ardmore Shipping,,,115923.0,99620000.0,0,3.0,2.391018325078535,0.0
Entity_Carrier,BP-001,BP,,AETK - Aet Inc Pte Ltd,,,189106.0,114408000.0,6,1.0,3.9004849027570154,9.836065573770492
Entity_Carrier,BP-001,BP,,AWNC - Astra Two,,,15001.0,12691000.0,0,1.0,0.3094094001578902,0.0
Entity_Carrier,BP-001,BP,,BNBN - Braskem Trading And Shipping Bv,,,54604.67,47045000.0,5,1.0,1.1262714612705516,8.19672131147541
Entity_Carrier,BP-001,BP,,BPSH - Bp Shipping Ltd,,,35681.53,119067000.0,0,1.0,0.7359643219795856,0.0
Entity_Carrier,BP-001,BP,,CHAN - Chandris,,,3154.0,2962000.0,0,1.0,0.06505414626344816,0.0
Entity_Carrier,BP-001,BP,,CHSL - Christal Lines,,,82.46,528000.0,1,1.0,0.0017008132215865358,1.639344262295082
Entity_Carrier,BP-001,BP,,CMCF - Cmb.Tech Nv,,,72702.2,39187000.0,0,1.0,1.4995496361681864,0.0
Entity_Carrier,BP-001,BP,,CPUV - Cpt Alliance Ltd,,,40644.259999999995,32884000.0,2,2.0,0.838325185418394,3.278688524590164
Entity_Carrier,BP-001,BP,,CSPA - Clearlake Shipping Pte Ltd,,,38709.0,224838000.0,0,2.0,0.7984086708027314,0.0
Entity_Carrier,BP-001,BP,,DAMT - D'amico Tankers Designated Activity Company,,,16923.08,51683000.0,1,1.0,0.3490540651705879,1.639344262295082
Entity_Carrier,BP-001,BP,,DMNA - Dampskibsselskabet Norden Aktieselskab,,,477416.0,438482000.0,0,8.0,9.8471434028251,0.0
Entity_Carrier,BP-001,BP,,DPKT - Dampskibsselskabet Torm,,,135814.88,139104000.0,2,3.0,2.8013066164466265,3.278688524590164
Entity_Carrier,BP-001,BP,,EMML - Eastern Mediterranean Maritime Limited,,,10526.0,6610000.0,1,1.0,0.21710841584307397,1.639344262295082
Entity_Carrier,BP-001,BP,,ESHT - Enterprises Shipping & Trading Sa,,,84918.35,73151000.0,4,2.0,1.7515189477966653,6.557377049180328
Entity_Carrier,BP-001,BP,,EURN - Euronav Nv,,,246933.45,176358000.0,0,2.0,5.093229160950495,0.0
Entity_Carrier,BP-001,BP,,"FKCO - Fuyo Kaiun Co.,Ltd",,,32972.35,23707000.0,0,1.0,0.6800849966866216,0.0
Entity_Carrier,BP-001,BP,,FLUB - Frontline Management As,,,70068.25,38608000.0,0,1.0,1.4452219987076256,0.0
Entity_Carrier,BP-001,BP,,HPPB - Hafnia Middle East Dmcc,,,32912.0,30904000.0,0,1.0,0.6788402225182644,0.0
Entity_Carrier,BP-001,BP,,HPPW - Hafnia Pools Pte Ltd,,,397596.0,318910000.0,0,5.0,8.200782605504735,0.0
Entity_Carrier,BP-001,BP,,LDCS - Louis Dreyfus Company Freight Asia Pte Ltd,,,25006.68,12928000.0,1,1.0,0.5157857382001406,1.639344262295082
Entity_Carrier,BP-001,BP,,MAET - Maersk Tankers,,,498976.42,653738000.0,10,6.0,10.291846863884507,16.39344262295082
Entity_Carrier,BP-001,BP,,MGYA - Miklagard S Gemi Isletmeciligi Ve Ticaret A S,,,17004.0,15882000.0,1,1.0,0.3507231144780191,1.639344262295082
Entity_Carrier,BP-001,BP,,MMSM - Mms Company Ltd,,,35033.57,32792000.0,2,1.0,0.7225995519691659,3.278688524590164
Entity_Carrier,BP-001,BP,,MSBY - Mission Shipping Co Ltd,,,36223.32,34014000.0,0,1.0,0.7471392382459374,0.0
Entity_Carrier,BP-001,BP,,MTMA - Mt Maritime Management,,,8845.0,4546000.0,2,1.0,0.18243624720995524,3.278688524590164
Entity_Carrier,BP-001,BP,,NACS - New Activity Shipping Inc,,,97030.0,90626000.0,0,1.0,2.0013328509646082,0.0
Entity_Carrier,BP-001,BP,,NEYI - New Alliance Shipping & Trading Inc.,,,27697.0,19194000.0,0,1.0,0.5712760586742941,0.0
Entity_Carrier,BP-001,BP,,NPLW - Navig8 Pte Ltd,,,180235.0,148952000.0,0,8.0,3.7175123816717113,0.0
Entity_Carrier,BP-001,BP,,NSCS - National Shipping Company Of Saudi Arabia,,,12721.0,14973000.0,0,1.0,0.26238230647346983,0.0
Entity_Carrier,BP-001,BP,,NTMN - Navios Tankers Management Inc,,,74064.0,62214000.0,0,1.0,1.5276380116854864,0.0
Entity_Carrier,BP-001,BP,,NYKA - Nyk Bulkship,,,40459.19,40030000.0,3,1.0,0.8345079467218259,4.918032786885246
Entity_Carrier,BP-001,BP,,PBIH - Pacific Basin Handysize Ltd,,,100137.45999999999,75994000.0,0,2.0,2.065427066991182,0.0
Entity_Carrier,BP-001,BP,,PNFN - Penfield Marine Llc,,,628.0,1434000.0,2,1.0,0.012953076681498237,3.278688524590164
Entity_Carrier,BP-001,BP,,PTBR - Petrobras America Inc,,,414847.66,271469000.0,4,4.0,8.556613934904632,6.557377049180328
Entity_Carrier,BP-001,BP,,PTKS - Pantheon Tankers Management Ltd,,,33006.0,28517000.0,0,1.0,0.6807790588368324,0.0
Entity_Carrier,BP-001,BP,,RTCE - Roswell Tankers Corp,,,27269.0,23042000.0,0,1.0,0.5624481656493239,0.0
Entity_Carrier,BP-001,BP,,SBOT - Sause Bros Inc,,,23733.64,14494000.0,0,1.0,0.4895281191896079,0.0
Entity_Carrier,BP-001,BP,,SEUK - Shell International Trading And Shipping,,,156022.5,141530000.0,8,2.0,3.218107335253278,13.114754098360656
Entity_Carrier,BP-001,BP,,SGVJ - Signal Maritime Services Ltd,,,34764.42,26652000.0,3,1.0,0.7170480860633932,4.918032786885246
Entity_Carrier,BP-001,BP,,SMKI - Scorpio Mr Pool Ltd,,,71663.16,67650000.0,0,1.0,1.4781184820357918,0.0
Entity_Carrier,BP-001,BP,,SNHI - Sonangol Shipping Holding Limited,,,115870.04,68943000.0,0,1.0,2.3899259764462863,0.0
Entity_Carrier,BP-001,BP,,SWAF - Stena Weco A/S,,,35437.71,32426000.0,0,1.0,0.7309353105839123,0.0
Entity_Carrier,BP-001,BP,,TAMT - Tarant Marine,,,33671.0,31785000.0,0,1.0,0.6944952944947884,0.0
Entity_Carrier,BP-001,BP,,TGRA - Trafigura Maritime Ventures Ltd,,,419377.0,274925000.0,0,9.0,8.650035731618926,0.0
Entity_Carrier,BP-001,BP,,TNKP - Tankerska Plovidba,,,39340.3,32141000.0,1,1.0,0.8114298130145623,1.639344262295082
Entity_Carrier,BP-001,BP,,UMLE - Union Maritime Limited,,,33152.6,29042000.0,0,1.0,0.6838028184570676,0.0
Entity_Carrier,BP-001,BP,,VITO - Vitol International Shipping Pte,,,55356.0,39746000.0,0,1.0,1.1417683324538477,0.0
Entity_Carrier,BP-001,BP,,WECF - Weco Tankers A/S,,,73968.84,68496000.0,2,1.0,1.52567524930171,3.278688524590164
Entity_Carrier,BP-001,BP,,WSCL - Waterfront Shipping Company Limited,,,13120.0,6678000.0,0,1.0,0.27061204786824344,0.0
Entity_Carrier,BP-001,BP,,YTIS - Yasa Tanker Isletmeciligi A.S.,,,41920.0,39131000.0,0,1.0,0.86463849440829,0.0
Entity_Carrier,CELANESE-001,Celanese,,AQCV - Ace Tankers C.V.,,,4543350.33,5818745000.0,36,14.0,98.84619057402308,69.23076923076923
Entity_Carrier,CELANESE-001,Celanese,,TMMD - Transportacion Maritima Mexicana S A De C V,,,50994.51,118547400.0,16,2.0,1.1094484659053192,30.76923076923077
Entity_Carrier,CELANESE-001,Celanese,,UTNK - Uni Tankers,,,2039.0,7175000.0,0,1.0,0.04436096007160272,0.0
Entity_Carrier,CHEVRON-001,Chevron,,ADHQ - Ardmore Shipping,,,39660.0,37121000.0,0,1.0,0.06754476490335662,0.0
Entity_Carrier,CHEVRON-001,Chevron,,AETK - Aet Inc Pte Ltd,,,1302784.32,735830000.0,24,8.0,2.2187660265804166,4.203152364273205
Entity_Carrier,CHEVRON-001,Chevron,,AHPT - Aetna Shipping Co Ltd,,,1777997.93,1013096000.0,30,1.0,3.028100155837234,5.253940455341506
Entity_Carrier,CHEVRON-001,Chevron,,AMCP - Amazonas Ca Llc,,,208599.63,114517000.0,0,2.0,0.35526507733931356,0.0
Entity_Carrier,CHEVRON-001,Chevron,,AQCV - Ace Tankers C.V.,,,5000.98,3030000.0,0,1.0,0.008517146202379937,0.0
Entity_Carrier,CHEVRON-001,Chevron,,ASHI - Andriaki Shipping Co. Ltd.,,,411002.01,237299000.0,0,1.0,0.69997564650169,0.0
Entity_Carrier,CHEVRON-001,Chevron,,ATKA - Almi Tankers S A,,,136234.0,77789000.0,0,1.0,0.23201950332435414,0.0
Entity_Carrier,CHEVRON-001,Chevron,,AWVW - Atlas Maritime Shipmanagement Ltd.,,,70989.23,37624000.0,0,1.0,0.12090143345991704,0.0
Entity_Carrier,CHEVRON-001,Chevron,,BANQ - Blue Anchor America Line,,,243.09,4274000.0,0,1.0,0.0004140054689953848,0.0
Entity_Carrier,CHEVRON-001,Chevron,,BBHY - Bbc Chartering Carriers Gmbh & Co Kg,,,1742.22,24382000.0,4,2.0,0.0029671669266244567,0.7005253940455342
Entity_Carrier,CHEVRON-001,Chevron,,CCMK - Concord Maritime Llc,,,83484.0,54766000.0,0,1.0,0.14218121919293553,0.0
Entity_Carrier,CHEVRON-001,Chevron,,CEPC - Chevron North America  Exploration & Production Company,,,11605.28,64302600.0,0,21.0,0.019764899375633548,0.0
Entity_Carrier,CHEVRON-001,Chevron,,CGUT - Cygnus Tankers Limited,,,37449.0,35128000.0,0,1.0,0.063779220899289,0.0
Entity_Carrier,CHEVRON-001,Chevron,,CHVV - Chevron Shipping Company Llc,,,21927575.22,11986755719.0,225,17.0,37.34475323085144,39.404553415061294
Entity_Carrier,CHEVRON-001,Chevron,,COEB - Core Transport Llc,,,80974.44,45670000.0,0,1.0,0.13790719901616127,0.0
Entity_Carrier,CHEVRON-001,Chevron,,CSOM - Cosco Shipping Energy Transportation Co Ltd,,,82823.0,46878000.0,0,1.0,0.14105547311121291,0.0
Entity_Carrier,CHEVRON-001,Chevron,,CSPA - Clearlake Shipping Pte Ltd,,,92489.0,66993000.0,0,2.0,0.1575175935740431,0.0
Entity_Carrier,CHEVRON-001,Chevron,,DAMT - D'amico Tankers Designated Activity Company,,,64764.090000000004,62494000.0,2,1.0,0.11029942595133205,0.3502626970227671
Entity_Carrier,CHEVRON-001,Chevron,,DMNA - Dampskibsselskabet Norden Aktieselskab,,,120720.0,110426000.0,0,2.0,0.20559768076483134,0.0
Entity_Carrier,CHEVRON-001,Chevron,,DPKT - Dampskibsselskabet Torm,,,674055.63,435226000.0,0,2.0,1.1479810655606135,0.0
Entity_Carrier,CHEVRON-001,Chevron,,DSVF - Dsv Air & Sea Inc. Dba. Dsv Ocean Transport,,,565.5,4038000.0,0,1.0,0.0009631004677974828,0.0
Entity_Carrier,CHEVRON-001,Chevron,,ELVM - Elite Tankship Dmcc,,,23535.0,22358000.0,0,1.0,0.04008235103379975,0.0
Entity_Carrier,CHEVRON-001,Chevron,,EOFF - Ensco Offshore Company,,,13.56,43100.0,0,2.0,2.3093974081934336e-05,0.0
Entity_Carrier,CHEVRON-001,Chevron,,EPSJ - Eastern Pacific Shipping Pte Ltd,,,407358.0,260643000.0,0,5.0,0.6937695497100742,0.0
Entity_Carrier,CHEVRON-001,Chevron,,EVAC - Emirates Ship Investment Company Llc,,,35132.84,33306000.0,0,1.0,0.059834579379406026,0.0
Entity_Carrier,CHEVRON-001,Chevron,,FLUB - Frontline Management As,,,71592.2,40378000.0,0,1.0,0.12192834891361792,0.0
Entity_Carrier,CHEVRON-001,Chevron,,GLQN - Gloria Maris S.A.,,,107643.0,57158000.0,0,1.0,0.18332630177740838,0.0
Entity_Carrier,CHEVRON-001,Chevron,,GVWS - Gulfview Shipping Co S A,,,70521.0,38928000.0,0,1.0,0.12010399308496247,0.0
Entity_Carrier,CHEVRON-001,Chevron,,HDRM - Heidmar Inc,,,47275.100000000006,28992000.0,2,1.0,0.08051400694106593,0.3502626970227671
Entity_Carrier,CHEVRON-001,Chevron,,HPPW - Hafnia Pools Pte Ltd,,,90820.0,63427000.0,0,3.0,0.15467512729507935,0.0
Entity_Carrier,CHEVRON-001,Chevron,,IONK - Ionic Tankers,,,999575.38,460552400.0,9,2.0,1.7023722653878808,1.5761821366024518
Entity_Carrier,CHEVRON-001,Chevron,,ISEW - International Seaways Inc,,,180884.43,218493000.0,1,2.0,0.3080634467732644,0.17513134851138354
Entity_Carrier,CHEVRON-001,Chevron,,JELW - Jasper Exporting Ltd,,,104275.0,52033000.0,0,1.0,0.17759027635646774,0.0
Entity_Carrier,CHEVRON-001,Chevron,,KOEC - Kmarin Ocean Services Corporation,,,133311.38,76550000.0,0,1.0,0.22704200254770646,0.0
Entity_Carrier,CHEVRON-001,Chevron,,MAET - Maersk Tankers,,,13830.0,9224000.0,0,1.0,0.023553809849052497,0.0
Entity_Carrier,CHEVRON-001,Chevron,,MEYW - Mercuria Energy Trading Sa,,,732306.0,398473000.0,0,1.0,1.2471870047230829,0.0
Entity_Carrier,CHEVRON-001,Chevron,,MFQO - Mercury Pool Limited,,,38942.31,25234000.0,0,1.0,0.06632247034149352,0.0
Entity_Carrier,CHEVRON-001,Chevron,,MGYA - Miklagard S Gemi Isletmeciligi Ve Ticaret A S,,,2505.0,5155000.0,1,1.0,0.004266254061596276,0.17513134851138354
Entity_Carrier,CHEVRON-001,Chevron,,MIMA - Minerva Marine Inc,,,1381146.55,666306000.0,9,6.0,2.3522243826735267,1.5761821366024518
Entity_Carrier,CHEVRON-001,Chevron,,MKMQ - Maran Tankers Management Inc,,,232860.0,135756000.0,0,3.0,0.3965828027079077,0.0
Entity_Carrier,CHEVRON-001,Chevron,,MLAA - Mol Chemical Tankers Pte Ltd,,,29998.86,18300000.0,2,1.0,0.05109092148433456,0.3502626970227671
Entity_Carrier,CHEVRON-001,Chevron,,MLCW - Mclean Cargo Specialists,,,215.2,4326000.0,0,1.0,0.00036650613734751244,0.0
Entity_Carrier,CHEVRON-001,Chevron,,MMSM - Mms Company Ltd,,,121511.8,103514000.0,2,2.0,0.20694619172929116,0.3502626970227671
Entity_Carrier,CHEVRON-001,Chevron,,MSDK - Mercuria Shipping Sarl,,,345869.0,198709000.0,0,2.0,0.589047914582931,0.0
Entity_Carrier,CHEVRON-001,Chevron,,NATH - Nordic American Tankers,,,110133.0,55838000.0,0,1.0,0.18756700940749807,0.0
Entity_Carrier,CHEVRON-001,Chevron,,NKSL - Northern King Shipping Co Ltd,,,52252.6,29470000.0,0,1.0,0.08899116446266091,0.0
Entity_Carrier,CHEVRON-001,Chevron,,NPLW - Navig8 Pte Ltd,,,35143.0,38938000.0,0,1.0,0.05985188282901315,0.0
Entity_Carrier,CHEVRON-001,Chevron,,NSDS - Nord Sud Shipping Inc,,,2.72,9600.0,0,1.0,4.632419579857035e-06,0.0
Entity_Carrier,CHEVRON-001,Chevron,,NTWY - N Two,,,452214.06,311600000.0,0,3.0,0.7701637006730309,0.0
Entity_Carrier,CHEVRON-001,Chevron,,OTUS - Odfjell Tankers As,,,15216.0,33364000.0,8,2.0,0.025914300120259057,1.4010507880910683
Entity_Carrier,CHEVRON-001,Chevron,,PNFN - Penfield Marine Llc,,,10532265.48,5827582200.0,189,34.0,17.9374532462516,33.09982486865149
Entity_Carrier,CHEVRON-001,Chevron,,PSKM - Ps Tanker One Limited,,,153288.02000000002,111201000.0,3,1.0,0.26106412691379294,0.5253940455341506
Entity_Carrier,CHEVRON-001,Chevron,,PTKS - Pantheon Tankers Management Ltd,,,794885.0,417199000.0,0,4.0,1.3537650138730364,0.0
Entity_Carrier,CHEVRON-001,Chevron,,SAMO - Samos Steamship Co,,,803078.0,540552110.0,0,2.0,1.3677184747619218,0.0
Entity_Carrier,CHEVRON-001,Chevron,,SBKA - Stena Bulk Ab,,,138352.41999999998,79276000.0,0,1.0,0.2356273747531632,0.0
Entity_Carrier,CHEVRON-001,Chevron,,"SEBT - Seajacks Uk, Ltd",,,0.0,2.0,0,1.0,0.0,0.0
Entity_Carrier,CHEVRON-001,Chevron,,SEUK - Shell International Trading And Shipping,,,1589316.24,1043338000.0,18,10.0,2.7067572311620447,3.1523642732049035
Entity_Carrier,CHEVRON-001,Chevron,,SFFV - Spliethoff Transport B V,,,136.4,1286000.0,2,1.0,0.00023230221716636013,0.3502626970227671
Entity_Carrier,CHEVRON-001,Chevron,,SGIQ - Scot Gemi Isletmeciligi A S,,,2100.0,1560000.0,0,1.0,0.003576500410919034,0.0
Entity_Carrier,CHEVRON-001,Chevron,,SGVJ - Signal Maritime Services Ltd,,,325080.73,172751000.0,5,2.0,0.5536435068699331,0.8756567425569177
Entity_Carrier,CHEVRON-001,Chevron,,SIVA - Singfar Atlantic Pte Ltd,,,706388.0,394202000.0,0,1.0,1.203046177270607,0.0
Entity_Carrier,CHEVRON-001,Chevron,,SKMC - Sinokor Maritime Co Ltd,,,557771.62,466115000.0,6,5.0,0.9499382991090358,1.0507880910683012
Entity_Carrier,CHEVRON-001,Chevron,,SMKI - Scorpio Mr Pool Ltd,,,159284.83000000002,132591000.0,5,4.0,0.27127726664198504,0.8756567425569177
Entity_Carrier,CHEVRON-001,Chevron,,SNHI - Sonangol Shipping Holding Limited,,,371381.66000000003,221903000.0,0,2.0,0.6324984093322824,0.0
Entity_Carrier,CHEVRON-001,Chevron,,STSO - St Shipping Transport Pte Ltd,,,145113.92,96066000.0,2,1.0,0.24714285452860565,0.3502626970227671
Entity_Carrier,CHEVRON-001,Chevron,,STZW - Stolt Tankers Bv,,,190591.62,235348000.0,4,15.0,0.32459571773701157,0.7005253940455342
Entity_Carrier,CHEVRON-001,Chevron,,SYNY - Stenersen Chartering As,,,4896.0,3197000.0,0,2.0,0.008338355243742662,0.0
Entity_Carrier,CHEVRON-001,Chevron,,TGRA - Trafigura Maritime Ventures Ltd,,,1124174.0,659597000.0,0,6.0,1.9145756061640449,0.0
Entity_Carrier,CHEVRON-001,Chevron,,TKSD - Tsakos Shipping And Trading S A Of Panama,,,575456.0,359712000.0,0,7.0,0.9800564859361064,0.0
Entity_Carrier,CHEVRON-001,Chevron,,TKSH - Teekay Tankers Ltd,,,5569953.7,3003722000.0,6,13.0,9.486162712785712,1.0507880910683012
Entity_Carrier,CHEVRON-001,Chevron,,TNAR - Thenamaris,,,621396.05,296706000.0,11,3.0,1.0582967753183166,1.926444833625219
Entity_Carrier,CHEVRON-001,Chevron,,UALB - Universal Africa Lines B V,,,1.4,2200.0,1,1.0,2.3843336072793555e-06,0.17513134851138354
Entity_Carrier,CHEVRON-001,Chevron,,USLA - Unisea Shipping Ltd,,,315799.0,336858000.0,0,1.0,0.5378358348894381,0.0
Entity_Carrier,CHEVRON-001,Chevron,,VITO - Vitol International Shipping Pte,,,648923.0,402340000.0,0,3.0,1.1051777981689583,0.0
Entity_Carrier,CHEVRON-001,Chevron,,WSUK - Winter Shipping Services Limited,,,82275.0,43359000.0,0,1.0,0.14012217681350644,0.0
Entity_Carrier,CHEVRON-001,Chevron,,ZOMA - Zodiac Maritime Ltd,,,337866.0,201828000.0,0,2.0,0.5754180418264621,0.0
Entity_Carrier,CITGO-001,Citgo,,ADHQ - Ardmore Shipping,,,37917.0,37355000.0,0,1.0,0.7442829745614061,0.0
Entity_Carrier,CITGO-001,Citgo,,AETK - Aet Inc Pte Ltd,,,350035.42,186078000.0,5,3.0,6.870939251508587,10.869565217391305
Entity_Carrier,CITGO-001,Citgo,,CSPA - Clearlake Shipping Pte Ltd,,,80572.0,44395000.0,0,1.0,1.581569423381639,0.0
Entity_Carrier,CITGO-001,Citgo,,DAMT - D'amico Tankers Designated Activity Company,,,22498.19,19461000.0,1,1.0,0.4416230127765298,2.1739130434782608
Entity_Carrier,CITGO-001,Citgo,,DPKT - Dampskibsselskabet Torm,,,76520.72,62976000.0,4,1.0,1.5020457604024708,8.695652173913043
Entity_Carrier,CITGO-001,Citgo,,ELVM - Elite Tankship Dmcc,,,34273.0,30400000.0,0,1.0,0.6727539200660145,0.0
Entity_Carrier,CITGO-001,Citgo,,HPPB - Hafnia Middle East Dmcc,,,33685.0,29879000.0,0,1.0,0.6612119101748811,0.0
Entity_Carrier,CITGO-001,Citgo,,HPPW - Hafnia Pools Pte Ltd,,,101386.0,88369000.0,0,2.0,1.9901330184055364,0.0
Entity_Carrier,CITGO-001,Citgo,,KSPB - Koch Shipping Pte Ltd,,,3490.71,2007000.0,0,1.0,0.06852008392360276,0.0
Entity_Carrier,CITGO-001,Citgo,,MAET - Maersk Tankers,,,147035.5,106197000.0,0,2.0,2.886199311815904,0.0
Entity_Carrier,CITGO-001,Citgo,,MIMA - Minerva Marine Inc,,,80292.35,45526000.0,0,1.0,1.5760800984393684,0.0
Entity_Carrier,CITGO-001,Citgo,,NATH - Nordic American Tankers,,,236644.0,144302000.0,1,3.0,4.645148620199631,2.1739130434782608
Entity_Carrier,CITGO-001,Citgo,,NPLW - Navig8 Pte Ltd,,,37252.0,32000000.0,0,1.0,0.7312295109940529,0.0
Entity_Carrier,CITGO-001,Citgo,,OTUS - Odfjell Tankers As,,,105052.0,102550000.0,14,2.0,2.0620939168084194,30.434782608695656
Entity_Carrier,CITGO-001,Citgo,,PNFN - Penfield Marine Llc,,,875613.8400000001,490676000.0,12,6.0,17.18765918723357,26.08695652173913
Entity_Carrier,CITGO-001,Citgo,,PPDP - Pleiades Shipping Agents Sa,,,52996.38,24696000.0,1,1.0,1.040280173731746,2.1739130434782608
Entity_Carrier,CITGO-001,Citgo,,SAMO - Samos Steamship Co,,,73624.0,40567000.0,0,1.0,1.4451852656884503,0.0
Entity_Carrier,CITGO-001,Citgo,,SBKA - Stena Bulk Ab,,,104304.06,56220000.0,0,1.0,2.0474124017098236,0.0
Entity_Carrier,CITGO-001,Citgo,,SEUK - Shell International Trading And Shipping,,,138300.0,73300000.0,2,1.0,2.7147278366390397,4.3478260869565215
Entity_Carrier,CITGO-001,Citgo,,SGVJ - Signal Maritime Services Ltd,,,139842.31,69355000.0,2,2.0,2.7450022537737233,4.3478260869565215
Entity_Carrier,CITGO-001,Citgo,,SKMC - Sinokor Maritime Co Ltd,,,36721.02,31543000.0,0,1.0,0.7208067619940629,0.0
Entity_Carrier,CITGO-001,Citgo,,SMKI - Scorpio Mr Pool Ltd,,,164071.62,137448000.0,4,2.0,3.220605885874639,8.695652173913043
Entity_Carrier,CITGO-001,Citgo,,STSO - St Shipping Transport Pte Ltd,,,151802.55,87434000.0,0,2.0,2.979773016325305,0.0
Entity_Carrier,CITGO-001,Citgo,,SWAF - Stena Weco A/S,,,23255.77,21837000.0,0,1.0,0.456493754023681,0.0
Entity_Carrier,CITGO-001,Citgo,,TGRA - Trafigura Maritime Ventures Ltd,,,97880.0,51876000.0,0,1.0,1.9213128029662272,0.0
Entity_Carrier,CITGO-001,Citgo,,TKSH - Teekay Tankers Ltd,,,1103275.0,598670000.0,0,6.0,21.656481228980017,0.0
Entity_Carrier,CITGO-001,Citgo,,TNAR - Thenamaris,,,75660.55,40478000.0,0,1.0,1.4851612524976132,0.0
Entity_Carrier,CITGO-001,Citgo,,TSPN - Transpetrol Maritime Bv,,,35836.0,30640000.0,0,1.0,0.7034344667664253,0.0
Entity_Carrier,CITGO-001,Citgo,,USLA - Unisea Shipping Ltd,,,83219.0,45604000.0,0,1.0,1.6335280971602621,0.0
Entity_Carrier,CITGO-001,Citgo,,WECF - Weco Tankers A/S,,,164463.35,144781000.0,0,3.0,3.228295259232894,0.0
Entity_Carrier,CITGO-001,Citgo,,WSCL - Waterfront Shipping Company Limited,,,118076.0,103518000.0,0,4.0,2.317745510043321,0.0
Entity_Carrier,CITGO-001,Citgo,,ZOMA - Zodiac Maritime Ltd,,,308838.0,167830000.0,0,2.0,6.06226403190114,0.0
Entity_Carrier,ECOPETROL-001,Ecopetrol,,AETK - Aet Inc Pte Ltd,,,302044.22,139994000.0,4,2.0,2.9719627150150765,6.0606060606060606
Entity_Carrier,ECOPETROL-001,Ecopetrol,,CSPA - Clearlake Shipping Pte Ltd,,,46520.0,34425000.0,0,1.0,0.4577333262742169,0.0
Entity_Carrier,ECOPETROL-001,Ecopetrol,,EDVR - Endeavor Tankers Pte Ltd,,,75973.46,43001000.0,0,1.0,0.7475405106268525,0.0
Entity_Carrier,ECOPETROL-001,Ecopetrol,,FLUB - Frontline Management As,,,75842.0,34963000.0,0,1.0,0.7462470105608161,0.0
Entity_Carrier,ECOPETROL-001,Ecopetrol,,MFQO - Mercury Pool Limited,,,224215.27,109096000.0,1,2.0,2.20616511905786,1.5151515151515151
Entity_Carrier,ECOPETROL-001,Ecopetrol,,PNFN - Penfield Marine Llc,,,3238168.18,1920086000.0,52,18.0,31.861940930067227,78.78787878787878
Entity_Carrier,ECOPETROL-001,Ecopetrol,,POYD - Posidonia Shipping & Trading Ltda,,,20586.0,19083000.0,0,1.0,0.2025558524222062,0.0
Entity_Carrier,ECOPETROL-001,Ecopetrol,,SAMO - Samos Steamship Co,,,83363.0,47267000.0,0,1.0,0.8202498555072559,0.0
Entity_Carrier,ECOPETROL-001,Ecopetrol,,SBKA - Stena Bulk Ab,,,151091.07,82798000.0,0,1.0,1.486659889110717,0.0
Entity_Carrier,ECOPETROL-001,Ecopetrol,,SEUK - Shell International Trading And Shipping,,,432002.08,199868000.0,2,2.0,4.250682481422623,3.0303030303030303
Entity_Carrier,ECOPETROL-001,Ecopetrol,,SGVJ - Signal Maritime Services Ltd,,,233299.93,129334000.0,3,2.0,2.2955535893904124,4.545454545454546
Entity_Carrier,ECOPETROL-001,Ecopetrol,,TGRA - Trafigura Maritime Ventures Ltd,,,347650.0,256450000.0,0,3.0,3.4207005777994746,0.0
Entity_Carrier,ECOPETROL-001,Ecopetrol,,TKSD - Tsakos Shipping And Trading S A Of Panama,,,158793.0,82793000.0,0,2.0,1.5624429939609144,0.0
Entity_Carrier,ECOPETROL-001,Ecopetrol,,TKSH - Teekay Tankers Ltd,,,4121738.58,2206958000.0,4,14.0,40.55582782149974,6.0606060606060606
Entity_Carrier,ECOPETROL-001,Ecopetrol,,USLA - Unisea Shipping Ltd,,,135870.0,76200000.0,0,1.0,1.3368922407755344,0.0
Entity_Carrier,ECOPETROL-001,Ecopetrol,,ZOMA - Zodiac Maritime Ltd,,,515966.0,333834000.0,0,3.0,5.076845086509085,0.0
Entity_Carrier,EMIRATES-001,Emirates Aluminium (EGA),,ACLU - Atlantic Container Line Ab,,,122.0,3088000.0,4,2.0,0.0007953797350860141,0.5747126436781609
Entity_Carrier,EMIRATES-001,Emirates Aluminium (EGA),,ALOM - Algoma Central Corporation,,,99000.0,1602032000.0,0,3.0,0.6454310965042245,0.0
Entity_Carrier,EMIRATES-001,Emirates Aluminium (EGA),,AQCV - Ace Tankers C.V.,,,12531.939999999999,2884000.0,2,2.0,0.08170205833863788,0.28735632183908044
Entity_Carrier,EMIRATES-001,Emirates Aluminium (EGA),,BBSF - Bertling Bulk Services Pte Ltd,,,31028.5,78251200.0,15,3.0,0.202290492705872,2.1551724137931036
Entity_Carrier,EMIRATES-001,Emirates Aluminium (EGA),,BGDY - Bw Gas Lpg Chartering Pte Ltd,,,0.04,29.0,1,1.0,2.607802410118079e-07,0.14367816091954022
Entity_Carrier,EMIRATES-001,Emirates Aluminium (EGA),,CCSG - Cool Carriers Ab,,,269.42,836300.0,22,7.0,0.001756485313335032,3.1609195402298855
Entity_Carrier,EMIRATES-001,Emirates Aluminium (EGA),,CHVV - Chevron Shipping Company Llc,,,1.6,50800.0,0,1.0,1.0431209640472315e-05,0.0
Entity_Carrier,EMIRATES-001,Emirates Aluminium (EGA),,CKLN - Chemikalien Seetransport Gmbh,,,0.01,91.0,0,1.0,6.519506025295198e-08,0.0
Entity_Carrier,EMIRATES-001,Emirates Aluminium (EGA),,"CKWI - Cal Ixa Aggregates, Llc",,,10156.439999999999,12026000.0,2,1.0,0.06621497177554915,0.28735632183908044
Entity_Carrier,EMIRATES-001,Emirates Aluminium (EGA),,CLPP - Clipper Bulk Shipping Ltd,,,1275.8,5355200.0,0,3.0,0.008317585787071612,0.0
Entity_Carrier,EMIRATES-001,Emirates Aluminium (EGA),,CMDU - Cma Cgm America Llc,,,138.9,935600.0,6,3.0,0.000905559386913503,0.8620689655172413
Entity_Carrier,EMIRATES-001,Emirates Aluminium (EGA),,COSP - Columbia Shipmanagement Ltd,,,0.13,1760.0,7,6.0,8.475357832883756e-07,1.0057471264367817
Entity_Carrier,EMIRATES-001,Emirates Aluminium (EGA),,CRNV - Carnival Cruise Lines,,,1.3900000000000001,15866.0,0,12.0,9.062113375160325e-06,0.0
Entity_Carrier,EMIRATES-001,Emirates Aluminium (EGA),,CSSL - The Csl Group Inc,,,6166969.43,4188207003.0,0,10.0,40.20559435669628,0.0
Entity_Carrier,EMIRATES-001,Emirates Aluminium (EGA),,CVHQ - Cobelfret Nv,,,30008.73,82153200.0,44,2.0,0.19564209604645671,6.321839080459771
Entity_Carrier,EMIRATES-001,Emirates Aluminium (EGA),,CWLQ - Crowley Caribbean Services Llc,,,12.21,174300.0,7,1.0,7.960316856885435e-05,1.0057471264367817
Entity_Carrier,EMIRATES-001,Emirates Aluminium (EGA),,CXGK - Challenger Lc Dmcc,,,25394.18,29477000.0,0,1.0,0.16555750951743078,0.0
Entity_Carrier,EMIRATES-001,Emirates Aluminium (EGA),,EBLF - Enesel Bulk Logistics Dmcc,,,7915059.2,15088497000.0,17,2.0,51.60227614496819,2.442528735632184
Entity_Carrier,EMIRATES-001,Emirates Aluminium (EGA),,EGLV - Evergreen Line,,,2.81,27020.0,4,4.0,1.8319811931079504e-05,0.5747126436781609
Entity_Carrier,EMIRATES-001,Emirates Aluminium (EGA),,EGSG - Eagle Shipping Intl,,,55902.0,57300000.0,0,1.0,0.3644534258260521,0.0
Entity_Carrier,EMIRATES-001,Emirates Aluminium (EGA),,EQXM - Equinox Maritime Ltd,,,46612.0,51040000.0,0,1.0,0.30388721485105974,0.0
Entity_Carrier,EMIRATES-001,Emirates Aluminium (EGA),,EUKO - Eukor Car Carriers,,,68.0,632000.0,0,1.0,0.0004433264097200734,0.0
Entity_Carrier,EMIRATES-001,Emirates Aluminium (EGA),,GACM - Global Air Compass Marine Logistics Bv,,,0.5700000000000001,4863.0,4,4.0,3.7161184344182624e-06,0.5747126436781609
Entity_Carrier,EMIRATES-001,Emirates Aluminium (EGA),,GDSL - Grimaldi Deep Sea S P A,,,59.12,414000.0,2,1.0,0.000385433196215452,0.28735632183908044
Entity_Carrier,EMIRATES-001,Emirates Aluminium (EGA),,GOLA - The Great Ocean Line Pte. Ltd.,,,14.41,866000.0,0,1.0,9.394608182450378e-05,0.0
Entity_Carrier,EMIRATES-001,Emirates Aluminium (EGA),,GSSW - G2 Ocean Us Inc,,,22737.059999999998,278984000.0,14,3.0,0.1482343996674984,2.0114942528735633
Entity_Carrier,EMIRATES-001,Emirates Aluminium (EGA),,GUNG - Gungen Denizcilik Ve Ticaret A S,,,0.02,560.0,0,1.0,1.3039012050590396e-07,0.0
Entity_Carrier,EMIRATES-001,Emirates Aluminium (EGA),,HLCU - Hapag Lloyd A G,,,41.84,63300.0,2,2.0,0.00027277613209835105,0.28735632183908044
Entity_Carrier,EMIRATES-001,Emirates Aluminium (EGA),,HOEG - Hoegh Autoliners As,,,1762.53,24212500.0,131,19.0,0.011490824954763544,18.82183908045977
Entity_Carrier,EMIRATES-001,Emirates Aluminium (EGA),,HYHC - H Y H Container Line,,,0.0,6.0,0,1.0,0.0,0.0
Entity_Carrier,EMIRATES-001,Emirates Aluminium (EGA),,ICLG - Intermarine Carriers Llc,,,1.0,7100.0,1,1.0,6.519506025295196e-06,0.14367816091954022
Entity_Carrier,EMIRATES-001,Emirates Aluminium (EGA),,KKLU - Kawasaki Kisen Kaisha Ltd,,,3670.58,35456200.0,137,15.0,0.023930368426328043,19.68390804597701
Entity_Carrier,EMIRATES-001,Emirates Aluminium (EGA),,KSHV - King Shipping Company,,,31.0,157800.0,2,1.0,0.00020210468678415113,0.28735632183908044
Entity_Carrier,EMIRATES-001,Emirates Aluminium (EGA),,LBUL - Lauritzen Bulkers A/S,,,45005.3,115230000.0,0,4.0,0.293412324520218,0.0
Entity_Carrier,EMIRATES-001,Emirates Aluminium (EGA),,LLKT - Lower Lakes Towing Ltd,,,148000.0,118984000.0,0,4.0,0.9648868917436891,0.0
Entity_Carrier,EMIRATES-001,Emirates Aluminium (EGA),,LNAS - Lighthouse Navigation As,,,8.0,21200.0,1,1.0,5.215604820236157e-05,0.14367816091954022
Entity_Carrier,EMIRATES-001,Emirates Aluminium (EGA),,MAEU - Maersk Line,,,1027.56,838400.0,8,3.0,0.006699183611352332,1.1494252873563218
Entity_Carrier,EMIRATES-001,Emirates Aluminium (EGA),,MCKR - Mckeil Marine Limited,,,318653.99,998467400.0,0,2.0,2.0774666077893555,0.0
Entity_Carrier,EMIRATES-001,Emirates Aluminium (EGA),,MEDU - Msc Meditterranean Shipping Company Sa,,,360.76,432000.0,3,1.0,0.0023519769936854954,0.43103448275862066
Entity_Carrier,EMIRATES-001,Emirates Aluminium (EGA),,MIQO - Miq Logistics,,,0.57,7700.0,0,1.0,3.7161184344182615e-06,0.0
Entity_Carrier,EMIRATES-001,Emirates Aluminium (EGA),,MMUR - Marco Marine Llc,,,0.07,660.0,0,1.0,4.5636542177066384e-07,0.0
Entity_Carrier,EMIRATES-001,Emirates Aluminium (EGA),,MURG - Mur Shipping Bv,,,23950.09,64470400.0,41,2.0,0.15614275606136224,5.890804597701149
Entity_Carrier,EMIRATES-001,Emirates Aluminium (EGA),,NLIR - Norton Lilly International,,,0.01,210.0,0,1.0,6.519506025295198e-08,0.0
Entity_Carrier,EMIRATES-001,Emirates Aluminium (EGA),,NMCC - Nissan Motor Car Carrier Co Ltd,,,104.67999999999999,1244000.0,63,20.0,0.0006824618907279011,9.051724137931034
Entity_Carrier,EMIRATES-001,Emirates Aluminium (EGA),,NMTE - Nmt Lines,,,81.43,1633000.0,0,2.0,0.0005308833756397879,0.0
Entity_Carrier,EMIRATES-001,Emirates Aluminium (EGA),,NOCL - Norwegian Cruise Lines,,,2.8,12132.0,0,3.0,1.825461687082655e-05,0.0
Entity_Carrier,EMIRATES-001,Emirates Aluminium (EGA),,"NSAU - National Shipping Co Of Saudi Arabia, The",,,52.3,469000.0,1,1.0,0.00034097016512293877,0.14367816091954022
Entity_Carrier,EMIRATES-001,Emirates Aluminium (EGA),,NSGG - Nsc Shipping Gmbh & Cie. Kg,,,211.72,7060000.0,0,1.0,0.001380309815675499,0.0
Entity_Carrier,EMIRATES-001,Emirates Aluminium (EGA),,NYKS - Nyk Group Americas Inc,,,746.46,8845600.0,56,6.0,0.004866550467641853,8.045977011494253
Entity_Carrier,EMIRATES-001,Emirates Aluminium (EGA),,OFCW - Oldendorff Carriers,,,16482.0,42639600.0,0,1.0,0.10745449830891543,0.0
Entity_Carrier,EMIRATES-001,Emirates Aluminium (EGA),,PBIH - Pacific Basin Handysize Ltd,,,44120.82,117130000.0,0,3.0,0.2876459518309648,0.0
Entity_Carrier,EMIRATES-001,Emirates Aluminium (EGA),,PNSS - Princess Cruises,,,1.5699999999999998,14029.0,0,2.0,1.0235624459713459e-05,0.0
Entity_Carrier,EMIRATES-001,Emirates Aluminium (EGA),,RBMA - Rubicon Maritime Uk Limited,,,46970.0,39654000.0,3,1.0,0.30622119800811537,0.43103448275862066
Entity_Carrier,EMIRATES-001,Emirates Aluminium (EGA),,SFFV - Spliethoff Transport B V,,,11154.16,29662200.0,24,6.0,0.07271961332710668,3.4482758620689653
Entity_Carrier,EMIRATES-001,Emirates Aluminium (EGA),,SILJ - Seacor Island Lines,,,0.32,2000.0,0,1.0,2.0862419280944633e-06,0.0
Entity_Carrier,EMIRATES-001,Emirates Aluminium (EGA),,SKSM - Sk Shipping Co Ltd,,,110.17,108000.0,1,1.0,0.0007182539788067718,0.14367816091954022
Entity_Carrier,EMIRATES-001,Emirates Aluminium (EGA),,SMTH - Smt Shipping,,,55000.0,56376000.0,0,1.0,0.3585728313912358,0.0
Entity_Carrier,EMIRATES-001,Emirates Aluminium (EGA),,SXUQ - Sea Bridge Shipping Management Co Ltd,,,71.5,1947000.0,1,1.0,0.0004661446808086066,0.14367816091954022
Entity_Carrier,EMIRATES-001,Emirates Aluminium (EGA),,TMAY - Teegrus Management & Agency Inc,,,5130.0,9802700.0,0,2.0,0.033445065909764364,0.0
Entity_Carrier,EMIRATES-001,Emirates Aluminium (EGA),,TOKO - Toko Kaiun Kaisha Ltd,,,99.78999999999999,314600.0,0,4.0,0.0006505815062642077,0.0
Entity_Carrier,EMIRATES-001,Emirates Aluminium (EGA),,TRGR - Termare Shipmanagement Gmbh & Co Kg,,,55143.27,138031000.0,26,1.0,0.35950688101947986,3.7356321839080464
Entity_Carrier,EMIRATES-001,Emirates Aluminium (EGA),,TSVC - Trans Service Line,,,0.78,20500.0,1,1.0,5.085214699730254e-06,0.14367816091954022
Entity_Carrier,EMIRATES-001,Emirates Aluminium (EGA),,ULGO - Ucc Logistics Group,,,90.66,241100.0,4,4.0,0.0005910584162532625,0.5747126436781609
Entity_Carrier,EMIRATES-001,Emirates Aluminium (EGA),,VETB - Vanenkevort Tug & Barge Inc,,,88693.94,96153000.0,0,2.0,0.5782406762371707,0.0
Entity_Carrier,EMIRATES-001,Emirates Aluminium (EGA),,WBAS - Weco Bulk A/S,,,7166.92,18996600.0,0,1.0,0.046724778122808654,0.0
Entity_Carrier,EMIRATES-001,Emirates Aluminium (EGA),,WGBG - Wagenborg Shipping B V,,,223.35999999999999,1802600.0,4,3.0,0.0014561968658099351,0.5747126436781609
Entity_Carrier,EMIRATES-001,Emirates Aluminium (EGA),,WLWH - Wallenius Wilhelmsen Logistics Americas Llc,,,366.54999999999995,5730800.0,35,9.0,0.0023897249335719543,5.028735632183908
Entity_Carrier,EMIRATES-001,Emirates Aluminium (EGA),,YDAH - Ye Gemi Isletmeciligi A.S.,,,46681.0,28382000.0,0,1.0,0.3043370607668051,0.0
Entity_Carrier,EXXONMOBIL-001,ExxonMobil,,ABMA - Alberta Shipmanagement Ltd,,,165499.0,159435000.0,0,1.0,0.869269101874288,0.0
Entity_Carrier,EXXONMOBIL-001,ExxonMobil,,ACLU - Atlantic Container Line Ab,,,375.06,6768000.0,2,1.0,0.001969970026096656,0.7604562737642585
Entity_Carrier,EXXONMOBIL-001,ExxonMobil,,ADHQ - Ardmore Shipping,,,31500.2,27972000.0,1,1.0,0.16545206051311756,0.38022813688212925
Entity_Carrier,EXXONMOBIL-001,ExxonMobil,,AETK - Aet Inc Pte Ltd,,,1306947.64,954942000.0,19,5.0,6.864628796666566,7.224334600760455
Entity_Carrier,EXXONMOBIL-001,ExxonMobil,,AQCV - Ace Tankers C.V.,,,4778630.97,3838761000.0,36,19.0,25.099343509510973,13.688212927756654
Entity_Carrier,EXXONMOBIL-001,ExxonMobil,,ASOM - Astra Shipmanagement Inc,,,38091.72,34473000.0,0,1.0,0.2000734459618901,0.0
Entity_Carrier,EXXONMOBIL-001,ExxonMobil,,AUNK - Aurora Tankers International Limited,,,79026.83,64292000.0,3,2.0,0.4150815505717378,1.1406844106463878
Entity_Carrier,EXXONMOBIL-001,ExxonMobil,,CGUT - Cygnus Tankers Limited,,,37818.0,35473000.0,0,1.0,0.1986357554709202,0.0
Entity_Carrier,EXXONMOBIL-001,ExxonMobil,,CPJQ - Chinese Polish Joint Stock Shipping Co In Shanghai,,,33.48,169000.0,1,1.0,0.0001758507878038608,0.38022813688212925
Entity_Carrier,EXXONMOBIL-001,ExxonMobil,,CPUK - Cape Management Company Inc,,,46754.25,40162000.0,2,1.0,0.245572631292672,0.7604562737642585
Entity_Carrier,EXXONMOBIL-001,ExxonMobil,,CPUV - Cpt Alliance Ltd,,,36492.02,31675000.0,1,1.0,0.1916711608588484,0.38022813688212925
Entity_Carrier,EXXONMOBIL-001,ExxonMobil,,CSPA - Clearlake Shipping Pte Ltd,,,235747.0,212833000.0,0,5.0,1.238240611481385,0.0
Entity_Carrier,EXXONMOBIL-001,ExxonMobil,,DAMT - D'amico Tankers Designated Activity Company,,,22365.82,17311000.0,1,1.0,0.1174745241003389,0.38022813688212925
Entity_Carrier,EXXONMOBIL-001,ExxonMobil,,DCAE - Dship Carriers Gmbh & Co. Kg,,,495.21,9357000.0,1,1.0,0.002601047450070188,0.38022813688212925
Entity_Carrier,EXXONMOBIL-001,ExxonMobil,,DMAL - Danmar Lines Ltd,,,1429.5100000000002,15115000.0,4,3.0,0.00750837693170541,1.520912547528517
Entity_Carrier,EXXONMOBIL-001,ExxonMobil,,DMNA - Dampskibsselskabet Norden Aktieselskab,,,525055.32,463735000.0,0,7.0,2.757807397329995,0.0
Entity_Carrier,EXXONMOBIL-001,ExxonMobil,,DOTD - Deugro Ocean Transport Inc,,,226.11,2304000.0,3,1.0,0.0011876231072380815,1.1406844106463878
Entity_Carrier,EXXONMOBIL-001,ExxonMobil,,DPKT - Dampskibsselskabet Torm,,,1194095.92,1024676000.0,19,8.0,6.27188495356559,7.224334600760455
Entity_Carrier,EXXONMOBIL-001,ExxonMobil,,EPSJ - Eastern Pacific Shipping Pte Ltd,,,103463.0,60836000.0,0,1.0,0.5434304079614949,0.0
Entity_Carrier,EXXONMOBIL-001,ExxonMobil,,ESHT - Enterprises Shipping & Trading Sa,,,16229.54,10208000.0,1,1.0,0.08524424715335338,0.38022813688212925
Entity_Carrier,EXXONMOBIL-001,ExxonMobil,,FAJV - Fairfield Chemical Carriers Pte Ltd,,,6867.469999999999,6325000.0,0,1.0,0.03607078882077001,0.0
Entity_Carrier,EXXONMOBIL-001,ExxonMobil,,FKCB - Furetank Chartering Ab,,,12817.0,48193000.0,0,1.0,0.06732017763686034,0.0
Entity_Carrier,EXXONMOBIL-001,ExxonMobil,,FLUB - Frontline Management As,,,34823.0,20685000.0,0,1.0,0.18290477848547923,0.0
Entity_Carrier,EXXONMOBIL-001,ExxonMobil,,FSME - Fantasea Ship Management Pte Ltd,,,4326.74,100872000.0,2,2.0,0.022725825496489747,0.7604562737642585
Entity_Carrier,EXXONMOBIL-001,ExxonMobil,,GMCJ - Greenheart Management Ltd,,,304017.0,250714000.0,0,1.0,1.5968228481411693,0.0
Entity_Carrier,EXXONMOBIL-001,ExxonMobil,,HPPB - Hafnia Middle East Dmcc,,,19430.0,16690000.0,0,1.0,0.10205438491723465,0.0
Entity_Carrier,EXXONMOBIL-001,ExxonMobil,,HPPW - Hafnia Pools Pte Ltd,,,714004.0,536575400.0,0,10.0,3.7502439036770556,0.0
Entity_Carrier,EXXONMOBIL-001,ExxonMobil,,ICLG - Intermarine Carriers Llc,,,115.93,199390.0,3,2.0,0.0006089122410424607,1.1406844106463878
Entity_Carrier,EXXONMOBIL-001,ExxonMobil,,IHMK - Icechem Tankers Ltd,,,12415.72,36862000.0,0,1.0,0.06521248934146208,0.0
Entity_Carrier,EXXONMOBIL-001,ExxonMobil,,ISEW - International Seaways Inc,,,97067.11,402774000.0,2,1.0,0.5098365520712071,0.7604562737642585
Entity_Carrier,EXXONMOBIL-001,ExxonMobil,,JOLM - Jupiter One,,,36718.42,28200000.0,1,1.0,0.19286030716586136,0.38022813688212925
Entity_Carrier,EXXONMOBIL-001,ExxonMobil,,KSMW - Klaveness Ship Mgmt As,,,27974.49,77405000.0,1,1.0,0.14693357541550855,0.38022813688212925
Entity_Carrier,EXXONMOBIL-001,ExxonMobil,,KSPB - Koch Shipping Pte Ltd,,,428772.83,341029000.0,0,3.0,2.2520919935600623,0.0
Entity_Carrier,EXXONMOBIL-001,ExxonMobil,,LPLC - Loop Llc,,,889517.12,540123000.0,0,3.0,4.672111299791559,0.0
Entity_Carrier,EXXONMOBIL-001,ExxonMobil,,MAET - Maersk Tankers,,,271270.74,506294000.0,20,4.0,1.424825965864286,7.604562737642586
Entity_Carrier,EXXONMOBIL-001,ExxonMobil,,MGYA - Miklagard S Gemi Isletmeciligi Ve Ticaret A S,,,3323.9,1891000.0,1,1.0,0.0174584956266802,0.38022813688212925
Entity_Carrier,EXXONMOBIL-001,ExxonMobil,,MIMA - Minerva Marine Inc,,,540622.62,364776000.0,2,3.0,2.839573286487075,0.7604562737642585
Entity_Carrier,EXXONMOBIL-001,ExxonMobil,,MKMQ - Maran Tankers Management Inc,,,126579.0,83542000.0,0,1.0,0.6648451872588081,0.0
Entity_Carrier,EXXONMOBIL-001,ExxonMobil,,MLAA - Mol Chemical Tankers Pte Ltd,,,125.94,124600.0,4,2.0,0.0006614888953410463,1.520912547528517
Entity_Carrier,EXXONMOBIL-001,ExxonMobil,,MMSM - Mms Company Ltd,,,13830.0,10234000.0,0,1.0,0.072640872022921,0.0
Entity_Carrier,EXXONMOBIL-001,ExxonMobil,,MOLU - Mitsui O S K Lines Ltd,,,115765.82,71196000.0,2,1.0,0.6080498998733556,0.7604562737642585
Entity_Carrier,EXXONMOBIL-001,ExxonMobil,,MQKP - Mol Energia Pte Ltd,,,87002.0,52636000.0,1,1.0,0.4569704372912634,0.38022813688212925
Entity_Carrier,EXXONMOBIL-001,ExxonMobil,,MSDK - Mercuria Shipping Sarl,,,169949.0,127492000.0,0,2.0,0.8926423397992336,0.0
Entity_Carrier,EXXONMOBIL-001,ExxonMobil,,NACS - New Activity Shipping Inc,,,313213.0,188219000.0,0,1.0,1.645124038244046,0.0
Entity_Carrier,EXXONMOBIL-001,ExxonMobil,,NGZO - Navigazione Montanari Spa,,,34889.92,16363000.0,0,1.0,0.1832562699645663,0.0
Entity_Carrier,EXXONMOBIL-001,ExxonMobil,,NJGP - Nanjing Petroleum Transportation,,,46717.5,37694000.0,0,2.0,0.2453796051143031,0.0
Entity_Carrier,EXXONMOBIL-001,ExxonMobil,,NPLW - Navig8 Pte Ltd,,,88910.0,76646000.0,0,4.0,0.4669920413273974,0.0
Entity_Carrier,EXXONMOBIL-001,ExxonMobil,,NSCS - National Shipping Company Of Saudi Arabia,,,79936.0,68813000.0,0,2.0,0.4198568869142598,0.0
Entity_Carrier,EXXONMOBIL-001,ExxonMobil,,NULG - Naviera Ultranav Chile Limitada,,,35434.43,30474000.0,1,1.0,0.18611626137636678,0.38022813688212925
Entity_Carrier,EXXONMOBIL-001,ExxonMobil,,OFCW - Oldendorff Carriers,,,9546.0,9155000.0,2,1.0,0.050139534658771065,0.7604562737642585
Entity_Carrier,EXXONMOBIL-001,ExxonMobil,,OTUS - Odfjell Tankers As,,,62768.0,50354000.0,15,7.0,0.32968346024112116,5.7034220532319395
Entity_Carrier,EXXONMOBIL-001,ExxonMobil,,PNFN - Penfield Marine Llc,,,1049446.62,900592000.0,40,9.0,5.5121270873685475,15.209125475285171
Entity_Carrier,EXXONMOBIL-001,ExxonMobil,,PNVI - Petro Nav Inc,,,12054.0,9595000.0,0,1.0,0.0633125865050101,0.0
Entity_Carrier,EXXONMOBIL-001,ExxonMobil,,PPDP - Pleiades Shipping Agents Sa,,,996839.34,839259000.0,33,6.0,5.235811925115909,12.547528517110266
Entity_Carrier,EXXONMOBIL-001,ExxonMobil,,PTBR - Petrobras America Inc,,,528460.58,435739000.0,11,11.0,2.7756932292797254,4.182509505703422
Entity_Carrier,EXXONMOBIL-001,ExxonMobil,,PTKQ - Prime Tanker Management Inc,,,37184.0,32796000.0,0,1.0,0.19530572561824253,0.0
Entity_Carrier,EXXONMOBIL-001,ExxonMobil,,PTKS - Pantheon Tankers Management Ltd,,,89860.0,75677500.0,0,3.0,0.471981833693397,0.0
Entity_Carrier,EXXONMOBIL-001,ExxonMobil,,QAGA - Asiatic Lloyd Maritime Llp,,,35282.0,30448000.0,1,1.0,0.1853156360602096,0.38022813688212925
Entity_Carrier,EXXONMOBIL-001,ExxonMobil,,QSHA - Shandong Shipping Tanker Co Ltd,,,68395.0,58871000.0,0,2.0,0.3592387882868895,0.0
Entity_Carrier,EXXONMOBIL-001,ExxonMobil,,SEUK - Shell International Trading And Shipping,,,99812.16,79148000.0,4,2.0,0.5242546884230885,1.520912547528517
Entity_Carrier,EXXONMOBIL-001,ExxonMobil,,SFFV - Spliethoff Transport B V,,,38706.0,465478000.0,2,1.0,0.20329989822987565,0.7604562737642585
Entity_Carrier,EXXONMOBIL-001,ExxonMobil,,SGIQ - Scot Gemi Isletmeciligi A S,,,3013.0,1977000.0,0,1.0,0.015825520419744103,0.0
Entity_Carrier,EXXONMOBIL-001,ExxonMobil,,SGVJ - Signal Maritime Services Ltd,,,55087.87,36138000.0,1,1.0,0.2893442454580845,0.38022813688212925
Entity_Carrier,EXXONMOBIL-001,ExxonMobil,,SMKI - Scorpio Mr Pool Ltd,,,161420.58000000002,127338000.0,8,3.0,0.8478475555781404,3.041825095057034
Entity_Carrier,EXXONMOBIL-001,ExxonMobil,,SMWM - Spring Marine Management Sa,,,81178.0,73047000.0,2,2.0,0.42638038388117716,0.7604562737642585
Entity_Carrier,EXXONMOBIL-001,ExxonMobil,,STSO - St Shipping Transport Pte Ltd,,,35270.49,31219000.0,2,2.0,0.18525518078638573,0.7604562737642585
Entity_Carrier,EXXONMOBIL-001,ExxonMobil,,STZW - Stolt Tankers Bv,,,6378.42,1584000.0,0,3.0,0.03350209623488357,0.0
Entity_Carrier,EXXONMOBIL-001,ExxonMobil,,SWAF - Stena Weco A/S,,,69180.43,56233000.0,0,2.0,0.36336419104270745,0.0
Entity_Carrier,EXXONMOBIL-001,ExxonMobil,,SYNY - Stenersen Chartering As,,,22028.0,14200000.0,0,1.0,0.11570015393498943,0.0
Entity_Carrier,EXXONMOBIL-001,ExxonMobil,,TGRA - Trafigura Maritime Ventures Ltd,,,540835.0,397717000.0,0,7.0,2.840688793963592,0.0
Entity_Carrier,EXXONMOBIL-001,ExxonMobil,,TKSD - Tsakos Shipping And Trading S A Of Panama,,,196544.0,136609000.0,0,2.0,1.0323302639821392,0.0
Entity_Carrier,EXXONMOBIL-001,ExxonMobil,,TKSH - Teekay Tankers Ltd,,,230434.0,182076000.0,0,2.0,1.210334541122905,0.0
Entity_Carrier,EXXONMOBIL-001,ExxonMobil,,TMZK - Tms Tankers Ltd,,,254213.63999999998,238614000.0,2,3.0,1.335235031794715,0.7604562737642585
Entity_Carrier,EXXONMOBIL-001,ExxonMobil,,UALB - Universal Africa Lines B V,,,3.21,14400.0,1,1.0,1.686024578406192e-05,0.38022813688212925
Entity_Carrier,EXXONMOBIL-001,ExxonMobil,,VITO - Vitol International Shipping Pte,,,236811.0,195776000.0,0,3.0,1.2438291789313047,0.0
Entity_Carrier,EXXONMOBIL-001,ExxonMobil,,VMSC - Valero Marketing & Supply Company,,,35936.0,33708000.0,0,1.0,0.1887507141732241,0.0
Entity_Carrier,EXXONMOBIL-001,ExxonMobil,,WECF - Weco Tankers A/S,,,211780.72,155751000.0,3,4.0,1.1123598104441117,1.1406844106463878
Entity_Carrier,EXXONMOBIL-001,ExxonMobil,,WSCL - Waterfront Shipping Company Limited,,,71944.0,65639000.0,0,2.0,0.3778796020836608,0.0
Entity_Carrier,EXXONMOBIL-001,ExxonMobil,,YTIS - Yasa Tanker Isletmeciligi A.S.,,,66901.0,62173000.0,2,1.0,0.35139168323972797,0.7604562737642585
Entity_Carrier,EXXONMOBIL-001,ExxonMobil,,ZOMA - Zodiac Maritime Ltd,,,594842.0,368962200.0,0,4.0,3.124355863764163,0.0
Entity_Carrier,IRVING-001,Irving Oil,,APHL - Asphaltos Trade S A,,,148462.14,106871300.0,0,2.0,0.8096735650049098,
Entity_Carrier,IRVING-001,Irving Oil,,CSPA - Clearlake Shipping Pte Ltd,,,15861.0,10690000.0,0,1.0,0.08650173313238564,
Entity_Carrier,IRVING-001,Irving Oil,,DMNA - Dampskibsselskabet Norden Aktieselskab,,,229533.0,172451000.0,0,3.0,1.2518127678630524,
Entity_Carrier,IRVING-001,Irving Oil,,DPKT - Dampskibsselskabet Torm,,,131962.06,80274000.0,0,1.0,0.719686457204455,
Entity_Carrier,IRVING-001,Irving Oil,,GSMR - Genesis Marine Llc,,,13022.18,10066000.0,0,1.0,0.07101955356925096,
Entity_Carrier,IRVING-001,Irving Oil,,KSEA - Kirby Offshore Marine,,,378086.0,258881000.0,0,2.0,2.0619818594723633,
Entity_Carrier,IRVING-001,Irving Oil,,MAET - Maersk Tankers,,,215194.8,166118000.0,0,1.0,1.1736159864495996,
Entity_Carrier,IRVING-001,Irving Oil,,NPLW - Navig8 Pte Ltd,,,37270.0,29630000.0,0,1.0,0.20326080283992262,
Entity_Carrier,IRVING-001,Irving Oil,,PSAN - Product Shipping And Trading,,,31719.0,23134000.0,0,1.0,0.17298710505177103,
Entity_Carrier,IRVING-001,Irving Oil,,SEUK - Shell International Trading And Shipping,,,44030.020000000004,37646000.0,0,1.0,0.24012817854193325,
Entity_Carrier,IRVING-001,Irving Oil,,TGRA - Trafigura Maritime Ventures Ltd,,,1562638.0,1135968000.0,0,3.0,8.522217720101182,
Entity_Carrier,IRVING-001,Irving Oil,,VITO - Vitol International Shipping Pte,,,27332.0,19296000.0,0,1.0,0.1490615579077211,
Entity_Carrier,IRVING-001,Irving Oil,,VMSC - Valero Marketing & Supply Company,,,156668.0,106728000.0,0,1.0,0.8544261727750201,
Entity_Carrier,IRVING-001,Irving Oil,,VRON - Vroon B V,,,15344270.6,10871529400.0,0,6.0,83.68362654008644,
Entity_Carrier,MARATHON-001,Marathon Petroleum,,ADHQ - Ardmore Shipping,,,12545.0,11554000.0,1,1.0,0.0722426994715346,0.7692307692307693
Entity_Carrier,MARATHON-001,Marathon Petroleum,,AMCP - Amazonas Ca Llc,,,423435.3,235847000.0,0,4.0,2.43843038051328,0.0
Entity_Carrier,MARATHON-001,Marathon Petroleum,,AMQK - Associated Maritime Company,,,2556917.02,1439013000.0,0,8.0,14.724478903906881,0.0
Entity_Carrier,MARATHON-001,Marathon Petroleum,,ASHI - Andriaki Shipping Co. Ltd.,,,135988.0,77649000.0,0,1.0,0.7831120140083737,0.0
Entity_Carrier,MARATHON-001,Marathon Petroleum,,BILH - Biglift Shipping Bv,,,2717.26,54948000.0,1,1.0,0.015647843568435404,0.7692307692307693
Entity_Carrier,MARATHON-001,Marathon Petroleum,,CHSL - Christal Lines,,,242.24,3356000.0,2,1.0,0.0013949837799907966,1.5384615384615385
Entity_Carrier,MARATHON-001,Marathon Petroleum,,CINT - Cargill International S A,,,60034.0,147144000.0,0,1.0,0.34571687684927127,0.0
Entity_Carrier,MARATHON-001,Marathon Petroleum,,COEB - Core Transport Llc,,,93382.75,54255000.0,0,1.0,0.5377618129992385,0.0
Entity_Carrier,MARATHON-001,Marathon Petroleum,,CPUK - Cape Management Company Inc,,,311800.2,212052000.0,11,3.0,1.7955590389608915,8.461538461538462
Entity_Carrier,MARATHON-001,Marathon Petroleum,,DHBQ - Dht Bronco Inc,,,130157.0,80827000.0,0,1.0,0.7495331235644901,0.0
Entity_Carrier,MARATHON-001,Marathon Petroleum,,DMNA - Dampskibsselskabet Norden Aktieselskab,,,70038.0,51828000.0,0,1.0,0.40332675851632843,0.0
Entity_Carrier,MARATHON-001,Marathon Petroleum,,EPSJ - Eastern Pacific Shipping Pte Ltd,,,82375.0,46625000.0,0,1.0,0.4743716515717547,0.0
Entity_Carrier,MARATHON-001,Marathon Petroleum,,EURN - Euronav Nv,,,402382.13,244756000.0,0,3.0,2.317191812698762,0.0
Entity_Carrier,MARATHON-001,Marathon Petroleum,,FAJV - Fairfield Chemical Carriers Pte Ltd,,,21786.46,23834000.0,0,1.0,0.12546135371292225,0.0
Entity_Carrier,MARATHON-001,Marathon Petroleum,,FFCH - Fairfield Chemical Carriers Inc,,,39011.06,243800000.0,0,1.0,0.22465239407301751,0.0
Entity_Carrier,MARATHON-001,Marathon Petroleum,,FLUB - Frontline Management As,,,722844.7,428175000.0,0,6.0,4.16263470918227,0.0
Entity_Carrier,MARATHON-001,Marathon Petroleum,,HPPW - Hafnia Pools Pte Ltd,,,141938.0,121924000.0,0,2.0,0.8173761879307037,0.0
Entity_Carrier,MARATHON-001,Marathon Petroleum,,HTQH - Hendricks Tanker Company Llc,,,142980.82,85217000.0,1,1.0,0.8233814595020792,0.7692307692307693
Entity_Carrier,MARATHON-001,Marathon Petroleum,,ISEW - International Seaways Inc,,,458854.0,370522000.0,1,3.0,2.6423955060431674,0.7692307692307693
Entity_Carrier,MARATHON-001,Marathon Petroleum,,LMMA - Latsco Marine Management Inc,,,135515.0,80632000.0,0,1.0,0.7803881561486657,0.0
Entity_Carrier,MARATHON-001,Marathon Petroleum,,LPLC - Loop Llc,,,1311892.8599999999,710324000.0,0,19.0,7.554777331513113,0.0
Entity_Carrier,MARATHON-001,Marathon Petroleum,,LULM - Landbridge Universal Limited,,,138223.0,86251000.0,0,1.0,0.7959826742968455,0.0
Entity_Carrier,MARATHON-001,Marathon Petroleum,,MAET - Maersk Tankers,,,79095.4,75458000.0,2,1.0,0.45548546925315403,1.5384615384615385
Entity_Carrier,MARATHON-001,Marathon Petroleum,,MFQO - Mercury Pool Limited,,,211722.1,113022000.0,0,2.0,1.2192408164035229,0.0
Entity_Carrier,MARATHON-001,Marathon Petroleum,,MKMQ - Maran Tankers Management Inc,,,336703.02,200630000.0,0,2.0,1.9389665273031569,0.0
Entity_Carrier,MARATHON-001,Marathon Petroleum,,MLAA - Mol Chemical Tankers Pte Ltd,,,223826.52,324636000.0,26,6.0,1.288946354573091,20.0
Entity_Carrier,MARATHON-001,Marathon Petroleum,,MSDK - Mercuria Shipping Sarl,,,136229.0,75334000.0,0,1.0,0.7844998570193453,0.0
Entity_Carrier,MARATHON-001,Marathon Petroleum,,NEYI - New Alliance Shipping & Trading Inc.,,,30852.0,21380000.0,0,1.0,0.17766694014314752,0.0
Entity_Carrier,MARATHON-001,Marathon Petroleum,,NTWY - N Two,,,210169.13,114239000.0,0,1.0,1.2102977518361009,0.0
Entity_Carrier,MARATHON-001,Marathon Petroleum,,OCCA - Oman Charter Company Saoc,,,548082.02,307093000.0,0,2.0,3.1562315389885707,0.0
Entity_Carrier,MARATHON-001,Marathon Petroleum,,PCUP - Pcl Tankers Pte Ltd,,,35009.0,85829000.0,0,1.0,0.20160579241123594,0.0
Entity_Carrier,MARATHON-001,Marathon Petroleum,,PMMD - Pacifica Maritime Limited,,,128495.74000000002,77612000.0,3,1.0,0.7399664510316819,2.307692307692308
Entity_Carrier,MARATHON-001,Marathon Petroleum,,PNFN - Penfield Marine Llc,,,433447.78,268376000.0,10,3.0,2.4960890958265325,7.6923076923076925
Entity_Carrier,MARATHON-001,Marathon Petroleum,,PPDP - Pleiades Shipping Agents Sa,,,140012.7,72416000.0,2,2.0,0.8062889922916009,1.5384615384615385
Entity_Carrier,MARATHON-001,Marathon Petroleum,,PSKM - Ps Tanker One Limited,,,66307.73,36536000.0,1,1.0,0.3818453097672107,0.7692307692307693
Entity_Carrier,MARATHON-001,Marathon Petroleum,,SAMO - Samos Steamship Co,,,141942.0,78211000.0,0,1.0,0.817399222669475,0.0
Entity_Carrier,MARATHON-001,Marathon Petroleum,,SEUK - Shell International Trading And Shipping,,,1417203.52,951886000.0,29,4.0,8.161228217246789,22.30769230769231
Entity_Carrier,MARATHON-001,Marathon Petroleum,,SGVJ - Signal Maritime Services Ltd,,,87232.16,54433000.0,4,1.0,0.502342504514374,3.076923076923077
Entity_Carrier,MARATHON-001,Marathon Petroleum,,SKMC - Sinokor Maritime Co Ltd,,,1163141.72,993064000.0,29,6.0,6.698166418554312,22.30769230769231
Entity_Carrier,MARATHON-001,Marathon Petroleum,,SKSH - Second Katsura Tanker Corporation,,,522794.51,291361000.0,5,1.0,3.010608742231821,3.8461538461538463
Entity_Carrier,MARATHON-001,Marathon Petroleum,,SMKI - Scorpio Mr Pool Ltd,,,173772.54,149636000.0,2,2.0,1.000701266131943,1.5384615384615385
Entity_Carrier,MARATHON-001,Marathon Petroleum,,SWAF - Stena Weco A/S,,,8144.67,7640000.0,0,1.0,0.04690258645714019,0.0
Entity_Carrier,MARATHON-001,Marathon Petroleum,,SWLD - Seaworld Management & Trading Inc,,,89926.0,69782000.0,0,1.0,0.5178554796873034,0.0
Entity_Carrier,MARATHON-001,Marathon Petroleum,,TGRA - Trafigura Maritime Ventures Ltd,,,1677224.02,1062371000.0,0,6.0,9.658604290418426,0.0
Entity_Carrier,MARATHON-001,Marathon Petroleum,,TKSD - Tsakos Shipping And Trading S A Of Panama,,,135006.0,74388000.0,0,1.0,0.777456985640016,0.0
Entity_Carrier,MARATHON-001,Marathon Petroleum,,TKSH - Teekay Tankers Ltd,,,541064.0,305998000.0,0,4.0,3.1158169746406053,0.0
Entity_Carrier,MARATHON-001,Marathon Petroleum,,TZJN - Triton Mr Chemical Pool Ltd,,,35917.75,30243000.0,0,1.0,0.20683899712584392,0.0
Entity_Carrier,MARATHON-001,Marathon Petroleum,,UOTM - Unitized Ocean Transport Limited,,,278436.97,147567000.0,0,1.0,1.6034307170565718,0.0
Entity_Carrier,MARATHON-001,Marathon Petroleum,,USLA - Unisea Shipping Ltd,,,141121.0,81215000.0,0,1.0,0.8126713425366628,0.0
Entity_Carrier,MARATHON-001,Marathon Petroleum,,VITO - Vitol International Shipping Pte,,,150336.0,73814000.0,0,1.0,0.8657376219810782,0.0
Entity_Carrier,MARATHON-001,Marathon Petroleum,,VRON - Vroon B V,,,58101.659999999996,51612000.0,0,1.0,0.33458914006993085,0.0
Entity_Carrier,MARATHON-001,Marathon Petroleum,,WOSH - World Shipping Inc,,,20600.0,11396000.0,0,1.0,0.11862890467226886,0.0
Entity_Carrier,MARATHON-001,Marathon Petroleum,,WTKM - World Tankers Management Pte Ltd,,,73836.0,39133000.0,0,1.0,0.4251982429796914,0.0
Entity_Carrier,MARATHON-001,Marathon Petroleum,,ZOMA - Zodiac Maritime Ltd,,,674264.0,402378000.0,0,3.0,3.8828737757253733,0.0
Entity_Carrier,MARTIN-001,Martin Marietta,,CSSL - The Csl Group Inc,,,8481070.0,7804653000.0,0,15.0,99.99989187696735,
Entity_Carrier,MARTIN-001,Martin Marietta,,KOSL - King Ocean Services Limited Inc,,,3.54,17440.0,0,2.0,4.173997116454226e-05,
Entity_Carrier,MARTIN-001,Martin Marietta,,SILJ - Seacor Island Lines,,,5.63,4835.0,0,4.0,6.638306148485111e-05,
Entity_Carrier,MORTON-001,Morton Salt,,BLWR - Blue Water Shipping Co,,,148802.0,647715000.0,0,3.0,3.2419287228804134,0.0
Entity_Carrier,MORTON-001,Morton Salt,,CINT - Cargill International S A,,,204650.0,538922000.0,0,2.0,4.458681423216601,0.0
Entity_Carrier,MORTON-001,Morton Salt,,CSSL - The Csl Group Inc,,,1782440.0,4841624000.0,0,7.0,38.83377530416906,0.0
Entity_Carrier,MORTON-001,Morton Salt,,CVHQ - Cobelfret Nv,,,34100.0,112803000.0,0,1.0,0.7429320133480874,0.0
Entity_Carrier,MORTON-001,Morton Salt,,DMNA - Dampskibsselskabet Norden Aktieselskab,,,1455214.0,3397147000.0,0,19.0,31.704547415610662,0.0
Entity_Carrier,MORTON-001,Morton Salt,,DWLA - Dowa Line America Co Ltd,,,15462.0,17317000.0,1,1.0,0.33686846892633804,3.4482758620689653
Entity_Carrier,MORTON-001,Morton Salt,,KKLU - Kawasaki Kisen Kaisha Ltd,,,54034.64,141946200.0,4,2.0,1.1772452752416158,13.793103448275861
Entity_Carrier,MORTON-001,Morton Salt,,OBUK - Oslo Caribbean Carrier As,,,7865.0,39844000.0,1,1.0,0.17135367404641372,3.4482758620689653
Entity_Carrier,MORTON-001,Morton Salt,,OFCW - Oldendorff Carriers,,,93504.0,229178000.0,2,1.0,2.0371587969530665,6.896551724137931
Entity_Carrier,MORTON-001,Morton Salt,,PBIM - Pacific Basin Supramax Limited,,,499704.14,1878754000.0,0,13.0,10.886985419606292,0.0
Entity_Carrier,MORTON-001,Morton Salt,,SILJ - Seacor Island Lines,,,0.91,6600.0,0,1.0,1.9826044930990016e-05,0.0
Entity_Carrier,MORTON-001,Morton Salt,,SWMN - Swissmarine Services S A,,,91500.0,136297000.0,1,2.0,1.9934979243797655,3.4482758620689653
Entity_Carrier,MORTON-001,Morton Salt,,ULTH - Ultrabulk,,,202645.32,469300700.0,20,6.0,4.4150057355767585,68.96551724137932
Entity_Carrier,MOSAIC-001,Mosaic,,ADLP - Adm International Sarl,,,1443112.01,1898761000.0,21,22.0,28.051678696860677,67.74193548387096
Entity_Carrier,MOSAIC-001,Mosaic,,BUNG - Bunge S A,,,59152.0,465999000.0,1,1.0,1.149815736255083,3.225806451612903
Entity_Carrier,MOSAIC-001,Mosaic,,CINT - Cargill International S A,,,1210870.0,4644054000.0,0,11.0,23.53728327967258,0.0
Entity_Carrier,MOSAIC-001,Mosaic,,DMNA - Dampskibsselskabet Norden Aktieselskab,,,1244318.0,3488389000.0,0,11.0,24.18745633800129,0.0
Entity_Carrier,MOSAIC-001,Mosaic,,EGSG - Eagle Shipping Intl,,,51113.0,361062000.0,0,1.0,0.9935510502976409,0.0
Entity_Carrier,MOSAIC-001,Mosaic,,FALH - Federal Atlantic Lakes Line,,,60544.51,29546000.0,0,1.0,1.1768837966907837,0.0
Entity_Carrier,MOSAIC-001,Mosaic,,GEAG - Genco Ship Management Llc,,,48920.2,40506000.0,1,1.0,0.9509266936155314,3.225806451612903
Entity_Carrier,MOSAIC-001,Mosaic,,LDCH - Louis Dreyfus Company Suisse Sa,,,65999.0,109690000.0,0,1.0,1.2829099401051396,0.0
Entity_Carrier,MOSAIC-001,Mosaic,,LDCS - Louis Dreyfus Company Freight Asia Pte Ltd,,,52890.0,5130000.0,0,1.0,1.0280929518956474,0.0
Entity_Carrier,MOSAIC-001,Mosaic,,MURG - Mur Shipping Bv,,,27499.94,14877000.0,1,1.0,0.5345527413793381,3.225806451612903
Entity_Carrier,MOSAIC-001,Mosaic,,OFCW - Oldendorff Carriers,,,110000.0,123090000.0,0,1.0,2.1382156307150924,0.0
Entity_Carrier,MOSAIC-001,Mosaic,,PBIM - Pacific Basin Supramax Limited,,,50228.14,335775000.0,0,1.0,0.9763508549976905,0.0
Entity_Carrier,MOSAIC-001,Mosaic,,SLCM - Seacape Logistics And Management Services Inc,,,35000.0,275730000.0,0,1.0,0.6803413370457112,0.0
Entity_Carrier,MOSAIC-001,Mosaic,,SWMN - Swissmarine Services S A,,,212467.0,912493000.0,2,4.0,4.130002367374032,6.451612903225806
Entity_Carrier,MOSAIC-001,Mosaic,,SZMW - Sagitta Marine S A,,,150702.61,1107880000.0,1,3.0,2.9294061481050955,3.225806451612903
Entity_Carrier,MOSAIC-001,Mosaic,,ULTH - Ultrabulk,,,102878.0,28188000.0,0,1.0,1.9997758877882477,0.0
Entity_Carrier,MOSAIC-001,Mosaic,,WBCP - Western Bulk Carriers As,,,113215.01999999999,846463000.0,2,2.0,2.2007102308701976,6.451612903225806
Entity_Carrier,MOSAIC-001,Mosaic,,WBPE - Western Bulk Pte Ltd,,,105567.04000000001,369358000.0,2,2.0,2.0520463183302304,6.451612903225806
Entity_Carrier,MOTIVA-001,Motiva Enterprises,,AQCV - Ace Tankers C.V.,,,14473.829999999998,13983000.0,0,1.0,3.0488009997421104,0.0
Entity_Carrier,MOTIVA-001,Motiva Enterprises,,CSPA - Clearlake Shipping Pte Ltd,,,575.0,533000.0,0,1.0,0.12111932880597007,0.0
Entity_Carrier,MOTIVA-001,Motiva Enterprises,,MLAA - Mol Chemical Tankers Pte Ltd,,,241881.62,232235000.0,41,15.0,50.95050341721862,60.29411764705882
Entity_Carrier,MOTIVA-001,Motiva Enterprises,,OTUS - Odfjell Tankers As,,,30342.0,30230000.0,20,2.0,6.391308999357815,29.411764705882355
Entity_Carrier,MOTIVA-001,Motiva Enterprises,,PNFN - Penfield Marine Llc,,,110837.34,92204000.0,6,1.0,23.347033439024518,8.823529411764707
Entity_Carrier,MOTIVA-001,Motiva Enterprises,,SKMC - Sinokor Maritime Co Ltd,,,6915.0,6611000.0,0,1.0,1.4565915803361442,0.0
Entity_Carrier,MOTIVA-001,Motiva Enterprises,,STZW - Stolt Tankers Bv,,,58897.1,52510000.0,0,5.0,12.406221253248868,0.0
Entity_Carrier,MOTIVA-001,Motiva Enterprises,,SWAF - Stena Weco A/S,,,5817.54,5457000.0,0,1.0,1.2254200697424051,0.0
Entity_Carrier,MOTIVA-001,Motiva Enterprises,,UTNK - Uni Tankers,,,4999.0,4749000.0,1,1.0,1.0530009125235553,1.4705882352941175
Entity_Carrier,PBF-001,PBF Energy,,AETK - Aet Inc Pte Ltd,,,4495413.6899999995,2569360000.0,61,14.0,24.566540468531127,24.497991967871485
Entity_Carrier,PBF-001,PBF Energy,,AMCP - Amazonas Ca Llc,,,872865.29,508607000.0,0,5.0,4.7700349620906985,0.0
Entity_Carrier,PBF-001,PBF Energy,,CCMK - Concord Maritime Llc,,,139279.0,78408000.0,0,1.0,0.7611319949324946,0.0
Entity_Carrier,PBF-001,PBF Energy,,CHVV - Chevron Shipping Company Llc,,,396698.0,226514000.0,0,2.0,2.167875560032243,0.0
Entity_Carrier,PBF-001,PBF Energy,,COEB - Core Transport Llc,,,174415.11000000002,99416000.0,0,2.0,0.9531438380564946,0.0
Entity_Carrier,PBF-001,PBF Energy,,CPUK - Cape Management Company Inc,,,106428.18,94110000.0,3,2.0,0.5816088064994337,1.2048192771084338
Entity_Carrier,PBF-001,PBF Energy,,CSPA - Clearlake Shipping Pte Ltd,,,74977.0,51959000.0,0,1.0,0.40973437190138967,0.0
Entity_Carrier,PBF-001,PBF Energy,,DPKT - Dampskibsselskabet Torm,,,146450.02000000002,80254000.0,0,1.0,0.8003201909871822,0.0
Entity_Carrier,PBF-001,PBF Energy,,EDVR - Endeavor Tankers Pte Ltd,,,61200.46,35925000.0,0,1.0,0.33444832466191127,0.0
Entity_Carrier,PBF-001,PBF Energy,,EPFE - Empresa Publica Flota Petrolera Ecuatoriana,,,66040.14,37709000.0,0,1.0,0.3608962119473951,0.0
Entity_Carrier,PBF-001,PBF Energy,,FLUB - Frontline Management As,,,167348.0,90200000.0,0,1.0,0.91452348945615,0.0
Entity_Carrier,PBF-001,PBF Energy,,IONK - Ionic Tankers,,,790268.4,436088000.0,19,1.0,4.3186594089856385,7.630522088353414
Entity_Carrier,PBF-001,PBF Energy,,ISEW - International Seaways Inc,,,241221.86,191412000.0,6,6.0,1.3182294209688963,2.4096385542168677
Entity_Carrier,PBF-001,PBF Energy,,KSTL - Kestrel Marine Corp,,,92345.0,65718000.0,0,1.0,0.5046470327331558,0.0
Entity_Carrier,PBF-001,PBF Energy,,MFQO - Mercury Pool Limited,,,93373.24,54903000.0,3,1.0,0.5102661595395617,1.2048192771084338
Entity_Carrier,PBF-001,PBF Energy,,NULG - Naviera Ultranav Chile Limitada,,,58874.79,31968000.0,5,1.0,0.321739001313419,2.0080321285140563
Entity_Carrier,PBF-001,PBF Energy,,PMBH - Polembros Shipping,,,868739.2,482705000.0,22,1.0,4.747486702030165,8.835341365461847
Entity_Carrier,PBF-001,PBF Energy,,PNFN - Penfield Marine Llc,,,1151385.58,708320000.0,30,8.0,6.292092874316353,12.048192771084338
Entity_Carrier,PBF-001,PBF Energy,,PPDP - Pleiades Shipping Agents Sa,,,237988.97,153007000.0,5,2.0,1.3005623210105588,2.0080321285140563
Entity_Carrier,PBF-001,PBF Energy,,PRMD - Premuda Spa,,,1141245.8800000001,650813000.0,30,1.0,6.2366814333308715,12.048192771084338
Entity_Carrier,PBF-001,PBF Energy,,PSKM - Ps Tanker One Limited,,,1503152.38,832034000.0,35,2.0,8.214428375253464,14.056224899598394
Entity_Carrier,PBF-001,PBF Energy,,PTBR - Petrobras America Inc,,,130219.64,81258000.0,2,1.0,0.7116243968767099,0.8032128514056224
Entity_Carrier,PBF-001,PBF Energy,,PTKS - Pantheon Tankers Management Ltd,,,18080.0,9528000.0,0,1.0,0.09880359902339551,0.0
Entity_Carrier,PBF-001,PBF Energy,,RNBV - Reederei Nord B V,,,64248.37,34180000.0,0,1.0,0.3511045457625417,0.0
Entity_Carrier,PBF-001,PBF Energy,,SAMO - Samos Steamship Co,,,65933.0,34944000.0,0,1.0,0.36031071318636815,0.0
Entity_Carrier,PBF-001,PBF Energy,,SBWQ - Seabulk Tankers Inc,,,79225.53,48130000.0,0,1.0,0.4329517421756632,0.0
Entity_Carrier,PBF-001,PBF Energy,,SEUK - Shell International Trading And Shipping,,,2043358.3599999999,1172144000.0,21,5.0,11.16654646363623,8.433734939759036
Entity_Carrier,PBF-001,PBF Energy,,SKMC - Sinokor Maritime Co Ltd,,,356018.7,203620000.0,0,2.0,1.9455712875901847,0.0
Entity_Carrier,PBF-001,PBF Energy,,SNHI - Sonangol Shipping Holding Limited,,,149954.5,83317000.0,0,1.0,0.8194714762031948,0.0
Entity_Carrier,PBF-001,PBF Energy,,TGRA - Trafigura Maritime Ventures Ltd,,,144538.0,76172000.0,0,1.0,0.7898713825024082,0.0
Entity_Carrier,PBF-001,PBF Energy,,TKSD - Tsakos Shipping And Trading S A Of Panama,,,103016.0,58955000.0,0,2.0,0.5629619224001168,0.0
Entity_Carrier,PBF-001,PBF Energy,,TKSH - Teekay Tankers Ltd,,,784576.96,446022000.0,4,5.0,4.287556822944392,1.6064257028112447
Entity_Carrier,PBF-001,PBF Energy,,TNAR - Thenamaris,,,138739.16999999998,80354600.0,3,3.0,0.7581819314999282,1.2048192771084338
Entity_Carrier,PBF-001,PBF Energy,,UACW - United Overseas Management,,,50514.14,43392000.0,0,1.0,0.2760497142462203,0.0
Entity_Carrier,PBF-001,PBF Energy,,VITO - Vitol International Shipping Pte,,,101534.0,57976000.0,0,1.0,0.5548630875686636,0.0
Entity_Carrier,PBF-001,PBF Energy,,WTKM - World Tankers Management Pte Ltd,,,44400.0,25930000.0,0,1.0,0.24263715689373674,0.0
Entity_Carrier,PBF-001,PBF Energy,,ZOMA - Zodiac Maritime Ltd,,,1144862.0,686102000.0,0,4.0,6.2564428089116495,0.0
Entity_Carrier,PETROBRAS-001,Petrobras,,DHBQ - Dht Bronco Inc,,,129379.0,80344000.0,0,1.0,10.359126500620706,0.0
Entity_Carrier,PETROBRAS-001,Petrobras,,DJLD - Dht Jaguar Limited,,,319587.0,190154000.0,0,1.0,25.588713477101148,0.0
Entity_Carrier,PETROBRAS-001,Petrobras,,EURN - Euronav Nv,,,134287.06,79901000.0,0,1.0,10.752105379825498,0.0
Entity_Carrier,PETROBRAS-001,Petrobras,,HPPW - Hafnia Pools Pte Ltd,,,97170.0,83566000.0,0,1.0,7.7802141156239735,0.0
Entity_Carrier,PETROBRAS-001,Petrobras,,OTUS - Odfjell Tankers As,,,6592.0,12202000.0,2,1.0,0.5278087007326668,14.285714285714285
Entity_Carrier,PETROBRAS-001,Petrobras,,PTBR - Petrobras America Inc,,,278898.83999999997,198245000.0,10,5.0,22.33089113717353,71.42857142857143
Entity_Carrier,PETROBRAS-001,Petrobras,,PTKQ - Prime Tanker Management Inc,,,36458.0,31682000.0,0,1.0,2.9191216036577012,0.0
Entity_Carrier,PETROBRAS-001,Petrobras,,SMWM - Spring Marine Management Sa,,,36502.28,31137000.0,2,1.0,2.9226670176850744,14.285714285714285
Entity_Carrier,PETROBRAS-001,Petrobras,,SNHI - Sonangol Shipping Holding Limited,,,8405.33,4799000.0,0,1.0,0.6729985295099069,0.0
Entity_Carrier,PETROBRAS-001,Petrobras,,TKSH - Teekay Tankers Ltd,,,120376.0,68734000.0,0,1.0,9.638273689228686,0.0
Entity_Carrier,PETROBRAS-001,Petrobras,,VITO - Vitol International Shipping Pte,,,77986.0,490532000.0,0,1.0,6.2441883093655575,0.0
Entity_Carrier,PETROBRAS-001,Petrobras,,WOMA - Womar Logistics Pte Ltd,,,3295.84,1961000.0,0,1.0,0.26389153947553895,0.0
Entity_Carrier,PMI-001,PMI Trading,,CSPA - Clearlake Shipping Pte Ltd,,,69985.0,54125000.0,0,1.0,9.923437317041719,0.0
Entity_Carrier,PMI-001,PMI Trading,,DMNA - Dampskibsselskabet Norden Aktieselskab,,,156.0,1218000.0,0,1.0,0.022119828841301824,0.0
Entity_Carrier,PMI-001,PMI Trading,,GMCJ - Greenheart Management Ltd,,,98955.0,82898000.0,0,1.0,14.031202967891168,0.0
Entity_Carrier,PMI-001,PMI Trading,,HPPW - Hafnia Pools Pte Ltd,,,302602.0,258460000.0,0,3.0,42.90707978868984,0.0
Entity_Carrier,PMI-001,PMI Trading,,PNFN - Penfield Marine Llc,,,118644.58,73765000.0,5,3.0,16.82306283684706,100.0
Entity_Carrier,PMI-001,PMI Trading,,TKSD - Tsakos Shipping And Trading S A Of Panama,,,114907.0,494605000.0,0,2.0,16.293097260688903,0.0
Entity_Carrier,SAUDI-REFINING-001,Saudi Refining Inc,,AETK - Aet Inc Pte Ltd,,,14772771.959999999,8430789000.0,213,12.0,98.61369948161409,99.53271028037383
Entity_Carrier,SAUDI-REFINING-001,Saudi Refining Inc,,CSPA - Clearlake Shipping Pte Ltd,,,67200.0,36221000.0,0,1.0,0.4485847763106246,0.0
Entity_Carrier,SAUDI-REFINING-001,Saudi Refining Inc,,FLUB - Frontline Management As,,,68612.0,39109000.0,1,1.0,0.4580103969081038,0.46728971962616817
Entity_Carrier,SAUDI-REFINING-001,Saudi Refining Inc,,VMMG,,,71862.0,37871000.0,0,1.0,0.4797053451671742,0.0
Entity_Carrier,TERNIUM-001,Ternium,,APBA - Ace Pacific Shipping Pte Ltd,,,203875.02000000002,887289000.0,4,4.0,2.421724534323562,1.5625
Entity_Carrier,TERNIUM-001,Ternium,,BBHY - Bbc Chartering Carriers Gmbh & Co Kg,,,2209.92,11428000.0,2,1.0,0.02625048170635287,0.78125
Entity_Carrier,TERNIUM-001,Ternium,,CCBC - Cosco Shipping Bulk Co Ltd,,,756661.0,734347000.0,0,13.0,8.987979537001642,0.0
Entity_Carrier,TERNIUM-001,Ternium,,CLPP - Clipper Bulk Shipping Ltd,,,46307.22,157490000.0,0,1.0,0.5500592019086925,0.0
Entity_Carrier,TERNIUM-001,Ternium,,CLSG - Conti Lines Shipping Nv,,,252.31,165800.0,0,1.0,0.0029970582823495386,0.0
Entity_Carrier,TERNIUM-001,Ternium,,CSNK - Contilines Nv,,,17426.41,42872000.0,0,1.0,0.20699919314382637,0.0
Entity_Carrier,TERNIUM-001,Ternium,,GDSL - Grimaldi Deep Sea S P A,,,479.0,25344000.0,2,1.0,0.005689790009295823,0.78125
Entity_Carrier,TERNIUM-001,Ternium,,GESM - Grimaldi Euromed S P A,,,39.14,926000.0,2,1.0,0.0004649235510727317,0.78125
Entity_Carrier,TERNIUM-001,Ternium,,GSSW - G2 Ocean Us Inc,,,19.4,224000.0,2,1.0,0.00023044243461448633,0.78125
Entity_Carrier,TERNIUM-001,Ternium,,HONW - Hong Glory International Shipping Company Limited,,,143032.4,1574121000.0,2,3.0,1.6990069322037658,0.78125
Entity_Carrier,TERNIUM-001,Ternium,,JASR - Jade Alliance Shipping Pte Ltd,,,100068.92,473526000.0,2,1.0,1.1886662656722815,0.78125
Entity_Carrier,TERNIUM-001,Ternium,,MURG - Mur Shipping Bv,,,46714.14,28309000.0,1,1.0,0.5548927913671114,0.390625
Entity_Carrier,TERNIUM-001,Ternium,,NSAW - Navesco S A,,,3154.0,10269000.0,0,1.0,0.037464713338870616,0.0
Entity_Carrier,TERNIUM-001,Ternium,,NSUK - Ns United Kaiun Kaisha Ltd,,,10300.45,13444000.0,0,2.0,0.12235364822808176,0.0
Entity_Carrier,TERNIUM-001,Ternium,,OFCW - Oldendorff Carriers,,,6390598.0,3980139000.0,68,61.0,75.91056503930244,26.5625
Entity_Carrier,TERNIUM-001,Ternium,,PBIH - Pacific Basin Handysize Ltd,,,143941.78,629603400.0,0,3.0,1.7098089807186998,0.0
Entity_Carrier,TERNIUM-001,Ternium,,PBIM - Pacific Basin Supramax Limited,,,53267.67,255472000.0,0,1.0,0.6327387402598472,0.0
Entity_Carrier,TERNIUM-001,Ternium,,POBU - Pan Ocean Co Ltd,,,1469.8799999999999,1592600.0,4,1.0,0.017459934319130985,1.5625
Entity_Carrier,TERNIUM-001,Ternium,,PXBC - Phoenix Bulk Carriers,,,29616.12,18006000.0,2,1.0,0.35179437096055577,0.78125
Entity_Carrier,TERNIUM-001,Ternium,,RYMG - Roymar Shipping Llc,,,51609.95,91147700.0,68,2.0,0.6130475530067995,26.5625
Entity_Carrier,TERNIUM-001,Ternium,,SKSM - Sk Shipping Co Ltd,,,5133.11,12832700.0,3,3.0,0.060973523997111645,1.171875
Entity_Carrier,TERNIUM-001,Ternium,,SXBW - Swire Bulk Pte Ltd,,,204167.40000000002,867182000.0,4,2.0,2.4251975631396747,1.5625
Entity_Carrier,TERNIUM-001,Ternium,,ULTH - Ultrabulk,,,138586.88,129869400.0,88,2.0,1.6462009295270963,34.375
Entity_Carrier,TERNIUM-001,Ternium,,WBAS - Weco Bulk A/S,,,69658.25,84505300.0,2,3.0,0.8274338515971414,0.78125
Entity_Carrier,TRAFIGURA-001,Trafigura,,AEJM - Alterna Capital Partners Llc,,,2916.63,4593000.0,2,1.0,0.05827431263392005,4.25531914893617
Entity_Carrier,TRAFIGURA-001,Trafigura,,AQCV - Ace Tankers C.V.,,,2534.36,1502000.0,0,1.0,0.05063655210530702,0.0
Entity_Carrier,TRAFIGURA-001,Trafigura,,BBHY - Bbc Chartering Carriers Gmbh & Co Kg,,,21015.8,206450000.0,28,6.0,0.41989600993336035,59.57446808510638
Entity_Carrier,TRAFIGURA-001,Trafigura,,BXTR - Baxter Trading Inc,,,56072.0,33755000.0,0,1.0,1.1203194296188288,0.0
Entity_Carrier,TRAFIGURA-001,Trafigura,,CBVH - Chemship B V,,,5080.84,16279000.0,0,1.0,0.10151526199858273,0.0
Entity_Carrier,TRAFIGURA-001,Trafigura,,CHVV - Chevron Shipping Company Llc,,,196139.0,109683000.0,0,2.0,3.918860261913388,0.0
Entity_Carrier,TRAFIGURA-001,Trafigura,,COEB - Core Transport Llc,,,70102.39,40125000.0,0,1.0,1.4006468394156921,0.0
Entity_Carrier,TRAFIGURA-001,Trafigura,,CSPA - Clearlake Shipping Pte Ltd,,,104726.0,62521000.0,0,1.0,2.0924271041921365,0.0
Entity_Carrier,TRAFIGURA-001,Trafigura,,CVWK - Corporacion Primax Sa,,,6619.64,6136000.0,0,1.0,0.13226050986378202,0.0
Entity_Carrier,TRAFIGURA-001,Trafigura,,DAMT - D'amico Tankers Designated Activity Company,,,34621.09,32336000.0,1,1.0,0.6917299151373616,2.127659574468085
Entity_Carrier,TRAFIGURA-001,Trafigura,,DMNA - Dampskibsselskabet Norden Aktieselskab,,,10762.0,3918000.0,0,1.0,0.21502492690750885,0.0
Entity_Carrier,TRAFIGURA-001,Trafigura,,EURN - Euronav Nv,,,343655.13,237312000.0,0,3.0,6.866234827136262,0.0
Entity_Carrier,TRAFIGURA-001,Trafigura,,MCKR - Mckeil Marine Limited,,,12396.06,34292000.0,0,2.0,0.24767347105009238,0.0
Entity_Carrier,TRAFIGURA-001,Trafigura,,MSDK - Mercuria Shipping Sarl,,,72384.0,41331000.0,0,1.0,1.4462334426011076,0.0
Entity_Carrier,TRAFIGURA-001,Trafigura,,NATH - Nordic American Tankers,,,49875.0,32618000.0,0,1.0,0.996503273509757,0.0
Entity_Carrier,TRAFIGURA-001,Trafigura,,NSCS - National Shipping Company Of Saudi Arabia,,,16604.0,6127000.0,0,1.0,0.3317481775108973,0.0
Entity_Carrier,TRAFIGURA-001,Trafigura,,NTWY - N Two,,,146962.86,80536000.0,0,1.0,2.9363202220422275,0.0
Entity_Carrier,TRAFIGURA-001,Trafigura,,OTUS - Odfjell Tankers As,,,39296.0,204526000.0,12,4.0,0.7851346894403891,25.53191489361702
Entity_Carrier,TRAFIGURA-001,Trafigura,,SGVJ - Signal Maritime Services Ltd,,,79530.76999999999,42867000.0,2,1.0,1.5890260180401314,4.25531914893617
Entity_Carrier,TRAFIGURA-001,Trafigura,,TGRA - Trafigura Maritime Ventures Ltd,,,3336202.0,2240490200.0,0,23.0,66.65736770104859,0.0
Entity_Carrier,TRAFIGURA-001,Trafigura,,TKSH - Teekay Tankers Ltd,,,249398.0,146255000.0,0,2.0,4.982975907905491,0.0
Entity_Carrier,TRAFIGURA-001,Trafigura,,UALB - Universal Africa Lines B V,,,6571.55,19965000.0,2,1.0,0.13129967091795577,4.25531914893617
Entity_Carrier,TRAFIGURA-001,Trafigura,,ZOMA - Zodiac Maritime Ltd,,,141536.0,76288000.0,0,1.0,2.827891475077232,0.0
Entity_Carrier,VALERO-001,Valero,,ABMA - Alberta Shipmanagement Ltd,,,77284.0,37637000.0,0,1.0,0.1775524553606118,0.0
Entity_Carrier,VALERO-001,Valero,,ADHQ - Ardmore Shipping,,,37215.0,30628000.0,0,1.0,0.0854978343026392,0.0
Entity_Carrier,VALERO-001,Valero,,AETK - Aet Inc Pte Ltd,,,6175206.02,3650587000.0,116,9.0,14.186933792358458,20.825852782764812
Entity_Carrier,VALERO-001,Valero,,AMCP - Amazonas Ca Llc,,,105217.64,60079000.0,0,1.0,0.2417272699297257,0.0
Entity_Carrier,VALERO-001,Valero,,ASHI - Andriaki Shipping Co. Ltd.,,,179303.0,103119000.0,0,1.0,0.4119311617349487,0.0
Entity_Carrier,VALERO-001,Valero,,ASOM - Astra Shipmanagement Inc,,,55762.0,50282000.0,0,1.0,0.12810775860227777,0.0
Entity_Carrier,VALERO-001,Valero,,ATKA - Almi Tankers S A,,,132552.0,109740000.0,0,1.0,0.30452529712437004,0.0
Entity_Carrier,VALERO-001,Valero,,BXTR - Baxter Trading Inc,,,101065.0,61426000.0,0,1.0,0.23218698438254012,0.0
Entity_Carrier,VALERO-001,Valero,,CHAN - Chandris,,,11143.0,9884200.0,0,1.0,0.02559995613688858,0.0
Entity_Carrier,VALERO-001,Valero,,CHVV - Chevron Shipping Company Llc,,,22302.0,20874000.0,0,1.0,0.05123667071389115,0.0
Entity_Carrier,VALERO-001,Valero,,CMCF - Cmb.Tech Nv,,,145296.32,109940000.0,0,1.0,0.3338041298439673,0.0
Entity_Carrier,VALERO-001,Valero,,CPUK - Cape Management Company Inc,,,318701.01,274515000.0,13,5.0,0.7321844993971183,2.333931777378815
Entity_Carrier,VALERO-001,Valero,,CSPA - Clearlake Shipping Pte Ltd,,,1644028.0,1239984000.0,0,12.0,3.776994048982919,0.0
Entity_Carrier,VALERO-001,Valero,,CTNK - Champion Tankers As,,,35601.11,26736000.0,0,1.0,0.081790079370416,0.0
Entity_Carrier,VALERO-001,Valero,,DAMT - D'amico Tankers Designated Activity Company,,,141256.53,946361400.0,10,2.0,0.32452310616971064,1.7953321364452424
Entity_Carrier,VALERO-001,Valero,,DHPE - Dht Peony Inc,,,135710.0,78440000.0,0,1.0,0.3117804942418693,0.0
Entity_Carrier,VALERO-001,Valero,,"DHUJ - Dht Appaloosa, Inc.",,,271089.0,138797000.0,0,1.0,0.6228005482538803,0.0
Entity_Carrier,VALERO-001,Valero,,DMCW - Daniel Marine Corp,,,145958.0,79382000.0,2,1.0,0.3353242751348814,0.3590664272890485
Entity_Carrier,VALERO-001,Valero,,DMNA - Dampskibsselskabet Norden Aktieselskab,,,607604.0,503150000.0,0,9.0,1.3959109529388898,0.0
Entity_Carrier,VALERO-001,Valero,,DPKT - Dampskibsselskabet Torm,,,72032.38,41122000.0,6,1.0,0.1654873704061465,1.0771992818671454
Entity_Carrier,VALERO-001,Valero,,ELVM - Elite Tankship Dmcc,,,8197.0,7787000.0,0,1.0,0.01883180835089973,0.0
Entity_Carrier,VALERO-001,Valero,,EPSJ - Eastern Pacific Shipping Pte Ltd,,,153835.0,113426000.0,0,3.0,0.3534209146835013,0.0
Entity_Carrier,VALERO-001,Valero,,ESHT - Enterprises Shipping & Trading Sa,,,214478.15,173431000.0,12,3.0,0.49274263953342995,2.154398563734291
Entity_Carrier,VALERO-001,Valero,,EURN - Euronav Nv,,,734303.41,461032000.0,0,4.0,1.686990495124088,0.0
Entity_Carrier,VALERO-001,Valero,,FLUB - Frontline Management As,,,34595.1,18785000.0,0,1.0,0.07947886947422365,0.0
Entity_Carrier,VALERO-001,Valero,,HDRM - Heidmar Inc,,,90553.64,71191000.0,2,1.0,0.20803815956525165,0.3590664272890485
Entity_Carrier,VALERO-001,Valero,,HPPW - Hafnia Pools Pte Ltd,,,1417605.0,2863752000.0,0,8.0,3.256809281112262,0.0
Entity_Carrier,VALERO-001,Valero,,IBAI - Ibaizabal Tankers S L,,,140372.0,84785000.0,1,1.0,0.3224909847300838,0.17953321364452424
Entity_Carrier,VALERO-001,Valero,,IHMK - Icechem Tankers Ltd,,,10170.57,160284800.0,1,2.0,0.023365893016885478,0.17953321364452424
Entity_Carrier,VALERO-001,Valero,,ISEW - International Seaways Inc,,,469853.56,593821000.0,5,5.0,1.0794427467253833,0.8976660682226212
Entity_Carrier,VALERO-001,Valero,,KOEC - Kmarin Ocean Services Corporation,,,61624.08,41350000.0,0,1.0,0.1415753158912423,0.0
Entity_Carrier,VALERO-001,Valero,,KRLN - Karlin Navigation Ltd,,,37409.0,31425000.0,0,1.0,0.08594353038902135,0.0
Entity_Carrier,VALERO-001,Valero,,KSLW - Kaio Shipping Limited,,,103381.0,88804000.0,0,1.0,0.2375077685890405,0.0
Entity_Carrier,VALERO-001,Valero,,KSPB - Koch Shipping Pte Ltd,,,19660.91,17302000.0,0,1.0,0.04516902392634964,0.0
Entity_Carrier,VALERO-001,Valero,,KYKL - Kyklades Maritime Corporation,,,117893.0,72998000.0,0,2.0,0.27084767377243163,0.0
Entity_Carrier,VALERO-001,Valero,,LPLC - Loop Llc,,,132543.75,70774000.0,0,2.0,0.3045063435536862,0.0
Entity_Carrier,VALERO-001,Valero,,MAET - Maersk Tankers,,,245965.38,222310000.0,0,2.0,0.5650814806778365,0.0
Entity_Carrier,VALERO-001,Valero,,MFQO - Mercury Pool Limited,,,77107.7,37860000.0,0,1.0,0.17714742329860572,0.0
Entity_Carrier,VALERO-001,Valero,,MIMA - Minerva Marine Inc,,,603760.7,404122000.0,8,4.0,1.387081345883258,1.436265709156194
Entity_Carrier,VALERO-001,Valero,,MLAA - Mol Chemical Tankers Pte Ltd,,,65293.48,289631000.0,7,5.0,0.15000540465088505,1.2567324955116697
Entity_Carrier,VALERO-001,Valero,,MMSM - Mms Company Ltd,,,34162.77,23026000.0,6,1.0,0.07848563344831849,1.0771992818671454
Entity_Carrier,VALERO-001,Valero,,MSDK - Mercuria Shipping Sarl,,,86373.0,66429000.0,0,2.0,0.1984335467478666,0.0
Entity_Carrier,VALERO-001,Valero,,NPLW - Navig8 Pte Ltd,,,95102.0,79597000.0,0,3.0,0.21848757323255658,0.0
Entity_Carrier,VALERO-001,Valero,,NTWY - N Two,,,10407591.21,5519133000.0,0,8.0,23.91042613898117,0.0
Entity_Carrier,VALERO-001,Valero,,NULG - Naviera Ultranav Chile Limitada,,,50298.2,46626000.0,1,1.0,0.11555521078385077,0.17953321364452424
Entity_Carrier,VALERO-001,Valero,,PGMR - Petrochem General Management S.A.,,,32.0,3100.0,1,1.0,7.35168802279848e-05,0.17953321364452424
Entity_Carrier,VALERO-001,Valero,,PMMD - Pacifica Maritime Limited,,,129071.37,77959000.0,2,1.0,0.29652888903599717,0.3590664272890485
Entity_Carrier,VALERO-001,Valero,,PNFN - Penfield Marine Llc,,,8148548.96,5155985000.0,261,29.0,18.72049681013094,46.858168761220824
Entity_Carrier,VALERO-001,Valero,,PPDP - Pleiades Shipping Agents Sa,,,910634.0700000001,579341000.0,32,7.0,2.0920929954910106,5.745062836624776
Entity_Carrier,VALERO-001,Valero,,PTKS - Pantheon Tankers Management Ltd,,,66073.0,53653000.0,0,2.0,0.15179627585323874,0.0
Entity_Carrier,VALERO-001,Valero,,RNBV - Reederei Nord B V,,,80751.3,46835000.0,0,1.0,0.18551823907356466,0.0
Entity_Carrier,VALERO-001,Valero,,RTCE - Roswell Tankers Corp,,,86713.0,81857000.0,0,1.0,0.19921466360028894,0.0
Entity_Carrier,VALERO-001,Valero,,SBMJ - Seacomber Limited,,,71706.0,40013000.0,0,1.0,0.1647375441758712,0.0
Entity_Carrier,VALERO-001,Valero,,SEUK - Shell International Trading And Shipping,,,277980.18,234482000.0,4,4.0,0.6386323624629267,0.718132854578097
Entity_Carrier,VALERO-001,Valero,,SGVJ - Signal Maritime Services Ltd,,,258789.31,141573000.0,7,2.0,0.5945432096110259,1.2567324955116697
Entity_Carrier,VALERO-001,Valero,,SKMC - Sinokor Maritime Co Ltd,,,266241.71,194892000.0,7,3.0,0.6116643720551208,1.2567324955116697
Entity_Carrier,VALERO-001,Valero,,SMKI - Scorpio Mr Pool Ltd,,,219625.84,188988000.0,20,3.0,0.5045689554453298,3.5906642728904847
Entity_Carrier,VALERO-001,Valero,,STSO - St Shipping Transport Pte Ltd,,,183155.68,150096000.0,2,3.0,0.4207823184260972,0.3590664272890485
Entity_Carrier,VALERO-001,Valero,,SWAF - Stena Weco A/S,,,72631.77,65766000.0,0,3.0,0.16686441049489187,0.0
Entity_Carrier,VALERO-001,Valero,,SWLD - Seaworld Management & Trading Inc,,,127041.0,72563000.0,0,1.0,0.2918643119076068,0.0
Entity_Carrier,VALERO-001,Valero,,TGRA - Trafigura Maritime Ventures Ltd,,,609124.0,334420000.0,0,5.0,1.3994030047497192,0.0
Entity_Carrier,VALERO-001,Valero,,TKSD - Tsakos Shipping And Trading S A Of Panama,,,363233.0,258074000.0,0,6.0,0.8344924048703626,0.0
Entity_Carrier,VALERO-001,Valero,,TKSH - Teekay Tankers Ltd,,,2115168.22,1475590000.0,20,11.0,4.859392771618119,3.5906642728904847
Entity_Carrier,VALERO-001,Valero,,TMZK - Tms Tankers Ltd,,,161179.95,120548000.0,2,1.0,0.3702952212282056,0.3590664272890485
Entity_Carrier,VALERO-001,Valero,,TNAR - Thenamaris,,,353955.6,316944000.0,5,3.0,0.8131784828507654,0.8976660682226212
Entity_Carrier,VALERO-001,Valero,,TNKP - Tankerska Plovidba,,,77385.01,40705000.0,1,1.0,0.17778451598785644,0.17953321364452424
Entity_Carrier,VALERO-001,Valero,,TSPN - Transpetrol Maritime Bv,,,35782.0,33384000.0,0,1.0,0.08220565650992975,0.0
Entity_Carrier,VALERO-001,Valero,,UMLE - Union Maritime Limited,,,43.2,3600.0,1,1.0,9.924778830777948e-05,0.17953321364452424
Entity_Carrier,VALERO-001,Valero,,UOTM - Unitized Ocean Transport Limited,,,132383.92,71950000.0,0,1.0,0.30413914971097256,0.0
Entity_Carrier,VALERO-001,Valero,,USLA - Unisea Shipping Ltd,,,81105.0,47527000.0,0,1.0,0.1863308303403346,0.0
Entity_Carrier,VALERO-001,Valero,,VITO - Vitol International Shipping Pte,,,399534.0,271540000.0,0,4.0,0.91789041328149,0.0
Entity_Carrier,VALERO-001,Valero,,VMSC - Valero Marketing & Supply Company,,,1371633.0,862026700.0,0,8.0,3.1511930930547334,0.0
Entity_Carrier,VALERO-001,Valero,,VRON - Vroon B V,,,16940.0,12672000.0,0,1.0,0.038917998470689455,0.0
Entity_Carrier,VALERO-001,Valero,,WECF - Weco Tankers A/S,,,36111.62,33692000.0,0,1.0,0.08296292632432814,0.0
Entity_Carrier,VALERO-001,Valero,,WFLM - Westfal Larsen Management As,,,37446.0,32466000.0,2,1.0,0.08602853428178496,0.3590664272890485
Entity_Carrier,VALERO-001,Valero,,WSCL - Waterfront Shipping Company Limited,,,98714.0,90393000.0,0,4.0,0.22678579108829036,0.0
Entity_Carrier,VALERO-001,Valero,,WTKM - World Tankers Management Pte Ltd,,,228459.0,175616000.0,0,4.0,0.5248622793751618,0.0
Entity_Carrier,VALERO-001,Valero,,ZOMA - Zodiac Maritime Ltd,,,683770.0,424364000.0,0,4.0,1.5708949122965363,0.0
Entity_Carrier,VULCAN-001,Vulcan Materials,,CSSL - The Csl Group Inc,,,18000.0,702000.0,0,1.0,0.5437067933768502,0.0
Entity_Carrier,VULCAN-001,Vulcan Materials,,NSUH - Norlat Shipping Ltd As,,,19.06,28600.0,1,1.0,0.0005757250823201535,1.1235955056179776
Entity_Carrier,VULCAN-001,Vulcan Materials,,VULI - Vulica Shipping Company Limited,,,3292588.83,4315368733.0,88,4.0,99.45571748154083,98.87640449438202
Entity_Tanker_Specialization,BP-001,BP,Tanker (Other),,,,4385963.13,3934485000.0,53,,100.0,
Entity_Tanker_Specialization,CELANESE-001,Celanese,Tanker (Other),,,,4594344.84,5937292400.0,52,,100.0,
Entity_Tanker_Specialization,CHEVRON-001,Chevron,LPG Tanker,,,,995048.59,456972000.0,17,,1.721153844131406,
Entity_Tanker_Specialization,CHEVRON-001,Chevron,Tanker (Other),,,,56817830.45,32535717929.0,534,,98.27884615586859,
Entity_Tanker_Specialization,CITGO-001,Citgo,Tanker (Other),,,,4769536.94,2928637000.0,46,,100.0,
Entity_Tanker_Specialization,ECOPETROL-001,Ecopetrol,Tanker (Other),,,,8499060.33,4624270000.0,44,,100.0,
Entity_Tanker_Specialization,EMIRATES-001,Emirates Aluminium (EGA),LPG Tanker,,,,0.05,239.0,1,,0.0008137265911202899,
Entity_Tanker_Specialization,EMIRATES-001,Emirates Aluminium (EGA),Tanker (Other),,,,6144.5199999999995,3286631.0,29,,99.99918627340888,
Entity_Tanker_Specialization,EXXONMOBIL-001,ExxonMobil,Tanker (Other),,,,17209770.830000002,14318465700.0,216,,100.0,
Entity_Tanker_Specialization,IRVING-001,Irving Oil,Tanker (Other),,,,15882431.68,11253361400.0,0,,100.0,
Entity_Tanker_Specialization,MARATHON-001,Marathon Petroleum,LPG Tanker,,,,133898.26,83553000.0,0,,0.8544253170488915,
Entity_Tanker_Specialization,MARATHON-001,Marathon Petroleum,Tanker (Other),,,,15537250.21,10208253000.0,117,,99.1455746829511,
Entity_Tanker_Specialization,MARTIN-001,Martin Marietta,Tanker (Other),,,,0.14,140.0,0,,100.0,
Entity_Tanker_Specialization,MOSAIC-001,Mosaic,Tanker (Other),,,,109250.51000000001,565806000.0,1,,100.0,
Entity_Tanker_Specialization,MOTIVA-001,Motiva Enterprises,Tanker (Other),,,,468446.01,432490000.0,66,,100.0,
Entity_Tanker_Specialization,PBF-001,PBF Energy,Tanker (Other),,,,16306808.16,9485895000.0,218,,100.0,
Entity_Tanker_Specialization,PETROBRAS-001,Petrobras,Tanker (Other),,,,1139893.05,1178786000.0,10,,100.0,
Entity_Tanker_Specialization,PMI-001,PMI Trading,Tanker (Other),,,,660365.54,937781000.0,3,,100.0,
Entity_Tanker_Specialization,SAUDI-REFINING-001,Saudi Refining Inc,Tanker (Other),,,,14980445.959999999,8543990000.0,214,,100.0,
Entity_Tanker_Specialization,TRAFIGURA-001,Trafigura,LPG Tanker,,,,133898.26,79670000.0,0,,2.9987398096894817,
Entity_Tanker_Specialization,TRAFIGURA-001,Trafigura,Tanker (Other),,,,4331252.72,3012462200.0,16,,97.00126019031052,
Entity_Tanker_Specialization,VALERO-001,Valero,Tanker (Other),,,,39171361.12,27849205700.0,475,,100.0,
Vessel_Entity_Fleet_Pattern,BP-001,BP,Unknown,,AFFINITY V,,628.0,1434000.0,2,,,
Vessel_Entity_Fleet_Pattern,BP-001,BP,Tanker (Other),,ATHINA M,,10526.0,6610000.0,1,,,
Vessel_Entity_Fleet_Pattern,BP-001,BP,RoRo,,ATLANTIC SAIL,,82.46,528000.0,1,,,
Vessel_Entity_Fleet_Pattern,BP-001,BP,Tanker (Other),,CHALLENGE PINNACLE,,40459.19,40030000.0,3,,,
Vessel_Entity_Fleet_Pattern,BP-001,BP,Tanker (Other),,CIELO DI HOUSTON,,16923.08,51683000.0,1,,,
Vessel_Entity_Fleet_Pattern,BP-001,BP,Tanker (Other),,EAGLE SAN FRANCISCO,,189106.0,114408000.0,6,,,
Vessel_Entity_Fleet_Pattern,BP-001,BP,Tanker (Other),,EFFIE MAERSK,,246437.9,191236000.0,2,,,
Vessel_Entity_Fleet_Pattern,BP-001,BP,Tanker (Other),,ELANDRA REDWOOD,,33718.05,28323000.0,1,,,
Vessel_Entity_Fleet_Pattern,BP-001,BP,Tanker (Other),,ELANDRA WILLOW,,36071.84,31815000.0,1,,,
Vessel_Entity_Fleet_Pattern,BP-001,BP,Tanker (Other),,ENERGY AFRODITE,,33883.5,27344000.0,1,,,
Vessel_Entity_Fleet_Pattern,BP-001,BP,Tanker (Other),,ENERGY ARTEMIS,,51034.85,45807000.0,3,,,
Vessel_Entity_Fleet_Pattern,BP-001,BP,Tanker (Other),,ESTEEM HOUSTON,,35033.57,32792000.0,2,,,
Vessel_Entity_Fleet_Pattern,BP-001,BP,Tanker (Other),,HENRIQUE DIAS,,234456.86,142316000.0,2,,,
Vessel_Entity_Fleet_Pattern,BP-001,BP,Tanker (Other),,MAERSK CAPRI,,24894.0,24122000.0,4,,,
Vessel_Entity_Fleet_Pattern,BP-001,BP,Tanker (Other),,NCC DANAH,,8845.0,4546000.0,2,,,
Vessel_Entity_Fleet_Pattern,BP-001,BP,Unknown,,PACIFIC QUARTZ,,34764.42,26652000.0,3,,,
Vessel_Entity_Fleet_Pattern,BP-001,BP,Tanker (Other),,RF STELLA,,17004.0,15882000.0,1,,,
Vessel_Entity_Fleet_Pattern,BP-001,BP,Bulk Carrier,,SE NICKY,,25006.68,12928000.0,1,,,
Vessel_Entity_Fleet_Pattern,BP-001,BP,Unknown,,SEAWAYS NIAGRA,,3860.67,1544000.0,1,,,
Vessel_Entity_Fleet_Pattern,BP-001,BP,Tanker (Other),,SEAWAYS OAK,,36783.59,31340000.0,1,,,
Vessel_Entity_Fleet_Pattern,BP-001,BP,Tanker (Other),,SILVER MANOORA,,70116.26000000001,65932000.0,4,,,
Vessel_Entity_Fleet_Pattern,BP-001,BP,Tanker (Other),,SOLAR TINE,,85906.24,75598000.0,4,,,
Vessel_Entity_Fleet_Pattern,BP-001,BP,Tanker (Other),,TORM BIRGITTE,,75224.82,71914000.0,2,,,
Vessel_Entity_Fleet_Pattern,BP-001,BP,Tanker (Other),,VELOS SAPPHIRE,,54604.67,47045000.0,5,,,
Vessel_Entity_Fleet_Pattern,BP-001,BP,Tanker (Other),,VENDOME STREET,,64311.98,300948000.0,4,,,
Vessel_Entity_Fleet_Pattern,BP-001,BP,Tanker (Other),,VICTORIA GLORY,,73968.84,68496000.0,2,,,
Vessel_Entity_Fleet_Pattern,BP-001,BP,Tanker (Other),,VINJERAC,,39340.3,32141000.0,1,,,
Vessel_Entity_Fleet_Pattern,CELANESE-001,Celanese,Tanker (Other),,ANDINO DELTA,,8225.51,13246000.0,16,,,
Vessel_Entity_Fleet_Pattern,CELANESE-001,Celanese,Tanker (Other),,CHEM ROTTERDAM,,10301.24,22790000.0,8,,,
Vessel_Entity_Fleet_Pattern,CELANESE-001,Celanese,Tanker (Other),,CHEM SIRIUS,,44299.62,121016000.0,24,,,
Vessel_Entity_Fleet_Pattern,CELANESE-001,Celanese,Tanker (Other),,GOLDEN RAY,,9999.62,49292000.0,4,,,
Vessel_Entity_Fleet_Pattern,CHEVRON-001,Chevron,Unknown,,ADVANTAGE AWARD,,304551.04000000004,183478000.0,4,,,
Vessel_Entity_Fleet_Pattern,CHEVRON-001,Chevron,Tanker (Other),,ADVANTAGE SPRING,,219956.0,124056000.0,4,,,
Vessel_Entity_Fleet_Pattern,CHEVRON-001,Chevron,Tanker (Other),,AIFANOURIOS,,202631.82,109827000.0,3,,,
Vessel_Entity_Fleet_Pattern,CHEVRON-001,Chevron,Tanker (Other),,AIGEORGIS,,254888.7,129682000.0,4,,,
Vessel_Entity_Fleet_Pattern,CHEVRON-001,Chevron,Tanker (Other),,AITOLOS,,47275.100000000006,28992000.0,2,,,
Vessel_Entity_Fleet_Pattern,CHEVRON-001,Chevron,Tanker (Other),,ALMI SUN,,137470.2,85782000.0,2,,,
Vessel_Entity_Fleet_Pattern,CHEVRON-001,Chevron,Tanker (Other),,AMALTHEA,,108283.58,49702000.0,2,,,
Vessel_Entity_Fleet_Pattern,CHEVRON-001,Chevron,Tanker (Other),,APOLLO VOYAGER,,3521515.0,2029144000.0,73,,,
Vessel_Entity_Fleet_Pattern,CHEVRON-001,Chevron,Tanker (Other),,ARISTEA,,145113.92,96066000.0,2,,,
Vessel_Entity_Fleet_Pattern,CHEVRON-001,Chevron,General Cargo,,BBC AFRICA,,1287.54,23478000.0,2,,,
Vessel_Entity_Fleet_Pattern,CHEVRON-001,Chevron,General Cargo,,BBC ROSTOV,,454.68,904000.0,2,,,
Vessel_Entity_Fleet_Pattern,CHEVRON-001,Chevron,Tanker (Other),,BLUE BUTTERFLY,,58452.0,62894000.0,2,,,
Vessel_Entity_Fleet_Pattern,CHEVRON-001,Chevron,Tanker (Other),,BLUE PRINCE,,156270.76,88606000.0,2,,,
Vessel_Entity_Fleet_Pattern,CHEVRON-001,Chevron,Tanker (Other),,BLUEFIN PEARL,,1356012.54,609686000.0,20,,,
Vessel_Entity_Fleet_Pattern,CHEVRON-001,Chevron,Tanker (Other),,BOW SKY,,2002.0,1188000.0,2,,,
Vessel_Entity_Fleet_Pattern,CHEVRON-001,Chevron,Tanker (Other),,BOW SUMMER,,13214.0,32176000.0,6,,,
Vessel_Entity_Fleet_Pattern,CHEVRON-001,Chevron,Tanker (Other),,CANOPUS VOYAGER,,152304.0,72040000.0,2,,,
Vessel_Entity_Fleet_Pattern,CHEVRON-001,Chevron,Tanker (Other),,CAPE TAFT,,128268.88,58876000.0,2,,,
Vessel_Entity_Fleet_Pattern,CHEVRON-001,Chevron,Tanker (Other),,CARIBBEAN VOYAGER,,610748.0,348202810.0,14,,,
Vessel_Entity_Fleet_Pattern,CHEVRON-001,Chevron,Tanker (Other),,CARINA VOYAGER,,929602.0,424072000.0,12,,,
Vessel_Entity_Fleet_Pattern,CHEVRON-001,Chevron,Tanker (Other),,CHIOS,,1777997.93,1013096000.0,30,,,
Vessel_Entity_Fleet_Pattern,CHEVRON-001,Chevron,Tanker (Other),,CIELO ROSSO,,64764.090000000004,62494000.0,2,,,
Vessel_Entity_Fleet_Pattern,CHEVRON-001,Chevron,Unknown,,CLARET PRINCE,,133918.84,73790000.0,2,,,
Vessel_Entity_Fleet_Pattern,CHEVRON-001,Chevron,LPG Tanker,,CORAL PEARL,,995048.59,456972000.0,17,,,
Vessel_Entity_Fleet_Pattern,CHEVRON-001,Chevron,General Cargo,,DIJKSGRACHT,,136.4,1286000.0,2,,,
Vessel_Entity_Fleet_Pattern,CHEVRON-001,Chevron,Tanker (Other),,DUBAI ANGEL,,837984.1,640446000.0,18,,,
Vessel_Entity_Fleet_Pattern,CHEVRON-001,Chevron,Tanker (Other),,DUBAI ATTRACTION,,569856.55,308689000.0,13,,,
Vessel_Entity_Fleet_Pattern,CHEVRON-001,Chevron,Tanker (Other),,DUBAI BEAUTY,,447455.78,220288000.0,6,,,
Vessel_Entity_Fleet_Pattern,CHEVRON-001,Chevron,Tanker (Other),,DUBAI BRILLIANCE,,470335.95999999996,229880000.0,8,,,
Vessel_Entity_Fleet_Pattern,CHEVRON-001,Chevron,Tanker (Other),,DUBAI CHARM,,159080.36,67928000.0,2,,,
Vessel_Entity_Fleet_Pattern,CHEVRON-001,Chevron,Tanker (Other),,DUBAI GLAMOUR,,30708.68,22724000.0,2,,,
Vessel_Entity_Fleet_Pattern,CHEVRON-001,Chevron,Tanker (Other),,EAGLE HALIFAX,,106082.0,66422000.0,4,,,
Vessel_Entity_Fleet_Pattern,CHEVRON-001,Chevron,Tanker (Other),,EAGLE HAMILTON,,202969.16,108860000.0,6,,,
Vessel_Entity_Fleet_Pattern,CHEVRON-001,Chevron,Tanker (Other),,EAGLE HATTERAS,,170591.38,111908000.0,2,,,
Vessel_Entity_Fleet_Pattern,CHEVRON-001,Chevron,Tanker (Other),,EAGLE KINABALU,,135181.04,66374000.0,2,,,
Vessel_Entity_Fleet_Pattern,CHEVRON-001,Chevron,Tanker (Other),,EAGLE KLANG,,150982.78,83192000.0,2,,,
Vessel_Entity_Fleet_Pattern,CHEVRON-001,Chevron,Tanker (Other),,EAGLE LOUISIANA,,131756.0,74310000.0,2,,,
Vessel_Entity_Fleet_Pattern,CHEVRON-001,Chevron,Tanker (Other),,EAGLE SAN JOSE,,152240.36,88452000.0,2,,,
Vessel_Entity_Fleet_Pattern,CHEVRON-001,Chevron,Tanker (Other),,EAGLE TEXAS,,252981.59999999998,136312000.0,4,,,
Vessel_Entity_Fleet_Pattern,CHEVRON-001,Chevron,Tanker (Other),,IONIC ANAX,,609427.0700000001,276339000.0,9,,,
Vessel_Entity_Fleet_Pattern,CHEVRON-001,Chevron,Tanker (Other),,IONIC ASPIS,,70925.7,37520000.0,1,,,
Vessel_Entity_Fleet_Pattern,CHEVRON-001,Chevron,Tanker (Other),,JAG LAXMI,,254155.03,135231000.0,4,,,
Vessel_Entity_Fleet_Pattern,CHEVRON-001,Chevron,Tanker (Other),,JAG LEELA,,134571.92,74150000.0,2,,,
Vessel_Entity_Fleet_Pattern,CHEVRON-001,Chevron,Tanker (Other),,JAG LOKESH,,309060.02,176250000.0,10,,,
Vessel_Entity_Fleet_Pattern,CHEVRON-001,Chevron,Tanker (Other),,KISO,,29998.86,18300000.0,2,,,
Vessel_Entity_Fleet_Pattern,CHEVRON-001,Chevron,Tanker (Other),,LARVIK,,27261.81,23691000.0,1,,,
Vessel_Entity_Fleet_Pattern,CHEVRON-001,Chevron,Tanker (Other),,LONDON SPIRIT,,141148.26,80032000.0,2,,,
Vessel_Entity_Fleet_Pattern,CHEVRON-001,Chevron,Tanker (Other),,LONDON VOYAGER,,0.01,187.0,2,,,
Vessel_Entity_Fleet_Pattern,CHEVRON-001,Chevron,Tanker (Other),,LR1 AMBASSADOR,,105390.68,60178000.0,2,,,
Vessel_Entity_Fleet_Pattern,CHEVRON-001,Chevron,Tanker (Other),,MATILDA,,496447.96,226742000.0,8,,,
Vessel_Entity_Fleet_Pattern,CHEVRON-001,Chevron,Tanker (Other),,MINERVA ASTRA,,80347.14,36879000.0,1,,,
Vessel_Entity_Fleet_Pattern,CHEVRON-001,Chevron,Tanker (Other),,MINERVA ELPIDA,,137866.3,61295000.0,2,,,
Vessel_Entity_Fleet_Pattern,CHEVRON-001,Chevron,Tanker (Other),,MINERVA GLORIA,,135740.64,59991000.0,2,,,
Vessel_Entity_Fleet_Pattern,CHEVRON-001,Chevron,Tanker (Other),,MINERVA NOUNOU,,151809.48,69680000.0,2,,,
Vessel_Entity_Fleet_Pattern,CHEVRON-001,Chevron,Tanker (Other),,MONIQUE GLORY,,270521.64,145952000.0,3,,,
Vessel_Entity_Fleet_Pattern,CHEVRON-001,Chevron,Tanker (Other),,NAVE ARIADNE,,93080.84,76698000.0,4,,,
Vessel_Entity_Fleet_Pattern,CHEVRON-001,Chevron,Tanker (Other),,NEW ABILITY,,317261.64,242430000.0,6,,,
Vessel_Entity_Fleet_Pattern,CHEVRON-001,Chevron,Tanker (Other),,NEW ADVANCE,,147257.91999999998,91888000.0,4,,,
Vessel_Entity_Fleet_Pattern,CHEVRON-001,Chevron,Tanker (Other),,ORCA PEARL,,312548.1,143460000.0,4,,,
Vessel_Entity_Fleet_Pattern,CHEVRON-001,Chevron,Tanker (Other),,ORFEAS,,102033.0,87850000.0,4,,,
Vessel_Entity_Fleet_Pattern,CHEVRON-001,Chevron,Tanker (Other),,PACIFIC GARNET,,123439.4,72706000.0,2,,,
Vessel_Entity_Fleet_Pattern,CHEVRON-001,Chevron,Tanker (Other),,PACIFIC OPAL,,144000.36,94464000.0,2,,,
Vessel_Entity_Fleet_Pattern,CHEVRON-001,Chevron,Tanker (Other),,PEGASUS STAR,,404531.7,194280000.0,10,,,
Vessel_Entity_Fleet_Pattern,CHEVRON-001,Chevron,Tanker (Other),,PEGASUS VOYAGER,,2651507.0,1523993000.0,59,,,
Vessel_Entity_Fleet_Pattern,CHEVRON-001,Chevron,Tanker (Other),,PERSEUS STAR,,234840.66,110139000.0,3,,,
Vessel_Entity_Fleet_Pattern,CHEVRON-001,Chevron,Tanker (Other),,POLARIS VOYAGER,,2623434.98,1526301800.0,61,,,
Vessel_Entity_Fleet_Pattern,CHEVRON-001,Chevron,Tanker (Other),,PS TRIESTE,,153288.02000000002,111201000.0,3,,,
Vessel_Entity_Fleet_Pattern,CHEVRON-001,Chevron,Tanker (Other),,REDWOOD MARINER,,43428.83,39173000.0,2,,,
Vessel_Entity_Fleet_Pattern,CHEVRON-001,Chevron,Tanker (Other),,RF MARINA,,2505.0,5155000.0,1,,,
Vessel_Entity_Fleet_Pattern,CHEVRON-001,Chevron,Tanker (Other),,SAN JACK,,39458.3,36341000.0,2,,,
Vessel_Entity_Fleet_Pattern,CHEVRON-001,Chevron,Tanker (Other),,SEAPRINCESS,,55180.09,29080000.0,1,,,
Vessel_Entity_Fleet_Pattern,CHEVRON-001,Chevron,Tanker (Other),,SEASENATOR,,148611.64,84262000.0,2,,,
Vessel_Entity_Fleet_Pattern,CHEVRON-001,Chevron,Tanker (Other),,SEASPRITE,,69768.0,40884000.0,2,,,
Vessel_Entity_Fleet_Pattern,CHEVRON-001,Chevron,Tanker (Other),,SEAWAYS COLORADO,,142880.74,87300000.0,2,,,
Vessel_Entity_Fleet_Pattern,CHEVRON-001,Chevron,Tanker (Other),,SEAWAYS HATTERAS,,140281.4,86834000.0,2,,,
Vessel_Entity_Fleet_Pattern,CHEVRON-001,Chevron,Tanker (Other),,SEAWAYS RED,,566257.04,323332000.0,10,,,
Vessel_Entity_Fleet_Pattern,CHEVRON-001,Chevron,Tanker (Other),,SEAWAYS RIO GRANDE,,154945.94,87699200.0,4,,,
Vessel_Entity_Fleet_Pattern,CHEVRON-001,Chevron,Tanker (Other),,SEAWAYS YOSEMITE,,79914.77,159830000.0,1,,,
Vessel_Entity_Fleet_Pattern,CHEVRON-001,Chevron,Tanker (Other),,SIGMA TRIUMPH,,155836.54,131838000.0,2,,,
Vessel_Entity_Fleet_Pattern,CHEVRON-001,Chevron,Tanker (Other),,SILVER ELLIE,,93.6,471000.0,1,,,
Vessel_Entity_Fleet_Pattern,CHEVRON-001,Chevron,Tanker (Other),,SILVER MANOORA,,34488.8,31246000.0,2,,,
Vessel_Entity_Fleet_Pattern,CHEVRON-001,Chevron,Tanker (Other),,SOLAR SKYLER,,8006.06,9520000.0,2,,,
Vessel_Entity_Fleet_Pattern,CHEVRON-001,Chevron,Tanker (Other),,STI LEBLON,,57809.4,42778000.0,2,,,
Vessel_Entity_Fleet_Pattern,CHEVRON-001,Chevron,Unknown,,STI TOPAZ,,36376.2,33960000.0,3,,,
Vessel_Entity_Fleet_Pattern,CHEVRON-001,Chevron,Tanker (Other),,STOLT BRELAND,,12241.86,13258000.0,4,,,
Vessel_Entity_Fleet_Pattern,CHEVRON-001,Chevron,Unknown,,TIANLONG SPIRIT,,136897.44,84330000.0,4,,,
Vessel_Entity_Fleet_Pattern,CHEVRON-001,Chevron,General Cargo,,UAL HOUSTON,,1.4,2200.0,1,,,
Vessel_Entity_Fleet_Pattern,CHEVRON-001,Chevron,Tanker (Other),,UNITY VENTURE,,828254.3,401090000.0,16,,,
Vessel_Entity_Fleet_Pattern,CHEVRON-001,Chevron,Tanker (Other),,YUAN BEI HAI,,72638.38,38063000.0,2,,,
Vessel_Entity_Fleet_Pattern,CITGO-001,Citgo,Tanker (Other),,ADVANTAGE SUN,,138300.0,73300000.0,2,,,
Vessel_Entity_Fleet_Pattern,CITGO-001,Citgo,Tanker (Other),,AIFANOURIOS,,152710.12,91778000.0,2,,,
Vessel_Entity_Fleet_Pattern,CITGO-001,Citgo,Tanker (Other),,ASOPOS,,52996.38,24696000.0,1,,,
Vessel_Entity_Fleet_Pattern,CITGO-001,Citgo,Tanker (Other),,BLUE PRINCE,,153426.46,84538000.0,2,,,
Vessel_Entity_Fleet_Pattern,CITGO-001,Citgo,Tanker (Other),,BOW CHAIN,,32956.0,37304000.0,12,,,
Vessel_Entity_Fleet_Pattern,CITGO-001,Citgo,Tanker (Other),,BOW ODYSSEY,,72096.0,65246000.0,2,,,
Vessel_Entity_Fleet_Pattern,CITGO-001,Citgo,Tanker (Other),,DUBAI CHARM,,165713.2,90810000.0,2,,,
Vessel_Entity_Fleet_Pattern,CITGO-001,Citgo,Tanker (Other),,EAGLE KLANG,,149419.72,76502000.0,2,,,
Vessel_Entity_Fleet_Pattern,CITGO-001,Citgo,Tanker (Other),,EAGLE KUANTAN,,40133.92,22916000.0,1,,,
Vessel_Entity_Fleet_Pattern,CITGO-001,Citgo,Tanker (Other),,EAGLE TEXAS,,160481.78,86660000.0,2,,,
Vessel_Entity_Fleet_Pattern,CITGO-001,Citgo,Tanker (Other),,HIGH TRUST,,22498.19,19461000.0,1,,,
Vessel_Entity_Fleet_Pattern,CITGO-001,Citgo,Tanker (Other),,IONIC ASPIS,,73955.81,36016000.0,1,,,
Vessel_Entity_Fleet_Pattern,CITGO-001,Citgo,Tanker (Other),,JAG LAXMI,,65886.5,33339000.0,1,,,
Vessel_Entity_Fleet_Pattern,CITGO-001,Citgo,Tanker (Other),,LR1 AMBASSADOR,,86966.32,45832000.0,2,,,
Vessel_Entity_Fleet_Pattern,CITGO-001,Citgo,Tanker (Other),,NORDIC AQUARIUS,,99562.0,60335000.0,1,,,
Vessel_Entity_Fleet_Pattern,CITGO-001,Citgo,Tanker (Other),,P. SOPHIA,,164844.26,96270000.0,2,,,
Vessel_Entity_Fleet_Pattern,CITGO-001,Citgo,Tanker (Other),,PEGASUS STAR,,151953.48,81448000.0,2,,,
Vessel_Entity_Fleet_Pattern,CITGO-001,Citgo,Tanker (Other),,STI GALATA,,75006.42,66004000.0,4,,,
Vessel_Entity_Fleet_Pattern,CITGO-001,Citgo,Tanker (Other),,TORM LOUISE,,76520.72,62976000.0,4,,,
Vessel_Entity_Fleet_Pattern,ECOPETROL-001,Ecopetrol,Tanker (Other),,ADVANTAGE SUMMER,,288806.82,133140000.0,2,,,
Vessel_Entity_Fleet_Pattern,ECOPETROL-001,Ecopetrol,Tanker (Other),,AIFANOURIOS,,150915.3,85568000.0,2,,,
Vessel_Entity_Fleet_Pattern,ECOPETROL-001,Ecopetrol,Tanker (Other),,BLUE PRINCE,,155686.98,82048000.0,2,,,
Vessel_Entity_Fleet_Pattern,ECOPETROL-001,Ecopetrol,Unknown,,CHEMTRANS ADRIATIC,,136263.28,123182000.0,4,,,
Vessel_Entity_Fleet_Pattern,ECOPETROL-001,Ecopetrol,Unknown,,CLARET PRINCE,,150036.0,82220000.0,2,,,
Vessel_Entity_Fleet_Pattern,ECOPETROL-001,Ecopetrol,Unknown,,CONQUEST,,364783.39999999997,329170000.0,14,,,
Vessel_Entity_Fleet_Pattern,ECOPETROL-001,Ecopetrol,Tanker (Other),,EAGLE KINABALU,,150331.9,70054000.0,2,,,
Vessel_Entity_Fleet_Pattern,ECOPETROL-001,Ecopetrol,Tanker (Other),,EAGLE KLANG,,151712.32,69940000.0,2,,,
Vessel_Entity_Fleet_Pattern,ECOPETROL-001,Ecopetrol,Tanker (Other),,NEW ADVANCE,,165657.74,90780000.0,2,,,
Vessel_Entity_Fleet_Pattern,ECOPETROL-001,Ecopetrol,Tanker (Other),,PERSEUS STAR,,166242.04,88108000.0,2,,,
Vessel_Entity_Fleet_Pattern,ECOPETROL-001,Ecopetrol,Tanker (Other),,PHILOTIMOS,,82939.88,45451000.0,1,,,
Vessel_Entity_Fleet_Pattern,ECOPETROL-001,Ecopetrol,Tanker (Other),,ROSS SEA,,150360.05,83883000.0,2,,,
Vessel_Entity_Fleet_Pattern,ECOPETROL-001,Ecopetrol,Tanker (Other),,SAN JACINTO,,150184.0,79598000.0,2,,,
Vessel_Entity_Fleet_Pattern,ECOPETROL-001,Ecopetrol,Tanker (Other),,SEAGALAXY,,151353.28,85666000.0,2,,,
Vessel_Entity_Fleet_Pattern,ECOPETROL-001,Ecopetrol,Tanker (Other),,SEAWAYS BRAZOS,,152269.26,83444000.0,2,,,
Vessel_Entity_Fleet_Pattern,ECOPETROL-001,Ecopetrol,Tanker (Other),,SEAWAYS RIO GRANDE,,317898.0,167988000.0,4,,,
Vessel_Entity_Fleet_Pattern,ECOPETROL-001,Ecopetrol,Tanker (Other),,SEAWAYS SABINE,,151459.92,83000000.0,2,,,
Vessel_Entity_Fleet_Pattern,ECOPETROL-001,Ecopetrol,Tanker (Other),,STI SPIGA,,75607.62,39845000.0,1,,,
Vessel_Entity_Fleet_Pattern,ECOPETROL-001,Ecopetrol,Tanker (Other),,SUMMIT SPIRIT,,150136.8,80324000.0,2,,,
Vessel_Entity_Fleet_Pattern,ECOPETROL-001,Ecopetrol,Unknown,,TRINITY,,152450.0,80342000.0,2,,,
Vessel_Entity_Fleet_Pattern,ECOPETROL-001,Ecopetrol,Tanker (Other),,VS PROSPERA,,29202.66,13082000.0,2,,,
Vessel_Entity_Fleet_Pattern,ECOPETROL-001,Ecopetrol,Tanker (Other),,YUAN BEI HAI,,449376.82,242886000.0,6,,,
Vessel_Entity_Fleet_Pattern,ECOPETROL-001,Ecopetrol,Tanker (Other),,YUAN NAN HAI,,138010.78,64314000.0,2,,,
Vessel_Entity_Fleet_Pattern,ECOPETROL-001,Ecopetrol,Tanker (Other),,ZENITH SPIRIT,,152266.0,70956000.0,2,,,
Vessel_Entity_Fleet_Pattern,EMIRATES-001,Emirates Aluminium (EGA),Bulk Carrier,,AFRICAN OSPREY,,9026.98,23741400.0,14,,,
Vessel_Entity_Fleet_Pattern,EMIRATES-001,Emirates Aluminium (EGA),Bulk Carrier,,AFRICAN PIPER,,14923.11,40729000.0,27,,,
Vessel_Entity_Fleet_Pattern,EMIRATES-001,Emirates Aluminium (EGA),Container Ship,,APL LE HAVRE,,31.0,274000.0,2,,,
Vessel_Entity_Fleet_Pattern,EMIRATES-001,Emirates Aluminium (EGA),Container Ship,,APL SOUTHAMPTON,,21.9,33100.0,1,,,
Vessel_Entity_Fleet_Pattern,EMIRATES-001,Emirates Aluminium (EGA),Vehicle Carrier,,APOLLON HIGHWAY,,85.25999999999999,405800.0,6,,,
Vessel_Entity_Fleet_Pattern,EMIRATES-001,Emirates Aluminium (EGA),Bulk Carrier,,AQUITANIA,,46970.0,39654000.0,3,,,
Vessel_Entity_Fleet_Pattern,EMIRATES-001,Emirates Aluminium (EGA),Vehicle Carrier,,ARC INDEPENDENCE,,13.04,1070000.0,2,,,
Vessel_Entity_Fleet_Pattern,EMIRATES-001,Emirates Aluminium (EGA),RoRo,,ATLANTIC SAIL,,34.0,2222000.0,2,,,
Vessel_Entity_Fleet_Pattern,EMIRATES-001,Emirates Aluminium (EGA),RoRo,,ATLANTIC SKY,,88.0,866000.0,2,,,
Vessel_Entity_Fleet_Pattern,EMIRATES-001,Emirates Aluminium (EGA),RoRo,,BAHRI ABHA,,52.3,469000.0,1,,,
Vessel_Entity_Fleet_Pattern,EMIRATES-001,Emirates Aluminium (EGA),Container Ship,,BREMEN EXPRESS,,0.78,20500.0,1,,,
Vessel_Entity_Fleet_Pattern,EMIRATES-001,Emirates Aluminium (EGA),Vehicle Carrier,,BRILLIANT ACE,,2.72,38800.0,2,,,
Vessel_Entity_Fleet_Pattern,EMIRATES-001,Emirates Aluminium (EGA),LPG Tanker,,BW MINDORO,,0.04,29.0,1,,,
Vessel_Entity_Fleet_Pattern,EMIRATES-001,Emirates Aluminium (EGA),Vehicle Carrier,,CAPRICORNUS LEADER,,90.0,1116000.0,2,,,
Vessel_Entity_Fleet_Pattern,EMIRATES-001,Emirates Aluminium (EGA),Vehicle Carrier,,CARNATION ACE,,2.38,34800.0,2,,,
Vessel_Entity_Fleet_Pattern,EMIRATES-001,Emirates Aluminium (EGA),Container Ship,,CMA CGM ALMAVIVA,,0.02,150.0,1,,,
Vessel_Entity_Fleet_Pattern,EMIRATES-001,Emirates Aluminium (EGA),Container Ship,,CMA CGM INNOVATION,,0.4,3300.0,1,,,
Vessel_Entity_Fleet_Pattern,EMIRATES-001,Emirates Aluminium (EGA),Container Ship,,CMA CGM MEDEA,,56.9,83600.0,2,,,
Vessel_Entity_Fleet_Pattern,EMIRATES-001,Emirates Aluminium (EGA),Container Ship,,CMA CGM NERVAL,,0.0,13.0,1,,,
Vessel_Entity_Fleet_Pattern,EMIRATES-001,Emirates Aluminium (EGA),Reefer,,COOL MAGNUS,,55.75,148300.0,6,,,
Vessel_Entity_Fleet_Pattern,EMIRATES-001,Emirates Aluminium (EGA),Vehicle Carrier,,CRONUS LEADER,,120.0,2246000.0,2,,,
Vessel_Entity_Fleet_Pattern,EMIRATES-001,Emirates Aluminium (EGA),Vehicle Carrier,,CRYSTAL ACE,,1.78,32200.0,1,,,
Vessel_Entity_Fleet_Pattern,EMIRATES-001,Emirates Aluminium (EGA),Reefer,,CS STANDARD,,27.950000000000003,74300.0,2,,,
Vessel_Entity_Fleet_Pattern,EMIRATES-001,Emirates Aluminium (EGA),Reefer,,CS TRUST,,28.76,76500.0,5,,,
Vessel_Entity_Fleet_Pattern,EMIRATES-001,Emirates Aluminium (EGA),Bulk Carrier,,DAIWAN WISDOM,,6064.61,16687700.0,15,,,
Vessel_Entity_Fleet_Pattern,EMIRATES-001,Emirates Aluminium (EGA),General Cargo,,DIJKSGRACHT,,7913.34,11720000.0,8,,,
Vessel_Entity_Fleet_Pattern,EMIRATES-001,Emirates Aluminium (EGA),Unknown,,DITLEV REEFER,,26.34,70100.0,2,,,
Vessel_Entity_Fleet_Pattern,EMIRATES-001,Emirates Aluminium (EGA),Vehicle Carrier,,DON CARLOS,,50.46,886000.0,2,,,
Vessel_Entity_Fleet_Pattern,EMIRATES-001,Emirates Aluminium (EGA),Vehicle Carrier,,DREAM BEAUTY,,402.4,1768000.0,10,,,
Vessel_Entity_Fleet_Pattern,EMIRATES-001,Emirates Aluminium (EGA),Vehicle Carrier,,ELEGANT ACE,,2.82,40200.0,2,,,
Vessel_Entity_Fleet_Pattern,EMIRATES-001,Emirates Aluminium (EGA),Container Ship,,ERVING,,51.0,578000.0,2,,,
Vessel_Entity_Fleet_Pattern,EMIRATES-001,Emirates Aluminium (EGA),Vehicle Carrier,,EUPHONY ACE,,5.0,76200.0,4,,,
Vessel_Entity_Fleet_Pattern,EMIRATES-001,Emirates Aluminium (EGA),Container Ship,,EVER FORTUNE,,0.14,620.0,1,,,
Vessel_Entity_Fleet_Pattern,EMIRATES-001,Emirates Aluminium (EGA),Container Ship,,EVER FRANK,,0.17,2000.0,1,,,
Vessel_Entity_Fleet_Pattern,EMIRATES-001,Emirates Aluminium (EGA),Container Ship,,EVER MACH,,0.71,8200.0,1,,,
Vessel_Entity_Fleet_Pattern,EMIRATES-001,Emirates Aluminium (EGA),Container Ship,,EVER MAX,,1.79,16200.0,1,,,
Vessel_Entity_Fleet_Pattern,EMIRATES-001,Emirates Aluminium (EGA),Vehicle Carrier,,FIRMAMENT ACE,,22.2,197800.0,10,,,
Vessel_Entity_Fleet_Pattern,EMIRATES-001,Emirates Aluminium (EGA),Tanker (Other),,FOUR WIND,,0.02,150.0,1,,,
Vessel_Entity_Fleet_Pattern,EMIRATES-001,Emirates Aluminium (EGA),Vehicle Carrier,,FREEDOM ACE,,2.04,6200.0,2,,,
Vessel_Entity_Fleet_Pattern,EMIRATES-001,Emirates Aluminium (EGA),General Cargo,,FULDABORG,,22.44,188600.0,2,,,
Vessel_Entity_Fleet_Pattern,EMIRATES-001,Emirates Aluminium (EGA),Vehicle Carrier,,GARNET ACE,,6.32,90200.0,4,,,
Vessel_Entity_Fleet_Pattern,EMIRATES-001,Emirates Aluminium (EGA),Vehicle Carrier,,GRAND AURORA,,582.28,5343600.0,34,,,
Vessel_Entity_Fleet_Pattern,EMIRATES-001,Emirates Aluminium (EGA),Vehicle Carrier,,GRAND LEGACY,,13.86,131600.0,2,,,
Vessel_Entity_Fleet_Pattern,EMIRATES-001,Emirates Aluminium (EGA),Vehicle Carrier,,GRAND PHOENIX,,5.62,78200.0,2,,,
Vessel_Entity_Fleet_Pattern,EMIRATES-001,Emirates Aluminium (EGA),Vehicle Carrier,,GRAND RUBY,,22.84,245000.0,1,,,
Vessel_Entity_Fleet_Pattern,EMIRATES-001,Emirates Aluminium (EGA),Vehicle Carrier,,GRAND VEGA,,129.6,446400.0,8,,,
Vessel_Entity_Fleet_Pattern,EMIRATES-001,Emirates Aluminium (EGA),RoRo,,GRANDE SENEGAL,,59.12,414000.0,2,,,
Vessel_Entity_Fleet_Pattern,EMIRATES-001,Emirates Aluminium (EGA),Vehicle Carrier,,HAMBURG HIGHWAY,,357.32,4078000.0,10,,,
Vessel_Entity_Fleet_Pattern,EMIRATES-001,Emirates Aluminium (EGA),General Cargo,,HAPPY DYNAMIC,,142.0,9208000.0,2,,,
Vessel_Entity_Fleet_Pattern,EMIRATES-001,Emirates Aluminium (EGA),Vehicle Carrier,,HAWAIIAN HIGHWAY,,601.46,7241600.0,18,,,
Vessel_Entity_Fleet_Pattern,EMIRATES-001,Emirates Aluminium (EGA),General Cargo,,HEEMSKERKGRACHT,,1380.46,1432000.0,2,,,
Vessel_Entity_Fleet_Pattern,EMIRATES-001,Emirates Aluminium (EGA),Unknown,,HOEG TROTTER,,2.74,39400.0,2,,,
Vessel_Entity_Fleet_Pattern,EMIRATES-001,Emirates Aluminium (EGA),Vehicle Carrier,,HOEGH ASIA,,11.04,157600.0,6,,,
Vessel_Entity_Fleet_Pattern,EMIRATES-001,Emirates Aluminium (EGA),Unknown,,HOEGH BEIJING,,370.56,4646400.0,28,,,
Vessel_Entity_Fleet_Pattern,EMIRATES-001,Emirates Aluminium (EGA),Vehicle Carrier,,HOEGH BERLIN,,7.0600000000000005,94900.0,2,,,
Vessel_Entity_Fleet_Pattern,EMIRATES-001,Emirates Aluminium (EGA),Unknown,,HOEGH BRASILIA,,236.92000000000002,3399400.0,10,,,
Vessel_Entity_Fleet_Pattern,EMIRATES-001,Emirates Aluminium (EGA),Unknown,,HOEGH CHIBA,,5.84,83400.0,2,,,
Vessel_Entity_Fleet_Pattern,EMIRATES-001,Emirates Aluminium (EGA),Vehicle Carrier,,HOEGH COPENHAGEN,,39.12,515000.0,16,,,
Vessel_Entity_Fleet_Pattern,EMIRATES-001,Emirates Aluminium (EGA),Vehicle Carrier,,HOEGH DETROIT,,13.25,183500.0,5,,,
Vessel_Entity_Fleet_Pattern,EMIRATES-001,Emirates Aluminium (EGA),Vehicle Carrier,,HOEGH JACKSONVILLE,,16.340000000000003,230600.0,4,,,
Vessel_Entity_Fleet_Pattern,EMIRATES-001,Emirates Aluminium (EGA),Vehicle Carrier,,HOEGH JEDDAH,,2.16,31400.0,2,,,
Vessel_Entity_Fleet_Pattern,EMIRATES-001,Emirates Aluminium (EGA),Vehicle Carrier,,HOEGH LONDON,,11.32,151600.0,4,,,
Vessel_Entity_Fleet_Pattern,EMIRATES-001,Emirates Aluminium (EGA),Vehicle Carrier,,HOEGH MANILA,,180.0,2581400.0,12,,,
Vessel_Entity_Fleet_Pattern,EMIRATES-001,Emirates Aluminium (EGA),Vehicle Carrier,,HOEGH OSAKA,,42.72,604000.0,2,,,
Vessel_Entity_Fleet_Pattern,EMIRATES-001,Emirates Aluminium (EGA),Vehicle Carrier,,HOEGH OSLO,,230.2,3234700.0,6,,,
Vessel_Entity_Fleet_Pattern,EMIRATES-001,Emirates Aluminium (EGA),Vehicle Carrier,,HOEGH SEOUL,,20.62,295000.0,10,,,
Vessel_Entity_Fleet_Pattern,EMIRATES-001,Emirates Aluminium (EGA),Vehicle Carrier,,HOEGH ST. PETERSBURG,,4.96,70800.0,2,,,
Vessel_Entity_Fleet_Pattern,EMIRATES-001,Emirates Aluminium (EGA),Vehicle Carrier,,HOEGH TOKYO,,8.34,115800.0,4,,,
Vessel_Entity_Fleet_Pattern,EMIRATES-001,Emirates Aluminium (EGA),Vehicle Carrier,,HOEGH TRACER,,13.44,189600.0,8,,,
Vessel_Entity_Fleet_Pattern,EMIRATES-001,Emirates Aluminium (EGA),Vehicle Carrier,,HOEGH YOKOHAMA,,545.9,7588000.0,6,,,
Vessel_Entity_Fleet_Pattern,EMIRATES-001,Emirates Aluminium (EGA),Vehicle Carrier,,HORIZON HIGHWAY,,136.1,3194000.0,4,,,
Vessel_Entity_Fleet_Pattern,EMIRATES-001,Emirates Aluminium (EGA),Reefer,,ICE GLACIER,,8.91,23700.0,1,,,
Vessel_Entity_Fleet_Pattern,EMIRATES-001,Emirates Aluminium (EGA),Unknown,,ICE RUNNER,,117.33,431800.0,5,,,
Vessel_Entity_Fleet_Pattern,EMIRATES-001,Emirates Aluminium (EGA),General Cargo,,INDUSTRIAL HOBART,,1.0,7100.0,1,,,
Vessel_Entity_Fleet_Pattern,EMIRATES-001,Emirates Aluminium (EGA),Unknown,,IVAR REEFER,,95.04,252700.0,5,,,
Vessel_Entity_Fleet_Pattern,EMIRATES-001,Emirates Aluminium (EGA),Unknown,,IVORY RAY,,6533.96,1582000.0,2,,,
Vessel_Entity_Fleet_Pattern,EMIRATES-001,Emirates Aluminium (EGA),Vehicle Carrier,,JASPER ARROW,,314.88,1750400.0,14,,,
Vessel_Entity_Fleet_Pattern,EMIRATES-001,Emirates Aluminium (EGA),Vehicle Carrier,,LAKE LUGU,,9.7,108600.0,4,,,
Vessel_Entity_Fleet_Pattern,EMIRATES-001,Emirates Aluminium (EGA),Unknown,,LEDA MAERSK,,910.56,666000.0,4,,,
Vessel_Entity_Fleet_Pattern,EMIRATES-001,Emirates Aluminium (EGA),Bulk Carrier,,LEFKADA,,55143.27,138031000.0,26,,,
Vessel_Entity_Fleet_Pattern,EMIRATES-001,Emirates Aluminium (EGA),Vehicle Carrier,,LEO SPIRIT,,9.08,125800.0,6,,,
Vessel_Entity_Fleet_Pattern,EMIRATES-001,Emirates Aluminium (EGA),Bulk Carrier,,LOWLANDS ALMA,,12053.890000000001,32892200.0,24,,,
Vessel_Entity_Fleet_Pattern,EMIRATES-001,Emirates Aluminium (EGA),Container Ship,,MAERSK SALALAH,,78.0,113400.0,2,,,
Vessel_Entity_Fleet_Pattern,EMIRATES-001,Emirates Aluminium (EGA),Bulk Carrier,,MAR,,10156.439999999999,12026000.0,2,,,
Vessel_Entity_Fleet_Pattern,EMIRATES-001,Emirates Aluminium (EGA),Vehicle Carrier,,MERCURY ACE,,2.58,9400.0,2,,,
Vessel_Entity_Fleet_Pattern,EMIRATES-001,Emirates Aluminium (EGA),Vehicle Carrier,,MORNING CELLO,,164.7,1566000.0,2,,,
Vessel_Entity_Fleet_Pattern,EMIRATES-001,Emirates Aluminium (EGA),Vehicle Carrier,,MORNING CROWN,,16.2,292000.0,2,,,
Vessel_Entity_Fleet_Pattern,EMIRATES-001,Emirates Aluminium (EGA),Container Ship,,MSC CADIZ,,360.76,432000.0,3,,,
Vessel_Entity_Fleet_Pattern,EMIRATES-001,Emirates Aluminium (EGA),Vehicle Carrier,,NEREUS HIGHWAY,,42.34,798000.0,2,,,
Vessel_Entity_Fleet_Pattern,EMIRATES-001,Emirates Aluminium (EGA),Vehicle Carrier,,OPAL LEADER,,84.52,952400.0,18,,,
Vessel_Entity_Fleet_Pattern,EMIRATES-001,Emirates Aluminium (EGA),Vehicle Carrier,,ORCHID ACE,,5.32,76200.0,4,,,
Vessel_Entity_Fleet_Pattern,EMIRATES-001,Emirates Aluminium (EGA),Tanker (Other),,PACIFIC HONOUR,,31.0,157800.0,2,,,
Vessel_Entity_Fleet_Pattern,EMIRATES-001,Emirates Aluminium (EGA),Vehicle Carrier,,PALMELA,,2.98,41400.0,2,,,
Vessel_Entity_Fleet_Pattern,EMIRATES-001,Emirates Aluminium (EGA),Bulk Carrier,,PAOLO TOPIC,,110.17,108000.0,1,,,
Vessel_Entity_Fleet_Pattern,EMIRATES-001,Emirates Aluminium (EGA),Vehicle Carrier,,POLARIS HIGHWAY,,135.4,1132000.0,4,,,
Vessel_Entity_Fleet_Pattern,EMIRATES-001,Emirates Aluminium (EGA),Vehicle Carrier,,POLARIS LEADER,,1.0,3600.0,2,,,
Vessel_Entity_Fleet_Pattern,EMIRATES-001,Emirates Aluminium (EGA),Tanker (Other),,PS AMALFI,,0.05,820.0,1,,,
Vessel_Entity_Fleet_Pattern,EMIRATES-001,Emirates Aluminium (EGA),Unknown,,PS AUGUSTA,,0.01,210.0,1,,,
Vessel_Entity_Fleet_Pattern,EMIRATES-001,Emirates Aluminium (EGA),Unknown,,PS MILANO,,0.01,170.0,1,,,
Vessel_Entity_Fleet_Pattern,EMIRATES-001,Emirates Aluminium (EGA),Tanker (Other),,PS TRIESTE,,0.03,230.0,3,,,
Vessel_Entity_Fleet_Pattern,EMIRATES-001,Emirates Aluminium (EGA),Container Ship,,REGULA,,12.21,174300.0,7,,,
Vessel_Entity_Fleet_Pattern,EMIRATES-001,Emirates Aluminium (EGA),Container Ship,,SAN FRANCISCA,,39.0,59000.0,2,,,
Vessel_Entity_Fleet_Pattern,EMIRATES-001,Emirates Aluminium (EGA),Vehicle Carrier,,SANDERLING ACE,,3.44,10200.0,2,,,
Vessel_Entity_Fleet_Pattern,EMIRATES-001,Emirates Aluminium (EGA),Bulk Carrier,,SEA TRAIN,,71.5,1947000.0,1,,,
Vessel_Entity_Fleet_Pattern,EMIRATES-001,Emirates Aluminium (EGA),Container Ship,,SEASPAN GANGES,,19.94,30200.0,1,,,
Vessel_Entity_Fleet_Pattern,EMIRATES-001,Emirates Aluminium (EGA),Unknown,,SEATRADE ORANGE,,0.15,1400.0,1,,,
Vessel_Entity_Fleet_Pattern,EMIRATES-001,Emirates Aluminium (EGA),Unknown,,SERENITY ACE,,2.8,40000.0,2,,,
Vessel_Entity_Fleet_Pattern,EMIRATES-001,Emirates Aluminium (EGA),Unknown,,SINGELGRACHT,,7.0,500000.0,4,,,
Vessel_Entity_Fleet_Pattern,EMIRATES-001,Emirates Aluminium (EGA),Vehicle Carrier,,SIRIUS HIGHWAY,,513.56,7188000.0,6,,,
Vessel_Entity_Fleet_Pattern,EMIRATES-001,Emirates Aluminium (EGA),Vehicle Carrier,,SIRIUS LEADER,,445.32,4449400.0,30,,,
Vessel_Entity_Fleet_Pattern,EMIRATES-001,Emirates Aluminium (EGA),Unknown,,SLUISGRACHT,,22.0,1214200.0,6,,,
Vessel_Entity_Fleet_Pattern,EMIRATES-001,Emirates Aluminium (EGA),Unknown,,SNOEKGRACHT,,1689.36,5588000.0,2,,,
Vessel_Entity_Fleet_Pattern,EMIRATES-001,Emirates Aluminium (EGA),Unknown,,STAR HARMONIA,,8440.82,165754000.0,4,,,
Vessel_Entity_Fleet_Pattern,EMIRATES-001,Emirates Aluminium (EGA),General Cargo,,STAR JAVA,,8296.24,110584000.0,6,,,
Vessel_Entity_Fleet_Pattern,EMIRATES-001,Emirates Aluminium (EGA),General Cargo,,STAR LYSEFJORD,,6000.0,2646000.0,4,,,
Vessel_Entity_Fleet_Pattern,EMIRATES-001,Emirates Aluminium (EGA),Vehicle Carrier,,SUNLIGHT ACE,,3.2,44400.0,2,,,
Vessel_Entity_Fleet_Pattern,EMIRATES-001,Emirates Aluminium (EGA),Vehicle Carrier,,SUNSHINE ACE,,6.4,121400.0,4,,,
Vessel_Entity_Fleet_Pattern,EMIRATES-001,Emirates Aluminium (EGA),Vehicle Carrier,,SWAN ACE,,4.94,14600.0,2,,,
Vessel_Entity_Fleet_Pattern,EMIRATES-001,Emirates Aluminium (EGA),Tanker (Other),,TALISMAN,,27.0,344000.0,20,,,
Vessel_Entity_Fleet_Pattern,EMIRATES-001,Emirates Aluminium (EGA),Vehicle Carrier,,TARAGO,,2.95,53400.0,1,,,
Vessel_Entity_Fleet_Pattern,EMIRATES-001,Emirates Aluminium (EGA),Bulk Carrier,,TBC PASSION,,8.0,21200.0,1,,,
Vessel_Entity_Fleet_Pattern,EMIRATES-001,Emirates Aluminium (EGA),Bulk Carrier,,TEAM FOCUS,,9902.98,24113000.0,17,,,
Vessel_Entity_Fleet_Pattern,EMIRATES-001,Emirates Aluminium (EGA),Tanker (Other),,TITANIA,,86.8,1430000.0,2,,,
Vessel_Entity_Fleet_Pattern,EMIRATES-001,Emirates Aluminium (EGA),Vehicle Carrier,,TONSBERG,,2.7,48000.0,2,,,
Vessel_Entity_Fleet_Pattern,EMIRATES-001,Emirates Aluminium (EGA),Vehicle Carrier,,TYSLA,,2.7,41400.0,2,,,
Vessel_Entity_Fleet_Pattern,EMIRATES-001,Emirates Aluminium (EGA),Vehicle Carrier,,VENUS SPIRIT,,6.0,86400.0,4,,,
Vessel_Entity_Fleet_Pattern,EMIRATES-001,Emirates Aluminium (EGA),Vehicle Carrier,,VICTORIA HIGHWAY,,50.0,444000.0,2,,,
Vessel_Entity_Fleet_Pattern,EMIRATES-001,Emirates Aluminium (EGA),Vehicle Carrier,,VIKING ADVENTURE,,283.28,1289800.0,16,,,
Vessel_Entity_Fleet_Pattern,EMIRATES-001,Emirates Aluminium (EGA),General Cargo,,VLIEBORG,,118.96,1000000.0,2,,,
Vessel_Entity_Fleet_Pattern,EMIRATES-001,Emirates Aluminium (EGA),General Cargo,,WECO LAURA,,17954.84,49261000.0,20,,,
Vessel_Entity_Fleet_Pattern,EMIRATES-001,Emirates Aluminium (EGA),Vehicle Carrier,,WISTERIA ACE,,2.98,49200.0,2,,,
Vessel_Entity_Fleet_Pattern,EXXONMOBIL-001,ExxonMobil,Tanker (Other),,ALIAKMON,,241652.56,195421000.0,10,,,
Vessel_Entity_Fleet_Pattern,EXXONMOBIL-001,ExxonMobil,Tanker (Other),,AMALTHEA,,80738.0,45698000.0,2,,,
Vessel_Entity_Fleet_Pattern,EXXONMOBIL-001,ExxonMobil,Tanker (Other),,AMAZON VICTORY,,67366.1,57463000.0,1,,,
Vessel_Entity_Fleet_Pattern,EXXONMOBIL-001,ExxonMobil,Tanker (Other),,ARACHTHOS I,,75119.13,68208000.0,1,,,
Vessel_Entity_Fleet_Pattern,EXXONMOBIL-001,ExxonMobil,Tanker (Other),,ARDMORE EXPORTER,,31500.2,27972000.0,1,,,
Vessel_Entity_Fleet_Pattern,EXXONMOBIL-001,ExxonMobil,Tanker (Other),,ARISTEA,,457.0,339000.0,1,,,
Vessel_Entity_Fleet_Pattern,EXXONMOBIL-001,ExxonMobil,Tanker (Other),,ASOPOS,,145893.09,132038000.0,5,,,
Vessel_Entity_Fleet_Pattern,EXXONMOBIL-001,ExxonMobil,Tanker (Other),,ATLANTIC PRIDE,,36387.62,30566000.0,1,,,
Vessel_Entity_Fleet_Pattern,EXXONMOBIL-001,ExxonMobil,RoRo,,ATLANTIC SEA,,375.06,6768000.0,2,,,
Vessel_Entity_Fleet_Pattern,EXXONMOBIL-001,ExxonMobil,RoRo,,BAHRI TABUK,,28.83,361000.0,1,,,
Vessel_Entity_Fleet_Pattern,EXXONMOBIL-001,ExxonMobil,Unknown,,BALEEN,,27974.49,77405000.0,1,,,
Vessel_Entity_Fleet_Pattern,EXXONMOBIL-001,ExxonMobil,General Cargo,,BBC AMETHYST,,1103.38,10460000.0,2,,,
Vessel_Entity_Fleet_Pattern,EXXONMOBIL-001,ExxonMobil,General Cargo,,BBC RUBY,,297.3,4294000.0,1,,,
Vessel_Entity_Fleet_Pattern,EXXONMOBIL-001,ExxonMobil,Tanker (Other),,BOW CECIL,,2796.0,5776000.0,2,,,
Vessel_Entity_Fleet_Pattern,EXXONMOBIL-001,ExxonMobil,Tanker (Other),,BOW EXCELLENCE,,19846.0,0.0,2,,,
Vessel_Entity_Fleet_Pattern,EXXONMOBIL-001,ExxonMobil,Tanker (Other),,BOW FAITH,,2198.0,2830000.0,4,,,
Vessel_Entity_Fleet_Pattern,EXXONMOBIL-001,ExxonMobil,Tanker (Other),,BOW PROSPER,,4716.0,4098000.0,3,,,
Vessel_Entity_Fleet_Pattern,EXXONMOBIL-001,ExxonMobil,Tanker (Other),,BOW TRIBUTE,,20640.0,22312000.0,2,,,
Vessel_Entity_Fleet_Pattern,EXXONMOBIL-001,ExxonMobil,Tanker (Other),,CABO SAN VICENTE,,46754.25,40162000.0,2,,,
Vessel_Entity_Fleet_Pattern,EXXONMOBIL-001,ExxonMobil,Tanker (Other),,CAPE TAFT,,92519.46,50424000.0,2,,,
Vessel_Entity_Fleet_Pattern,EXXONMOBIL-001,ExxonMobil,Tanker (Other),,CAPE TEES,,93449.08,79058000.0,4,,,
Vessel_Entity_Fleet_Pattern,EXXONMOBIL-001,ExxonMobil,Tanker (Other),,CASTRO ALVES,,61081.03,51858000.0,1,,,
Vessel_Entity_Fleet_Pattern,EXXONMOBIL-001,ExxonMobil,Tanker (Other),,CHEM ALTAMIRA,,8368.0,18390000.0,14,,,
Vessel_Entity_Fleet_Pattern,EXXONMOBIL-001,ExxonMobil,Tanker (Other),,CHEM AMSTERDAM,,7957.58,8242000.0,10,,,
Vessel_Entity_Fleet_Pattern,EXXONMOBIL-001,ExxonMobil,Tanker (Other),,CHEM NEW ORLEANS,,11162.9,128638000.0,8,,,
Vessel_Entity_Fleet_Pattern,EXXONMOBIL-001,ExxonMobil,Unknown,,CHEMTRANS ADRIATIC,,178182.9,165176000.0,8,,,
Vessel_Entity_Fleet_Pattern,EXXONMOBIL-001,ExxonMobil,Tanker (Other),,CHEMTRANS NOVA,,207464.24,192320000.0,8,,,
Vessel_Entity_Fleet_Pattern,EXXONMOBIL-001,ExxonMobil,General Cargo,,CHIPOLBROK ATLANTIC,,33.48,169000.0,1,,,
Vessel_Entity_Fleet_Pattern,EXXONMOBIL-001,ExxonMobil,Tanker (Other),,CIELO BIANCO,,22365.82,17311000.0,1,,,
Vessel_Entity_Fleet_Pattern,EXXONMOBIL-001,ExxonMobil,Tanker (Other),,CL EMILY BRONTE,,72353.92,62152000.0,2,,,
Vessel_Entity_Fleet_Pattern,EXXONMOBIL-001,ExxonMobil,Unknown,,CL HUAIYANG,,84577.24,80190000.0,4,,,
Vessel_Entity_Fleet_Pattern,EXXONMOBIL-001,ExxonMobil,Container Ship,,CMA CGM NERVAL,,226.11,2304000.0,3,,,
Vessel_Entity_Fleet_Pattern,EXXONMOBIL-001,ExxonMobil,Container Ship,,CONCERTO,,65.94,60000.0,2,,,
Vessel_Entity_Fleet_Pattern,EXXONMOBIL-001,ExxonMobil,Tanker (Other),,DALI,,82686.72,78552000.0,1,,,
Vessel_Entity_Fleet_Pattern,EXXONMOBIL-001,ExxonMobil,Tanker (Other),,DALMACIJA,,31561.7,26954000.0,1,,,
Vessel_Entity_Fleet_Pattern,EXXONMOBIL-001,ExxonMobil,Tanker (Other),,DUBAI GREEN,,99002.42,91776000.0,4,,,
Vessel_Entity_Fleet_Pattern,EXXONMOBIL-001,ExxonMobil,Tanker (Other),,EAGLE HALIFAX,,485358.24,341048000.0,6,,,
Vessel_Entity_Fleet_Pattern,EXXONMOBIL-001,ExxonMobil,Tanker (Other),,EAGLE HAMILTON,,188899.12,139786000.0,2,,,
Vessel_Entity_Fleet_Pattern,EXXONMOBIL-001,ExxonMobil,Tanker (Other),,EAGLE HANOVER,,144982.0,84234000.0,2,,,
Vessel_Entity_Fleet_Pattern,EXXONMOBIL-001,ExxonMobil,Tanker (Other),,EAGLE HYDRA,,340421.72000000003,305774000.0,5,,,
Vessel_Entity_Fleet_Pattern,EXXONMOBIL-001,ExxonMobil,Tanker (Other),,EAGLE KINABALU,,147286.56,84100000.0,4,,,
Vessel_Entity_Fleet_Pattern,EXXONMOBIL-001,ExxonMobil,Tanker (Other),,ENERGY CHANCELLOR,,16229.54,10208000.0,1,,,
Vessel_Entity_Fleet_Pattern,EXXONMOBIL-001,ExxonMobil,Tanker (Other),,EVROTAS,,97421.36,86977000.0,3,,,
Vessel_Entity_Fleet_Pattern,EXXONMOBIL-001,ExxonMobil,Tanker (Other),,FANFARE,,60.0,64600.0,2,,,
Vessel_Entity_Fleet_Pattern,EXXONMOBIL-001,ExxonMobil,Tanker (Other),,GOLDEN RAY,,3263.08,4082000.0,4,,,
Vessel_Entity_Fleet_Pattern,EXXONMOBIL-001,ExxonMobil,Unknown,,HELLESPONT PRIDE,,90488.0,76824000.0,2,,,
Vessel_Entity_Fleet_Pattern,EXXONMOBIL-001,ExxonMobil,Unknown,,INDUSTRIAL AMA,,0.08,1200.0,1,,,
Vessel_Entity_Fleet_Pattern,EXXONMOBIL-001,ExxonMobil,General Cargo,,INDUSTRIAL HOBART,,115.85,198190.0,2,,,
Vessel_Entity_Fleet_Pattern,EXXONMOBIL-001,ExxonMobil,Tanker (Other),,JAG LAXMI,,55087.87,36138000.0,1,,,
Vessel_Entity_Fleet_Pattern,EXXONMOBIL-001,ExxonMobil,Unknown,,KING GREGORY,,34813.49,30880000.0,1,,,
Vessel_Entity_Fleet_Pattern,EXXONMOBIL-001,ExxonMobil,Tanker (Other),,KIZOMBA,,50376.0,48713000.0,2,,,
Vessel_Entity_Fleet_Pattern,EXXONMOBIL-001,ExxonMobil,Unknown,,LARGO ELEGANCE,,36718.42,28200000.0,1,,,
Vessel_Entity_Fleet_Pattern,EXXONMOBIL-001,ExxonMobil,Tanker (Other),,LARVIK,,95458.68,90114000.0,4,,,
Vessel_Entity_Fleet_Pattern,EXXONMOBIL-001,ExxonMobil,General Cargo,,LOCH LOMOND,,9546.0,9155000.0,2,,,
Vessel_Entity_Fleet_Pattern,EXXONMOBIL-001,ExxonMobil,Unknown,,LOVINA,,78320.62,74405000.0,1,,,
Vessel_Entity_Fleet_Pattern,EXXONMOBIL-001,ExxonMobil,Tanker (Other),,LR1 AMBASSADOR,,100564.23999999999,86586000.0,4,,,
Vessel_Entity_Fleet_Pattern,EXXONMOBIL-001,ExxonMobil,Tanker (Other),,MAGIC VICTORIA,,115765.82,71196000.0,2,,,
Vessel_Entity_Fleet_Pattern,EXXONMOBIL-001,ExxonMobil,Tanker (Other),,MARITIME POLARIS,,31989.12,27895000.0,1,,,
Vessel_Entity_Fleet_Pattern,EXXONMOBIL-001,ExxonMobil,Tanker (Other),,MARITIME TRANQUILITY,,47037.71,36397000.0,2,,,
Vessel_Entity_Fleet_Pattern,EXXONMOBIL-001,ExxonMobil,General Cargo,,MICK,,495.21,9357000.0,1,,,
Vessel_Entity_Fleet_Pattern,EXXONMOBIL-001,ExxonMobil,Tanker (Other),,MOSSEL BAY,,35282.0,30448000.0,1,,,
Vessel_Entity_Fleet_Pattern,EXXONMOBIL-001,ExxonMobil,Tanker (Other),,NORD MIYABI,,73095.7,67248000.0,4,,,
Vessel_Entity_Fleet_Pattern,EXXONMOBIL-001,ExxonMobil,Bulk Carrier,,OCEAN PHOENIX,,45798.32,39798000.0,2,,,
Vessel_Entity_Fleet_Pattern,EXXONMOBIL-001,ExxonMobil,Tanker (Other),,OLAVO BILAC,,54948.63,46157000.0,1,,,
Vessel_Entity_Fleet_Pattern,EXXONMOBIL-001,ExxonMobil,Unknown,,PGC MARINA,,92317.6,68314000.0,4,,,
Vessel_Entity_Fleet_Pattern,EXXONMOBIL-001,ExxonMobil,Tanker (Other),,PHOENIX ADMIRAL,,87002.0,52636000.0,1,,,
Vessel_Entity_Fleet_Pattern,EXXONMOBIL-001,ExxonMobil,Tanker (Other),,PS SINGAPORE,,37207.71,31738000.0,2,,,
Vessel_Entity_Fleet_Pattern,EXXONMOBIL-001,ExxonMobil,Unknown,,PTI HUANG HE,,35434.43,30474000.0,1,,,
Vessel_Entity_Fleet_Pattern,EXXONMOBIL-001,ExxonMobil,Tanker (Other),,RF MARINA,,3323.9,1891000.0,1,,,
Vessel_Entity_Fleet_Pattern,EXXONMOBIL-001,ExxonMobil,Tanker (Other),,SC TAURUS,,1495.89,81622000.0,1,,,
Vessel_Entity_Fleet_Pattern,EXXONMOBIL-001,ExxonMobil,Tanker (Other),,SC VIRGO,,2830.85,19250000.0,1,,,
Vessel_Entity_Fleet_Pattern,EXXONMOBIL-001,ExxonMobil,Tanker (Other),,SEAWAYS GUAYAQUIL,,51762.44,47984000.0,2,,,
Vessel_Entity_Fleet_Pattern,EXXONMOBIL-001,ExxonMobil,Tanker (Other),,SEAWAYS SKOPELOS,,36492.02,31675000.0,1,,,
Vessel_Entity_Fleet_Pattern,EXXONMOBIL-001,ExxonMobil,Tanker (Other),,SIRTAKI,,37504.520000000004,31842000.0,2,,,
Vessel_Entity_Fleet_Pattern,EXXONMOBIL-001,ExxonMobil,Unknown,,SKS DONGGANG,,58884.62,51112000.0,1,,,
Vessel_Entity_Fleet_Pattern,EXXONMOBIL-001,ExxonMobil,Tanker (Other),,SOLAR CLAIRE,,73708.74,56830000.0,2,,,
Vessel_Entity_Fleet_Pattern,EXXONMOBIL-001,ExxonMobil,Tanker (Other),,SOLAR MADELEIN,,26103.42,22318000.0,2,,,
Vessel_Entity_Fleet_Pattern,EXXONMOBIL-001,ExxonMobil,Tanker (Other),,SOUTHERN XANTIS,,2796.0,5284000.0,2,,,
Vessel_Entity_Fleet_Pattern,EXXONMOBIL-001,ExxonMobil,Unknown,,SPAARNEGRACHT,,38706.0,465478000.0,2,,,
Vessel_Entity_Fleet_Pattern,EXXONMOBIL-001,ExxonMobil,Tanker (Other),,STI BLACK HAWK,,20745.0,18234000.0,2,,,
Vessel_Entity_Fleet_Pattern,EXXONMOBIL-001,ExxonMobil,Tanker (Other),,STI LEBLON,,74673.58,60262000.0,4,,,
Vessel_Entity_Fleet_Pattern,EXXONMOBIL-001,ExxonMobil,Tanker (Other),,STI PONTIAC,,66002.0,48842000.0,2,,,
Vessel_Entity_Fleet_Pattern,EXXONMOBIL-001,ExxonMobil,Tanker (Other),,TAVROPOS,,244055.44,192411000.0,9,,,
Vessel_Entity_Fleet_Pattern,EXXONMOBIL-001,ExxonMobil,Tanker (Other),,TORM ALICE,,73998.72,75108000.0,2,,,
Vessel_Entity_Fleet_Pattern,EXXONMOBIL-001,ExxonMobil,Tanker (Other),,TORM EMILIE,,36857.78,44524000.0,2,,,
Vessel_Entity_Fleet_Pattern,EXXONMOBIL-001,ExxonMobil,Tanker (Other),,TORM SINGAPORE,,74909.65999999999,61202000.0,4,,,
Vessel_Entity_Fleet_Pattern,EXXONMOBIL-001,ExxonMobil,Tanker (Other),,TORM SOLUTION,,86933.44,75778000.0,4,,,
Vessel_Entity_Fleet_Pattern,EXXONMOBIL-001,ExxonMobil,Tanker (Other),,TORM SOVEREIGN,,7218.72,5342000.0,2,,,
Vessel_Entity_Fleet_Pattern,EXXONMOBIL-001,ExxonMobil,Tanker (Other),,TORM STRONG,,125372.09999999999,117726000.0,5,,,
Vessel_Entity_Fleet_Pattern,EXXONMOBIL-001,ExxonMobil,General Cargo,,UAL FORTITUDE,,3.21,14400.0,1,,,
Vessel_Entity_Fleet_Pattern,EXXONMOBIL-001,ExxonMobil,Tanker (Other),,VENDOME STREET,,75006.18,70356000.0,4,,,
Vessel_Entity_Fleet_Pattern,EXXONMOBIL-001,ExxonMobil,Tanker (Other),,XANTHOS,,192697.76,164204000.0,5,,,
Vessel_Entity_Fleet_Pattern,EXXONMOBIL-001,ExxonMobil,Tanker (Other),,YASA ALBATROSS,,66901.0,62173000.0,2,,,
Vessel_Entity_Fleet_Pattern,EXXONMOBIL-001,ExxonMobil,Tanker (Other),,YM SATURN,,38591.62,288500000.0,8,,,
Vessel_Entity_Fleet_Pattern,MARATHON-001,Marathon Petroleum,Unknown,,ADVANTAGE AWARD,,559988.02,322698000.0,10,,,
Vessel_Entity_Fleet_Pattern,MARATHON-001,Marathon Petroleum,Tanker (Other),,ALMI HORIZON,,273167.36,160076000.0,2,,,
Vessel_Entity_Fleet_Pattern,MARATHON-001,Marathon Petroleum,Tanker (Other),,ANTIPOLIS,,187718.91,130627000.0,9,,,
Vessel_Entity_Fleet_Pattern,MARATHON-001,Marathon Petroleum,Tanker (Other),,ARDMORE ENDEAVOUR,,12545.0,11554000.0,1,,,
Vessel_Entity_Fleet_Pattern,MARATHON-001,Marathon Petroleum,Tanker (Other),,ARGENT DAISY,,36229.82,27210000.0,4,,,
Vessel_Entity_Fleet_Pattern,MARATHON-001,Marathon Petroleum,Tanker (Other),,ARGENT GERBERA,,83783.08,151010000.0,6,,,
Vessel_Entity_Fleet_Pattern,MARATHON-001,Marathon Petroleum,Tanker (Other),,ARGENT HIBISCUS,,8001.139999999999,46558000.0,4,,,
Vessel_Entity_Fleet_Pattern,MARATHON-001,Marathon Petroleum,Tanker (Other),,ARGENT IRIS,,21785.78,27080000.0,2,,,
Vessel_Entity_Fleet_Pattern,MARATHON-001,Marathon Petroleum,Tanker (Other),,ARGENT SUNRISE,,30012.28,40276000.0,2,,,
Vessel_Entity_Fleet_Pattern,MARATHON-001,Marathon Petroleum,Tanker (Other),,BLUE GRASS MARINER,,198013.13,187322000.0,9,,,
Vessel_Entity_Fleet_Pattern,MARATHON-001,Marathon Petroleum,Tanker (Other),,BOCHEM MARENGO,,44014.42,32502000.0,8,,,
Vessel_Entity_Fleet_Pattern,MARATHON-001,Marathon Petroleum,Tanker (Other),,CABO FUJI,,64715.37,34882000.0,1,,,
Vessel_Entity_Fleet_Pattern,MARATHON-001,Marathon Petroleum,Tanker (Other),,CABO KAMUI,,59365.92,46543000.0,1,,,
Vessel_Entity_Fleet_Pattern,MARATHON-001,Marathon Petroleum,Tanker (Other),,CANAL STREET,,79095.4,75458000.0,2,,,
Vessel_Entity_Fleet_Pattern,MARATHON-001,Marathon Petroleum,Tanker (Other),,CHRYSANTHEMUM,,87232.16,54433000.0,4,,,
Vessel_Entity_Fleet_Pattern,MARATHON-001,Marathon Petroleum,Tanker (Other),,ELBHOFF,,128495.74000000002,77612000.0,3,,,
Vessel_Entity_Fleet_Pattern,MARATHON-001,Marathon Petroleum,Tanker (Other),,GULF SUNRISE,,135829.09,75793000.0,1,,,
Vessel_Entity_Fleet_Pattern,MARATHON-001,Marathon Petroleum,Unknown,,HAPPY SKY,,2717.26,54948000.0,1,,,
Vessel_Entity_Fleet_Pattern,MARATHON-001,Marathon Petroleum,Tanker (Other),,MONIQUE GLORY,,295134.91000000003,324976000.0,8,,,
Vessel_Entity_Fleet_Pattern,MARATHON-001,Marathon Petroleum,Vehicle Carrier,,MORNING LYNN,,242.24,3356000.0,2,,,
Vessel_Entity_Fleet_Pattern,MARATHON-001,Marathon Petroleum,Tanker (Other),,PACIFIC RUBY,,157517.68,96874000.0,2,,,
Vessel_Entity_Fleet_Pattern,MARATHON-001,Marathon Petroleum,Tanker (Other),,PLOUTOS,,98070.12,55606000.0,2,,,
Vessel_Entity_Fleet_Pattern,MARATHON-001,Marathon Petroleum,Tanker (Other),,PS AMALFI,,66307.73,36536000.0,1,,,
Vessel_Entity_Fleet_Pattern,MARATHON-001,Marathon Petroleum,Tanker (Other),,PS SYDNEY,,86973.82,83930000.0,2,,,
Vessel_Entity_Fleet_Pattern,MARATHON-001,Marathon Petroleum,Tanker (Other),,REDWOOD MARINER,,246883.06,235524000.0,11,,,
Vessel_Entity_Fleet_Pattern,MARATHON-001,Marathon Petroleum,Tanker (Other),,SEAGALAXY,,190648.91999999998,132736000.0,8,,,
Vessel_Entity_Fleet_Pattern,MARATHON-001,Marathon Petroleum,Tanker (Other),,SEAWAYS HENDRICKS,,142980.82,85217000.0,1,,,
Vessel_Entity_Fleet_Pattern,MARATHON-001,Marathon Petroleum,Tanker (Other),,SEAWAYS RAFFLES,,522794.51,291361000.0,5,,,
Vessel_Entity_Fleet_Pattern,MARATHON-001,Marathon Petroleum,Tanker (Other),,SEAWAYS YOSEMITE,,101529.04,58176000.0,1,,,
Vessel_Entity_Fleet_Pattern,MARATHON-001,Marathon Petroleum,Tanker (Other),,SILVER ETREMA,,426530.45999999996,372238000.0,15,,,
Vessel_Entity_Fleet_Pattern,MARATHON-001,Marathon Petroleum,Tanker (Other),,XANTHOS,,61158.07,33698000.0,2,,,
Vessel_Entity_Fleet_Pattern,MORTON-001,Morton Salt,Bulk Carrier,,ALBION BAY,,34.64,88200.0,2,,,
Vessel_Entity_Fleet_Pattern,MORTON-001,Morton Salt,Bulk Carrier,,ARUNA ECE,,93504.0,229178000.0,2,,,
Vessel_Entity_Fleet_Pattern,MORTON-001,Morton Salt,Bulk Carrier,,BORDO MAVI,,150.24,734700.0,6,,,
Vessel_Entity_Fleet_Pattern,MORTON-001,Morton Salt,Unknown,,CENTURY VENUS,,15462.0,17317000.0,1,,,
Vessel_Entity_Fleet_Pattern,MORTON-001,Morton Salt,Bulk Carrier,,COLUMBIA,,100600.0,2012000.0,4,,,
Vessel_Entity_Fleet_Pattern,MORTON-001,Morton Salt,Bulk Carrier,,DIAMOND SEA,,94.68,294000.0,2,,,
Vessel_Entity_Fleet_Pattern,MORTON-001,Morton Salt,Bulk Carrier,,FW VENUS,,101600.0,462484000.0,4,,,
Vessel_Entity_Fleet_Pattern,MORTON-001,Morton Salt,Bulk Carrier,,JASMINE K,,54000.0,141858000.0,2,,,
Vessel_Entity_Fleet_Pattern,MORTON-001,Morton Salt,Unknown,,RICHMOND PEARL,,97.2,3162000.0,2,,,
Vessel_Entity_Fleet_Pattern,MORTON-001,Morton Salt,General Cargo,,SEA CARRIER,,7865.0,39844000.0,1,,,
Vessel_Entity_Fleet_Pattern,MORTON-001,Morton Salt,Unknown,,SERVETTE,,41000.0,123369000.0,1,,,
Vessel_Entity_Fleet_Pattern,MORTON-001,Morton Salt,Bulk Carrier,,ST AJISAI,,103.2,614000.0,2,,,
Vessel_Entity_Fleet_Pattern,MOSAIC-001,Mosaic,Bulk Carrier,,AFRICAN FINFOOT,,27499.94,14877000.0,1,,,
Vessel_Entity_Fleet_Pattern,MOSAIC-001,Mosaic,Bulk Carrier,,AIANTAS,,59400.61,6415000.0,1,,,
Vessel_Entity_Fleet_Pattern,MOSAIC-001,Mosaic,Bulk Carrier,,ALANOOD,,78203.57,7586000.0,1,,,
Vessel_Entity_Fleet_Pattern,MOSAIC-001,Mosaic,Bulk Carrier,,BELGUARDIAN,,59152.0,465999000.0,1,,,
Vessel_Entity_Fleet_Pattern,MOSAIC-001,Mosaic,Bulk Carrier,,CAPTAIN ANTONIS,,61700.55,146662000.0,1,,,
Vessel_Entity_Fleet_Pattern,MOSAIC-001,Mosaic,Unknown,,EL COMINO,,51877.04,366459000.0,1,,,
Vessel_Entity_Fleet_Pattern,MOSAIC-001,Mosaic,Bulk Carrier,,ERMIS,,78801.44,7644000.0,1,,,
Vessel_Entity_Fleet_Pattern,MOSAIC-001,Mosaic,Bulk Carrier,,GENCO PYRENEES,,48920.2,40506000.0,1,,,
Vessel_Entity_Fleet_Pattern,MOSAIC-001,Mosaic,Unknown,,GEORGIA M.,,53690.0,2899000.0,1,,,
Vessel_Entity_Fleet_Pattern,MOSAIC-001,Mosaic,Bulk Carrier,,GRAECIA AETERNA,,60000.61,133921000.0,1,,,
Vessel_Entity_Fleet_Pattern,MOSAIC-001,Mosaic,Bulk Carrier,,GREAT LINK,,51601.0,386646000.0,1,,,
Vessel_Entity_Fleet_Pattern,MOSAIC-001,Mosaic,Bulk Carrier,,GREAT VISION,,60980.0,480400000.0,1,,,
Vessel_Entity_Fleet_Pattern,MOSAIC-001,Mosaic,Bulk Carrier,,GUO YUAN 32,,56312.2,6251000.0,1,,,
Vessel_Entity_Fleet_Pattern,MOSAIC-001,Mosaic,Bulk Carrier,,GUO YUAN 8,,57121.68,434924000.0,1,,,
Vessel_Entity_Fleet_Pattern,MOSAIC-001,Mosaic,Bulk Carrier,,JAG ARNAV,,59893.3,142366000.0,1,,,
Vessel_Entity_Fleet_Pattern,MOSAIC-001,Mosaic,Unknown,,JC NATURE,,58850.09,6591000.0,1,,,
Vessel_Entity_Fleet_Pattern,MOSAIC-001,Mosaic,Bulk Carrier,,KYRA ZAFIRA,,59500.34,6426000.0,1,,,
Vessel_Entity_Fleet_Pattern,MOSAIC-001,Mosaic,Bulk Carrier,,MH ARPEGGIO,,50482.0,5604000.0,1,,,
Vessel_Entity_Fleet_Pattern,MOSAIC-001,Mosaic,Bulk Carrier,,NAVIOS VENUS,,52235.02,366063000.0,1,,,
Vessel_Entity_Fleet_Pattern,MOSAIC-001,Mosaic,Unknown,,PEHOULAS CEDRUS,,60650.66,135372000.0,1,,,
Vessel_Entity_Fleet_Pattern,MOSAIC-001,Mosaic,Tanker (Other),,PERSEUS,,59878.8,195864000.0,1,,,
Vessel_Entity_Fleet_Pattern,MOSAIC-001,Mosaic,Unknown,,PIONEER ETERNITY,,78755.66,7639000.0,1,,,
Vessel_Entity_Fleet_Pattern,MOSAIC-001,Mosaic,Bulk Carrier,,PRT KAHO,,57640.57,188542000.0,1,,,
Vessel_Entity_Fleet_Pattern,MOSAIC-001,Mosaic,Bulk Carrier,,RB MYA,,58750.0,6521000.0,1,,,
Vessel_Entity_Fleet_Pattern,MOSAIC-001,Mosaic,Bulk Carrier,,RED LILY,,79704.3,7731000.0,1,,,
Vessel_Entity_Fleet_Pattern,MOSAIC-001,Mosaic,Bulk Carrier,,STAR ALESSIA,,59650.82,421373000.0,1,,,
Vessel_Entity_Fleet_Pattern,MOSAIC-001,Mosaic,Bulk Carrier,,STAR ANGELINA,,78500.46,8714000.0,1,,,
Vessel_Entity_Fleet_Pattern,MOSAIC-001,Mosaic,Bulk Carrier,,STAR ELIZABETH,,80143.68,7774000.0,1,,,
Vessel_Entity_Fleet_Pattern,MOSAIC-001,Mosaic,Bulk Carrier,,STAR SKY,,60500.0,6413000.0,1,,,
Vessel_Entity_Fleet_Pattern,MOSAIC-001,Mosaic,Bulk Carrier,,UNITY EXPLORER,,51300.0,390598000.0,1,,,
Vessel_Entity_Fleet_Pattern,MOSAIC-001,Mosaic,Bulk Carrier,,WORLD PROSPER,,79802.3,7741000.0,1,,,
Vessel_Entity_Fleet_Pattern,MOTIVA-001,Motiva Enterprises,Tanker (Other),,BOW OPTIMA,,20364.0,20162000.0,16,,,
Vessel_Entity_Fleet_Pattern,MOTIVA-001,Motiva Enterprises,Tanker (Other),,BOW SAGA,,9978.0,10068000.0,4,,,
Vessel_Entity_Fleet_Pattern,MOTIVA-001,Motiva Enterprises,Tanker (Other),,BRILLANTE,,16031.26,13418000.0,2,,,
Vessel_Entity_Fleet_Pattern,MOTIVA-001,Motiva Enterprises,Container Ship,,CONCERTO,,6292.42,6022000.0,2,,,
Vessel_Entity_Fleet_Pattern,MOTIVA-001,Motiva Enterprises,Tanker (Other),,ENSEMBLE,,20690.2,17318000.0,4,,,
Vessel_Entity_Fleet_Pattern,MOTIVA-001,Motiva Enterprises,Tanker (Other),,FANFARE,,20196.66,18106000.0,4,,,
Vessel_Entity_Fleet_Pattern,MOTIVA-001,Motiva Enterprises,Tanker (Other),,GINGA JAGUAR,,7997.44,8070000.0,2,,,
Vessel_Entity_Fleet_Pattern,MOTIVA-001,Motiva Enterprises,Tanker (Other),,GINGA LIGER,,25035.6,30376000.0,8,,,
Vessel_Entity_Fleet_Pattern,MOTIVA-001,Motiva Enterprises,Tanker (Other),,GINGA LION,,41957.26,39690000.0,8,,,
Vessel_Entity_Fleet_Pattern,MOTIVA-001,Motiva Enterprises,Tanker (Other),,GINGA TIGER,,3146.3,3011000.0,1,,,
Vessel_Entity_Fleet_Pattern,MOTIVA-001,Motiva Enterprises,Tanker (Other),,MENUETT,,5980.52,5896000.0,2,,,
Vessel_Entity_Fleet_Pattern,MOTIVA-001,Motiva Enterprises,Tanker (Other),,OPERA,,9999.18,8370000.0,2,,,
Vessel_Entity_Fleet_Pattern,MOTIVA-001,Motiva Enterprises,Tanker (Other),,PGC ALEXANDRIA,,110837.34,92204000.0,6,,,
Vessel_Entity_Fleet_Pattern,MOTIVA-001,Motiva Enterprises,Tanker (Other),,PRELUDE,,27813.22,27102000.0,6,,,
Vessel_Entity_Fleet_Pattern,MOTIVA-001,Motiva Enterprises,Tanker (Other),,SAMUS SWAN,,4999.0,4749000.0,1,,,
Vessel_Entity_Fleet_Pattern,PBF-001,PBF Energy,Unknown,,ADVANTAGE AWARD,,1047131.02,599231000.0,19,,,
Vessel_Entity_Fleet_Pattern,PBF-001,PBF Energy,Tanker (Other),,ADVANTAGE VALUE,,124694.3,77809000.0,2,,,
Vessel_Entity_Fleet_Pattern,PBF-001,PBF Energy,Tanker (Other),,AIGEORGIS,,116239.02,64048000.0,2,,,
Vessel_Entity_Fleet_Pattern,PBF-001,PBF Energy,Tanker (Other),,ALIAKMON,,48077.18,44567000.0,2,,,
Vessel_Entity_Fleet_Pattern,PBF-001,PBF Energy,Unknown,,AMAX ANTHEM,,93373.24,54903000.0,3,,,
Vessel_Entity_Fleet_Pattern,PBF-001,PBF Energy,Tanker (Other),,AQUALEGEND,,91314.0,53784000.0,2,,,
Vessel_Entity_Fleet_Pattern,PBF-001,PBF Energy,Tanker (Other),,ARIANE,,58874.79,31968000.0,5,,,
Vessel_Entity_Fleet_Pattern,PBF-001,PBF Energy,Tanker (Other),,AXIOS I,,189911.79,108440000.0,3,,,
Vessel_Entity_Fleet_Pattern,PBF-001,PBF Energy,Tanker (Other),,DUBAI ANGEL,,218551.76,126978000.0,4,,,
Vessel_Entity_Fleet_Pattern,PBF-001,PBF Energy,Tanker (Other),,DUBAI GREEN,,98697.2,56356000.0,4,,,
Vessel_Entity_Fleet_Pattern,PBF-001,PBF Energy,Tanker (Other),,EAGLE HALIFAX,,289052.8,167136000.0,4,,,
Vessel_Entity_Fleet_Pattern,PBF-001,PBF Energy,Tanker (Other),,EAGLE HAMILTON,,374353.73,216001000.0,5,,,
Vessel_Entity_Fleet_Pattern,PBF-001,PBF Energy,Tanker (Other),,EAGLE HANOVER,,208559.0,119365000.0,3,,,
Vessel_Entity_Fleet_Pattern,PBF-001,PBF Energy,Tanker (Other),,EAGLE HYDRA,,423045.62,237090000.0,8,,,
Vessel_Entity_Fleet_Pattern,PBF-001,PBF Energy,Tanker (Other),,EAGLE KANGAR,,299906.0,168698000.0,4,,,
Vessel_Entity_Fleet_Pattern,PBF-001,PBF Energy,Tanker (Other),,EAGLE KINABALU,,575391.98,328408000.0,8,,,
Vessel_Entity_Fleet_Pattern,PBF-001,PBF Energy,Tanker (Other),,EAGLE KLANG,,219455.78,125310000.0,3,,,
Vessel_Entity_Fleet_Pattern,PBF-001,PBF Energy,Tanker (Other),,EAGLE LOUISIANA,,147446.5,88026000.0,2,,,
Vessel_Entity_Fleet_Pattern,PBF-001,PBF Energy,Tanker (Other),,EAGLE SAN ANTONIO,,218447.22,125716000.0,4,,,
Vessel_Entity_Fleet_Pattern,PBF-001,PBF Energy,Tanker (Other),,EAGLE SAN JUAN,,139179.0,83090000.0,2,,,
Vessel_Entity_Fleet_Pattern,PBF-001,PBF Energy,Tanker (Other),,EAGLE TEXAS,,1174943.58,667484000.0,18,,,
Vessel_Entity_Fleet_Pattern,PBF-001,PBF Energy,Tanker (Other),,FOUR WIND,,1141245.8800000001,650813000.0,30,,,
Vessel_Entity_Fleet_Pattern,PBF-001,PBF Energy,Tanker (Other),,GREEN WARRIOR,,868739.2,482705000.0,22,,,
Vessel_Entity_Fleet_Pattern,PBF-001,PBF Energy,Tanker (Other),,IONIC ASTRAPI,,790268.4,436088000.0,19,,,
Vessel_Entity_Fleet_Pattern,PBF-001,PBF Energy,Tanker (Other),,LARVIK,,108223.76000000001,89176000.0,4,,,
Vessel_Entity_Fleet_Pattern,PBF-001,PBF Energy,Tanker (Other),,LONDON SPIRIT,,133917.96,75932000.0,2,,,
Vessel_Entity_Fleet_Pattern,PBF-001,PBF Energy,Tanker (Other),,MILTON SANTOS,,130219.64,81258000.0,2,,,
Vessel_Entity_Fleet_Pattern,PBF-001,PBF Energy,Tanker (Other),,NEAPOLIS,,53770.49,48877000.0,1,,,
Vessel_Entity_Fleet_Pattern,PBF-001,PBF Energy,Unknown,,NORVIC MONIA,,146950.0,71564000.0,6,,,
Vessel_Entity_Fleet_Pattern,PBF-001,PBF Energy,Tanker (Other),,PERSEPOLIS,,52657.69,45233000.0,2,,,
Vessel_Entity_Fleet_Pattern,PBF-001,PBF Energy,Tanker (Other),,PLOUTOS,,103199.42,95666000.0,2,,,
Vessel_Entity_Fleet_Pattern,PBF-001,PBF Energy,Tanker (Other),,PS AMALFI,,758838.93,412157000.0,20,,,
Vessel_Entity_Fleet_Pattern,PBF-001,PBF Energy,Tanker (Other),,PS TRIESTE,,744313.45,419877000.0,15,,,
Vessel_Entity_Fleet_Pattern,PBF-001,PBF Energy,Tanker (Other),,SEARANGER,,47184.17,26942000.0,2,,,
Vessel_Entity_Fleet_Pattern,PBF-001,PBF Energy,Tanker (Other),,SEARUNNER,,46132.0,26295000.0,1,,,
Vessel_Entity_Fleet_Pattern,PBF-001,PBF Energy,Tanker (Other),,SEAVOYAGER,,151341.82,85660000.0,4,,,
Vessel_Entity_Fleet_Pattern,PBF-001,PBF Energy,Tanker (Other),,SEAWAYS GUAYAQUIL,,52386.54,45105000.0,1,,,
Vessel_Entity_Fleet_Pattern,PBF-001,PBF Energy,Tanker (Other),,SEAWAYS LEYTE,,51666.3,48773000.0,2,,,
Vessel_Entity_Fleet_Pattern,PBF-001,PBF Energy,Unknown,,SEAWAYS LUZON,,66953.0,38230000.0,2,,,
Vessel_Entity_Fleet_Pattern,PBF-001,PBF Energy,Unknown,,SEAWAYS VISAYAS,,10719.53,6400000.0,1,,,
Vessel_Entity_Fleet_Pattern,PBF-001,PBF Energy,Tanker (Other),,UNITY VENTURE,,208182.6,118872000.0,4,,,
Vessel_Entity_Fleet_Pattern,PETROBRAS-001,Petrobras,Unknown,,ALHENA,,35240.31,31082000.0,3,,,
Vessel_Entity_Fleet_Pattern,PETROBRAS-001,Petrobras,Tanker (Other),,BOW EXCELLENCE,,6592.0,12202000.0,2,,,
Vessel_Entity_Fleet_Pattern,PETROBRAS-001,Petrobras,Tanker (Other),,CLEAROCEAN MAGIC,,36006.56,30713000.0,2,,,
Vessel_Entity_Fleet_Pattern,PETROBRAS-001,Petrobras,Tanker (Other),,IDI,,36502.28,31137000.0,2,,,
Vessel_Entity_Fleet_Pattern,PETROBRAS-001,Petrobras,Tanker (Other),,JOAO CANDIDO,,135896.22999999998,75150000.0,2,,,
Vessel_Entity_Fleet_Pattern,PETROBRAS-001,Petrobras,Unknown,,NAVE ORBIT,,37345.99,31707000.0,1,,,
Vessel_Entity_Fleet_Pattern,PETROBRAS-001,Petrobras,Tanker (Other),,PS HAMBURG,,34409.75,29593000.0,2,,,
Vessel_Entity_Fleet_Pattern,PMI-001,PMI Trading,Tanker (Other),,CHEMTRANS CANCALE,,41286.84,18580000.0,2,,,
Vessel_Entity_Fleet_Pattern,PMI-001,PMI Trading,Tanker (Other),,ORFEAS,,32473.7,27895000.0,1,,,
Vessel_Entity_Fleet_Pattern,PMI-001,PMI Trading,Unknown,,PGC MARINA,,44884.04,27290000.0,2,,,
Vessel_Entity_Fleet_Pattern,SAUDI-REFINING-001,Saudi Refining Inc,Tanker (Other),,EAGLE HALIFAX,,1201040.43,688005000.0,17,,,
Vessel_Entity_Fleet_Pattern,SAUDI-REFINING-001,Saudi Refining Inc,Tanker (Other),,EAGLE HAMILTON,,568279.7,323884000.0,8,,,
Vessel_Entity_Fleet_Pattern,SAUDI-REFINING-001,Saudi Refining Inc,Tanker (Other),,EAGLE HANOVER,,1258121.6,724783000.0,18,,,
Vessel_Entity_Fleet_Pattern,SAUDI-REFINING-001,Saudi Refining Inc,Tanker (Other),,EAGLE HYDRA,,401057.57999999996,232404000.0,6,,,
Vessel_Entity_Fleet_Pattern,SAUDI-REFINING-001,Saudi Refining Inc,Tanker (Other),,EAGLE KANGAR,,1519130.26,877850000.0,21,,,
Vessel_Entity_Fleet_Pattern,SAUDI-REFINING-001,Saudi Refining Inc,Tanker (Other),,EAGLE KINABALU,,1278479.14,736860000.0,18,,,
Vessel_Entity_Fleet_Pattern,SAUDI-REFINING-001,Saudi Refining Inc,Tanker (Other),,EAGLE KLANG,,1791397.6,1015344000.0,26,,,
Vessel_Entity_Fleet_Pattern,SAUDI-REFINING-001,Saudi Refining Inc,Tanker (Other),,EAGLE KUANTAN,,1331077.11,755319000.0,19,,,
Vessel_Entity_Fleet_Pattern,SAUDI-REFINING-001,Saudi Refining Inc,Tanker (Other),,EAGLE LOUISIANA,,3176143.98,1807986000.0,47,,,
Vessel_Entity_Fleet_Pattern,SAUDI-REFINING-001,Saudi Refining Inc,Tanker (Other),,EAGLE TEXAS,,1981255.72,1123620000.0,29,,,
Vessel_Entity_Fleet_Pattern,SAUDI-REFINING-001,Saudi Refining Inc,Tanker (Other),,FRONT CASTOR,,68612.0,39109000.0,1,,,
Vessel_Entity_Fleet_Pattern,SAUDI-REFINING-001,Saudi Refining Inc,Tanker (Other),,KALAHARI,,135706.14,77488000.0,2,,,
Vessel_Entity_Fleet_Pattern,SAUDI-REFINING-001,Saudi Refining Inc,Tanker (Other),,P. LONG BEACH,,131082.7,67246000.0,2,,,
Vessel_Entity_Fleet_Pattern,TERNIUM-001,Ternium,Bulk Carrier,,AFRICAN INSPIRATION,,46714.14,28309000.0,1,,,
Vessel_Entity_Fleet_Pattern,TERNIUM-001,Ternium,Bulk Carrier,,AQUAPROSPER,,96872.0,53860000.0,2,,,
Vessel_Entity_Fleet_Pattern,TERNIUM-001,Ternium,General Cargo,,ARAMIS,,91850.0,53182000.0,4,,,
Vessel_Entity_Fleet_Pattern,TERNIUM-001,Ternium,General Cargo,,ARGYROULA GS,,38414.37,78175700.0,64,,,
Vessel_Entity_Fleet_Pattern,TERNIUM-001,Ternium,Bulk Carrier,,ARTEMIS BULKER,,4930.98,12520000.0,1,,,
Vessel_Entity_Fleet_Pattern,TERNIUM-001,Ternium,Bulk Carrier,,ARUNA NAZIK,,105654.0,66140000.0,2,,,
Vessel_Entity_Fleet_Pattern,TERNIUM-001,Ternium,Bulk Carrier,,AVRA,,110064.0,63728000.0,2,,,
Vessel_Entity_Fleet_Pattern,TERNIUM-001,Ternium,General Cargo,,BBC CORAL,,2209.92,11428000.0,2,,,
Vessel_Entity_Fleet_Pattern,TERNIUM-001,Ternium,Bulk Carrier,,BBG CONFIDENCE,,109272.0,82446000.0,2,,,
Vessel_Entity_Fleet_Pattern,TERNIUM-001,Ternium,Bulk Carrier,,BELLIGHT,,49197.56,531580000.0,1,,,
Vessel_Entity_Fleet_Pattern,TERNIUM-001,Ternium,Bulk Carrier,,CALYPSO N,,107028.0,62612000.0,2,,,
Vessel_Entity_Fleet_Pattern,TERNIUM-001,Ternium,Bulk Carrier,,CL DIYIN HE,,95222.0,68226000.0,2,,,
Vessel_Entity_Fleet_Pattern,TERNIUM-001,Ternium,Bulk Carrier,,CL HEIDI,,29616.12,18006000.0,2,,,
Vessel_Entity_Fleet_Pattern,TERNIUM-001,Ternium,Bulk Carrier,,DESERT CHALLENGER,,98012.0,56160000.0,2,,,
Vessel_Entity_Fleet_Pattern,TERNIUM-001,Ternium,Bulk Carrier,,DESERT RANGER,,95660.0,54814000.0,2,,,
Vessel_Entity_Fleet_Pattern,TERNIUM-001,Ternium,Bulk Carrier,,DESERT VIRTUE,,107018.0,66032000.0,4,,,
Vessel_Entity_Fleet_Pattern,TERNIUM-001,Ternium,Bulk Carrier,,DIONYSUS,,214590.0,124034000.0,4,,,
Vessel_Entity_Fleet_Pattern,TERNIUM-001,Ternium,Bulk Carrier,,DISCOVERER,,13195.58,12972000.0,4,,,
Vessel_Entity_Fleet_Pattern,TERNIUM-001,Ternium,Bulk Carrier,,DSI ALTAIR,,107126.0,62990000.0,2,,,
Vessel_Entity_Fleet_Pattern,TERNIUM-001,Ternium,Bulk Carrier,,DSI AQUILA,,101868.0,59898000.0,2,,,
Vessel_Entity_Fleet_Pattern,TERNIUM-001,Ternium,General Cargo,,ELISABETH OLDENDORFF,,47.55,73700.0,1,,,
Vessel_Entity_Fleet_Pattern,TERNIUM-001,Ternium,Bulk Carrier,,FLORENTIA,,97296.0,54096000.0,2,,,
Vessel_Entity_Fleet_Pattern,TERNIUM-001,Ternium,Bulk Carrier,,GRAND CONCORD,,100370.0,71916000.0,2,,,
Vessel_Entity_Fleet_Pattern,TERNIUM-001,Ternium,Vehicle Carrier,,GRANDE HALIFAX,,39.14,926000.0,2,,,
Vessel_Entity_Fleet_Pattern,TERNIUM-001,Ternium,RoRo,,GRANDE SENEGAL,,479.0,25344000.0,2,,,
Vessel_Entity_Fleet_Pattern,TERNIUM-001,Ternium,Bulk Carrier,,HEROIC STRIKER,,51207.0,29546000.0,1,,,
Vessel_Entity_Fleet_Pattern,TERNIUM-001,Ternium,Bulk Carrier,,HG ANTWERP,,44371.4,490925000.0,1,,,
Vessel_Entity_Fleet_Pattern,TERNIUM-001,Ternium,Bulk Carrier,,HG HAMBURG,,52210.5,64950000.0,1,,,
Vessel_Entity_Fleet_Pattern,TERNIUM-001,Ternium,Bulk Carrier,,IBIS BULKER,,154.58,239000.0,1,,,
Vessel_Entity_Fleet_Pattern,TERNIUM-001,Ternium,Bulk Carrier,,IONIC SMYRNI,,103596.0,59982000.0,2,,,
Vessel_Entity_Fleet_Pattern,TERNIUM-001,Ternium,Bulk Carrier,,JAMES BAY,,28858.49,17229000.0,1,,,
Vessel_Entity_Fleet_Pattern,TERNIUM-001,Ternium,Bulk Carrier,,KP ALBATROSS,,96662.0,55968000.0,2,,,
Vessel_Entity_Fleet_Pattern,TERNIUM-001,Ternium,RoRo,,LISTA,,91540.0,52452000.0,2,,,
Vessel_Entity_Fleet_Pattern,TERNIUM-001,Ternium,Unknown,,LOWLANDS AMSTEL,,145248.0,104070000.0,3,,,
Vessel_Entity_Fleet_Pattern,TERNIUM-001,Ternium,Bulk Carrier,,MARO MARO,,107130.0,66100000.0,2,,,
Vessel_Entity_Fleet_Pattern,TERNIUM-001,Ternium,Unknown,,MINANUR CEBI 1,,36109.74,70739400.0,88,,,
Vessel_Entity_Fleet_Pattern,TERNIUM-001,Ternium,Bulk Carrier,,OCEAN ANG,,48909.62,383500000.0,1,,,
Vessel_Entity_Fleet_Pattern,TERNIUM-001,Ternium,Bulk Carrier,,OCEAN TIANBAO,,92338.0,112006000.0,2,,,
Vessel_Entity_Fleet_Pattern,TERNIUM-001,Ternium,Bulk Carrier,,PMS AUERHAHN,,96028.0,53392000.0,2,,,
Vessel_Entity_Fleet_Pattern,TERNIUM-001,Ternium,Bulk Carrier,,SAN ANTONIO,,103518.0,78518000.0,2,,,
Vessel_Entity_Fleet_Pattern,TERNIUM-001,Ternium,Bulk Carrier,,SANTA TERESA,,102307.88,802196000.0,2,,,
Vessel_Entity_Fleet_Pattern,TERNIUM-001,Ternium,Bulk Carrier,,SCARABE,,105440.0,66006000.0,2,,,
Vessel_Entity_Fleet_Pattern,TERNIUM-001,Ternium,General Cargo,,SEASTAR AVALON,,1469.8799999999999,1592600.0,4,,,
Vessel_Entity_Fleet_Pattern,TERNIUM-001,Ternium,Bulk Carrier,,SOPHIANA,,107038.0,62618000.0,2,,,
Vessel_Entity_Fleet_Pattern,TERNIUM-001,Ternium,Bulk Carrier,,STAR ANTARES,,96538.0,53676000.0,2,,,
Vessel_Entity_Fleet_Pattern,TERNIUM-001,Ternium,Bulk Carrier,,STAR APUS,,107424.0,63166000.0,2,,,
Vessel_Entity_Fleet_Pattern,TERNIUM-001,Ternium,Unknown,,STAR ISFJORD,,19.4,224000.0,2,,,
Vessel_Entity_Fleet_Pattern,TERNIUM-001,Ternium,Bulk Carrier,,STAR MISTRAL,,107202.0,65982000.0,2,,,
Vessel_Entity_Fleet_Pattern,TERNIUM-001,Ternium,Bulk Carrier,,TASSOS N,,103166.0,65098000.0,2,,,
Vessel_Entity_Fleet_Pattern,TERNIUM-001,Ternium,Bulk Carrier,,ULTRA INFINITY,,107034.0,67004000.0,2,,,
Vessel_Entity_Fleet_Pattern,TERNIUM-001,Ternium,Bulk Carrier,,UNITY LIFE,,100068.92,473526000.0,2,,,
Vessel_Entity_Fleet_Pattern,TERNIUM-001,Ternium,Bulk Carrier,,VAN JAGUAR,,52160.24,408988000.0,1,,,
Vessel_Entity_Fleet_Pattern,TERNIUM-001,Ternium,Bulk Carrier,,VITALITY DIVA,,101859.52,64986000.0,2,,,
Vessel_Entity_Fleet_Pattern,TERNIUM-001,Ternium,General Cargo,,WECO KAROLINE,,19285.6,11340000.0,1,,,
Vessel_Entity_Fleet_Pattern,TERNIUM-001,Ternium,Unknown,,ZHONG CHANGE QI SHENG,,50594.66,29851000.0,1,,,
Vessel_Entity_Fleet_Pattern,TRAFIGURA-001,Trafigura,Tanker (Other),,ALFRED N,,2916.63,4593000.0,2,,,
Vessel_Entity_Fleet_Pattern,TRAFIGURA-001,Trafigura,General Cargo,,BBC EAGLE,,4010.8199999999997,37858000.0,4,,,
Vessel_Entity_Fleet_Pattern,TRAFIGURA-001,Trafigura,Bulk Carrier,,BBC MERCURY,,1000.0,10294000.0,2,,,
Vessel_Entity_Fleet_Pattern,TRAFIGURA-001,Trafigura,Unknown,,BBC WESER,,6902.16,69596000.0,8,,,
Vessel_Entity_Fleet_Pattern,TRAFIGURA-001,Trafigura,General Cargo,,BBC ZARATE,,752.96,6456000.0,2,,,
Vessel_Entity_Fleet_Pattern,TRAFIGURA-001,Trafigura,Tanker (Other),,BOW AQUARIUS,,14160.0,27432000.0,4,,,
Vessel_Entity_Fleet_Pattern,TRAFIGURA-001,Trafigura,Tanker (Other),,BOW PERSISTENT,,6990.0,3474000.0,2,,,
Vessel_Entity_Fleet_Pattern,TRAFIGURA-001,Trafigura,Tanker (Other),,BOW TUNGSTEN,,4194.0,13950000.0,2,,,
Vessel_Entity_Fleet_Pattern,TRAFIGURA-001,Trafigura,Tanker (Other),,CHRYSANTHEMUM,,79530.76999999999,42867000.0,2,,,
Vessel_Entity_Fleet_Pattern,TRAFIGURA-001,Trafigura,Unknown,,CRIMSON PEARL,,34621.09,32336000.0,1,,,
Vessel_Entity_Fleet_Pattern,TRAFIGURA-001,Trafigura,Bulk Carrier,,INTERLINK SOLIDITY,,6548.42,67128000.0,10,,,
Vessel_Entity_Fleet_Pattern,TRAFIGURA-001,Trafigura,General Cargo,,PACIFICA,,1801.44,15118000.0,2,,,
Vessel_Entity_Fleet_Pattern,TRAFIGURA-001,Trafigura,Tanker (Other),,SOUTHERN XANTIS,,13952.0,159670000.0,4,,,
Vessel_Entity_Fleet_Pattern,TRAFIGURA-001,Trafigura,General Cargo,,UAL OSPREY,,6571.55,19965000.0,2,,,
Vessel_Entity_Fleet_Pattern,VALERO-001,Valero,Unknown,,ADVANTAGE AWARD,,29872.8,18640000.0,2,,,
Vessel_Entity_Fleet_Pattern,VALERO-001,Valero,Tanker (Other),,AFRODITI,,90553.64,71191000.0,2,,,
Vessel_Entity_Fleet_Pattern,VALERO-001,Valero,Tanker (Other),,AIGEORGIS,,178401.76,120242000.0,2,,,
Vessel_Entity_Fleet_Pattern,VALERO-001,Valero,Tanker (Other),,ALIAKMON,,83321.14,59813000.0,2,,,
Vessel_Entity_Fleet_Pattern,VALERO-001,Valero,Tanker (Other),,ARACHTHOS I,,60267.34,63866000.0,2,,,
Vessel_Entity_Fleet_Pattern,VALERO-001,Valero,Tanker (Other),,ARIANE,,50298.2,46626000.0,1,,,
Vessel_Entity_Fleet_Pattern,VALERO-001,Valero,Tanker (Other),,ASOPOS,,97801.78,51052000.0,4,,,
Vessel_Entity_Fleet_Pattern,VALERO-001,Valero,Tanker (Other),,AXIOS I,,72420.0,43814000.0,2,,,
Vessel_Entity_Fleet_Pattern,VALERO-001,Valero,Tanker (Other),,BALLA,,161179.95,120548000.0,2,,,
Vessel_Entity_Fleet_Pattern,VALERO-001,Valero,Tanker (Other),,BOCHEM BUCEPHALAS,,10282.16,22991000.0,1,,,
Vessel_Entity_Fleet_Pattern,VALERO-001,Valero,Tanker (Other),,CABO DE HORNOS,,53806.51,49879000.0,3,,,
Vessel_Entity_Fleet_Pattern,VALERO-001,Valero,Tanker (Other),,CABO FROWARD,,53721.61,46254000.0,1,,,
Vessel_Entity_Fleet_Pattern,VALERO-001,Valero,Tanker (Other),,CABO KAMUI,,51093.55,47364000.0,1,,,
Vessel_Entity_Fleet_Pattern,VALERO-001,Valero,Tanker (Other),,CABO MISAKI,,62529.990000000005,53838000.0,4,,,
Vessel_Entity_Fleet_Pattern,VALERO-001,Valero,Tanker (Other),,CABO SAN VICENTE,,97549.35,77180000.0,4,,,
Vessel_Entity_Fleet_Pattern,VALERO-001,Valero,Tanker (Other),,CAPE TAFT,,207509.5,113710000.0,8,,,
Vessel_Entity_Fleet_Pattern,VALERO-001,Valero,Tanker (Other),,CAPE TALLIN,,750793.36,420736000.0,27,,,
Vessel_Entity_Fleet_Pattern,VALERO-001,Valero,Tanker (Other),,CAPE TAMPA,,261989.72,145460000.0,8,,,
Vessel_Entity_Fleet_Pattern,VALERO-001,Valero,Tanker (Other),,CAPE TAURA,,996960.53,566416000.0,39,,,
Vessel_Entity_Fleet_Pattern,VALERO-001,Valero,Tanker (Other),,CAPE TEES,,409717.39999999997,259346000.0,16,,,
Vessel_Entity_Fleet_Pattern,VALERO-001,Valero,Tanker (Other),,CAPE TEMPEST,,753354.83,432771000.0,26,,,
Vessel_Entity_Fleet_Pattern,VALERO-001,Valero,Unknown,,CASCADE SPIRIT,,90057.0,68174000.0,2,,,
Vessel_Entity_Fleet_Pattern,VALERO-001,Valero,Unknown,,CHEMTRANS ADRIATIC,,40989.38,23405000.0,1,,,
Vessel_Entity_Fleet_Pattern,VALERO-001,Valero,Tanker (Other),,COSMIC GLORY,,44256.0,31774000.0,5,,,
Vessel_Entity_Fleet_Pattern,VALERO-001,Valero,Tanker (Other),,DUBAI ANGEL,,161568.96000000002,95972000.0,4,,,
Vessel_Entity_Fleet_Pattern,VALERO-001,Valero,Tanker (Other),,DUBAI DIAMOND,,197456.26,124846000.0,8,,,
Vessel_Entity_Fleet_Pattern,VALERO-001,Valero,Tanker (Other),,EAGLE BINTULU,,79556.0,67304000.0,2,,,
Vessel_Entity_Fleet_Pattern,VALERO-001,Valero,Tanker (Other),,EAGLE HALIFAX,,192769.48,165974000.0,2,,,
Vessel_Entity_Fleet_Pattern,VALERO-001,Valero,Tanker (Other),,EAGLE HATTERAS,,3840070.64,2185803000.0,76,,,
Vessel_Entity_Fleet_Pattern,VALERO-001,Valero,Tanker (Other),,EAGLE HYDRA,,1282714.12,732432000.0,20,,,
Vessel_Entity_Fleet_Pattern,VALERO-001,Valero,Tanker (Other),,EAGLE KINABALU,,49552.8,26510000.0,2,,,
Vessel_Entity_Fleet_Pattern,VALERO-001,Valero,Tanker (Other),,EAGLE KLANG,,137089.24,74304000.0,4,,,
Vessel_Entity_Fleet_Pattern,VALERO-001,Valero,Tanker (Other),,EAGLE KUANTAN,,213642.28000000003,155656000.0,4,,,
Vessel_Entity_Fleet_Pattern,VALERO-001,Valero,Tanker (Other),,EAGLE SAN FRANCISCO,,168844.64,82902000.0,2,,,
Vessel_Entity_Fleet_Pattern,VALERO-001,Valero,Tanker (Other),,EAGLE SAN JUAN,,210966.82,159702000.0,4,,,
Vessel_Entity_Fleet_Pattern,VALERO-001,Valero,Tanker (Other),,ELBHOFF,,129071.37,77959000.0,2,,,
Vessel_Entity_Fleet_Pattern,VALERO-001,Valero,Tanker (Other),,ENERGY ARIADNE,,104217.39,85761000.0,9,,,
Vessel_Entity_Fleet_Pattern,VALERO-001,Valero,Tanker (Other),,ENERGY CHANCELLOR,,75747.23,57884000.0,3,,,
Vessel_Entity_Fleet_Pattern,VALERO-001,Valero,Tanker (Other),,ESTEEM ENERGY,,34162.77,23026000.0,6,,,
Vessel_Entity_Fleet_Pattern,VALERO-001,Valero,Tanker (Other),,EVRIDIKI,,102510.88,96770000.0,2,,,
Vessel_Entity_Fleet_Pattern,VALERO-001,Valero,Tanker (Other),,EVROTAS,,245053.8,162342000.0,8,,,
Vessel_Entity_Fleet_Pattern,VALERO-001,Valero,Tanker (Other),,FRANKOPAN,,77385.01,40705000.0,1,,,
Vessel_Entity_Fleet_Pattern,VALERO-001,Valero,Tanker (Other),,HARBOUR EXPRESS,,10161.57,160207000.0,1,,,
Vessel_Entity_Fleet_Pattern,VALERO-001,Valero,Unknown,,HELLESPONT PRIDE,,440347.54,256200000.0,14,,,
Vessel_Entity_Fleet_Pattern,VALERO-001,Valero,Unknown,,HELLESPONT PROGRESS,,331429.74,188763000.0,13,,,
Vessel_Entity_Fleet_Pattern,VALERO-001,Valero,Unknown,,HELLESPONT PROMISE,,471199.98,269876000.0,18,,,
Vessel_Entity_Fleet_Pattern,VALERO-001,Valero,Tanker (Other),,HELLESPONT PROTECTOR,,807603.46,459082000.0,27,,,
Vessel_Entity_Fleet_Pattern,VALERO-001,Valero,Tanker (Other),,HIGH TRUST,,39869.78,34849000.0,2,,,
Vessel_Entity_Fleet_Pattern,VALERO-001,Valero,Tanker (Other),,HIGH WIND,,101386.75,911512400.0,8,,,
Vessel_Entity_Fleet_Pattern,VALERO-001,Valero,Tanker (Other),,IONIC ASPIS,,126728.48,74476000.0,3,,,
Vessel_Entity_Fleet_Pattern,VALERO-001,Valero,Tanker (Other),,JAG LAXMI,,132060.83000000002,67097000.0,4,,,
Vessel_Entity_Fleet_Pattern,VALERO-001,Valero,Tanker (Other),,LARVIK,,56605.68,30850000.0,2,,,
Vessel_Entity_Fleet_Pattern,VALERO-001,Valero,Tanker (Other),,LONDON STAR,,102082.72,96368000.0,4,,,
Vessel_Entity_Fleet_Pattern,VALERO-001,Valero,Tanker (Other),,LR1 CARRIER,,208981.02,183502000.0,6,,,
Vessel_Entity_Fleet_Pattern,VALERO-001,Valero,Tanker (Other),,MATILDA,,73553.75,68184000.0,2,,,
Vessel_Entity_Fleet_Pattern,VALERO-001,Valero,Unknown,,MIKELA P,,145958.0,79382000.0,2,,,
Vessel_Entity_Fleet_Pattern,VALERO-001,Valero,Tanker (Other),,MINERVA IRIS,,176390.08000000002,163514000.0,6,,,
Vessel_Entity_Fleet_Pattern,VALERO-001,Valero,Tanker (Other),,MINERVA SYMPHONY,,154719.06,85250000.0,2,,,
Vessel_Entity_Fleet_Pattern,VALERO-001,Valero,Tanker (Other),,MONIQUE GLORY,,80752.68000000001,49663000.0,2,,,
Vessel_Entity_Fleet_Pattern,VALERO-001,Valero,Tanker (Other),,MONTE URBASA,,140372.0,84785000.0,1,,,
Vessel_Entity_Fleet_Pattern,VALERO-001,Valero,Tanker (Other),,NEW ABILITY,,69025.0,150682000.0,2,,,
Vessel_Entity_Fleet_Pattern,VALERO-001,Valero,Tanker (Other),,NORD MIRAI,,43.2,3600.0,1,,,
Vessel_Entity_Fleet_Pattern,VALERO-001,Valero,Tanker (Other),,NORDIC ACE,,7570.22,15580000.0,2,,,
Vessel_Entity_Fleet_Pattern,VALERO-001,Valero,Tanker (Other),,NORDIC AMI,,19871.72,124298000.0,2,,,
Vessel_Entity_Fleet_Pattern,VALERO-001,Valero,Unknown,,NORDIC MARI,,6827.7,16168000.0,2,,,
Vessel_Entity_Fleet_Pattern,VALERO-001,Valero,Tanker (Other),,P. ALIKI,,199673.03999999998,198076000.0,8,,,
Vessel_Entity_Fleet_Pattern,VALERO-001,Valero,Tanker (Other),,PALAWAN STAR,,50952.64,43768000.0,2,,,
Vessel_Entity_Fleet_Pattern,VALERO-001,Valero,Unknown,,PGC MARINA,,125342.84,78078000.0,6,,,
Vessel_Entity_Fleet_Pattern,VALERO-001,Valero,Tanker (Other),,RADIANT SEA,,102658.14,84590000.0,2,,,
Vessel_Entity_Fleet_Pattern,VALERO-001,Valero,Unknown,,SEA LA VIE,,32.0,3100.0,1,,,
Vessel_Entity_Fleet_Pattern,VALERO-001,Valero,Tanker (Other),,SEAMAJESTY,,110402.33,95057000.0,3,,,
Vessel_Entity_Fleet_Pattern,VALERO-001,Valero,Unknown,,SEAWAYS LUZON,,107543.57,75245000.0,3,,,
Vessel_Entity_Fleet_Pattern,VALERO-001,Valero,Tanker (Other),,SEAWAYS MONTAUK,,219830.94,185978000.0,6,,,
Vessel_Entity_Fleet_Pattern,VALERO-001,Valero,Tanker (Other),,SEAWAYS SAMAR,,50958.270000000004,43111000.0,2,,,
Vessel_Entity_Fleet_Pattern,VALERO-001,Valero,Unknown,,SEOUL SPIRIT,,265824.30000000005,250938000.0,6,,,
Vessel_Entity_Fleet_Pattern,VALERO-001,Valero,Tanker (Other),,SOLAR KAREN,,20745.0,18048000.0,2,,,
Vessel_Entity_Fleet_Pattern,VALERO-001,Valero,Tanker (Other),,STI BLACK HAWK,,67007.74,58898000.0,8,,,
Vessel_Entity_Fleet_Pattern,VALERO-001,Valero,Tanker (Other),,STI JARDINS,,74234.58,56958000.0,6,,,
Vessel_Entity_Fleet_Pattern,VALERO-001,Valero,Tanker (Other),,STI PONTIAC,,78383.52,73132000.0,6,,,
Vessel_Entity_Fleet_Pattern,VALERO-001,Valero,Tanker (Other),,TARANGER,,37446.0,32466000.0,2,,,
Vessel_Entity_Fleet_Pattern,VALERO-001,Valero,Tanker (Other),,TAVROPOS,,322115.24,182292000.0,13,,,
Vessel_Entity_Fleet_Pattern,VALERO-001,Valero,Unknown,,THEO T,,110259.22,64612000.0,2,,,
Vessel_Entity_Fleet_Pattern,VALERO-001,Valero,Unknown,,TIANLONG SPIRIT,,108213.14,66660000.0,4,,,
Vessel_Entity_Fleet_Pattern,VALERO-001,Valero,Bulk Carrier,,TOKYO SPIRIT,,172963.78,171232000.0,6,,,
Vessel_Entity_Fleet_Pattern,VALERO-001,Valero,Tanker (Other),,TORM LENE,,72032.38,41122000.0,6,,,
Vessel_Entity_Fleet_Pattern,VALERO-001,Valero,Tanker (Other),,VS PROSPERA,,189862.18,126808000.0,8,,,
Vessel_Entity_Fleet_Pattern,VALERO-001,Valero,Tanker (Other),,XANTHOS,,29654.77,16162000.0,1,,,
Vessel_Entity_Fleet_Pattern,VALERO-001,Valero,Tanker (Other),,ZENITH SPIRIT,,229898.0,217024000.0,4,,,
Vessel_Entity_Fleet_Pattern,VULCAN-001,Vulcan Materials,Unknown,,CIELO DI TAMPA,,19.06,28600.0,1,,,
Vessel_Entity_Fleet_Pattern,VULCAN-001,Vulcan Materials,Unknown,,DONALD M JAMES,,536222.02,634886070.0,12,,,
Vessel_Entity_Fleet_Pattern,VULCAN-001,Vulcan Materials,Unknown,,H.A. SKLENAR,,1452412.97,1677343012.0,38,,,
Vessel_Entity_Fleet_Pattern,VULCAN-001,Vulcan Materials,Unknown,,IRELAND,,1303953.71,2003138251.0,38,,,
Entity_Vessel_Size,BP-001,BP,,,,Aframax (60-120K DWT),464103.06,425686000.0,6,,9.572551790283402,
Entity_Vessel_Size,BP-001,BP,,,,Coastal Tanker (10-25K DWT),17004.0,15882000.0,1,,0.3507231144780191,
Entity_Vessel_Size,BP-001,BP,,,,Handy/MR (25-60K DWT),2445032.71,2544250000.0,36,,50.43104487484305,
Entity_Vessel_Size,BP-001,BP,,,,Handymax (40-65K DWT),8948.0,5852000.0,0,,0.18456071679306724,
Entity_Vessel_Size,BP-001,BP,,,,Handysize (10-40K DWT),125144.14,88922000.0,1,,2.581212805191323,
Entity_Vessel_Size,BP-001,BP,,,,Large (40-100K DWT),82.46,528000.0,1,,0.0017008132215865358,
Entity_Vessel_Size,BP-001,BP,,,,Suezmax (120-200K DWT),1459823.3599999999,948667000.0,10,,30.11019733044969,
Entity_Vessel_Size,BP-001,BP,,,,Unknown,328131.26,364944000.0,6,,6.768008554739866,
Entity_Vessel_Size,CELANESE-001,Celanese,,,,Coastal Tanker (10-25K DWT),4594344.84,5937292400.0,52,,99.9556390399284,
Entity_Vessel_Size,CELANESE-001,Celanese,,,,Unknown,2039.0,7175000.0,0,,0.04436096007160272,
Entity_Vessel_Size,CHEVRON-001,Chevron,,,,Aframax (60-120K DWT),30172101.67,16938627328.0,249,,51.38596858145041,
Entity_Vessel_Size,CHEVRON-001,Chevron,,,,Coastal Tanker (10-25K DWT),7401.0,8352000.0,1,,0.01260460930533894,
Entity_Vessel_Size,CHEVRON-001,Chevron,,,,Handy/MR (25-60K DWT),1186024.66,1128175000.0,27,,2.019913182785765,
Entity_Vessel_Size,CHEVRON-001,Chevron,,,,Handysize (10-40K DWT),83484.0,54766000.0,0,,0.14218121919293553,
Entity_Vessel_Size,CHEVRON-001,Chevron,,,,Medium (10-40K DWT),1614.87,14828000.0,4,,0.0027502777231337237,
Entity_Vessel_Size,CHEVRON-001,Chevron,,,,Panamax (65-90K DWT),104275.0,52033000.0,0,,0.17759027635646774,
Entity_Vessel_Size,CHEVRON-001,Chevron,,,,Small (<10K DWT),11410.59,71794700.0,3,,0.019433323725632678,
Entity_Vessel_Size,CHEVRON-001,Chevron,,,,Small Tanker (<10K DWT),1159658.47,533124000.0,19,,1.9750090449908275,
Entity_Vessel_Size,CHEVRON-001,Chevron,,,,Suezmax (120-200K DWT),25106554.95,14280973300.0,253,,42.758859093064906,
Entity_Vessel_Size,CHEVRON-001,Chevron,,,,Unknown,702952.15,446897302.0,13,,1.197194596824485,
Entity_Vessel_Size,CHEVRON-001,Chevron,,,,VLCC (200-320K DWT),181138.29,103438301.0,2,,0.3084957945800815,
Entity_Vessel_Size,CITGO-001,Citgo,,,,Aframax (60-120K DWT),3196055.85,1742864000.0,20,,62.73623849203216,
Entity_Vessel_Size,CITGO-001,Citgo,,,,Handy/MR (25-60K DWT),923814.38,814050000.0,23,,18.133800529815154,
Entity_Vessel_Size,CITGO-001,Citgo,,,,Suezmax (120-200K DWT),649666.71,371723000.0,3,,12.752482300612453,
Entity_Vessel_Size,CITGO-001,Citgo,,,,Unknown,324896.4,219331000.0,0,,6.377478677540219,
Entity_Vessel_Size,ECOPETROL-001,Ecopetrol,,,,Aframax (60-120K DWT),5504119.14,3053533000.0,20,,54.15775499058002,
Entity_Vessel_Size,ECOPETROL-001,Ecopetrol,,,,Small (<10K DWT),152450.0,80342000.0,2,,1.5000310746024157,
Entity_Vessel_Size,ECOPETROL-001,Ecopetrol,,,,Suezmax (120-200K DWT),2994941.19,1570737000.0,24,,29.46871007941448,
Entity_Vessel_Size,ECOPETROL-001,Ecopetrol,,,,Unknown,1511612.46,1011538000.0,20,,14.873503855403088,
Entity_Vessel_Size,EMIRATES-001,Emirates Aluminium (EGA),,,,Aframax (60-120K DWT),0.1,1200.0,5,,6.519506025295197e-07,
Entity_Vessel_Size,EMIRATES-001,Emirates Aluminium (EGA),,,,Coastal Tanker (10-25K DWT),5997.99,1302210.0,0,,0.03910393194466034,
Entity_Vessel_Size,EMIRATES-001,Emirates Aluminium (EGA),,,,Handy/MR (25-60K DWT),27.060000000000002,344300.0,21,,0.00017641783304448805,
Entity_Vessel_Size,EMIRATES-001,Emirates Aluminium (EGA),,,,Handymax (40-65K DWT),367486.85,1243148800.0,25,,2.395832732791752,
Entity_Vessel_Size,EMIRATES-001,Emirates Aluminium (EGA),,,,Handysize (10-40K DWT),8092161.76,15461017900.0,104,,52.75689735198339,
Entity_Vessel_Size,EMIRATES-001,Emirates Aluminium (EGA),,,,Large (40-100K DWT),69784.8,173218713.0,23,,0.45496242407402027,
Entity_Vessel_Size,EMIRATES-001,Emirates Aluminium (EGA),,,,Medium (10-40K DWT),600249.26,2583837371.0,405,,3.913328667248983,
Entity_Vessel_Size,EMIRATES-001,Emirates Aluminium (EGA),,,,Panamax (65-90K DWT),2098769.43,2274910003.0,0,,13.682939944590366,
Entity_Vessel_Size,EMIRATES-001,Emirates Aluminium (EGA),,,,Small (<10K DWT),14.82,192156.0,8,,9.661907929487483e-05,
Entity_Vessel_Size,EMIRATES-001,Emirates Aluminium (EGA),,,,Small Bulker (<10K DWT),10156.439999999999,12026000.0,2,,0.06621497177554915,
Entity_Vessel_Size,EMIRATES-001,Emirates Aluminium (EGA),,,,Small Tanker (<10K DWT),117.8,1587800.0,4,,0.0007679978097797742,
Entity_Vessel_Size,EMIRATES-001,Emirates Aluminium (EGA),,,,Suezmax (120-200K DWT),0.02,560.0,0,,1.3039012050590396e-07,
Entity_Vessel_Size,EMIRATES-001,Emirates Aluminium (EGA),,,,Unknown,4093515.56,1695009646.0,81,,26.687699358059643,
Entity_Vessel_Size,EMIRATES-001,Emirates Aluminium (EGA),,,,VLCC (200-320K DWT),1.6,50800.0,0,,1.0431209640472315e-05,
Entity_Vessel_Size,EMIRATES-001,Emirates Aluminium (EGA),,,,Very Large (>100K DWT),301.92,1226670.0,18,,0.001968369259157126,
Entity_Vessel_Size,EXXONMOBIL-001,ExxonMobil,,,,Aframax (60-120K DWT),7593380.88,6184125400.0,95,,39.88357257594904,
Entity_Vessel_Size,EXXONMOBIL-001,ExxonMobil,,,,Coastal Tanker (10-25K DWT),2804156.37,3953629000.0,45,,14.728587419047628,
Entity_Vessel_Size,EXXONMOBIL-001,ExxonMobil,,,,Handy/MR (25-60K DWT),5488110.6,3298938300.0,74,,28.82582355330702,
Entity_Vessel_Size,EXXONMOBIL-001,ExxonMobil,,,,Large (40-100K DWT),28575.66,86477000.0,6,,0.1500911685488433,
Entity_Vessel_Size,EXXONMOBIL-001,ExxonMobil,,,,Medium (10-40K DWT),11573.35,33870400.0,11,,0.06078801418846513,
Entity_Vessel_Size,EXXONMOBIL-001,ExxonMobil,,,,Post-Panamax (90-120K DWT),45798.32,39798000.0,2,,0.2405516921174825,
Entity_Vessel_Size,EXXONMOBIL-001,ExxonMobil,,,,Small (<10K DWT),2516.5499999999997,2334190.0,2,,0.01321795997753303,
Entity_Vessel_Size,EXXONMOBIL-001,ExxonMobil,,,,Small Tanker (<10K DWT),234831.62,182058000.0,2,,1.2334326576540287,
Entity_Vessel_Size,EXXONMOBIL-001,ExxonMobil,,,,Suezmax (120-200K DWT),959013.36,615425000.0,0,,5.037134255389115,
Entity_Vessel_Size,EXXONMOBIL-001,ExxonMobil,,,,Unknown,1740633.6500000001,1738481200.0,26,,9.142526840812716,
Entity_Vessel_Size,EXXONMOBIL-001,ExxonMobil,,,,VLCC (200-320K DWT),130278.0,84290000.0,0,,0.6842738630081057,
Entity_Vessel_Size,IRVING-001,Irving Oil,,,,Handy/MR (25-60K DWT),15882431.68,11253361400.0,0,,86.61861589286346,
Entity_Vessel_Size,IRVING-001,Irving Oil,,,,Medium (10-40K DWT),1882494.14,1361535300.0,0,,10.26662919876173,
Entity_Vessel_Size,IRVING-001,Irving Oil,,,,Unknown,571122.98,414386000.0,0,,3.1147549083748074,
Entity_Vessel_Size,MARATHON-001,Marathon Petroleum,,,,Aframax (60-120K DWT),6253874.76,3923602000.0,37,,36.01409285127904,
Entity_Vessel_Size,MARATHON-001,Marathon Petroleum,,,,Coastal Tanker (10-25K DWT),39011.06,243800000.0,0,,0.22465239407301751,
Entity_Vessel_Size,MARATHON-001,Marathon Petroleum,,,,Handy/MR (25-60K DWT),1987513.5999999999,1855558000.0,68,,11.445464145108634,
Entity_Vessel_Size,MARATHON-001,Marathon Petroleum,,,,Handymax (40-65K DWT),60034.0,147144000.0,0,,0.34571687684927127,
Entity_Vessel_Size,MARATHON-001,Marathon Petroleum,,,,Medium (10-40K DWT),2959.5,58304000.0,3,,0.017042827348426198,
Entity_Vessel_Size,MARATHON-001,Marathon Petroleum,,,,Small (<10K DWT),58101.659999999996,51612000.0,0,,0.33458914006993085,
Entity_Vessel_Size,MARATHON-001,Marathon Petroleum,,,,Small Tanker (<10K DWT),133898.26,83553000.0,0,,0.7710778602583821,
Entity_Vessel_Size,MARATHON-001,Marathon Petroleum,,,,Suezmax (120-200K DWT),704538.12,417947000.0,2,,4.057212887158229,
Entity_Vessel_Size,MARATHON-001,Marathon Petroleum,,,,ULCC (>320K DWT),539734.02,325998000.0,0,,3.108158039172838,
Entity_Vessel_Size,MARATHON-001,Marathon Petroleum,,,,Unknown,1572832.83,910356000.0,10,,9.057448342499265,
Entity_Vessel_Size,MARATHON-001,Marathon Petroleum,,,,VLCC (200-320K DWT),6012578.65,3441348000.0,10,,34.62454463618296,
Entity_Vessel_Size,MARTIN-001,Martin Marietta,,,,Handy/MR (25-60K DWT),0.14,140.0,0,,1.6507333228915019e-06,
Entity_Vessel_Size,MARTIN-001,Martin Marietta,,,,Handymax (40-65K DWT),4044500.0,4280400000.0,0,,47.688506603104855,
Entity_Vessel_Size,MARTIN-001,Martin Marietta,,,,Panamax (65-90K DWT),3974570.0,3131895000.0,0,,46.863965308320545,
Entity_Vessel_Size,MARTIN-001,Martin Marietta,,,,Small (<10K DWT),9.03,22135.0,0,,0.00010647229932650186,
Entity_Vessel_Size,MARTIN-001,Martin Marietta,,,,Unknown,462000.0,392358000.0,0,,5.447419965541956,
Entity_Vessel_Size,MORTON-001,Morton Salt,,,,Handymax (40-65K DWT),3220532.9,11130373900.0,24,,70.16530766717756,
Entity_Vessel_Size,MORTON-001,Morton Salt,,,,Handysize (10-40K DWT),251572.0,577592000.0,0,,5.480964588328593,
Entity_Vessel_Size,MORTON-001,Morton Salt,,,,Large (40-100K DWT),94202.0,24116000.0,0,,2.0523660270210127,
Entity_Vessel_Size,MORTON-001,Morton Salt,,,,Medium (10-40K DWT),616640.0,187378000.0,0,,13.434650929940311,
Entity_Vessel_Size,MORTON-001,Morton Salt,,,,Small (<10K DWT),7865.91,39850600.0,1,,0.1713735000913447,
Entity_Vessel_Size,MORTON-001,Morton Salt,,,,Unknown,399109.2,491544000.0,4,,8.695337287441188,
Entity_Vessel_Size,MOSAIC-001,Mosaic,,,,Capesize (120-210K DWT),157353.0,1102731000.0,0,,3.0586785830901078,
Entity_Vessel_Size,MOSAIC-001,Mosaic,,,,Handymax (40-65K DWT),2722787.71,9397770000.0,8,,52.92642946037228,
Entity_Vessel_Size,MOSAIC-001,Mosaic,,,,Handysize (10-40K DWT),140524.0,567030000.0,0,,2.731551029914615,
Entity_Vessel_Size,MOSAIC-001,Mosaic,,,,Medium (10-40K DWT),127943.0,410868000.0,0,,2.4869974767325544,
Entity_Vessel_Size,MOSAIC-001,Mosaic,,,,Panamax (65-90K DWT),1311475.8,2059986000.0,17,,25.49289140785982,
Entity_Vessel_Size,MOSAIC-001,Mosaic,,,,Small (<10K DWT),96006.0,9312000.0,0,,1.866195725840301,
Entity_Vessel_Size,MOSAIC-001,Mosaic,,,,Small Tanker (<10K DWT),59878.8,195864000.0,1,,1.163943510076935,
Entity_Vessel_Size,MOSAIC-001,Mosaic,,,,Unknown,479136.45,943488000.0,5,,9.313609514866728,
Entity_Vessel_Size,MOSAIC-001,Mosaic,,,,VLCC (200-320K DWT),49371.71,369942000.0,0,,0.9597032912466602,
Entity_Vessel_Size,MOTIVA-001,Motiva Enterprises,,,,Aframax (60-120K DWT),110837.34,92204000.0,6,,23.347033439024518,
Entity_Vessel_Size,MOTIVA-001,Motiva Enterprises,,,,Coastal Tanker (10-25K DWT),14473.829999999998,13983000.0,0,,3.0488009997421104,
Entity_Vessel_Size,MOTIVA-001,Motiva Enterprises,,,,Handy/MR (25-60K DWT),338135.84,321554000.0,59,,71.22571475833546,
Entity_Vessel_Size,MOTIVA-001,Motiva Enterprises,,,,Medium (10-40K DWT),6292.42,6022000.0,2,,1.325449890374369,
Entity_Vessel_Size,MOTIVA-001,Motiva Enterprises,,,,Small Tanker (<10K DWT),4999.0,4749000.0,1,,1.0530009125235553,
Entity_Vessel_Size,PBF-001,PBF Energy,,,,Aframax (60-120K DWT),14346536.9,8346969000.0,206,,78.40096677223161,
Entity_Vessel_Size,PBF-001,PBF Energy,,,,Handy/MR (25-60K DWT),470424.0,268612000.0,0,,2.570773466094127,
Entity_Vessel_Size,PBF-001,PBF Energy,,,,Handysize (10-40K DWT),139279.0,78408000.0,0,,0.7611319949324946,
Entity_Vessel_Size,PBF-001,PBF Energy,,,,Medium (10-40K DWT),79225.53,48130000.0,0,,0.4329517421756632,
Entity_Vessel_Size,PBF-001,PBF Energy,,,,Small (<10K DWT),92345.0,65718000.0,0,,0.5046470327331558,
Entity_Vessel_Size,PBF-001,PBF Energy,,,,Suezmax (120-200K DWT),1365152.96,792505000.0,10,,7.460289030168224,
Entity_Vessel_Size,PBF-001,PBF Energy,,,,Unknown,1681270.87,943303600.0,31,,9.187810447411247,
Entity_Vessel_Size,PBF-001,PBF Energy,,,,VLCC (200-320K DWT),124694.3,77809000.0,2,,0.6814295142534837,
Entity_Vessel_Size,PETROBRAS-001,Petrobras,,,,Aframax (60-120K DWT),217546.0,152300000.0,0,,17.41848780485266,
Entity_Vessel_Size,PETROBRAS-001,Petrobras,,,,Coastal Tanker (10-25K DWT),3295.84,1961000.0,0,,0.26389153947553895,
Entity_Vessel_Size,PETROBRAS-001,Petrobras,,,,Handy/MR (25-60K DWT),191496.59,594177000.0,8,,15.332761887535831,
Entity_Vessel_Size,PETROBRAS-001,Petrobras,,,,Suezmax (120-200K DWT),278588.62,159850000.0,2,,22.30605242128438,
Entity_Vessel_Size,PETROBRAS-001,Petrobras,,,,Unknown,109044.29999999999,94471000.0,4,,8.730966369129723,
Entity_Vessel_Size,PETROBRAS-001,Petrobras,,,,VLCC (200-320K DWT),448966.0,270498000.0,0,,35.947839977721856,
Entity_Vessel_Size,PMI-001,PMI Trading,,,,Aframax (60-120K DWT),606929.54,897349000.0,3,,86.05883040724392,
Entity_Vessel_Size,PMI-001,PMI Trading,,,,Handy/MR (25-60K DWT),53436.0,40432000.0,0,,7.576892140793618,
Entity_Vessel_Size,PMI-001,PMI Trading,,,,Unknown,44884.04,27290000.0,2,,6.364277451962466,
Entity_Vessel_Size,SAUDI-REFINING-001,Saudi Refining Inc,,,,Aframax (60-120K DWT),14980445.959999999,8543990000.0,214,,100.0,
Entity_Vessel_Size,TERNIUM-001,Ternium,,,,Handymax (40-65K DWT),6769317.26,8025299000.0,75,,80.4091726841373,
Entity_Vessel_Size,TERNIUM-001,Ternium,,,,Handysize (10-40K DWT),175783.7,304072500.0,5,,2.088042463584664,
Entity_Vessel_Size,TERNIUM-001,Ternium,,,,Medium (10-40K DWT),153485.46,181332000.0,78,,1.8231733546558948,
Entity_Vessel_Size,TERNIUM-001,Ternium,,,,Panamax (65-90K DWT),160271.66999999998,319354000.0,0,,1.9037831873468831,
Entity_Vessel_Size,TERNIUM-001,Ternium,,,,Small (<10K DWT),202070.0,127369000.0,4,,2.4002836475540854,
Entity_Vessel_Size,TERNIUM-001,Ternium,,,,Unknown,957660.28,1072678400.0,94,,11.37554466272117,
Entity_Vessel_Size,TRAFIGURA-001,Trafigura,,,,Aframax (60-120K DWT),2262957.02,1319159000.0,2,,45.21391635572701,
Entity_Vessel_Size,TRAFIGURA-001,Trafigura,,,,Coastal Tanker (10-25K DWT),22288.84,73718200.0,0,,0.4453313688768965,
Entity_Vessel_Size,TRAFIGURA-001,Trafigura,,,,Handy/MR (25-60K DWT),261452.17,394670000.0,14,,5.223818411453223,
Entity_Vessel_Size,TRAFIGURA-001,Trafigura,,,,Handymax (40-65K DWT),6548.42,67128000.0,10,,0.13083753315923333,
Entity_Vessel_Size,TRAFIGURA-001,Trafigura,,,,Handysize (10-40K DWT),1000.0,10294000.0,2,,0.01998001550896756,
Entity_Vessel_Size,TRAFIGURA-001,Trafigura,,,,Medium (10-40K DWT),111829.52,144820000.0,8,,2.234355543960398,
Entity_Vessel_Size,TRAFIGURA-001,Trafigura,,,,Panamax (65-90K DWT),10762.0,3918000.0,0,,0.21502492690750885,
Entity_Vessel_Size,TRAFIGURA-001,Trafigura,,,,Small (<10K DWT),6571.55,19965000.0,2,,0.13129967091795577,
Entity_Vessel_Size,TRAFIGURA-001,Trafigura,,,,Small Tanker (<10K DWT),133898.26,79670000.0,0,,2.6752893114237706,
Entity_Vessel_Size,TRAFIGURA-001,Trafigura,,,,Suezmax (120-200K DWT),1784554.69,1224915000.0,0,,35.65543038280079,
Entity_Vessel_Size,TRAFIGURA-001,Trafigura,,,,Unknown,403138.65,341648000.0,9,,8.054716479264243,
Entity_Vessel_Size,VALERO-001,Valero,,,,Aframax (60-120K DWT),31092449.87,20622377000.0,382,,71.43187228398162,
Entity_Vessel_Size,VALERO-001,Valero,,,,Coastal Tanker (10-25K DWT),37612.51,300162800.0,5,,0.08641107477324628,
Entity_Vessel_Size,VALERO-001,Valero,,,,Handy/MR (25-60K DWT),3748455.0100000002,3847482900.0,62,,8.611709937817487,
Entity_Vessel_Size,VALERO-001,Valero,,,,Handymax (40-65K DWT),127041.0,72563000.0,0,,0.2918643119076068,
Entity_Vessel_Size,VALERO-001,Valero,,,,Handysize (10-40K DWT),172963.78,171232000.0,6,,0.39736742181373474,
Entity_Vessel_Size,VALERO-001,Valero,,,,Small (<10K DWT),4100.0,3522000.0,0,,0.009419350279210552,
Entity_Vessel_Size,VALERO-001,Valero,,,,Suezmax (120-200K DWT),3786115.36,2804196000.0,24,,8.698230920326672,
Entity_Vessel_Size,VALERO-001,Valero,,,,Unknown,4051952.43,2721764100.0,76,,9.308965671431311,
Entity_Vessel_Size,VALERO-001,Valero,,,,VLCC (200-320K DWT),506728.37,274987000.0,2,,1.164159027669124,
Entity_Vessel_Size,VULCAN-001,Vulcan Materials,,,,Small (<10K DWT),1303953.71,2003138251.0,38,,39.38713835421929,
Entity_Vessel_Size,VULCAN-001,Vulcan Materials,,,,Unknown,2006654.18,2312961082.0,51,,60.612861645780704,
Carrier_Vessel_Type_Specialization,,,Container Ship,AAAI - At Asia Co Ltd,,,0.69,960.0,1,1.0,100.0,
Carrier_Vessel_Type_Specialization,,,Tanker (Other),AAGP - A S A Management Corp,,,25.26,85600.0,0,1.0,100.0,
Carrier_Vessel_Type_Specialization,,,Bulk Carrier,AAQR - Amn Aquarius Inc,,,160977.0,15787000.0,0,3.0,75.10602660346284,
Carrier_Vessel_Type_Specialization,,,Unknown,AAQR - Amn Aquarius Inc,,,53356.0,6136000.0,0,1.0,24.893973396537163,
Carrier_Vessel_Type_Specialization,,,Bulk Carrier,AAYD - Anglo American Shipping Pte Ltd,,,178791.0,460799000.0,0,4.0,100.0,
Carrier_Vessel_Type_Specialization,,,Unknown,ABCI - Atlantic Bulk Carriers Management Ltd,,,13200.0,11154000.0,1,1.0,100.0,
Carrier_Vessel_Type_Specialization,,,Bulk Carrier,ABLD - Alexander & Blake Ltd,,,30844.57,21299300.0,0,2.0,100.0,
Carrier_Vessel_Type_Specialization,,,Tanker (Other),ABMA - Alberta Shipmanagement Ltd,,,364097.0,288083000.0,0,2.0,100.0,
Carrier_Vessel_Type_Specialization,,,Unknown,ABPG - Albini & Pitigliani Spa,,,0.8,13800.0,1,1.0,7.339449541284404,
Carrier_Vessel_Type_Specialization,,,Vehicle Carrier,ABPG - Albini & Pitigliani Spa,,,10.1,177000.0,1,1.0,92.66055045871559,
Carrier_Vessel_Type_Specialization,,,RoRo,ABTB - Albatrans Spa,,,1.8,10600.0,0,1.0,100.0,
Carrier_Vessel_Type_Specialization,,,Bulk Carrier,"ACDF - Utc Overseas, Inc.",,,374.22,6904800.0,0,2.0,0.9636800619276846,
Carrier_Vessel_Type_Specialization,,,Container Ship,"ACDF - Utc Overseas, Inc.",,,224.51999999999998,2408000.0,0,2.0,0.5781771351183895,
Carrier_Vessel_Type_Specialization,,,General Cargo,"ACDF - Utc Overseas, Inc.",,,7846.99,309136400.0,0,12.0,20.207332075105345,
Carrier_Vessel_Type_Specialization,,,RoRo,"ACDF - Utc Overseas, Inc.",,,2115.0099999999998,44787000.0,0,6.0,5.4465099881825445,
Carrier_Vessel_Type_Specialization,,,Tanker (Other),"ACDF - Utc Overseas, Inc.",,,95.36,1395000.0,0,1.0,0.2455681970643579,
Carrier_Vessel_Type_Specialization,,,Unknown,"ACDF - Utc Overseas, Inc.",,,3401.74,21586600.0,0,10.0,8.760058291544764,
Carrier_Vessel_Type_Specialization,,,Vehicle Carrier,"ACDF - Utc Overseas, Inc.",,,24774.55,314605700.0,0,46.0,63.79867425105691,
Carrier_Vessel_Type_Specialization,,,Bulk Carrier,ACLU - Atlantic Container Line Ab,,,146390.6,2351940940.0,2874,1.0,19.348716339068165,
Carrier_Vessel_Type_Specialization,,,RoRo,ACLU - Atlantic Container Line Ab,,,610200.16,11490526128.0,10774,4.0,80.65128366093184,
Carrier_Vessel_Type_Specialization,,,RoRo,ACZW - A Class Worldwide Srl,,,45.59,1020000.0,0,1.0,100.0,
Carrier_Vessel_Type_Specialization,,,Tanker (Other),ADHQ - Ardmore Shipping,,,1232932.39,1206573000.0,11,20.0,97.08477719424239,
Carrier_Vessel_Type_Specialization,,,Unknown,ADHQ - Ardmore Shipping,,,37022.0,36837000.0,0,1.0,2.915222805757615,
Carrier_Vessel_Type_Specialization,,,Bulk Carrier,ADLP - Adm International Sarl,,,1363871.77,1852559960.0,22,21.0,83.32259853270749,
Carrier_Vessel_Type_Specialization,,,General Cargo,ADLP - Adm International Sarl,,,14850.0,5629000.0,2,1.0,0.907226482303909,
Carrier_Vessel_Type_Specialization,,,Tanker (Other),ADLP - Adm International Sarl,,,59878.8,195864000.0,1,1.0,3.658157110342041,
Carrier_Vessel_Type_Specialization,,,Unknown,ADLP - Adm International Sarl,,,198256.41,149602000.0,3,3.0,12.112017874646568,
Carrier_Vessel_Type_Specialization,,,Unknown,ADRQ - Andrie Inc,,,76329.90000000001,295572000.0,0,1.0,100.0,
Carrier_Vessel_Type_Specialization,,,RoRo,ADSN - Accordia Shipping Llc,,,5017.91,8553713.0,0,1.0,100.0,
Carrier_Vessel_Type_Specialization,,,Tanker (Other),AEJM - Alterna Capital Partners Llc,,,251338.92,435540700.0,60,6.0,100.0,
Carrier_Vessel_Type_Specialization,,,LNG Tanker,AETK - Aet Inc Pte Ltd,,,0.36,4320.0,8,1.0,1.0852974528858337e-06,
Carrier_Vessel_Type_Specialization,,,Tanker (Other),AETK - Aet Inc Pte Ltd,,,33034106.33,19515078360.0,647,25.0,99.58842071752441,
Carrier_Vessel_Type_Specialization,,,Unknown,AETK - Aet Inc Pte Ltd,,,136523.08,77954000.0,0,1.0,0.41157819717813576,
Carrier_Vessel_Type_Specialization,,,General Cargo,AEYC - Agriculture & Energy Carriers Ltd,,,20758.9,7398000.0,2,1.0,100.0,
Carrier_Vessel_Type_Specialization,,,General Cargo,AFDV - Alpha Forwarding Co Ltd,,,1101.17,9717000.0,13,5.0,100.0,
Carrier_Vessel_Type_Specialization,,,Bulk Carrier,AGMR - Anglo Eastern Management Group Limited,,,0.14,1800.0,0,1.0,0.9067357512953367,
Carrier_Vessel_Type_Specialization,,,Container Ship,AGMR - Anglo Eastern Management Group Limited,,,0.0,6.0,0,1.0,0.0,
Carrier_Vessel_Type_Specialization,,,General Cargo,AGMR - Anglo Eastern Management Group Limited,,,0.8200000000000001,5000.0,2,2.0,5.310880829015544,
Carrier_Vessel_Type_Specialization,,,LPG Tanker,AGMR - Anglo Eastern Management Group Limited,,,12.47,152767.0,19,23.0,80.76424870466322,
Carrier_Vessel_Type_Specialization,,,Tanker (Other),AGMR - Anglo Eastern Management Group Limited,,,0.76,17406.0,0,9.0,4.922279792746114,
Carrier_Vessel_Type_Specialization,,,Unknown,AGMR - Anglo Eastern Management Group Limited,,,1.25,12299.0,2,7.0,8.095854922279793,
Carrier_Vessel_Type_Specialization,,,Container Ship,AGWT - Air & Ground World Transport,,,1.15,18100.0,2,1.0,100.0,
Carrier_Vessel_Type_Specialization,,,Unknown,AHGA - Asia Shipping Usa Inc,,,250.0,423000.0,5,2.0,100.0,
Carrier_Vessel_Type_Specialization,,,Bulk Carrier,AHMO - Atlantic,,,455197.51,355797700.0,13,10.0,76.13430660225701,
Carrier_Vessel_Type_Specialization,,,Unknown,AHMO - Atlantic,,,142690.0,112072000.0,3,3.0,23.865693397742994,
Carrier_Vessel_Type_Specialization,,,Unknown,AHPH - American Shipping And Chartering Corp,,,16.0,208000.0,0,1.0,100.0,
Carrier_Vessel_Type_Specialization,,,Tanker (Other),AHPT - Aetna Shipping Co Ltd,,,1922123.97,1097554035.0,35,1.0,100.0,
Carrier_Vessel_Type_Specialization,,,LPG Tanker,AHQB - Abu Dhabi Marine Operations,,,0.0,47.0,0,1.0,0.0,
Carrier_Vessel_Type_Specialization,,,Tanker (Other),AHQB - Abu Dhabi Marine Operations,,,0.07,1100.0,0,1.0,100.0,
Carrier_Vessel_Type_Specialization,,,RoRo,AIBA - Airbus Sas,,,8059.46,2170325000.0,36,2.0,93.3945034926786,
Carrier_Vessel_Type_Specialization,,,Unknown,AIBA - Airbus Sas,,,570.02,192654000.0,2,1.0,6.605496507321415,
Carrier_Vessel_Type_Specialization,,,Tanker (Other),AIQW - Admiral Marine Co Sa,,,302446.0,182826000.0,0,1.0,100.0,
Carrier_Vessel_Type_Specialization,,,Tanker (Other),AIVI - Ancora Investment Trust Inc,,,33000.0,4224000.0,0,1.0,100.0,
Carrier_Vessel_Type_Specialization,,,Container Ship,AIWL - Ait Worldwide Logistics Inc,,,35.75,613360.0,18,14.0,70.76405384006334,
Carrier_Vessel_Type_Specialization,,,RoRo,AIWL - Ait Worldwide Logistics Inc,,,14.77,283600.0,2,2.0,29.23594615993666,
Carrier_Vessel_Type_Specialization,,,Vehicle Carrier,AJVI - Anji Shipping Co Ltd,,,40769.63,245308400.0,17,2.0,100.0,
Carrier_Vessel_Type_Specialization,,,Container Ship,AJZH - Affreighter Logistics Pvt Ltd,,,1.56,8800.0,1,1.0,100.0,
Carrier_Vessel_Type_Specialization,,,Reefer,AKFT - Alaska Reefer Management,,,13697.55,76707729.0,0,3.0,87.44923685297536,
Carrier_Vessel_Type_Specialization,,,Unknown,AKFT - Alaska Reefer Management,,,1965.88,18386100.0,0,2.0,12.550763147024629,
Carrier_Vessel_Type_Specialization,,,RoRo,ALBE - Arkas Logistics Usa Inc,,,190.12,1774000.0,0,1.0,100.0,
Carrier_Vessel_Type_Specialization,,,Bulk Carrier,ALFP - Alfa Shipping S A,,,60335.76,59981900.0,22,2.0,68.54041817364322,
Carrier_Vessel_Type_Specialization,,,Unknown,ALFP - Alfa Shipping S A,,,27693.7,30614800.0,11,1.0,31.459581826356764,
Carrier_Vessel_Type_Specialization,,,Bulk Carrier,ALNJ - Atlantic Ship Agencies Inc,,,0.3,3700.0,0,1.0,83.33333333333334,
Carrier_Vessel_Type_Specialization,,,Tanker (Other),ALNJ - Atlantic Ship Agencies Inc,,,0.0,10.0,0,2.0,0.0,
Carrier_Vessel_Type_Specialization,,,Unknown,ALNJ - Atlantic Ship Agencies Inc,,,0.06,2400.0,0,1.0,16.666666666666664,
Carrier_Vessel_Type_Specialization,,,Tanker (Other),ALOM - Algoma Central Corporation,,,466714.46,1265723000.0,0,3.0,6.604397715342017,
Carrier_Vessel_Type_Specialization,,,Unknown,ALOM - Algoma Central Corporation,,,6600008.05,21467727840.0,0,12.0,93.39560228465798,
Carrier_Vessel_Type_Specialization,,,Bulk Carrier,ALRB - Ac Container Line Gmbh,,,1.98,4800.0,0,1.0,0.2998137520631122,
Carrier_Vessel_Type_Specialization,,,Container Ship,ALRB - Ac Container Line Gmbh,,,600.24,2772530.0,0,55.0,90.88899320119319,
Carrier_Vessel_Type_Specialization,,,RoRo,ALRB - Ac Container Line Gmbh,,,6.390000000000001,207700.0,0,2.0,0.9675807452945897,
Carrier_Vessel_Type_Specialization,,,Unknown,ALRB - Ac Container Line Gmbh,,,27.5,265760.0,0,10.0,4.164079889765448,
Carrier_Vessel_Type_Specialization,,,Vehicle Carrier,ALRB - Ac Container Line Gmbh,,,24.299999999999997,140800.0,0,1.0,3.6795324116836503,
Carrier_Vessel_Type_Specialization,,,RoRo,AMCE - Alizes,,,43.51,950700.0,0,1.0,100.0,
Carrier_Vessel_Type_Specialization,,,Tanker (Other),AMCP - Amazonas Ca Llc,,,2210516.4,1487451000.0,0,5.0,100.0,
Carrier_Vessel_Type_Specialization,,,Container Ship,AMJA - American Ocean Line Inc,,,21.26,26000.0,1,1.0,100.0,
Carrier_Vessel_Type_Specialization,,,Unknown,AMLU - Antillean Marine Shipping Corp.,,,152.95,1708500.0,0,4.0,100.0,
Carrier_Vessel_Type_Specialization,,,Unknown,AMNF - Alison Management Corp,,,1.5,8200.0,0,1.0,100.0,
Carrier_Vessel_Type_Specialization,,,Tanker (Other),AMQK - Associated Maritime Company,,,3381034.01,1922746000.0,0,10.0,100.0,
Carrier_Vessel_Type_Specialization,,,Container Ship,AMUH - Amc Usa Inc,,,20.8,42000.0,2,2.0,100.0,
Carrier_Vessel_Type_Specialization,,,Tanker (Other),"ANDE - Andino Shipping, Llc",,,31630.32,14648600.0,0,2.0,100.0,
Carrier_Vessel_Type_Specialization,,,Container Ship,ANLC - Anl Singapore Pte Ltd,,,473.58,32444190.0,11,8.0,95.4644412191582,
Carrier_Vessel_Type_Specialization,,,Unknown,ANLC - Anl Singapore Pte Ltd,,,22.5,358000.0,1,1.0,4.5355587808418,
Carrier_Vessel_Type_Specialization,,,Unknown,ANQE - Anchor Logistics Solutions Llc,,,25.2,330000.0,0,1.0,100.0,
Carrier_Vessel_Type_Specialization,,,RoRo,AORJ - Allround Forwarding Co Inc,,,89.11,918000.0,0,1.0,100.0,
Carrier_Vessel_Type_Specialization,,,Bulk Carrier,APBA - Ace Pacific Shipping Pte Ltd,,,153280.36,857438000.0,3,3.0,75.18349231798972,
Carrier_Vessel_Type_Specialization,,,Unknown,APBA - Ace Pacific Shipping Pte Ltd,,,50594.66,29851000.0,1,1.0,24.816507682010286,
Carrier_Vessel_Type_Specialization,,,Unknown,APHL - Asphaltos Trade S A,,,497618.91000000003,353293300.0,0,3.0,100.0,
Carrier_Vessel_Type_Specialization,,,LNG Tanker,APHW - Alpha Gas S A,,,0.02,501.0,0,1.0,100.0,
Carrier_Vessel_Type_Specialization,,,Container Ship,APLU - American President Lines Llc,,,656.0400000000001,5747900.0,12,5.0,38.70510982495266,
Carrier_Vessel_Type_Specialization,,,Unknown,APLU - American President Lines Llc,,,1038.93,10259800.0,22,6.0,61.29489017504734,
Carrier_Vessel_Type_Specialization,,,Bulk Carrier,AQAV - Aquavita International Sa,,,70498.26,26624000.0,6,2.0,100.0,
Carrier_Vessel_Type_Specialization,,,Other,AQCV - Ace Tankers C.V.,,,65401.44,185282000.0,0,1.0,0.31074081040160195,
Carrier_Vessel_Type_Specialization,,,Tanker (Other),AQCV - Ace Tankers C.V.,,,20899287.56,26824780740.0,345,30.0,99.2984489823239,
Carrier_Vessel_Type_Specialization,,,Unknown,AQCV - Ace Tankers C.V.,,,82253.6,124161140.0,22,2.0,0.3908102072744761,
Carrier_Vessel_Type_Specialization,,,Tanker (Other),AQMW - Aquarius Marine Inc,,,39096.54,34053000.0,0,1.0,100.0,
Carrier_Vessel_Type_Specialization,,,Container Ship,AQTY - Ata Freight Line Ltd,,,28.59,109860.0,17,1.0,100.0,
Carrier_Vessel_Type_Specialization,,,General Cargo,AROF - American Roll On Roll Off Carrier Llc,,,164812.75,2588591673.0,248,1.0,40.22984353339306,
Carrier_Vessel_Type_Specialization,,,Tanker (Other),AROF - American Roll On Roll Off Carrier Llc,,,3.37,29500.0,3,2.0,0.0008225976006561058,
Carrier_Vessel_Type_Specialization,,,Unknown,AROF - American Roll On Roll Off Carrier Llc,,,68656.51,1034339614.0,2582,1.0,16.758658871045082,
Carrier_Vessel_Type_Specialization,,,Vehicle Carrier,AROF - American Roll On Roll Off Carrier Llc,,,176205.2,2622676157.0,9643,6.0,43.0106749979612,
Carrier_Vessel_Type_Specialization,,,General Cargo,"ARRJ - Atlantic Ro Ro Carriers, Inc.",,,10519.8,3733000.0,2,1.0,24.196080298473067,
Carrier_Vessel_Type_Specialization,,,Unknown,"ARRJ - Atlantic Ro Ro Carriers, Inc.",,,32957.49,11556400.0,5,2.0,75.80391970152695,
Carrier_Vessel_Type_Specialization,,,Container Ship,ASFH - Atlantic Shipping Company Inc,,,13.77,178574.0,0,1.0,100.0,
Carrier_Vessel_Type_Specialization,,,Container Ship,ASFN - Asf Global Llc,,,26.59,75700.0,0,2.0,100.0,
Carrier_Vessel_Type_Specialization,,,Container Ship,ASGN - Ntg Air & Ocean Llc F/K/A Aries Global Logistics Inc,,,20.25,87400.0,1,2.0,100.0,
Carrier_Vessel_Type_Specialization,,,Tanker (Other),ASHI - Andriaki Shipping Co. Ltd.,,,726328.4400000001,419149510.0,0,5.0,100.0,
Carrier_Vessel_Type_Specialization,,,Unknown,ASMA - Alcatel Submarine Networks,,,1731.99,14970500.0,5,2.0,100.0,
Carrier_Vessel_Type_Specialization,,,Tanker (Other),ASOM - Astra Shipmanagement Inc,,,93853.72,84755000.0,0,1.0,100.0,
Carrier_Vessel_Type_Specialization,,,Bulk Carrier,ASPM - Ace Shipping A/S,,,28682.0,1334650000.0,0,1.0,46.878276490304074,
Carrier_Vessel_Type_Specialization,,,Unknown,ASPM - Ace Shipping A/S,,,32501.99,7118000.0,0,1.0,53.12172350969592,
Carrier_Vessel_Type_Specialization,,,Container Ship,ASQR - Astracon,,,4.5,74800.0,4,3.0,10.32346868547832,
Carrier_Vessel_Type_Specialization,,,RoRo,ASQR - Astracon,,,39.09,229000.0,1,1.0,89.67653131452168,
Carrier_Vessel_Type_Specialization,,,LPG Tanker,ATAR - Anadoluhisari Tankercilik A S,,,0.11,540.0,0,1.0,100.0,
Carrier_Vessel_Type_Specialization,,,Container Ship,ATGI - A Two S,,,40.0,531000.0,1,1.0,100.0,
Carrier_Vessel_Type_Specialization,,,Tanker (Other),ATKA - Almi Tankers S A,,,268786.01,187529052.0,0,3.0,100.0,
Carrier_Vessel_Type_Specialization,,,Bulk Carrier,ATLL - Atlas Line,,,325.11,2053000.0,3,1.0,46.3899432093833,
Carrier_Vessel_Type_Specialization,,,RoRo,ATLL - Atlas Line,,,375.71,2327400.0,9,4.0,53.61005679061671,
Carrier_Vessel_Type_Specialization,,,Unknown,ATNS - Atlanship S A,,,600373.03,926971000.0,0,6.0,100.0,
Carrier_Vessel_Type_Specialization,,,Tanker (Other),ATOK - Alba Tankers Aps,,,8983.0,6225000.0,0,1.0,100.0,
Carrier_Vessel_Type_Specialization,,,Bulk Carrier,ATPK - Alora Tankers Pte Ltd,,,57744.0,60572000.0,0,1.0,100.0,
Carrier_Vessel_Type_Specialization,,,Unknown,AUAF - Avontuur Shipping Co Ltd,,,70.58,359000.0,0,1.0,100.0,
Carrier_Vessel_Type_Specialization,,,Bulk Carrier,AUIV - Aprile Usa Inc,,,428.51,1718000.0,0,2.0,18.292927611217124,
Carrier_Vessel_Type_Specialization,,,General Cargo,AUIV - Aprile Usa Inc,,,612.27,11671000.0,0,2.0,26.137571558469837,
Carrier_Vessel_Type_Specialization,,,RoRo,AUIV - Aprile Usa Inc,,,686.51,7176400.0,0,4.0,29.306848695191874,
Carrier_Vessel_Type_Specialization,,,Vehicle Carrier,AUIV - Aprile Usa Inc,,,615.2,22401000.0,0,9.0,26.26265213512118,
Carrier_Vessel_Type_Specialization,,,Tanker (Other),AUNK - Aurora Tankers International Limited,,,424338.25,385782000.0,42,6.0,82.28799380756732,
Carrier_Vessel_Type_Specialization,,,Unknown,AUNK - Aurora Tankers International Limited,,,91336.31,462779000.0,11,1.0,17.712006192432682,
Carrier_Vessel_Type_Specialization,,,General Cargo,AUSW - Austral Asia Line Pte Ltd,,,24683.7,264867900.0,66,7.0,38.39038381052053,
Carrier_Vessel_Type_Specialization,,,Unknown,AUSW - Austral Asia Line Pte Ltd,,,39612.869999999995,326873946.0,90,6.0,61.60961618947947,
Carrier_Vessel_Type_Specialization,,,Tanker (Other),AVCP - Avin International S A,,,34031.0,30185000.0,0,1.0,100.0,
Carrier_Vessel_Type_Specialization,,,Bulk Carrier,AVJP - Averton Bulk Sa,,,128919.84999999999,106675800.0,0,1.0,100.0,
Carrier_Vessel_Type_Specialization,,,Tanker (Other),AWNC - Astra Two,,,41751.0,34241000.0,0,1.0,100.0,
Carrier_Vessel_Type_Specialization,,,Bulk Carrier,AWSL - All World Shipping Corp,,,20.0,31400.0,0,1.0,100.0,
Carrier_Vessel_Type_Specialization,,,Tanker (Other),AWVW - Atlas Maritime Shipmanagement Ltd.,,,341328.87,202334000.0,8,1.0,100.0,
Carrier_Vessel_Type_Specialization,,,Bulk Carrier,AWZY - Anchor Logistics Solutions Llc,,,0.51,5547.0,0,6.0,8.006279434850864,
Carrier_Vessel_Type_Specialization,,,General Cargo,AWZY - Anchor Logistics Solutions Llc,,,1.2,720.0,0,1.0,18.838304552590266,
Carrier_Vessel_Type_Specialization,,,Tanker (Other),AWZY - Anchor Logistics Solutions Llc,,,1.26,38928.0,0,8.0,19.78021978021978,
Carrier_Vessel_Type_Specialization,,,Unknown,AWZY - Anchor Logistics Solutions Llc,,,3.4,19063.0,0,4.0,53.375196232339086,
Carrier_Vessel_Type_Specialization,,,Unknown,AXMA - Amix Marine Services Ltd,,,600.0,184000.0,0,1.0,100.0,
Carrier_Vessel_Type_Specialization,,,Unknown,AXOG - Amex Logistics,,,49.0,15400.0,0,1.0,100.0,
Carrier_Vessel_Type_Specialization,,,General Cargo,AZXS - America Logistics Solution Inc.,,,1433.46,3399000.0,0,1.0,86.11282987811106,
Carrier_Vessel_Type_Specialization,,,RoRo,AZXS - America Logistics Solution Inc.,,,20.08,114000.0,0,1.0,1.2062740669097636,
Carrier_Vessel_Type_Specialization,,,Unknown,AZXS - America Logistics Solution Inc.,,,211.09,1063000.0,0,1.0,12.680896054979184,
Carrier_Vessel_Type_Specialization,,,Bulk Carrier,BAMT - Bulk And Metal Transport,,,80959.66,123741700.0,2,2.0,100.0,
Carrier_Vessel_Type_Specialization,,,Bulk Carrier,BANQ - Blue Anchor America Line,,,388.71,4674300.0,0,2.0,1.535446694075153,
Carrier_Vessel_Type_Specialization,,,Container Ship,BANQ - Blue Anchor America Line,,,13283.01,50256100.0,0,54.0,52.46933135722569,
Carrier_Vessel_Type_Specialization,,,General Cargo,BANQ - Blue Anchor America Line,,,1062.34,15615400.0,0,3.0,4.196358315926521,
Carrier_Vessel_Type_Specialization,,,RoRo,BANQ - Blue Anchor America Line,,,3615.4700000000003,67895400.0,0,10.0,14.2814989555913,
Carrier_Vessel_Type_Specialization,,,Tanker (Other),BANQ - Blue Anchor America Line,,,160.57,950000.0,0,1.0,0.6342689297101883,
Carrier_Vessel_Type_Specialization,,,Unknown,BANQ - Blue Anchor America Line,,,2571.97,30523600.0,0,22.0,10.159560684727614,
Carrier_Vessel_Type_Specialization,,,Vehicle Carrier,BANQ - Blue Anchor America Line,,,4233.6900000000005,68772200.0,0,39.0,16.723535062743526,
Carrier_Vessel_Type_Specialization,,,Bulk Carrier,BBHY - Bbc Chartering Carriers Gmbh & Co Kg,,,497720.65,4198696000.0,547,9.0,21.42045324822833,
Carrier_Vessel_Type_Specialization,,,General Cargo,BBHY - Bbc Chartering Carriers Gmbh & Co Kg,,,1437095.64,9462434038.0,2161,86.0,61.848428370116395,
Carrier_Vessel_Type_Specialization,,,Unknown,BBHY - Bbc Chartering Carriers Gmbh & Co Kg,,,388760.36,2258330700.0,893,24.0,16.731118381655282,
Carrier_Vessel_Type_Specialization,,,Bulk Carrier,BBMW - Berge Bulk Maritime Pte Ltd,,,254960.61,1165569700.0,10,7.0,87.14945168886011,
Carrier_Vessel_Type_Specialization,,,General Cargo,BBMW - Berge Bulk Maritime Pte Ltd,,,37595.0,179591000.0,1,1.0,12.850548311139889,
Carrier_Vessel_Type_Specialization,,,Bulk Carrier,BBSF - Bertling Bulk Services Pte Ltd,,,140549.69,208106300.0,99,6.0,74.76669733411319,
Carrier_Vessel_Type_Specialization,,,General Cargo,BBSF - Bertling Bulk Services Pte Ltd,,,15335.66,131504000.0,40,1.0,8.157945062979977,
Carrier_Vessel_Type_Specialization,,,Unknown,BBSF - Bertling Bulk Services Pte Ltd,,,32099.0,79537500.0,0,2.0,17.075357602906838,
Carrier_Vessel_Type_Specialization,,,Unknown,BCLU - Bermuda Container Line Ltd,,,30138.36,387722000.0,12,1.0,100.0,
Carrier_Vessel_Type_Specialization,,,Container Ship,BDAM - Bdg International Inc,,,36.0,227200.0,3,3.0,100.0,
Carrier_Vessel_Type_Specialization,,,Vehicle Carrier,BEEQ - Beeontrade Inc,,,10.32,118000.0,0,1.0,100.0,
Carrier_Vessel_Type_Specialization,,,LPG Tanker,BEKD - Bw Epic Kosan Maritime Pte Ltd,,,0.57,2022.0,2,2.0,100.0,
Carrier_Vessel_Type_Specialization,,,General Cargo,BEMS - Bemel Logistics Llc,,,131.28,574100.0,3,2.0,56.37722236536975,
Carrier_Vessel_Type_Specialization,,,Vehicle Carrier,BEMS - Bemel Logistics Llc,,,101.58,850000.0,2,1.0,43.622777634630246,
Carrier_Vessel_Type_Specialization,,,LPG Tanker,BGDY - Bw Gas Lpg Chartering Pte Ltd,,,5.35,70607.0,40,15.0,100.0,
Carrier_Vessel_Type_Specialization,,,Bulk Carrier,BGER - Bigor Ltd,,,33000.0,13827000.0,0,1.0,100.0,
Carrier_Vessel_Type_Specialization,,,LNG Tanker,BGLV - Bg Lng Services Llc,,,5.96,35010.0,0,3.0,100.0,
Carrier_Vessel_Type_Specialization,,,Tanker (Other),BGNR - Bryggen Shipping International As,,,90013.0,127836000.0,19,2.0,100.0,
Carrier_Vessel_Type_Specialization,,,RoRo,BHFW - Bahamas Ferries Ltd,,,7.88,103700.0,4,1.0,66.32996632996634,
Carrier_Vessel_Type_Specialization,,,Unknown,BHFW - Bahamas Ferries Ltd,,,4.0,46900.0,4,1.0,33.670033670033675,
Carrier_Vessel_Type_Specialization,,,Bulk Carrier,BHKB - Brochart Kb,,,16746.36,29093700.0,42,2.0,72.01443870067175,
Carrier_Vessel_Type_Specialization,,,Unknown,BHKB - Brochart Kb,,,6507.81,153356000.0,43,1.0,27.98556129932825,
Carrier_Vessel_Type_Specialization,,,Unknown,BHSP - Bernhard Schulte Shipmanagement,,,0.09,1200.0,0,1.0,100.0,
Carrier_Vessel_Type_Specialization,,,LPG Tanker,BIBC - Biehl & Co,,,1.64,200000.0,0,1.0,100.0,
Carrier_Vessel_Type_Specialization,,,LPG Tanker,BIDD - Bgn Int Dmcc,,,11152.46,9805400.0,0,3.0,100.0,
Carrier_Vessel_Type_Specialization,,,General Cargo,BILH - Biglift Shipping Bv,,,22165.25,253224800.0,35,12.0,62.199738463783405,
Carrier_Vessel_Type_Specialization,,,Unknown,BILH - Biglift Shipping Bv,,,13470.35,107697300.0,10,4.0,37.800261536216595,
Carrier_Vessel_Type_Specialization,,,RoRo,BIMH - Bimini Shipping Llc,,,92.99,377310.0,0,1.0,40.01979686693062,
Carrier_Vessel_Type_Specialization,,,Unknown,BIMH - Bimini Shipping Llc,,,139.37,762030.0,0,2.0,59.980203133069374,
Carrier_Vessel_Type_Specialization,,,Bulk Carrier,BISJ - Bpi International Shipping Limited,,,10829.41,15002600.0,34,1.0,100.0,
Carrier_Vessel_Type_Specialization,,,Bulk Carrier,BJBC - Baja Bulk Carriers S A,,,30500.0,102816000.0,0,1.0,100.0,
Carrier_Vessel_Type_Specialization,,,Tanker (Other),BKLT - Besiktas Likid Tasimacilik Denizcilik Ticaret A S,,,33000.0,23752000.0,0,1.0,100.0,
Carrier_Vessel_Type_Specialization,,,Unknown,BKMV - Borinken Marine Agency Inc,,,10234.0,2972000.0,0,2.0,100.0,
Carrier_Vessel_Type_Specialization,,,Bulk Carrier,BLDD - Borusan Lojistik Dagitim Depolama Tasimacilik Ve Ticaret As,,,148944.01,261262120.0,0,4.0,68.54429126425285,
Carrier_Vessel_Type_Specialization,,,General Cargo,BLDD - Borusan Lojistik Dagitim Depolama Tasimacilik Ve Ticaret As,,,32001.0,2304000.0,0,1.0,14.726915602361956,
Carrier_Vessel_Type_Specialization,,,Unknown,BLDD - Borusan Lojistik Dagitim Depolama Tasimacilik Ve Ticaret As,,,36351.0,2036000.0,0,1.0,16.728793133385192,
Carrier_Vessel_Type_Specialization,,,Bulk Carrier,BLIY - Bertling Logistics Inc,,,48.78,39400.0,1,1.0,13.191627454161935,
Carrier_Vessel_Type_Specialization,,,General Cargo,BLIY - Bertling Logistics Inc,,,51.2,624000.0,2,1.0,13.846070636594735,
Carrier_Vessel_Type_Specialization,,,RoRo,BLIY - Bertling Logistics Inc,,,77.32,904000.0,2,1.0,20.909730109795014,
Carrier_Vessel_Type_Specialization,,,Unknown,BLIY - Bertling Logistics Inc,,,182.08,1255000.0,1,1.0,49.24008870139002,
Carrier_Vessel_Type_Specialization,,,Vehicle Carrier,BLIY - Bertling Logistics Inc,,,10.4,404000.0,1,1.0,2.8124830980583053,
Carrier_Vessel_Type_Specialization,,,Container Ship,BLME - Blue Lotus Ocean Line Limited,,,16.41,247900.0,10,9.0,4.807382452028709,
Carrier_Vessel_Type_Specialization,,,General Cargo,BLME - Blue Lotus Ocean Line Limited,,,103.0,2192000.0,2,1.0,30.174307895122304,
Carrier_Vessel_Type_Specialization,,,RoRo,BLME - Blue Lotus Ocean Line Limited,,,4.54,79000.0,1,1.0,1.3300131829500512,
Carrier_Vessel_Type_Specialization,,,Unknown,BLME - Blue Lotus Ocean Line Limited,,,207.3,1443880.0,8,3.0,60.72945656950344,
Carrier_Vessel_Type_Specialization,,,Vehicle Carrier,BLME - Blue Lotus Ocean Line Limited,,,10.1,326000.0,2,1.0,2.958839900395488,
Carrier_Vessel_Type_Specialization,,,Unknown,BLWM - Blue Water Maritime Aka William Humphrey,,,3.02,43200.0,0,1.0,100.0,
Carrier_Vessel_Type_Specialization,,,Bulk Carrier,BLWR - Blue Water Shipping Co,,,1101755.15,4199390000.0,28,20.0,91.79337794210983,
Carrier_Vessel_Type_Specialization,,,General Cargo,BLWR - Blue Water Shipping Co,,,22999.88,8557000.0,4,1.0,1.9162485217002825,
Carrier_Vessel_Type_Specialization,,,Tanker (Other),BLWR - Blue Water Shipping Co,,,22999.89,8744000.0,0,1.0,1.9162493548561605,
Carrier_Vessel_Type_Specialization,,,Unknown,BLWR - Blue Water Shipping Co,,,52500.67,19905000.0,0,1.0,4.374124181333745,
Carrier_Vessel_Type_Specialization,,,Unknown,BMCM - Bluepool Panamax Ltd,,,81.08,47000.0,2,1.0,100.0,
Carrier_Vessel_Type_Specialization,,,Bulk Carrier,BMLV - Blue Maritime Line Limited,,,114.1,1481000.0,3,1.0,100.0,
Carrier_Vessel_Type_Specialization,,,Tanker (Other),BNBN - Braskem Trading And Shipping Bv,,,54604.67,47045000.0,5,1.0,100.0,
Carrier_Vessel_Type_Specialization,,,Bulk Carrier,BNJS - Bonja Shipping Co Ltd,,,21834.0,5502000.0,0,1.0,34.572369212762105,
Carrier_Vessel_Type_Specialization,,,Unknown,BNJS - Bonja Shipping Co Ltd,,,41320.479999999996,57268000.0,0,1.0,65.42763078723789,
Carrier_Vessel_Type_Specialization,,,Bulk Carrier,BNVA - Baltnav A/S,,,56050.409999999996,81915200.0,0,3.0,91.79564228556212,
Carrier_Vessel_Type_Specialization,,,Unknown,BNVA - Baltnav A/S,,,5009.58,5526000.0,0,1.0,8.204357714437883,
Carrier_Vessel_Type_Specialization,,,Container Ship,BNXC - Binex Line Corporation,,,1.71,10100.0,0,1.0,1.3331254385281046,
Carrier_Vessel_Type_Specialization,,,Unknown,BNXC - Binex Line Corporation,,,43.45,132000.0,0,1.0,33.87385982692757,
Carrier_Vessel_Type_Specialization,,,Vehicle Carrier,BNXC - Binex Line Corporation,,,83.11,2020000.0,0,1.0,64.79301473454431,
Carrier_Vessel_Type_Specialization,,,General Cargo,BOOP - Boomsma Shipping B V,,,21034.07,30966000.0,4,2.0,100.0,
Carrier_Vessel_Type_Specialization,,,Bulk Carrier,BOPT - Bdp Transport,,,189.85999999999999,6078000.0,0,1.0,3.304809781095081,
Carrier_Vessel_Type_Specialization,,,Container Ship,BOPT - Bdp Transport,,,35.02,236200.0,0,5.0,0.6095777864423774,
Carrier_Vessel_Type_Specialization,,,General Cargo,BOPT - Bdp Transport,,,138.85,2334000.0,0,2.0,2.416901075029243,
Carrier_Vessel_Type_Specialization,,,RoRo,BOPT - Bdp Transport,,,5082.14,102419100.0,0,7.0,88.46258285523312,
Carrier_Vessel_Type_Specialization,,,Unknown,BOPT - Bdp Transport,,,123.39999999999999,88100.0,0,2.0,2.147969698657606,
Carrier_Vessel_Type_Specialization,,,Vehicle Carrier,BOPT - Bdp Transport,,,175.69,3168000.0,0,1.0,3.0581588035425833,
Carrier_Vessel_Type_Specialization,,,Container Ship,BOQQ - Bold Logistics Sl,,,1.85,18300.0,1,1.0,100.0,
Carrier_Vessel_Type_Specialization,,,Unknown,BOUK - Boskalis Offshore International B.V.,,,0.37,970.0,0,2.0,100.0,
Carrier_Vessel_Type_Specialization,,,Unknown,BOYT - Boyer Towing Inc,,,19246.57,14826000.0,0,4.0,100.0,
Carrier_Vessel_Type_Specialization,,,Bulk Carrier,BPGT - Bpg Shipping Company Dmcc,,,27043.89,11304000.0,0,1.0,100.0,
Carrier_Vessel_Type_Specialization,,,LNG Tanker,BPSH - Bp Shipping Ltd,,,0.7,6040.0,0,2.0,0.0019617607980218724,
Carrier_Vessel_Type_Specialization,,,Unknown,BPSH - Bp Shipping Ltd,,,35681.53,119067000.0,0,1.0,99.99803823920199,
Carrier_Vessel_Type_Specialization,,,Unknown,BPXE - Bp Exploration & Production Inc,,,5844.48,46165500.0,0,15.0,100.0,
Carrier_Vessel_Type_Specialization,,,Container Ship,BQEG - Blue Eagle Consolidation Gmbh,,,248.86,320800.0,3,2.0,92.17037037037038,
Carrier_Vessel_Type_Specialization,,,General Cargo,BQEG - Blue Eagle Consolidation Gmbh,,,19.74,136400.0,2,1.0,7.31111111111111,
Carrier_Vessel_Type_Specialization,,,Unknown,BQEG - Blue Eagle Consolidation Gmbh,,,1.4,8100.0,2,1.0,0.5185185185185185,
Carrier_Vessel_Type_Specialization,,,Vehicle Carrier,BRDT - Bridgestone Logistics Co Ltd,,,536.85,6637000.0,0,2.0,100.0,
Carrier_Vessel_Type_Specialization,,,Vehicle Carrier,BRNI - Burnard International Limited,,,12.110000000000001,169000.0,0,1.0,100.0,
Carrier_Vessel_Type_Specialization,,,LPG Tanker,BSCS - Bernhard Schulte Shipmanagement,,,0.05,510.0,1,1.0,38.46153846153847,
Carrier_Vessel_Type_Specialization,,,Tanker (Other),BSCS - Bernhard Schulte Shipmanagement,,,0.08,1730.0,0,2.0,61.53846153846154,
Carrier_Vessel_Type_Specialization,,,Bulk Carrier,BSSJ - Bernhard Schulte Shipmanagement,,,0.38,2800.0,2,2.0,1.470019342359768,
Carrier_Vessel_Type_Specialization,,,Container Ship,BSSJ - Bernhard Schulte Shipmanagement,,,24.91,649230.0,0,1.0,96.36363636363637,
Carrier_Vessel_Type_Specialization,,,LNG Tanker,BSSJ - Bernhard Schulte Shipmanagement,,,0.0,8.0,0,1.0,0.0,
Carrier_Vessel_Type_Specialization,,,LPG Tanker,BSSJ - Bernhard Schulte Shipmanagement,,,0.11,3732.0,0,2.0,0.425531914893617,
Carrier_Vessel_Type_Specialization,,,Tanker (Other),BSSJ - Bernhard Schulte Shipmanagement,,,0.44000000000000006,1816.0,0,3.0,1.7021276595744685,
Carrier_Vessel_Type_Specialization,,,Unknown,BSSJ - Bernhard Schulte Shipmanagement,,,0.01,221.0,3,1.0,0.03868471953578337,
Carrier_Vessel_Type_Specialization,,,Tanker (Other),BSSL - Bernhard Schulte Shipmanagement,,,147169.71,344805000.0,34,3.0,100.0,
Carrier_Vessel_Type_Specialization,,,Bulk Carrier,BUKA - Bulk Atlantic Inc,,,148108.84,128952460.0,0,6.0,68.77979389769706,
Carrier_Vessel_Type_Specialization,,,General Cargo,BUKA - Bulk Atlantic Inc,,,38681.8,35956000.0,0,2.0,17.963318270482294,
Carrier_Vessel_Type_Specialization,,,Unknown,BUKA - Bulk Atlantic Inc,,,28547.08,20817000.0,0,1.0,13.256887831820642,
Carrier_Vessel_Type_Specialization,,,Bulk Carrier,BUNG - Bunge S A,,,1144869.58,1397115100.0,65,24.0,78.00137813136435,
Carrier_Vessel_Type_Specialization,,,General Cargo,BUNG - Bunge S A,,,43150.0,23646000.0,1,1.0,2.9398627801503574,
Carrier_Vessel_Type_Specialization,,,Unknown,BUNG - Bunge S A,,,279736.0,155820000.0,7,6.0,19.058759088485292,
Carrier_Vessel_Type_Specialization,,,LNG Tanker,BWGA - Bw Lng As,,,35.68,378131.0,0,7.0,0.02177688386219383,
Carrier_Vessel_Type_Specialization,,,Unknown,BWGA - Bw Lng As,,,163807.78,67184315.0,19,2.0,99.97822311613781,
Carrier_Vessel_Type_Specialization,,,Bulk Carrier,BWLE - Jas Forwarding,,,173.15,1864100.0,10,3.0,1.449542282851199,
Carrier_Vessel_Type_Specialization,,,Container Ship,BWLE - Jas Forwarding,,,324.37,3579795.0,58,49.0,2.715495410271114,
Carrier_Vessel_Type_Specialization,,,General Cargo,BWLE - Jas Forwarding,,,6348.73,85502700.0,38,10.0,53.14901863936409,
Carrier_Vessel_Type_Specialization,,,RoRo,BWLE - Jas Forwarding,,,595.3199999999999,10048040.0,33,5.0,4.9837800278774225,
Carrier_Vessel_Type_Specialization,,,Tanker (Other),BWLE - Jas Forwarding,,,43.2,956800.0,6,2.0,0.36165305584274793,
Carrier_Vessel_Type_Specialization,,,Unknown,BWLE - Jas Forwarding,,,1094.64,13411650.0,26,17.0,9.163886598326519,
Carrier_Vessel_Type_Specialization,,,Vehicle Carrier,BWLE - Jas Forwarding,,,3365.74,25292000.0,84,29.0,28.176623985466904,
Carrier_Vessel_Type_Specialization,,,Container Ship,BWMP - Blue Wave Line Nv,,,102.3,785000.0,0,1.0,100.0,
Carrier_Vessel_Type_Specialization,,,LPG Tanker,BWOG - Bw Lpg Pool Pte Ltd,,,0.81,7056.0,0,6.0,100.0,
Carrier_Vessel_Type_Specialization,,,Container Ship,BWSS - Blue Water Shipping Us Inc,,,124.03,542300.0,0,2.0,3.10311612604611,
Carrier_Vessel_Type_Specialization,,,General Cargo,BWSS - Blue Water Shipping Us Inc,,,2563.54,17470600.0,0,8.0,64.13740477113798,
Carrier_Vessel_Type_Specialization,,,RoRo,BWSS - Blue Water Shipping Us Inc,,,269.4,3330000.0,0,3.0,6.740139356259147,
Carrier_Vessel_Type_Specialization,,,Tanker (Other),BWSS - Blue Water Shipping Us Inc,,,405.48,2154000.0,0,1.0,10.144735360712543,
Carrier_Vessel_Type_Specialization,,,Unknown,BWSS - Blue Water Shipping Us Inc,,,368.31,6896300.0,0,5.0,9.214776266903513,
Carrier_Vessel_Type_Specialization,,,Vehicle Carrier,BWSS - Blue Water Shipping Us Inc,,,266.19,6730500.0,0,6.0,6.659828118940691,
Carrier_Vessel_Type_Specialization,,,Tanker (Other),BXTR - Baxter Trading Inc,,,210907.02000000002,144839146.0,0,1.0,100.0,
Carrier_Vessel_Type_Specialization,,,Reefer,BYGW - Boyang Ltd,,,3603.7,20785100.0,12,3.0,72.73266703264765,
Carrier_Vessel_Type_Specialization,,,Unknown,BYGW - Boyang Ltd,,,1351.02,10902600.0,15,1.0,27.26733296735235,
Carrier_Vessel_Type_Specialization,,,Tanker (Other),BYTG - Byron Two One,,,0.0,18.0,0,1.0,,
Carrier_Vessel_Type_Specialization,,,Bulk Carrier,BYZA - Byzantine Maritime Corporation,,,0.01,180.0,0,1.0,100.0,
Carrier_Vessel_Type_Specialization,,,Unknown,BZZN - Bruzzone Shipping Inc,,,3.12,27900.0,0,1.0,100.0,
Carrier_Vessel_Type_Specialization,,,LPG Tanker,CARB - Carbofin S P A,,,1.12,34280.0,0,3.0,100.0,
Carrier_Vessel_Type_Specialization,,,Tanker (Other),CAYD - Crest Agency Ltd,,,0.01,220.0,0,1.0,100.0,
Carrier_Vessel_Type_Specialization,,,Bulk Carrier,CAYP - Campbell Projects Pte Ltd.,,,1124.0900000000001,2955000.0,3,1.0,100.0,
Carrier_Vessel_Type_Specialization,,,Tanker (Other),CBDW - Caribe Tankers Ltd,,,1000.0,3939000.0,1,1.0,4.23707448649835,
Carrier_Vessel_Type_Specialization,,,Unknown,CBDW - Caribe Tankers Ltd,,,22601.190000000002,80167000.0,3,1.0,95.76292551350166,
Carrier_Vessel_Type_Specialization,,,Bulk Carrier,CBFE - Cldn Cobelfret S A,,,162366.65,93346000.0,2,2.0,100.0,
Carrier_Vessel_Type_Specialization,,,Bulk Carrier,CBKG - Centurion Bulk Pte Ltd,,,873358.16,851895000.0,29,20.0,83.03455544840071,
Carrier_Vessel_Type_Specialization,,,General Cargo,CBKG - Centurion Bulk Pte Ltd,,,92452.69,401989700.0,19,4.0,8.78994250670172,
Carrier_Vessel_Type_Specialization,,,Tanker (Other),CBKG - Centurion Bulk Pte Ltd,,,43840.0,69530000.0,6,1.0,4.168089424913471,
Carrier_Vessel_Type_Specialization,,,Unknown,CBKG - Centurion Bulk Pte Ltd,,,42150.0,55006000.0,1,1.0,4.0074126199840965,
Carrier_Vessel_Type_Specialization,,,Container Ship,CBLA - Combi Line International Spa,,,36.53,772000.0,0,1.0,3.7418693982074265,
Carrier_Vessel_Type_Specialization,,,RoRo,CBLA - Combi Line International Spa,,,91.8,188200.0,0,1.0,9.403329065300897,
Carrier_Vessel_Type_Specialization,,,Vehicle Carrier,CBLA - Combi Line International Spa,,,847.92,7350000.0,0,1.0,86.85480153649168,
Carrier_Vessel_Type_Specialization,,,Tanker (Other),CBVH - Chemship B V,,,206260.47,420185340.0,28,8.0,100.0,
Carrier_Vessel_Type_Specialization,,,Bulk Carrier,CCBC - Cosco Shipping Bulk Co Ltd,,,1440328.25,1243104000.0,0,25.0,93.51086657994514,
Carrier_Vessel_Type_Specialization,,,Container Ship,CCBC - Cosco Shipping Bulk Co Ltd,,,1.54,810.0,0,1.0,9.99818857493877e-05,
Carrier_Vessel_Type_Specialization,,,Unknown,CCBC - Cosco Shipping Bulk Co Ltd,,,99949.22,37728700.0,0,3.0,6.489033438169102,
Carrier_Vessel_Type_Specialization,,,General Cargo,CCGH - Cargo Consolidators Agency Ltd.,,,32.77,355800.0,3,3.0,13.170163170163171,
Carrier_Vessel_Type_Specialization,,,Unknown,CCGH - Cargo Consolidators Agency Ltd.,,,216.04999999999998,2150500.0,10,2.0,86.82983682983682,
Carrier_Vessel_Type_Specialization,,,General Cargo,CCGJ - Cross Chartering N V,,,10282.51,268581800.0,163,17.0,96.36651949680464,
Carrier_Vessel_Type_Specialization,,,Unknown,CCGJ - Cross Chartering N V,,,387.7,14439300.0,6,1.0,3.6334805031953445,
Carrier_Vessel_Type_Specialization,,,Bulk Carrier,CCLL - Cargo Container Line Limited,,,55.84,1864770.0,12,3.0,4.201402473891715,
Carrier_Vessel_Type_Specialization,,,Container Ship,CCLL - Cargo Container Line Limited,,,370.92,5252027.0,75,42.0,27.908026604869534,
Carrier_Vessel_Type_Specialization,,,General Cargo,CCLL - Cargo Container Line Limited,,,19.740000000000002,244900.0,2,1.0,1.4852379089294854,
Carrier_Vessel_Type_Specialization,,,RoRo,CCLL - Cargo Container Line Limited,,,337.39,6190300.0,28,4.0,25.38522888012761,
Carrier_Vessel_Type_Specialization,,,Unknown,CCLL - Cargo Container Line Limited,,,90.25999999999999,1927720.0,26,11.0,6.791163812562074,
Carrier_Vessel_Type_Specialization,,,Vehicle Carrier,CCLL - Cargo Container Line Limited,,,454.93,11019400.0,35,19.0,34.22894031961959,
Carrier_Vessel_Type_Specialization,,,Bulk Carrier,CCMK - Concord Maritime Llc,,,508481.0,294247000.0,0,1.0,100.0,
Carrier_Vessel_Type_Specialization,,,Reefer,CCSG - Cool Carriers Ab,,,110117.34,226542700.0,1935,15.0,63.861194931437446,
Carrier_Vessel_Type_Specialization,,,Unknown,CCSG - Cool Carriers Ab,,,62314.98,153848800.0,1348,5.0,36.138805068562554,
Carrier_Vessel_Type_Specialization,,,LNG Tanker,CCXQ - Cool Company Management Limited,,,24317.0,10213000.0,1,1.0,100.0,
Carrier_Vessel_Type_Specialization,,,Container Ship,"CDCC - Cdc Caribe, Inc.",,,33.94,94600.0,0,2.0,100.0,
Carrier_Vessel_Type_Specialization,,,LPG Tanker,CDER - Carib Lpg Trading Ltd,,,329.0,243000.0,0,1.0,100.0,
Carrier_Vessel_Type_Specialization,,,Bulk Carrier,CDFN - Canfornav Limited,,,290722.43,1094289400.0,37,11.0,93.88799796724106,
Carrier_Vessel_Type_Specialization,,,Unknown,CDFN - Canfornav Limited,,,18925.7,11451000.0,3,1.0,6.112002032758926,
Carrier_Vessel_Type_Specialization,,,Bulk Carrier,CDST - Central Dispatch Inc,,,1.26,18310.0,0,10.0,0.001824044555328338,
Carrier_Vessel_Type_Specialization,,,Container Ship,CDST - Central Dispatch Inc,,,7.4799999999999995,41158.0,0,6.0,0.010828454979250767,
Carrier_Vessel_Type_Specialization,,,General Cargo,CDST - Central Dispatch Inc,,,39.78,246713.0,0,18.0,0.057587692389651814,
Carrier_Vessel_Type_Specialization,,,LNG Tanker,CDST - Central Dispatch Inc,,,0.3,1620.0,0,2.0,0.0004342963226972233,
Carrier_Vessel_Type_Specialization,,,LPG Tanker,CDST - Central Dispatch Inc,,,5.51,178446.0,0,9.0,0.007976575793539002,
Carrier_Vessel_Type_Specialization,,,Tanker (Other),CDST - Central Dispatch Inc,,,81.3,1020347.0,0,7.0,0.11769430345094752,
Carrier_Vessel_Type_Specialization,,,Unknown,CDST - Central Dispatch Inc,,,68941.63,473185526.0,0,192.0,99.80365463250858,
Carrier_Vessel_Type_Specialization,,,Bulk Carrier,CEHB - Cosmotrade Exports Sa,,,265636.28,122862000.0,0,6.0,76.69094217458358,
Carrier_Vessel_Type_Specialization,,,General Cargo,CEHB - Cosmotrade Exports Sa,,,30708.05,14556000.0,0,1.0,8.86561612308462,
Carrier_Vessel_Type_Specialization,,,Tanker (Other),CEHB - Cosmotrade Exports Sa,,,50028.1,24213000.0,0,1.0,14.443441702331791,
Carrier_Vessel_Type_Specialization,,,Tanker (Other),CEPC - Chevron North America  Exploration & Production Company,,,1085.28,6029500.0,0,1.0,8.707694332071512,
Carrier_Vessel_Type_Specialization,,,Unknown,CEPC - Chevron North America  Exploration & Production Company,,,11378.18,62347500.0,0,20.0,91.29230566792849,
Carrier_Vessel_Type_Specialization,,,General Cargo,CFGG - Carrier Five Three,,,3770.5499999999997,4751000.0,2,1.0,100.0,
Carrier_Vessel_Type_Specialization,,,Unknown,CFPR - Caribe Freight Forwarding Of Puerto Rico Inc,,,1.6099999999999999,9600.0,0,2.0,100.0,
Carrier_Vessel_Type_Specialization,,,Unknown,CGMH - Citrosuco Gmbh,,,567432.83,1337837400.0,16,6.0,100.0,
Carrier_Vessel_Type_Specialization,,,RoRo,CGPN - Cargo Partner Network Inc,,,41.12,2885000.0,1,1.0,100.0,
Carrier_Vessel_Type_Specialization,,,Unknown,CGRW - Cg Railway Llc,,,1902.22,1831900.0,4,2.0,100.0,
Carrier_Vessel_Type_Specialization,,,Tanker (Other),CGUT - Cygnus Tankers Limited,,,153286.0,116288000.0,0,2.0,47.83684678639974,
Carrier_Vessel_Type_Specialization,,,Unknown,CGUT - Cygnus Tankers Limited,,,167149.0,147018000.0,0,2.0,52.16315321360027,
Carrier_Vessel_Type_Specialization,,,Unknown,CGZL - Cargozone Logistics Inc,,,14.43,194100.0,0,2.0,7.275385701320963,
Carrier_Vessel_Type_Specialization,,,Vehicle Carrier,CGZL - Cargozone Logistics Inc,,,183.91,2760300.0,0,22.0,92.72461429867903,
Carrier_Vessel_Type_Specialization,,,Bulk Carrier,CGZV - Cetus Maritime Asia Pte Ltd,,,73560.2,98127900.0,56,3.0,75.26158599139733,
Carrier_Vessel_Type_Specialization,,,Unknown,CGZV - Cetus Maritime Asia Pte Ltd,,,24179.17,14821000.0,3,1.0,24.738414008602675,
Carrier_Vessel_Type_Specialization,,,Tanker (Other),CHAN - Chandris,,,308291.2,268964340.0,2,6.0,100.0,
Carrier_Vessel_Type_Specialization,,,Tanker (Other),CHFC - Chem Star Shipping Pte Ltd,,,95071.29000000001,95621000.0,29,2.0,100.0,
Carrier_Vessel_Type_Specialization,,,Container Ship,CHKM - Charter Link Logistics Limited,,,0.75,1230.0,0,2.0,100.0,
Carrier_Vessel_Type_Specialization,,,Bulk Carrier,CHPF - Chinaland Shipping Pte Ltd,,,159740.04,289454600.0,88,7.0,84.3935122569738,
Carrier_Vessel_Type_Specialization,,,General Cargo,CHPF - Chinaland Shipping Pte Ltd,,,12906.14,13406000.0,0,1.0,6.818543956043956,
Carrier_Vessel_Type_Specialization,,,Unknown,CHPF - Chinaland Shipping Pte Ltd,,,16633.82,22833000.0,8,2.0,8.787943786982249,
Carrier_Vessel_Type_Specialization,,,Container Ship,CHSL - Christal Lines,,,193.19,538700.0,17,12.0,1.7303520535111305,
Carrier_Vessel_Type_Specialization,,,General Cargo,CHSL - Christal Lines,,,1047.91,7359000.0,9,5.0,9.385854445855628,
Carrier_Vessel_Type_Specialization,,,RoRo,CHSL - Christal Lines,,,1293.97,16170500.0,40,11.0,11.589749193445817,
Carrier_Vessel_Type_Specialization,,,Tanker (Other),CHSL - Christal Lines,,,234.45,577000.0,1,1.0,2.0999070290681945,
Carrier_Vessel_Type_Specialization,,,Unknown,CHSL - Christal Lines,,,7444.88,149580900.0,74,13.0,66.68183340827136,
Carrier_Vessel_Type_Specialization,,,Vehicle Carrier,CHSL - Christal Lines,,,950.38,11988500.0,27,17.0,8.51230386984786,
Carrier_Vessel_Type_Specialization,,,Tanker (Other),CHVV - Chevron Shipping Company Llc,,,27587704.6,15357142888.0,458,22.0,100.0,
Carrier_Vessel_Type_Specialization,,,General Cargo,"CHVW - China Navigation Co Pte Ltd, The",,,7803.1,47412600.0,11,1.0,26.67267816850641,
Carrier_Vessel_Type_Specialization,,,Tanker (Other),"CHVW - China Navigation Co Pte Ltd, The",,,5944.7699999999995,29281800.0,14,1.0,20.320505567760485,
Carrier_Vessel_Type_Specialization,,,Unknown,"CHVW - China Navigation Co Pte Ltd, The",,,15507.16,60534500.0,17,2.0,53.006816263733114,
Carrier_Vessel_Type_Specialization,,,Bulk Carrier,CICB - Chailease International Financial Services,,,55877.0,469758000.0,1,1.0,100.0,
Carrier_Vessel_Type_Specialization,,,Container Ship,"CIFQ - Concepts In Freight, Inc",,,3.38,1820.0,0,1.0,100.0,
Carrier_Vessel_Type_Specialization,,,Bulk Carrier,CINT - Cargill International S A,,,15887823.32,32560247438.0,0,128.0,85.25918214011833,
Carrier_Vessel_Type_Specialization,,,General Cargo,CINT - Cargill International S A,,,314134.0,95554200.0,0,6.0,1.6857443202234659,
Carrier_Vessel_Type_Specialization,,,Tanker (Other),CINT - Cargill International S A,,,855273.0,2979023400.0,0,8.0,4.58967065644115,
Carrier_Vessel_Type_Specialization,,,Unknown,CINT - Cargill International S A,,,1577505.46,1506772100.0,0,21.0,8.465402883217052,
Carrier_Vessel_Type_Specialization,,,Tanker (Other),CISW - Central Marine Logistics Inc,,,4700.0,338000.0,0,1.0,5.200458879639695,
Carrier_Vessel_Type_Specialization,,,Unknown,CISW - Central Marine Logistics Inc,,,85676.64,96498500.0,0,4.0,94.7995411203603,
Carrier_Vessel_Type_Specialization,,,Vehicle Carrier,CITV - Cts International Logistics Corporation Limited,,,78.03,4643000.0,1,1.0,100.0,
Carrier_Vessel_Type_Specialization,,,RoRo,CJAE - Cj Logistics Freight America,,,43.78,1310000.0,0,1.0,100.0,
Carrier_Vessel_Type_Specialization,,,Bulk Carrier,CJIO - Cetus Maritime,,,37305.0,12385000.0,0,1.0,100.0,
Carrier_Vessel_Type_Specialization,,,General Cargo,CJJG - Cetus Maritime Chartering Ltd,,,15171.61,16879100.0,5,1.0,100.0,
Carrier_Vessel_Type_Specialization,,,Container Ship,CJKC - Cj Logistics Corporation,,,70.91,278000.0,0,6.0,100.0,
Carrier_Vessel_Type_Specialization,,,Tanker (Other),CKLN - Chemikalien Seetransport Gmbh,,,0.29,6048.0,0,2.0,12.499999999999996,
Carrier_Vessel_Type_Specialization,,,Unknown,CKLN - Chemikalien Seetransport Gmbh,,,2.0300000000000002,19100.0,0,3.0,87.5,
Carrier_Vessel_Type_Specialization,,,Bulk Carrier,"CKWI - Cal Ixa Aggregates, Llc",,,10156.439999999999,12026000.0,2,1.0,100.0,
Carrier_Vessel_Type_Specialization,,,General Cargo,CLAM - Crowley Latin America Services Llc,,,6.35,500000.0,1,1.0,99.06396255850235,
Carrier_Vessel_Type_Specialization,,,Unknown,CLAM - Crowley Latin America Services Llc,,,0.06,69.0,0,1.0,0.93603744149766,
Carrier_Vessel_Type_Specialization,,,Bulk Carrier,CLDN - Cobelfret Pte Ltd,,,51211.0,10704000.0,6,1.0,100.0,
Carrier_Vessel_Type_Specialization,,,Bulk Carrier,CLPP - Clipper Bulk Shipping Ltd,,,2163080.95,7170576284.0,0,39.0,25.946720857322042,
Carrier_Vessel_Type_Specialization,,,General Cargo,CLPP - Clipper Bulk Shipping Ltd,,,5703734.78,7883493600.0,0,4.0,68.41778814651349,
Carrier_Vessel_Type_Specialization,,,Unknown,CLPP - Clipper Bulk Shipping Ltd,,,469809.77999999997,1270446600.0,0,8.0,5.6354909961644655,
Carrier_Vessel_Type_Specialization,,,Bulk Carrier,CLSG - Conti Lines Shipping Nv,,,170452.55,360484800.0,0,6.0,54.140680508156926,
Carrier_Vessel_Type_Specialization,,,General Cargo,CLSG - Conti Lines Shipping Nv,,,144380.12,689462900.0,3,6.0,45.85931949184308,
Carrier_Vessel_Type_Specialization,,,Bulk Carrier,CLUA - Conceptum Logistics,,,208.62,1358000.0,0,1.0,9.414047516978407,
Carrier_Vessel_Type_Specialization,,,General Cargo,CLUA - Conceptum Logistics,,,637.25,8416000.0,0,3.0,28.75612012364342,
Carrier_Vessel_Type_Specialization,,,RoRo,CLUA - Conceptum Logistics,,,289.02,1877000.0,0,2.0,13.042124500800972,
Carrier_Vessel_Type_Specialization,,,Unknown,CLUA - Conceptum Logistics,,,1081.16,9770000.0,0,6.0,48.7877078585772,
Carrier_Vessel_Type_Specialization,,,Bulk Carrier,CMCF - Cmb.Tech Nv,,,139272.48,75068000.0,0,1.0,21.202074243570824,
Carrier_Vessel_Type_Specialization,,,Tanker (Other),CMCF - Cmb.Tech Nv,,,517608.91000000003,315755101.0,0,7.0,78.79792575642918,
Carrier_Vessel_Type_Specialization,,,Bulk Carrier,CMDU - Cma Cgm America Llc,,,4281.3,10889620.0,27,4.0,1.6848761029881847,
Carrier_Vessel_Type_Specialization,,,Container Ship,CMDU - Cma Cgm America Llc,,,85348.64,664375085.0,1364,169.0,33.58836894367166,
Carrier_Vessel_Type_Specialization,,,General Cargo,CMDU - Cma Cgm America Llc,,,43.02,298000.0,2,1.0,0.01693022445298197,
Carrier_Vessel_Type_Specialization,,,RoRo,CMDU - Cma Cgm America Llc,,,5.2,72600.0,2,1.0,0.002046424155172158,
Carrier_Vessel_Type_Specialization,,,Unknown,CMDU - Cma Cgm America Llc,,,103651.25,609394698.0,441,39.0,40.79123494495926,
Carrier_Vessel_Type_Specialization,,,Vehicle Carrier,CMDU - Cma Cgm America Llc,,,60772.36,430023200.0,120,1.0,23.91654335977274,
Carrier_Vessel_Type_Specialization,,,Bulk Carrier,CMMD - Cardinal Global Logistics Ltd,,,1.28,13900.0,0,1.0,7.6555023923444985,
Carrier_Vessel_Type_Specialization,,,Container Ship,CMMD - Cardinal Global Logistics Ltd,,,15.44,72200.0,0,1.0,92.34449760765551,
Carrier_Vessel_Type_Specialization,,,Bulk Carrier,CMPJ - Centurion Mpp Pte Ltd,,,11027.55,27830000.0,5,3.0,71.61779165568024,
Carrier_Vessel_Type_Specialization,,,General Cargo,CMPJ - Centurion Mpp Pte Ltd,,,4370.23,51724000.0,17,2.0,28.382208344319764,
Carrier_Vessel_Type_Specialization,,,Tanker (Other),CMWQ - Central Mare Inc,,,1.24,20500.0,3,2.0,57.14285714285714,
Carrier_Vessel_Type_Specialization,,,Unknown,CMWQ - Central Mare Inc,,,0.93,7630.0,0,1.0,42.85714285714286,
Carrier_Vessel_Type_Specialization,,,Tanker (Other),CNIH - Chinaarts Intertrans,,,150.5,1456000.0,0,1.0,20.10741769987174,
Carrier_Vessel_Type_Specialization,,,Vehicle Carrier,CNIH - Chinaarts Intertrans,,,597.98,4269400.0,0,3.0,79.89258230012825,
Carrier_Vessel_Type_Specialization,,,Unknown,CNUO - Centauri Transport,,,539.05,4144900.0,0,3.0,100.0,
Carrier_Vessel_Type_Specialization,,,Tanker (Other),COEB - Core Transport Llc,,,507443.02,289596000.0,0,3.0,100.0,
Carrier_Vessel_Type_Specialization,,,Container Ship,COHE - Cohesion Freight,,,0.19,2400.0,1,1.0,100.0,
Carrier_Vessel_Type_Specialization,,,Container Ship,COMP - Compass Lines,,,19.5,316000.0,0,1.0,69.14893617021278,
Carrier_Vessel_Type_Specialization,,,RoRo,COMP - Compass Lines,,,8.7,88200.0,0,1.0,30.851063829787233,
Carrier_Vessel_Type_Specialization,,,Bulk Carrier,COSP - Columbia Shipmanagement Ltd,,,49.16,471239.0,5,5.0,76.43034825870647,
Carrier_Vessel_Type_Specialization,,,Container Ship,COSP - Columbia Shipmanagement Ltd,,,3.27,20793.0,10,7.0,5.083955223880598,
Carrier_Vessel_Type_Specialization,,,LPG Tanker,COSP - Columbia Shipmanagement Ltd,,,0.12,779.0,0,2.0,0.1865671641791045,
Carrier_Vessel_Type_Specialization,,,Tanker (Other),COSP - Columbia Shipmanagement Ltd,,,8.93,71727.0,49,22.0,13.883706467661694,
Carrier_Vessel_Type_Specialization,,,Unknown,COSP - Columbia Shipmanagement Ltd,,,2.84,20159.0,10,5.0,4.41542288557214,
Carrier_Vessel_Type_Specialization,,,Container Ship,COSU - Cosco Shipping Lines Co Ltd,,,1380.4099999999999,1830300.0,8,7.0,87.47734502731271,
Carrier_Vessel_Type_Specialization,,,Unknown,COSU - Cosco Shipping Lines Co Ltd,,,197.61,211000.0,1,1.0,12.522654972687292,
Carrier_Vessel_Type_Specialization,,,Unknown,CPDV - Cpd Alaska Llc,,,7635.0,5733000.0,0,1.0,100.0,
Carrier_Vessel_Type_Specialization,,,Bulk Carrier,CPHH - Capes Shipping Agencies,,,1035286.16,949224000.0,115,28.0,58.763675543865425,
Carrier_Vessel_Type_Specialization,,,General Cargo,CPHH - Capes Shipping Agencies,,,80703.79,46762100.0,18,4.0,4.580812063323874,
Carrier_Vessel_Type_Specialization,,,Tanker (Other),CPHH - Capes Shipping Agencies,,,34015.99,22033052.0,27,3.0,1.93077496531333,
Carrier_Vessel_Type_Specialization,,,Unknown,CPHH - Capes Shipping Agencies,,,611773.17,2668259900.0,104,15.0,34.72473742749737,
Carrier_Vessel_Type_Specialization,,,Bulk Carrier,CPJQ - Chinese Polish Joint Stock Shipping Co In Shanghai,,,116234.01,137940100.0,282,3.0,36.343178202124385,
Carrier_Vessel_Type_Specialization,,,General Cargo,CPJQ - Chinese Polish Joint Stock Shipping Co In Shanghai,,,119410.07,471609010.0,570,9.0,37.336244814561134,
Carrier_Vessel_Type_Specialization,,,Unknown,CPJQ - Chinese Polish Joint Stock Shipping Co In Shanghai,,,84179.38,219877435.0,268,4.0,26.32057698331448,
Carrier_Vessel_Type_Specialization,,,Vehicle Carrier,"CPMH - L. E. Coppersmith, Llc",,,4.71,82100.0,4,1.0,100.0,
Carrier_Vessel_Type_Specialization,,,Other,CPUD - Carnival Plc,,,40.269999999999996,88233.0,0,2.0,100.0,
Carrier_Vessel_Type_Specialization,,,Tanker (Other),CPUK - Cape Management Company Inc,,,1376690.47,1082036700.0,63,10.0,100.0,
Carrier_Vessel_Type_Specialization,,,Tanker (Other),CPUV - Cpt Alliance Ltd,,,204216.74,157494000.0,11,4.0,82.8804900018892,
Carrier_Vessel_Type_Specialization,,,Unknown,CPUV - Cpt Alliance Ltd,,,42182.31,30975000.0,2,1.0,17.11950999811079,
Carrier_Vessel_Type_Specialization,,,Bulk Carrier,CQCY - Coolbulk Ltd,,,67670.0,19168000.0,0,1.0,100.0,
Carrier_Vessel_Type_Specialization,,,RoRo,"CQDE - Combi Lift Projects, Llc",,,248.6,4640000.0,4,3.0,100.0,
Carrier_Vessel_Type_Specialization,,,Other,CQLY - Celebrity Cruises,,,37537.54,110306302.0,0,11.0,100.0,
Carrier_Vessel_Type_Specialization,,,Bulk Carrier,CQSQ - Cosco Shipping Specialized Carriers Co Ltd,,,33069.4,208408000.0,28,2.0,58.18192182579486,
Carrier_Vessel_Type_Specialization,,,General Cargo,CQSQ - Cosco Shipping Specialized Carriers Co Ltd,,,12792.380000000001,102312600.0,36,2.0,22.50676616829642,
Carrier_Vessel_Type_Specialization,,,Unknown,CQSQ - Cosco Shipping Specialized Carriers Co Ltd,,,10976.15,74745000.0,2,2.0,19.31131200590873,
Carrier_Vessel_Type_Specialization,,,Container Ship,CRFN - Clearfreight,,,19.28,146000.0,6,5.0,18.52421214450423,
Carrier_Vessel_Type_Specialization,,,Unknown,CRFN - Clearfreight,,,84.8,1306000.0,2,1.0,81.47578785549577,
Carrier_Vessel_Type_Specialization,,,Container Ship,CRNV - Carnival Cruise Lines,,,521.96,4856657.0,0,1.0,0.694786928325905,
Carrier_Vessel_Type_Specialization,,,Other,CRNV - Carnival Cruise Lines,,,70519.79,701802225.0,0,26.0,93.86969936448746,
Carrier_Vessel_Type_Specialization,,,Unknown,CRNV - Carnival Cruise Lines,,,4083.44,31081392.0,0,6.0,5.435513707186631,
Carrier_Vessel_Type_Specialization,,,Container Ship,CROI - Carotrans International,,,17.85,512760.0,24,4.0,99.66499162479062,
Carrier_Vessel_Type_Specialization,,,Unknown,CROI - Carotrans International,,,0.06,390.0,1,1.0,0.33500837520938026,
Carrier_Vessel_Type_Specialization,,,Bulk Carrier,CSNK - Contilines Nv,,,80926.33,65434000.0,0,3.0,76.75374323063028,
Carrier_Vessel_Type_Specialization,,,General Cargo,CSNK - Contilines Nv,,,24510.0,2279000.0,0,1.0,23.246256769369722,
Carrier_Vessel_Type_Specialization,,,Tanker (Other),CSOM - Cosco Shipping Energy Transportation Co Ltd,,,351465.02,184423000.0,0,2.0,100.0,
Carrier_Vessel_Type_Specialization,,,General Cargo,CSPA - Clearlake Shipping Pte Ltd,,,31254.0,27097000.0,0,1.0,0.5643953129221136,
Carrier_Vessel_Type_Specialization,,,Tanker (Other),CSPA - Clearlake Shipping Pte Ltd,,,5049859.0,4191109903.0,0,50.0,91.19206343244231,
Carrier_Vessel_Type_Specialization,,,Unknown,CSPA - Clearlake Shipping Pte Ltd,,,456495.0,332219000.0,0,8.0,8.243541254635575,
Carrier_Vessel_Type_Specialization,,,Bulk Carrier,CSSL - The Csl Group Inc,,,22396791.43,33651816017.0,0,16.0,71.42602781478014,
Carrier_Vessel_Type_Specialization,,,Unknown,CSSL - The Csl Group Inc,,,8959833.2,13487164000.0,0,18.0,28.57397218521986,
Carrier_Vessel_Type_Specialization,,,Tanker (Other),CTNK - Champion Tankers As,,,1047698.03,2393033400.0,0,14.0,100.0,
Carrier_Vessel_Type_Specialization,,,General Cargo,CUOL - Cloud Ocean Line Limited,,,105.38,956000.0,0,1.0,9.297934478590397,
Carrier_Vessel_Type_Specialization,,,RoRo,CUOL - Cloud Ocean Line Limited,,,419.42,8588460.0,0,4.0,37.006449791330276,
Carrier_Vessel_Type_Specialization,,,Vehicle Carrier,CUOL - Cloud Ocean Line Limited,,,608.57,11492200.0,0,5.0,53.69561573007932,
Carrier_Vessel_Type_Specialization,,,Bulk Carrier,CVHQ - Cobelfret Nv,,,175222.15,2593432000.0,31,8.0,72.30933804506127,
Carrier_Vessel_Type_Specialization,,,General Cargo,CVHQ - Cobelfret Nv,,,33000.84,657887000.0,21,2.0,13.618534502236043,
Carrier_Vessel_Type_Specialization,,,Unknown,CVHQ - Cobelfret Nv,,,34100.0,112803000.0,0,1.0,14.072127452702693,
Carrier_Vessel_Type_Specialization,,,Other,CVJD - Crystal Cruises Ltd,,,114.2,188820.0,0,1.0,100.0,
Carrier_Vessel_Type_Specialization,,,Unknown,CVWK - Corporacion Primax Sa,,,99498.45,87370000.0,0,1.0,100.0,
Carrier_Vessel_Type_Specialization,,,Tanker (Other),CWFP - Crawford Enterprises Inc,,,0.17,1900.0,1,1.0,100.0,
Carrier_Vessel_Type_Specialization,,,Container Ship,CWLQ - Crowley Caribbean Services Llc,,,2627.96,35397525.0,1040,1.0,99.59222653407713,
Carrier_Vessel_Type_Specialization,,,Unknown,CWLQ - Crowley Caribbean Services Llc,,,10.76,151200.0,4,3.0,0.4077734659228716,
Carrier_Vessel_Type_Specialization,,,Unknown,CWPS - Crowley Petroleum Services Inc,,,85000.0,51425000.0,0,1.0,100.0,
Carrier_Vessel_Type_Specialization,,,Bulk Carrier,CWQG - Cimc Wetrans Logistics Technology,,,205.33999999999997,413000.0,0,3.0,100.0,
Carrier_Vessel_Type_Specialization,,,Unknown,CXGK - Challenger Lc Dmcc,,,25394.18,29477000.0,0,1.0,100.0,
Carrier_Vessel_Type_Specialization,,,Bulk Carrier,CYSF - Crystal Sea Shipping Co Ltd,,,410591.69,389625900.0,0,5.0,100.0,
Carrier_Vessel_Type_Specialization,,,Bulk Carrier,DADL - D'amico Dry Designated Activity Company,,,0.02,210.0,1,1.0,9.090909090909092,
Carrier_Vessel_Type_Specialization,,,Unknown,DADL - D'amico Dry Designated Activity Company,,,0.2,30300.0,7,1.0,90.90909090909092,
Carrier_Vessel_Type_Specialization,,,Tanker (Other),DAMT - D'amico Tankers Designated Activity Company,,,822871.2,2401140956.0,67,18.0,87.81920099083248,
Carrier_Vessel_Type_Specialization,,,Unknown,DAMT - D'amico Tankers Designated Activity Company,,,114134.81999999999,113737010.0,10,3.0,12.180799009167519,
Carrier_Vessel_Type_Specialization,,,Container Ship,DBGA - Db Group America Ltd,,,20.52,312160.0,15,11.0,89.21739130434783,
Carrier_Vessel_Type_Specialization,,,Unknown,DBGA - Db Group America Ltd,,,2.48,5790.0,2,3.0,10.782608695652174,
Carrier_Vessel_Type_Specialization,,,Bulk Carrier,DCAE - Dship Carriers Gmbh & Co. Kg,,,6687.26,40415000.0,4,2.0,14.962418649067171,
Carrier_Vessel_Type_Specialization,,,General Cargo,DCAE - Dship Carriers Gmbh & Co. Kg,,,33464.05,322950700.0,53,9.0,74.87418251919566,
Carrier_Vessel_Type_Specialization,,,Unknown,DCAE - Dship Carriers Gmbh & Co. Kg,,,4542.400000000001,8436000.0,3,1.0,10.163398831737172,
Carrier_Vessel_Type_Specialization,,,Unknown,DCHP - Delta Corp Shipping Pte Ltd,,,41160.0,4733000.0,0,1.0,100.0,
Carrier_Vessel_Type_Specialization,,,Other,DCRL - Disney Cruise Line,,,7847.76,109193783.0,0,6.0,100.0,
Carrier_Vessel_Type_Specialization,,,Unknown,DCSD - U. Del Corona & Scardigli Srl,,,330.16,7940000.0,0,1.0,100.0,
Carrier_Vessel_Type_Specialization,,,Bulk Carrier,DCTY - Daiichi Chuo Kisen Kaisha,,,216318.46,297796000.0,0,11.0,97.39376622331146,
Carrier_Vessel_Type_Specialization,,,General Cargo,DCTY - Daiichi Chuo Kisen Kaisha,,,5788.629999999999,17126800.0,0,1.0,2.606233776688533,
Carrier_Vessel_Type_Specialization,,,RoRo,DCWP - Draft Cargoways India Private Limited,,,106.26,4149000.0,1,1.0,100.0,
Carrier_Vessel_Type_Specialization,,,Unknown,DDAH - Dh Dhekelia Shipmanagement Ltd,,,46588.0,57735000.0,8,1.0,100.0,
Carrier_Vessel_Type_Specialization,,,Bulk Carrier,DDUJ - Ddsl Corp,,,33220.0,7541000.0,2,1.0,100.0,
Carrier_Vessel_Type_Specialization,,,Other,DFBA - Doral Freight Logistics Inc,,,14.85,121710.0,0,1.0,19.300753834156488,
Carrier_Vessel_Type_Specialization,,,RoRo,DFBA - Doral Freight Logistics Inc,,,1.28,8400.0,0,1.0,1.6636340005198857,
Carrier_Vessel_Type_Specialization,,,Unknown,DFBA - Doral Freight Logistics Inc,,,60.81,383470.0,0,4.0,79.03561216532363,
Carrier_Vessel_Type_Specialization,,,Container Ship,DFDS - Dsv Ocean Transport A/S,,,15.200000000000001,154950.0,8,7.0,1.359497701375597,
Carrier_Vessel_Type_Specialization,,,General Cargo,DFDS - Dsv Ocean Transport A/S,,,581.96,4091000.0,3,4.0,52.05087383503568,
Carrier_Vessel_Type_Specialization,,,RoRo,DFDS - Dsv Ocean Transport A/S,,,126.23,828800.0,5,3.0,11.290091766094841,
Carrier_Vessel_Type_Specialization,,,Unknown,DFDS - Dsv Ocean Transport A/S,,,382.61,1616200.0,9,6.0,34.22088260021823,
Carrier_Vessel_Type_Specialization,,,Vehicle Carrier,DFDS - Dsv Ocean Transport A/S,,,12.06,49200.0,1,1.0,1.078654097275638,
Carrier_Vessel_Type_Specialization,,,Container Ship,"DFFI - Dff,Inc",,,11.66,31600.0,2,1.0,100.0,
Carrier_Vessel_Type_Specialization,,,Tanker (Other),DHBQ - Dht Bronco Inc,,,259536.0,161171000.0,0,1.0,100.0,
Carrier_Vessel_Type_Specialization,,,Unknown,DHPE - Dht Peony Inc,,,135710.0,78440000.0,0,1.0,100.0,
Carrier_Vessel_Type_Specialization,,,Tanker (Other),"DHUJ - Dht Appaloosa, Inc.",,,271089.0,138797000.0,0,1.0,100.0,
Carrier_Vessel_Type_Specialization,,,Unknown,DICP - Dimar International Cargo Corp,,,1.26,9600.0,0,2.0,100.0,
Carrier_Vessel_Type_Specialization,,,Tanker (Other),DJLD - Dht Jaguar Limited,,,397969.03,236791092.0,0,1.0,100.0,
Carrier_Vessel_Type_Specialization,,,General Cargo,DLHD - Dareon Logistics Hk Co Ltd,,,6057.08,57174000.0,8,1.0,100.0,
Carrier_Vessel_Type_Specialization,,,Container Ship,DLHT - Dt Logistics,,,6866.1,152579000.0,0,5.0,95.2277263151179,
Carrier_Vessel_Type_Specialization,,,General Cargo,DLHT - Dt Logistics,,,65.09,375000.0,0,2.0,0.9027501355720169,
Carrier_Vessel_Type_Specialization,,,Unknown,DLHT - Dt Logistics,,,76.3,1129900.0,0,2.0,1.0582245405460882,
Carrier_Vessel_Type_Specialization,,,Vehicle Carrier,DLHT - Dt Logistics,,,202.7,5103000.0,0,2.0,2.811299008763985,
Carrier_Vessel_Type_Specialization,,,LPG Tanker,DLMP - Dorian Lpg Management Corp,,,7.28,280938.0,12,8.0,96.04221635883906,
Carrier_Vessel_Type_Specialization,,,Unknown,DLMP - Dorian Lpg Management Corp,,,0.3,730.0,1,1.0,3.9577836411609493,
Carrier_Vessel_Type_Specialization,,,Container Ship,DLPD - Dahnay Logistics Pvt Ltd,,,0.06,510.0,1,1.0,100.0,
Carrier_Vessel_Type_Specialization,,,Bulk Carrier,DMAL - Danmar Lines Ltd,,,5180.7,30872500.0,23,5.0,22.84777061468075,
Carrier_Vessel_Type_Specialization,,,Container Ship,DMAL - Danmar Lines Ltd,,,959.9200000000001,13135630.0,42,29.0,4.233410922934034,
Carrier_Vessel_Type_Specialization,,,General Cargo,DMAL - Danmar Lines Ltd,,,10938.98,62407100.0,36,16.0,48.24276754079187,
Carrier_Vessel_Type_Specialization,,,RoRo,DMAL - Danmar Lines Ltd,,,568.5,26750200.0,69,6.0,2.5071819627552276,
Carrier_Vessel_Type_Specialization,,,Tanker (Other),DMAL - Danmar Lines Ltd,,,100.15,353000.0,0,1.0,0.44167858147746003,
Carrier_Vessel_Type_Specialization,,,Unknown,DMAL - Danmar Lines Ltd,,,4084.4,28044980.0,36,26.0,18.012900630919,
Carrier_Vessel_Type_Specialization,,,Vehicle Carrier,DMAL - Danmar Lines Ltd,,,842.21,12642200.0,24,15.0,3.714289746441654,
Carrier_Vessel_Type_Specialization,,,Unknown,DMCW - Daniel Marine Corp,,,272486.0,201735000.0,4,1.0,100.0,
Carrier_Vessel_Type_Specialization,,,Bulk Carrier,DMNA - Dampskibsselskabet Norden Aktieselskab,,,9717818.1,18636511600.0,36,117.0,51.40609676960109,
Carrier_Vessel_Type_Specialization,,,General Cargo,DMNA - Dampskibsselskabet Norden Aktieselskab,,,885495.27,1787124200.0,34,19.0,4.684164188939084,
Carrier_Vessel_Type_Specialization,,,Tanker (Other),DMNA - Dampskibsselskabet Norden Aktieselskab,,,5583982.14,4979045000.0,0,47.0,29.538598407039974,
Carrier_Vessel_Type_Specialization,,,Unknown,DMNA - Dampskibsselskabet Norden Aktieselskab,,,2716723.1,1851790960.0,0,32.0,14.371140634419849,
Carrier_Vessel_Type_Specialization,,,Tanker (Other),DMSW - Delta Maria Special Maritime Enterprise,,,138978.4,88946000.0,1,1.0,100.0,
Carrier_Vessel_Type_Specialization,,,Unknown,DMTT - Deforge Maritime Towing,,,600.0,226000.0,0,1.0,100.0,
Carrier_Vessel_Type_Specialization,,,Unknown,DMTW - Dann Marine Towing,,,6798.0,8368000.0,0,1.0,100.0,
Carrier_Vessel_Type_Specialization,,,Unknown,DNOE - Dna Ocean,,,4.46,81900.0,0,1.0,100.0,
Carrier_Vessel_Type_Specialization,,,Container Ship,DNYC - Dart Global Logistics,,,5.21,42300.0,3,2.0,0.8560490297563299,
Carrier_Vessel_Type_Specialization,,,RoRo,DNYC - Dart Global Logistics,,,603.4,6089000.0,7,4.0,99.14395097024367,
Carrier_Vessel_Type_Specialization,,,Tanker (Other),DOAI - Dorchester Associates Inc,,,58434.13,48105223.0,0,1.0,100.0,
Carrier_Vessel_Type_Specialization,,,Unknown,DOFC - Diamond Offshore Company,,,1971.38,28848200.0,0,4.0,100.0,
Carrier_Vessel_Type_Specialization,,,Reefer,DOLG - Dole Ocean Transport Express Limited,,,1.91,1000.0,1,1.0,100.0,
Carrier_Vessel_Type_Specialization,,,Reefer,DOLQ - Dole Ocean Cargo Express,,,1069.98,1852880.0,81,5.0,100.0,
Carrier_Vessel_Type_Specialization,,,Unknown,DORU - Dorick Navigation S A,,,81.39,1875463.0,0,2.0,100.0,
Carrier_Vessel_Type_Specialization,,,Bulk Carrier,DOSO - Dsv Marine Services,,,62.77,633000.0,0,52.0,0.19230557131635415,
Carrier_Vessel_Type_Specialization,,,Container Ship,DOSO - Dsv Marine Services,,,41.62,506520.0,0,36.0,0.12750928593574412,
Carrier_Vessel_Type_Specialization,,,General Cargo,DOSO - Dsv Marine Services,,,1793.9,6357600.0,0,18.0,5.4958891888546715,
Carrier_Vessel_Type_Specialization,,,LNG Tanker,DOSO - Dsv Marine Services,,,14.58,140500.0,0,11.0,0.0446680775815269,
Carrier_Vessel_Type_Specialization,,,LPG Tanker,DOSO - Dsv Marine Services,,,33.64,409900.0,0,27.0,0.1030613257779537,
Carrier_Vessel_Type_Specialization,,,Reefer,DOSO - Dsv Marine Services,,,1.26,10600.0,0,1.0,0.003860204235440596,
Carrier_Vessel_Type_Specialization,,,RoRo,DOSO - Dsv Marine Services,,,1.48,6800.0,0,1.0,0.004534208149565145,
Carrier_Vessel_Type_Specialization,,,Tanker (Other),DOSO - Dsv Marine Services,,,120.7,1398160.0,0,100.0,0.36978305652196825,
Carrier_Vessel_Type_Specialization,,,Unknown,DOSO - Dsv Marine Services,,,30555.73,113356064.0,0,105.0,93.61218917696769,
Carrier_Vessel_Type_Specialization,,,Vehicle Carrier,DOSO - Dsv Marine Services,,,15.08,171000.0,0,13.0,0.04619990465908269,
Carrier_Vessel_Type_Specialization,,,Bulk Carrier,DOTD - Deugro Ocean Transport Inc,,,1491.74,10343600.0,13,5.0,23.021709304891733,
Carrier_Vessel_Type_Specialization,,,Container Ship,DOTD - Deugro Ocean Transport Inc,,,737.14,12301000.0,15,8.0,11.376126400718551,
Carrier_Vessel_Type_Specialization,,,General Cargo,DOTD - Deugro Ocean Transport Inc,,,1160.93,7078000.0,4,4.0,17.916388233424026,
Carrier_Vessel_Type_Specialization,,,RoRo,DOTD - Deugro Ocean Transport Inc,,,463.9,4558100.0,6,5.0,7.159271016758466,
Carrier_Vessel_Type_Specialization,,,Unknown,DOTD - Deugro Ocean Transport Inc,,,1912.01,15618200.0,27,6.0,29.507647718802232,
Carrier_Vessel_Type_Specialization,,,Vehicle Carrier,DOTD - Deugro Ocean Transport Inc,,,713.99,10288200.0,6,6.0,11.018857325404994,
Carrier_Vessel_Type_Specialization,,,Tanker (Other),DOUQ - Deme Offshore Us Llc,,,21583.32,174499500.0,7,2.0,99.98411062341482,
Carrier_Vessel_Type_Specialization,,,Unknown,DOUQ - Deme Offshore Us Llc,,,3.43,40285.0,14,1.0,0.015889376585173774,
Carrier_Vessel_Type_Specialization,,,Tanker (Other),DOVR - Dover Shipping Corporation,,,104747.0,85654000.0,4,1.0,100.0,
Carrier_Vessel_Type_Specialization,,,Unknown,DOXM - Downeast Marine Towing Llc,,,181.44,1680000.0,0,1.0,100.0,
Carrier_Vessel_Type_Specialization,,,Tanker (Other),DPKT - Dampskibsselskabet Torm,,,6334162.9,5217817916.0,250,42.0,92.15649742524803,
Carrier_Vessel_Type_Specialization,,,Unknown,DPKT - Dampskibsselskabet Torm,,,539104.94,448184882.0,54,3.0,7.843502574751983,
Carrier_Vessel_Type_Specialization,,,Bulk Carrier,DPLW - Dava Pte Ltd,,,76000.0,228110000.0,0,2.0,100.0,
Carrier_Vessel_Type_Specialization,,,Tanker (Other),DPSM - Delta Poseidon Special Maritime Enterprise,,,138940.0,92256000.0,1,1.0,100.0,
Carrier_Vessel_Type_Specialization,,,Bulk Carrier,DRYD - Drylog Trading Ltd,,,905368.5,2991559000.0,15,18.0,81.94467841215338,
Carrier_Vessel_Type_Specialization,,,Unknown,DRYD - Drylog Trading Ltd,,,147484.82,709384000.0,0,3.0,13.348814483356033,
Carrier_Vessel_Type_Specialization,,,Vehicle Carrier,DRYD - Drylog Trading Ltd,,,52000.0,1196000.0,0,1.0,4.706507104490576,
Carrier_Vessel_Type_Specialization,,,Bulk Carrier,DRZF - Drydel Shipping Singapore Pte Ltd,,,29871.67,27447000.0,0,1.0,100.0,
Carrier_Vessel_Type_Specialization,,,Bulk Carrier,DSAD - Densay Shipping And Trading Dmcc,,,65850.0,57355000.0,0,2.0,21.28932139277747,
Carrier_Vessel_Type_Specialization,,,General Cargo,DSAD - Densay Shipping And Trading Dmcc,,,243460.0,964741000.0,0,5.0,78.71067860722253,
Carrier_Vessel_Type_Specialization,,,Tanker (Other),DSMF - Diamond S Management Llc,,,46861.06,42599221.0,0,4.0,100.0,
Carrier_Vessel_Type_Specialization,,,Bulk Carrier,DSVF - Dsv Air & Sea Inc. Dba. Dsv Ocean Transport,,,476.87,8650800.0,41,2.0,3.117039822051519,
Carrier_Vessel_Type_Specialization,,,Container Ship,DSVF - Dsv Air & Sea Inc. Dba. Dsv Ocean Transport,,,1249.74,11412905.0,125,104.0,8.168870650723816,
Carrier_Vessel_Type_Specialization,,,General Cargo,DSVF - Dsv Air & Sea Inc. Dba. Dsv Ocean Transport,,,1835.05,17276000.0,6,11.0,11.994723772633296,
Carrier_Vessel_Type_Specialization,,,RoRo,DSVF - Dsv Air & Sea Inc. Dba. Dsv Ocean Transport,,,3820.66,55468560.0,240,8.0,24.97357637620181,
Carrier_Vessel_Type_Specialization,,,Tanker (Other),DSVF - Dsv Air & Sea Inc. Dba. Dsv Ocean Transport,,,0.16,5300.0,1,1.0,0.001045832976551771,
Carrier_Vessel_Type_Specialization,,,Unknown,DSVF - Dsv Air & Sea Inc. Dba. Dsv Ocean Transport,,,3526.59,71663380.0,41,30.0,23.051400729860692,
Carrier_Vessel_Type_Specialization,,,Vehicle Carrier,DSVF - Dsv Air & Sea Inc. Dba. Dsv Ocean Transport,,,4389.74,134635200.0,151,63.0,28.69334281555232,
Carrier_Vessel_Type_Specialization,,,Tanker (Other),DTCO - Diamond Tanker Company Llc,,,272319.9,162303000.0,3,1.0,100.0,
Carrier_Vessel_Type_Specialization,,,General Cargo,DTML - Donnelly Tanker Management Ltd,,,0.02,88.0,1,1.0,13.333333333333334,
Carrier_Vessel_Type_Specialization,,,Unknown,DTML - Donnelly Tanker Management Ltd,,,0.13,920.0,0,1.0,86.66666666666667,
Carrier_Vessel_Type_Specialization,,,General Cargo,DVBI - Devbulk Gemi Isletmeciligi A S,,,93682.19,97586000.0,0,2.0,100.0,
Carrier_Vessel_Type_Specialization,,,Container Ship,DWCH - De Well Container Shipping Inc,,,28.42,185200.0,3,3.0,100.0,
Carrier_Vessel_Type_Specialization,,,Tanker (Other),DWIQ - Delta Western Inc,,,81132.0,55981000.0,0,1.0,51.79200185994647,
Carrier_Vessel_Type_Specialization,,,Unknown,DWIQ - Delta Western Inc,,,75517.67,62793150.0,0,4.0,48.20799814005354,
Carrier_Vessel_Type_Specialization,,,Bulk Carrier,DWLA - Dowa Line America Co Ltd,,,412491.0,1037451000.0,31,8.0,56.59228791491627,
Carrier_Vessel_Type_Specialization,,,General Cargo,DWLA - Dowa Line America Co Ltd,,,170621.0,139923000.0,20,12.0,23.40859014216293,
Carrier_Vessel_Type_Specialization,,,Unknown,DWLA - Dowa Line America Co Ltd,,,145770.0,102167200.0,23,3.0,19.9991219429208,
Carrier_Vessel_Type_Specialization,,,Container Ship,DWSH - Dalian Wanlian Supply Chain Management Co Ltd,,,0.97,15200.0,0,1.0,100.0,
Carrier_Vessel_Type_Specialization,,,Bulk Carrier,EAID - Estes Forwarding Worldwide Llc,,,3.61,17500.0,1,1.0,48.52150537634409,
Carrier_Vessel_Type_Specialization,,,Container Ship,EAID - Estes Forwarding Worldwide Llc,,,3.83,12650.0,3,3.0,51.478494623655926,
Carrier_Vessel_Type_Specialization,,,Bulk Carrier,EATO - East   Sailing,,,50091.36,65428270.0,117,1.0,34.869870138494846,
Carrier_Vessel_Type_Specialization,,,Unknown,EATO - East   Sailing,,,93560.91,118836200.0,335,3.0,65.13012986150514,
Carrier_Vessel_Type_Specialization,,,General Cargo,EBCA - Emirates Bulk Carriers Llc,,,30500.0,101443000.0,0,1.0,100.0,
Carrier_Vessel_Type_Specialization,,,Bulk Carrier,EBLF - Enesel Bulk Logistics Dmcc,,,14277394.07,23679282200.0,73,7.0,95.95742815820383,
Carrier_Vessel_Type_Specialization,,,General Cargo,EBLF - Enesel Bulk Logistics Dmcc,,,557489.56,1108393000.0,35,1.0,3.7468507306283705,
Carrier_Vessel_Type_Specialization,,,Unknown,EBLF - Enesel Bulk Logistics Dmcc,,,44000.0,4928000.0,2,1.0,0.29572111116780064,
Carrier_Vessel_Type_Specialization,,,Bulk Carrier,EBLM - Empire Bulkers Limited,,,37900.24,15098400.0,0,2.0,100.0,
Carrier_Vessel_Type_Specialization,,,Other,ECCI - Econocaribe Consolidators Inc,,,1.11,5300.0,0,1.0,100.0,
Carrier_Vessel_Type_Specialization,,,Other,ECGF - Ev Cargo Global Forwarding,,,15.81,29300.0,0,2.0,45.417983338121225,
Carrier_Vessel_Type_Specialization,,,RoRo,ECGF - Ev Cargo Global Forwarding,,,19.0,304200.0,0,3.0,54.58201666187876,
Carrier_Vessel_Type_Specialization,,,General Cargo,"ECLR - Eastern Car Liner, Ltd.",,,37567.88,293597400.0,0,6.0,100.0,
Carrier_Vessel_Type_Specialization,,,Unknown,ECQB - Ecopetrol Us Trading Llc,,,43039.0,23928000.0,0,1.0,100.0,
Carrier_Vessel_Type_Specialization,,,Container Ship,ECUW - Ecu Worldwide,,,20.54,131500.0,9,10.0,100.0,
Carrier_Vessel_Type_Specialization,,,Bulk Carrier,EDNS - Er Denizcilik Sanayi Nakliyat Ve Ticaret A S,,,52825.4,23856000.0,0,1.0,100.0,
Carrier_Vessel_Type_Specialization,,,Tanker (Other),EDVR - Endeavor Tankers Pte Ltd,,,137173.92,78926000.0,0,1.0,100.0,
Carrier_Vessel_Type_Specialization,,,Bulk Carrier,EFED - Efe,,,46540.0,15498000.0,0,1.0,48.458975426905454,
Carrier_Vessel_Type_Specialization,,,Tanker (Other),EFED - Efe,,,49500.0,15989000.0,1,1.0,51.54102457309454,
Carrier_Vessel_Type_Specialization,,,Container Ship,EFLR - Efl Container Lines Llc,,,19.830000000000002,292520.0,16,2.0,77.06956859696852,
Carrier_Vessel_Type_Specialization,,,Unknown,EFLR - Efl Container Lines Llc,,,5.9,34860.0,7,2.0,22.930431403031477,
Carrier_Vessel_Type_Specialization,,,RoRo,EFPD - Expo Freight Private Limited,,,30.78,250000.0,0,1.0,100.0,
Carrier_Vessel_Type_Specialization,,,Container Ship,EFSV - E Freight Solutions Inc,,,1.7,3800.0,1,1.0,100.0,
Carrier_Vessel_Type_Specialization,,,Bulk Carrier,EGET - Egetrans Usa Inc,,,779.41,9050000.0,18,2.0,4.12731059440665,
Carrier_Vessel_Type_Specialization,,,Container Ship,EGET - Egetrans Usa Inc,,,210.2,592700.0,12,9.0,1.1130992506437918,
Carrier_Vessel_Type_Specialization,,,RoRo,EGET - Egetrans Usa Inc,,,2566.17,34455000.0,54,4.0,13.588971950640245,
Carrier_Vessel_Type_Specialization,,,Tanker (Other),EGET - Egetrans Usa Inc,,,135.17,1778000.0,3,1.0,0.7157831860586171,
Carrier_Vessel_Type_Specialization,,,Unknown,EGET - Egetrans Usa Inc,,,667.53,7343900.0,7,3.0,3.5348579580506674,
Carrier_Vessel_Type_Specialization,,,Vehicle Carrier,EGET - Egetrans Usa Inc,,,14525.73,193569000.0,219,32.0,76.91997706020003,
Carrier_Vessel_Type_Specialization,,,Bulk Carrier,EGLV - Evergreen Line,,,27.0,10100.0,1,1.0,1.2783606681565092,
Carrier_Vessel_Type_Specialization,,,Container Ship,EGLV - Evergreen Line,,,1650.14,15277320.0,62,32.0,78.12866936858454,
Carrier_Vessel_Type_Specialization,,,Unknown,EGLV - Evergreen Line,,,434.94,2535700.0,8,5.0,20.592969963258966,
Carrier_Vessel_Type_Specialization,,,Bulk Carrier,EGSG - Eagle Shipping Intl,,,233998.49,313248000.0,0,4.0,38.900033931355395,
Carrier_Vessel_Type_Specialization,,,Unknown,EGSG - Eagle Shipping Intl,,,367539.52,691493000.0,0,9.0,61.099966068644605,
Carrier_Vessel_Type_Specialization,,,Unknown,EHMW - Executive Ship Management Pte Ltd,,,0.61,3269.0,0,4.0,100.0,
Carrier_Vessel_Type_Specialization,,,LPG Tanker,EICE - Ecobutane Inc,,,5034.0,10078000.0,0,1.0,100.0,
Carrier_Vessel_Type_Specialization,,,Container Ship,EILP - Eastrong International Logistic Company,,,6.2,12000.0,0,1.0,100.0,
Carrier_Vessel_Type_Specialization,,,Container Ship,EIMU - H F Eimskipafelag Island,,,0.01,39.0,1,1.0,100.0,
Carrier_Vessel_Type_Specialization,,,Container Ship,EKOI - Esko Inc,,,0.49,23000.0,1,1.0,100.0,
Carrier_Vessel_Type_Specialization,,,Bulk Carrier,ELCH - Eletson Chartering Inc,,,0.6000000000000001,2610.0,0,1.0,0.0002562737304135327,
Carrier_Vessel_Type_Specialization,,,LPG Tanker,ELCH - Eletson Chartering Inc,,,8748.04,18464571.0,0,2.0,3.7364880743446673,
Carrier_Vessel_Type_Specialization,,,Tanker (Other),ELCH - Eletson Chartering Inc,,,0.01,9.0,0,1.0,4.271228840225545e-06,
Carrier_Vessel_Type_Specialization,,,Unknown,ELCH - Eletson Chartering Inc,,,225376.01,187571420.0,0,3.0,96.26325138069608,
Carrier_Vessel_Type_Specialization,,,Vehicle Carrier,ELGF - Euro Line Global Co Ltd,,,267.52,2424000.0,0,3.0,100.0,
Carrier_Vessel_Type_Specialization,,,Tanker (Other),ELVM - Elite Tankship Dmcc,,,81366.01,74871010.0,0,2.0,100.0,
Carrier_Vessel_Type_Specialization,,,Container Ship,EMBY - Embassy Cargo Inc,,,1.67,10400.0,0,1.0,100.0,
Carrier_Vessel_Type_Specialization,,,Tanker (Other),EMCS - Emperor Marine Co Sa,,,159310.0,98331000.0,0,1.0,100.0,
Carrier_Vessel_Type_Specialization,,,Bulk Carrier,EMLT - Em Lines Limited,,,5.36,185000.0,1,1.0,2.134352725679927,
Carrier_Vessel_Type_Specialization,,,Container Ship,EMLT - Em Lines Limited,,,24.03,558200.0,9,8.0,9.568749253374747,
Carrier_Vessel_Type_Specialization,,,RoRo,EMLT - Em Lines Limited,,,206.54,1695900.0,14,4.0,82.24425596304702,
Carrier_Vessel_Type_Specialization,,,Vehicle Carrier,EMLT - Em Lines Limited,,,15.2,265000.0,3,2.0,6.052642057898301,
Carrier_Vessel_Type_Specialization,,,Tanker (Other),EMML - Eastern Mediterranean Maritime Limited,,,414386.92,312816900.0,39,9.0,92.21161132148661,
Carrier_Vessel_Type_Specialization,,,Unknown,EMML - Eastern Mediterranean Maritime Limited,,,35000.0,10710000.0,1,1.0,7.7883886785133845,
Carrier_Vessel_Type_Specialization,,,Unknown,EMQY - Eleen Marine Jsc,,,29677.239999999998,3324000.0,0,1.0,100.0,
Carrier_Vessel_Type_Specialization,,,Bulk Carrier,EMRL - European Metal Recycling Limited,,,49498.64,113005000.0,2,1.0,100.0,
Carrier_Vessel_Type_Specialization,,,Bulk Carrier,ENCN - Empresa Naviera Elcano Sa,,,633388.0,352766003.0,7,2.0,99.99987843169369,
Carrier_Vessel_Type_Specialization,,,LNG Tanker,ENCN - Empresa Naviera Elcano Sa,,,0.77,18500.0,0,1.0,0.00012156830630262042,
Carrier_Vessel_Type_Specialization,,,LNG Tanker,ENHE - Energos Infrastructure,,,37162.55,15237000.0,1,1.0,100.0,
Carrier_Vessel_Type_Specialization,,,Tanker (Other),ENIW - Empire Navigation Inc,,,0.45,14025.0,0,1.0,100.0,
Carrier_Vessel_Type_Specialization,,,Unknown,EOFF - Ensco Offshore Company,,,22175.84,65185460.0,0,23.0,100.0,
Carrier_Vessel_Type_Specialization,,,Tanker (Other),EPFE - Empresa Publica Flota Petrolera Ecuatoriana,,,656056.83,375450000.0,0,5.0,100.0,
Carrier_Vessel_Type_Specialization,,,Vehicle Carrier,EPSD - Eps Chartering Uk Ltd,,,28.0,374000.0,0,1.0,100.0,
Carrier_Vessel_Type_Specialization,,,Container Ship,EPSJ - Eastern Pacific Shipping Pte Ltd,,,1.87,48201.0,0,6.0,0.00013275369708930134,
Carrier_Vessel_Type_Specialization,,,LPG Tanker,EPSJ - Eastern Pacific Shipping Pte Ltd,,,10.17,217817.0,3,15.0,0.0007219813365765747,
Carrier_Vessel_Type_Specialization,,,Tanker (Other),EPSJ - Eastern Pacific Shipping Pte Ltd,,,1300887.61,861642394.0,0,24.0,92.35167899741454,
Carrier_Vessel_Type_Specialization,,,Unknown,EPSJ - Eastern Pacific Shipping Pte Ltd,,,107722.04,57480326.0,0,3.0,7.647325704813691,
Carrier_Vessel_Type_Specialization,,,Vehicle Carrier,EPSJ - Eastern Pacific Shipping Pte Ltd,,,1.98,10935.0,0,5.0,0.00014056273809455436,
Carrier_Vessel_Type_Specialization,,,Bulk Carrier,EQXM - Equinox Maritime Ltd,,,86612.0,75120000.0,0,2.0,100.0,
Carrier_Vessel_Type_Specialization,,,RoRo,ERRY - Erkport Liman Hizmetleri As,,,3439.71,46702600.0,13,1.0,100.0,
Carrier_Vessel_Type_Specialization,,,Tanker (Other),ESCH - Enyo Shipping Co Ltd,,,65911.0,67501100.0,32,1.0,100.0,
Carrier_Vessel_Type_Specialization,,,Bulk Carrier,ESHT - Enterprises Shipping & Trading Sa,,,51912.02,30991016.0,2,2.0,6.687514255181156,
Carrier_Vessel_Type_Specialization,,,Tanker (Other),ESHT - Enterprises Shipping & Trading Sa,,,724340.83,610720003.0,39,6.0,93.31248574481884,
Carrier_Vessel_Type_Specialization,,,Unknown,ESLF - Esl Shipping Ltd,,,49198.73,15694000.0,0,1.0,100.0,
Carrier_Vessel_Type_Specialization,,,Unknown,ESOV - Etolia Shipping Operators S A,,,232243.19,460267700.0,18,1.0,100.0,
Carrier_Vessel_Type_Specialization,,,Unknown,ESUA - Estoril Shipping Ltd,,,0.02,93.0,0,1.0,100.0,
Carrier_Vessel_Type_Specialization,,,RoRo,"ESWW - Eastern Shipping Worldwide, Inc.",,,42.4,1127000.0,0,2.0,38.75685557586837,
Carrier_Vessel_Type_Specialization,,,Vehicle Carrier,"ESWW - Eastern Shipping Worldwide, Inc.",,,67.0,2494000.0,0,1.0,61.24314442413162,
Carrier_Vessel_Type_Specialization,,,Bulk Carrier,EUKO - Eukor Car Carriers,,,75476.44,938594400.0,0,2.0,3.7428395972387687,
Carrier_Vessel_Type_Specialization,,,Tanker (Other),EUKO - Eukor Car Carriers,,,129132.42,1745020800.0,0,5.0,6.403613297914787,
Carrier_Vessel_Type_Specialization,,,Unknown,EUKO - Eukor Car Carriers,,,9281.85,123819000.0,0,1.0,0.46028238368993907,
Carrier_Vessel_Type_Specialization,,,Vehicle Carrier,EUKO - Eukor Car Carriers,,,1802664.85,23104610594.0,0,77.0,89.39326472115651,
Carrier_Vessel_Type_Specialization,,,Vehicle Carrier,"EUNS - Eunsan Shipping & Aircargo Co.,Ltd",,,76.28,759000.0,0,1.0,100.0,
Carrier_Vessel_Type_Specialization,,,Bulk Carrier,EURN - Euronav Nv,,,123815.0,81718000.0,0,1.0,3.4745461202774353,
Carrier_Vessel_Type_Specialization,,,General Cargo,EURN - Euronav Nv,,,142677.2,85569400.0,0,1.0,4.003864731349576,
Carrier_Vessel_Type_Specialization,,,LPG Tanker,EURN - Euronav Nv,,,463775.58999999997,269540955.0,0,1.0,13.014656357580895,
Carrier_Vessel_Type_Specialization,,,Other,EURN - Euronav Nv,,,0.02,550.0,0,1.0,5.612480103828188e-07,
Carrier_Vessel_Type_Specialization,,,Tanker (Other),EURN - Euronav Nv,,,2680667.44,1999621265.0,0,14.0,75.22596335990022,
Carrier_Vessel_Type_Specialization,,,Unknown,EURN - Euronav Nv,,,152551.77000000002,86936310.0,0,2.0,4.2809688696438695,
Carrier_Vessel_Type_Specialization,,,Tanker (Other),EVAC - Emirates Ship Investment Company Llc,,,70596.01999999999,71252000.0,2,2.0,100.0,
Carrier_Vessel_Type_Specialization,,,Bulk Carrier,EXDO - Expeditors International Of Washington Inc,,,214.70000000000002,2815800.0,13,2.0,1.4051929964186232,
Carrier_Vessel_Type_Specialization,,,Container Ship,EXDO - Expeditors International Of Washington Inc,,,2104.26,179009100.0,73,25.0,13.772200347665823,
Carrier_Vessel_Type_Specialization,,,General Cargo,EXDO - Expeditors International Of Washington Inc,,,160.14,440000.0,1,1.0,1.0481024985862986,
Carrier_Vessel_Type_Specialization,,,RoRo,EXDO - Expeditors International Of Washington Inc,,,2150.51,36940300.0,121,11.0,14.074902611682411,
Carrier_Vessel_Type_Specialization,,,Tanker (Other),EXDO - Expeditors International Of Washington Inc,,,390.23,13072600.0,24,5.0,2.5540217186420087,
Carrier_Vessel_Type_Specialization,,,Unknown,EXDO - Expeditors International Of Washington Inc,,,973.84,18963700.0,35,12.0,6.373698871133265,
Carrier_Vessel_Type_Specialization,,,Vehicle Carrier,EXDO - Expeditors International Of Washington Inc,,,9285.36,134289600.0,324,55.0,60.77188095587157,
Carrier_Vessel_Type_Specialization,,,LPG Tanker,EXMQ - Exmar,,,20888.61,18188822.0,10,12.0,100.0,
Carrier_Vessel_Type_Specialization,,,Bulk Carrier,EYLI - Eylem Shipping Inc,,,64550.0,16767000.0,0,1.0,100.0,
Carrier_Vessel_Type_Specialization,,,Tanker (Other),FAJV - Fairfield Chemical Carriers Pte Ltd,,,310136.14,628293000.0,0,14.0,48.631735200465634,
Carrier_Vessel_Type_Specialization,,,Unknown,FAJV - Fairfield Chemical Carriers Pte Ltd,,,327587.64,866828100.0,0,13.0,51.368264799534366,
Carrier_Vessel_Type_Specialization,,,Bulk Carrier,FALH - Federal Atlantic Lakes Line,,,1588738.05,3467757230.0,0,52.0,91.00004425313172,
Carrier_Vessel_Type_Specialization,,,General Cargo,FALH - Federal Atlantic Lakes Line,,,10201.76,13886000.0,0,1.0,0.5843383756433786,
Carrier_Vessel_Type_Specialization,,,Unknown,FALH - Federal Atlantic Lakes Line,,,146925.33000000002,307182200.0,0,3.0,8.415617371224906,
Carrier_Vessel_Type_Specialization,,,Container Ship,FCCJ - Fcc Logistics Inc,,,27.84,37300.0,0,9.0,100.0,
Carrier_Vessel_Type_Specialization,,,Bulk Carrier,FCNV - Franco Compania Naviera S A,,,0.75,1900.0,1,1.0,100.0,
Carrier_Vessel_Type_Specialization,,,General Cargo,FDPA - Feedport Usa Inc,,,53588.93,24660000.0,0,1.0,100.0,
Carrier_Vessel_Type_Specialization,,,Tanker (Other),FDVG - Fiber Denizcilik Ve Gemi Isletmeciligi Tic A S,,,20978.0,119299400.0,0,1.0,100.0,
Carrier_Vessel_Type_Specialization,,,Unknown,FECI - Fourever E Commerce Company Limited,,,12.0,10000.0,1,1.0,100.0,
Carrier_Vessel_Type_Specialization,,,Container Ship,FEVM - Fourever International Limited,,,20.61,403100.0,2,2.0,100.0,
Carrier_Vessel_Type_Specialization,,,Bulk Carrier,FEWW - Fertistream Freight,,,62760.0,87159000.0,0,2.0,100.0,
Carrier_Vessel_Type_Specialization,,,Tanker (Other),FFCH - Fairfield Chemical Carriers Inc,,,188451.22,971135800.0,0,6.0,36.813397466043504,
Carrier_Vessel_Type_Specialization,,,Unknown,FFCH - Fairfield Chemical Carriers Inc,,,323458.12,1592845000.0,0,10.0,63.1866025339565,
Carrier_Vessel_Type_Specialization,,,Container Ship,FFCY - Future Forwarding Company,,,5.49,113600.0,0,3.0,100.0,
Carrier_Vessel_Type_Specialization,,,Container Ship,"FIFG - Florida International Forwarders, Inc.",,,56.92,55000.0,0,1.0,100.0,
Carrier_Vessel_Type_Specialization,,,Container Ship,FIHC - Freightlead Llc,,,0.15,650.0,1,1.0,100.0,
Carrier_Vessel_Type_Specialization,,,Tanker (Other),FKCB - Furetank Chartering Ab,,,12817.0,48193000.0,0,1.0,100.0,
Carrier_Vessel_Type_Specialization,,,Tanker (Other),"FKCO - Fuyo Kaiun Co.,Ltd",,,152750.14,126299200.0,0,1.0,100.0,
Carrier_Vessel_Type_Specialization,,,Tanker (Other),FLUB - Frontline Management As,,,6824267.53,4087860151.0,71,33.0,96.63305077076329,
Carrier_Vessel_Type_Specialization,,,Unknown,FLUB - Frontline Management As,,,237775.4,193655066.0,6,2.0,3.3669492292367016,
Carrier_Vessel_Type_Specialization,,,Container Ship,FLXT - Flexport International Llc,,,3.5,82900.0,1,1.0,100.0,
Carrier_Vessel_Type_Specialization,,,Container Ship,FMAA - Falcon Maritime And Aviation Inc,,,44.0,447000.0,1,1.0,100.0,
Carrier_Vessel_Type_Specialization,,,Bulk Carrier,FMSW - Fms Seaways Ag,,,781.88,14189000.0,0,1.0,8.879773042686237,
Carrier_Vessel_Type_Specialization,,,RoRo,FMSW - Fms Seaways Ag,,,4601.9,72013000.0,0,4.0,52.26355395346829,
Carrier_Vessel_Type_Specialization,,,Vehicle Carrier,FMSW - Fms Seaways Ag,,,3421.4,53016400.0,0,12.0,38.856673003845465,
Carrier_Vessel_Type_Specialization,,,Unknown,FMVD - Flynn Ventures Ltd,,,36393.0,34573000.0,0,1.0,100.0,
Carrier_Vessel_Type_Specialization,,,Bulk Carrier,FNAW - Falcon Navigation A/S,,,116996.46,150645800.0,0,4.0,60.13064162620788,
Carrier_Vessel_Type_Specialization,,,General Cargo,FNAW - Falcon Navigation A/S,,,50913.99,25722000.0,0,2.0,26.167380504079624,
Carrier_Vessel_Type_Specialization,,,Unknown,FNAW - Falcon Navigation A/S,,,26660.0,13677000.0,0,1.0,13.701977869712486,
Carrier_Vessel_Type_Specialization,,,LNG Tanker,FNSG - Fareastern Shipping Limited,,,68471.0,104795000.0,0,1.0,100.0,
Carrier_Vessel_Type_Specialization,,,Tanker (Other),FOMP - Formosa Plastics Marine Corporation,,,0.37,6900.0,0,1.0,100.0,
Carrier_Vessel_Type_Specialization,,,General Cargo,FPBA - Forestwave Navigation Bv,,,25435.5,46757400.0,17,5.0,100.0,
Carrier_Vessel_Type_Specialization,,,Unknown,"FRRT - Ferrol Trucking Services, Inc.",,,14878.43,23626372.0,0,2.0,100.0,
Carrier_Vessel_Type_Specialization,,,Reefer,FRSH - Fresh Carriers Co Ltd,,,1804.31,2831000.0,1,1.0,100.0,
Carrier_Vessel_Type_Specialization,,,Container Ship,FSGJ - Foppiani Shipping & Logistics S R L,,,1.53,15200.0,1,1.0,100.0,
Carrier_Vessel_Type_Specialization,,,Unknown,"FSHP - Formel, Stevenson Freight Services Llc",,,31.91,200510.0,9,1.0,100.0,
Carrier_Vessel_Type_Specialization,,,Vehicle Carrier,FSIO - Fsi Cargo Corp,,,1687.75,37921000.0,0,6.0,100.0,
Carrier_Vessel_Type_Specialization,,,Container Ship,FSJF - Fukuoka Soko Co Ltd,,,0.84,6100.0,0,2.0,100.0,
Carrier_Vessel_Type_Specialization,,,Tanker (Other),FSME - Fantasea Ship Management Pte Ltd,,,519403.05,1297405538.0,118,9.0,86.60601346673916,
Carrier_Vessel_Type_Specialization,,,Unknown,FSME - Fantasea Ship Management Pte Ltd,,,80327.88,1046030900.0,11,1.0,13.393986533260843,
Carrier_Vessel_Type_Specialization,,,Unknown,FTMQ - Ft Marine Sas,,,80033.14,254828068.0,0,1.0,100.0,
Carrier_Vessel_Type_Specialization,,,Container Ship,FTNV - Fedex Logistics Inc,,,15.03,475560.0,7,6.0,95.73248407643312,
Carrier_Vessel_Type_Specialization,,,Unknown,FTNV - Fedex Logistics Inc,,,0.6699999999999999,6600.0,3,2.0,4.2675159235668785,
Carrier_Vessel_Type_Specialization,,,Container Ship,FUPT - Fratogo Worldwide Llc,,,50.29,279000.0,0,2.0,100.0,
Carrier_Vessel_Type_Specialization,,,RoRo,FVGI - Nx Lifestyle Freight Forwarding Usa Inc,,,32.65,121000.0,1,1.0,100.0,
Carrier_Vessel_Type_Specialization,,,LNG Tanker,FXLW - Flex Lng Ltd,,,0.19,3640.0,2,6.0,100.0,
Carrier_Vessel_Type_Specialization,,,Bulk Carrier,GACK - Gac Shipping,,,0.26,1038.0,0,2.0,0.051319503385113395,
Carrier_Vessel_Type_Specialization,,,Container Ship,GACK - Gac Shipping,,,1.26,23746.0,0,10.0,0.24870220871247262,
Carrier_Vessel_Type_Specialization,,,General Cargo,GACK - Gac Shipping,,,0.02,86.0,0,2.0,0.003947654106547184,
Carrier_Vessel_Type_Specialization,,,LNG Tanker,GACK - Gac Shipping,,,35.46,468782.0,0,24.0,6.9991907309081585,
Carrier_Vessel_Type_Specialization,,,LPG Tanker,GACK - Gac Shipping,,,92.97,528336.0,0,26.0,18.350670114284586,
Carrier_Vessel_Type_Specialization,,,Tanker (Other),GACK - Gac Shipping,,,235.91,2860628.0,2,51.0,46.56455401377732,
Carrier_Vessel_Type_Specialization,,,Unknown,GACK - Gac Shipping,,,140.75,4376871.0,2,18.0,27.78161577482581,
Carrier_Vessel_Type_Specialization,,,Bulk Carrier,GACM - Global Air Compass Marine Logistics Bv,,,10.4,90200.0,6,2.0,6.995358848456313,
Carrier_Vessel_Type_Specialization,,,Container Ship,GACM - Global Air Compass Marine Logistics Bv,,,114.42,1002519.0,347,66.0,76.96239994618954,
Carrier_Vessel_Type_Specialization,,,Unknown,GACM - Global Air Compass Marine Logistics Bv,,,23.85,322246.0,96,12.0,16.042241205354138,
Carrier_Vessel_Type_Specialization,,,Tanker (Other),GAVM - Golden Agri Maritime Pte Ltd,,,387830.0,431815100.0,285,9.0,83.9305365144254,
Carrier_Vessel_Type_Specialization,,,Unknown,GAVM - Golden Agri Maritime Pte Ltd,,,74254.5,79505600.0,59,3.0,16.06946348557461,
Carrier_Vessel_Type_Specialization,,,Unknown,GAZT - Global American Transport Llc,,,32590.0,16425000.0,1,1.0,100.0,
Carrier_Vessel_Type_Specialization,,,Unknown,GBNS - Global Logistics Associates,,,47.26,747000.0,0,1.0,100.0,
Carrier_Vessel_Type_Specialization,,,Bulk Carrier,"GBWQ - Gebruder Weiss, Inc.",,,61.0,1010000.0,2,1.0,15.85857272845444,
Carrier_Vessel_Type_Specialization,,,RoRo,"GBWQ - Gebruder Weiss, Inc.",,,39.71,1991200.0,6,2.0,10.323670869621735,
Carrier_Vessel_Type_Specialization,,,Unknown,"GBWQ - Gebruder Weiss, Inc.",,,91.3,2012000.0,2,1.0,23.735863772260497,
Carrier_Vessel_Type_Specialization,,,Vehicle Carrier,"GBWQ - Gebruder Weiss, Inc.",,,192.64,7246000.0,4,2.0,50.08189262966333,
Carrier_Vessel_Type_Specialization,,,Bulk Carrier,GCAW - Grandwest Limited,,,33501.0,10160000.0,0,1.0,100.0,
Carrier_Vessel_Type_Specialization,,,Bulk Carrier,GCHA - Global Chartering Ltd,,,763415.23,2718818000.0,0,10.0,77.40636521115455,
Carrier_Vessel_Type_Specialization,,,Unknown,GCHA - Global Chartering Ltd,,,222828.25,949122000.0,0,3.0,22.59363478884545,
Carrier_Vessel_Type_Specialization,,,Vehicle Carrier,GCLE - Global Container Line,,,10.28,110700.0,2,2.0,100.0,
Carrier_Vessel_Type_Specialization,,,Unknown,GDHN - Grain De Sail Shipping,,,114.14,4117420.0,56,1.0,100.0,
Carrier_Vessel_Type_Specialization,,,RoRo,GDSL - Grimaldi Deep Sea S P A,,,633909.7,11864444392.0,3217,11.0,100.0,
Carrier_Vessel_Type_Specialization,,,Bulk Carrier,GEAG - Genco Ship Management Llc,,,1026468.99,1497120000.0,53,11.0,84.30504838561961,
Carrier_Vessel_Type_Specialization,,,General Cargo,GEAG - Genco Ship Management Llc,,,44039.15,335590000.0,2,1.0,3.616984738731912,
Carrier_Vessel_Type_Specialization,,,Unknown,GEAG - Genco Ship Management Llc,,,147057.13,106312000.0,3,2.0,12.077966875648482,
Carrier_Vessel_Type_Specialization,,,Tanker (Other),GESL - Great Eastern Shipping Co Ltd,,,62.2,73078.0,1,6.0,100.0,
Carrier_Vessel_Type_Specialization,,,RoRo,GESM - Grimaldi Euromed S P A,,,1716.15,282944700.0,17,1.0,0.38230824088954557,
Carrier_Vessel_Type_Specialization,,,Unknown,GESM - Grimaldi Euromed S P A,,,82121.38,1037982400.0,135,1.0,18.294251858649833,
Carrier_Vessel_Type_Specialization,,,Vehicle Carrier,GESM - Grimaldi Euromed S P A,,,365054.18,6241532200.0,1620,10.0,81.32343990046063,
Carrier_Vessel_Type_Specialization,,,Container Ship,GFSH - Global Freight Services Usa Llc,,,1.22,19700.0,1,1.0,100.0,
Carrier_Vessel_Type_Specialization,,,LPG Tanker,GGSA - Geogas Trading S A,,,868336.0,1337425000.0,0,16.0,75.672246352057,
Carrier_Vessel_Type_Specialization,,,Unknown,GGSA - Geogas Trading S A,,,279160.0,246994000.0,0,4.0,24.327753647943,
Carrier_Vessel_Type_Specialization,,,Bulk Carrier,GHMS - Graham Shipping Co,,,24679.0,10760000.0,0,1.0,100.0,
Carrier_Vessel_Type_Specialization,,,LPG Tanker,"GHSC - Gulf Harbor Shipping, Llc",,,0.0,11.0,0,1.0,0.0,
Carrier_Vessel_Type_Specialization,,,Tanker (Other),"GHSC - Gulf Harbor Shipping, Llc",,,3.42,13322.0,7,5.0,100.0,
Carrier_Vessel_Type_Specialization,,,Bulk Carrier,GIMI - Gulf Inland Marine Services Inc,,,439901.58,164505240.0,0,12.0,69.2106712559832,
Carrier_Vessel_Type_Specialization,,,Tanker (Other),GIMI - Gulf Inland Marine Services Inc,,,53089.53,19291029.0,0,3.0,8.352691090504056,
Carrier_Vessel_Type_Specialization,,,Unknown,GIMI - Gulf Inland Marine Services Inc,,,142606.8,202466128.0,0,6.0,22.436637653512733,
Carrier_Vessel_Type_Specialization,,,Bulk Carrier,GIQG - Gio Shipping Pte Ltd,,,188599.0,258757600.0,140,9.0,71.85188862319126,
Carrier_Vessel_Type_Specialization,,,General Cargo,GIQG - Gio Shipping Pte Ltd,,,21074.73,24914000.0,0,1.0,8.028988238133964,
Carrier_Vessel_Type_Specialization,,,Tanker (Other),GIQG - Gio Shipping Pte Ltd,,,6368.860000000001,16953000.0,0,2.0,2.426389426119428,
Carrier_Vessel_Type_Specialization,,,Unknown,GIQG - Gio Shipping Pte Ltd,,,46440.42,54049300.0,6,2.0,17.692733712555338,
Carrier_Vessel_Type_Specialization,,,Unknown,GLFS - Gulfstream Line Inc,,,696.84,4546000.0,12,2.0,100.0,
Carrier_Vessel_Type_Specialization,,,Bulk Carrier,GLNL - Galene Logistics Inc,,,51.55,295533.0,0,53.0,4.677815990780482,
Carrier_Vessel_Type_Specialization,,,Container Ship,GLNL - Galene Logistics Inc,,,325.42,1413180.0,0,77.0,29.529677589132586,
Carrier_Vessel_Type_Specialization,,,General Cargo,GLNL - Galene Logistics Inc,,,21.22,124932.0,0,30.0,1.925572363227194,
Carrier_Vessel_Type_Specialization,,,LNG Tanker,GLNL - Galene Logistics Inc,,,30.57,277496.0,0,26.0,2.7740220143192893,
Carrier_Vessel_Type_Specialization,,,LPG Tanker,GLNL - Galene Logistics Inc,,,65.18,453937.0,0,65.0,5.914646872532918,
Carrier_Vessel_Type_Specialization,,,Other,GLNL - Galene Logistics Inc,,,0.32,7248.0,0,2.0,0.029037849021333748,
Carrier_Vessel_Type_Specialization,,,Tanker (Other),GLNL - Galene Logistics Inc,,,163.04,815312.0,0,171.0,14.794784076369542,
Carrier_Vessel_Type_Specialization,,,Unknown,GLNL - Galene Logistics Inc,,,428.09,2081879.0,0,101.0,38.846289961071136,
Carrier_Vessel_Type_Specialization,,,Vehicle Carrier,GLNL - Galene Logistics Inc,,,16.62,266692.0,0,11.0,1.5081532835455216,
Carrier_Vessel_Type_Specialization,,,LNG Tanker,GLNV - Gaslog Lng Services Ltd,,,18.84,2371768.0,0,11.0,100.0,
Carrier_Vessel_Type_Specialization,,,Container Ship,GLPG - Greatway Logistics Group,,,19.45,60200.0,2,1.0,100.0,
Carrier_Vessel_Type_Specialization,,,Tanker (Other),GLQN - Gloria Maris S.A.,,,107643.0,57158000.0,0,1.0,100.0,
Carrier_Vessel_Type_Specialization,,,Container Ship,GLXV - Geneve Lines Limited,,,225.6,3647000.0,0,2.0,100.0,
Carrier_Vessel_Type_Specialization,,,General Cargo,GMCE - Gulf Marine Contractors,,,18.95,48300.0,0,1.0,0.9766732293610134,
Carrier_Vessel_Type_Specialization,,,LPG Tanker,GMCE - Gulf Marine Contractors,,,4.49,25990.0,0,1.0,0.23141228495150135,
Carrier_Vessel_Type_Specialization,,,Tanker (Other),GMCE - Gulf Marine Contractors,,,0.01,330.0,0,1.0,0.0005153948439899807,
Carrier_Vessel_Type_Specialization,,,Unknown,GMCE - Gulf Marine Contractors,,,1916.81,15916626.0,0,14.0,98.79139909084348,
Carrier_Vessel_Type_Specialization,,,Tanker (Other),GMCJ - Greenheart Management Ltd,,,543494.0,450623000.0,0,1.0,100.0,
Carrier_Vessel_Type_Specialization,,,Bulk Carrier,GMTQ - Global Maritime Trust,,,17448.0,21195000.0,0,1.0,100.0,
Carrier_Vessel_Type_Specialization,,,Unknown,GNFB - Gnfb3 Co Inc,,,281.05,1984000.0,0,1.0,62.53476625948424,
Carrier_Vessel_Type_Specialization,,,Vehicle Carrier,GNFB - Gnfb3 Co Inc,,,168.38,2963000.0,0,1.0,37.465233740515764,
Carrier_Vessel_Type_Specialization,,,Reefer,GNSC - Greensea Inc,,,6646.8099999999995,6200900.0,68,2.0,100.0,
Carrier_Vessel_Type_Specialization,,,Container Ship,GNSI - General Noli Spedizioni Internazionali Soa,,,40.58,918000.0,0,1.0,100.0,
Carrier_Vessel_Type_Specialization,,,Container Ship,GOAG - Global Ocean Agency Lines Llc,,,14.16,33780.0,0,2.0,100.0,
Carrier_Vessel_Type_Specialization,,,Bulk Carrier,GOLA - The Great Ocean Line Pte. Ltd.,,,227.13,13862000.0,0,2.0,3.3492145647259712,
Carrier_Vessel_Type_Specialization,,,Container Ship,GOLA - The Great Ocean Line Pte. Ltd.,,,1078.35,45689400.0,0,15.0,15.901138228645491,
Carrier_Vessel_Type_Specialization,,,General Cargo,GOLA - The Great Ocean Line Pte. Ltd.,,,12.83,102800.0,0,1.0,0.18918867109335716,
Carrier_Vessel_Type_Specialization,,,RoRo,GOLA - The Great Ocean Line Pte. Ltd.,,,1939.46,44337500.0,0,7.0,28.59889789857541,
Carrier_Vessel_Type_Specialization,,,Tanker (Other),GOLA - The Great Ocean Line Pte. Ltd.,,,5.0,1579000.0,0,1.0,0.07372902224994433,
Carrier_Vessel_Type_Specialization,,,Unknown,GOLA - The Great Ocean Line Pte. Ltd.,,,1626.31,77743800.0,0,14.0,23.98124923506139,
Carrier_Vessel_Type_Specialization,,,Vehicle Carrier,GOLA - The Great Ocean Line Pte. Ltd.,,,1892.51,59552700.0,0,21.0,27.90658237964843,
Carrier_Vessel_Type_Specialization,,,Bulk Carrier,GOLE - Golden Ocean Line Ltd,,,0.92,3200.0,2,1.0,5.532170775706554,
Carrier_Vessel_Type_Specialization,,,RoRo,GOLE - Golden Ocean Line Ltd,,,15.71,448000.0,1,1.0,94.46782922429342,
Carrier_Vessel_Type_Specialization,,,Container Ship,GPXG - Gepax Group Llc,,,445.18,262000.0,2,1.0,100.0,
Carrier_Vessel_Type_Specialization,,,Container Ship,GQCI - Global Logistical Connections Inc,,,16.03,168400.0,0,2.0,100.0,
Carrier_Vessel_Type_Specialization,,,Unknown,GQIH - Guangzhou Qg International Shipping Co Ltd,,,21.68,43200.0,0,1.0,100.0,
Carrier_Vessel_Type_Specialization,,,Bulk Carrier,GRGY - Golden Ocean Group Limited,,,274867.2,95430600.0,0,3.0,79.03698291021696,
Carrier_Vessel_Type_Specialization,,,Unknown,GRGY - Golden Ocean Group Limited,,,72903.16,4945000.0,0,1.0,20.963017089783044,
Carrier_Vessel_Type_Specialization,,,Reefer,GRLD - Global Reefer Logistics N V,,,10114.53,24112700.0,196,11.0,50.81373576935771,
Carrier_Vessel_Type_Specialization,,,Unknown,GRLD - Global Reefer Logistics N V,,,9790.58,25391300.0,209,5.0,49.18626423064228,
Carrier_Vessel_Type_Specialization,,,Bulk Carrier,GRMS - Grecomar Shipping Agency Ltd,,,0.5,3900.0,1,1.0,100.0,
Carrier_Vessel_Type_Specialization,,,LPG Tanker,GSCM - Gaschem Services Gmbh & Co Kg,,,18477.3,38272400.0,6,7.0,100.0,
Carrier_Vessel_Type_Specialization,,,Bulk Carrier,GSKE - Gio Shipping Co Ltd,,,1857.46,6986600.0,2,1.0,100.0,
Carrier_Vessel_Type_Specialization,,,Unknown,GSMR - Genesis Marine Llc,,,13022.18,10066000.0,0,1.0,100.0,
Carrier_Vessel_Type_Specialization,,,Bulk Carrier,GSSW - G2 Ocean Us Inc,,,744230.47,1288667400.0,1324,15.0,13.186524703115124,
Carrier_Vessel_Type_Specialization,,,General Cargo,GSSW - G2 Ocean Us Inc,,,2468585.91,2669378740.0,2944,40.0,43.7392318591537,
Carrier_Vessel_Type_Specialization,,,Tanker (Other),GSSW - G2 Ocean Us Inc,,,47586.2,116306200.0,464,1.0,0.8431482277625327,
Carrier_Vessel_Type_Specialization,,,Unknown,GSSW - G2 Ocean Us Inc,,,2383468.62,2916948760.0,3212,17.0,42.23109520996865,
Carrier_Vessel_Type_Specialization,,,General Cargo,GSUA - Gloval Shipping Usa,,,77.0,284000.0,0,1.0,100.0,
Carrier_Vessel_Type_Specialization,,,Tanker (Other),GUCC - Gulf Energy Maritime,,,69959.0,73283000.0,0,2.0,100.0,
Carrier_Vessel_Type_Specialization,,,Unknown,GUGC - Global United Gas Carriers Pte Ltd,,,25234.0,7040000.0,1,1.0,100.0,
Carrier_Vessel_Type_Specialization,,,General Cargo,GULF - Gulf Alliance Chartering Llc,,,5332.25,5948000.0,0,1.0,100.0,
Carrier_Vessel_Type_Specialization,,,Tanker (Other),GUNG - Gungen Denizcilik Ve Ticaret A S,,,618360.64,401109960.0,2,3.0,100.0,
Carrier_Vessel_Type_Specialization,,,Tanker (Other),GVWS - Gulfview Shipping Co S A,,,70521.0,38928000.0,0,1.0,100.0,
Carrier_Vessel_Type_Specialization,,,Container Ship,GXPS - Globe Express Services Ltd,,,48.0,30200.0,0,1.0,81.49405772495756,
Carrier_Vessel_Type_Specialization,,,Vehicle Carrier,GXPS - Globe Express Services Ltd,,,10.9,97800.0,0,1.0,18.505942275042443,
Carrier_Vessel_Type_Specialization,,,Vehicle Carrier,GYCB - Greycarrier Bv,,,18.18,634000.0,1,1.0,100.0,
Carrier_Vessel_Type_Specialization,,,Tanker (Other),HAIS - Hai Soon International Trading Pte Ltd.,,,508.0,471000.0,0,2.0,100.0,
Carrier_Vessel_Type_Specialization,,,Tanker (Other),HAKE - Hansa Tankers,,,119899.79,192855000.0,18,5.0,58.852051181642295,
Carrier_Vessel_Type_Specialization,,,Unknown,HAKE - Hansa Tankers,,,83831.07,120163000.0,12,4.0,41.14794881835772,
Carrier_Vessel_Type_Specialization,,,Other,HAWI - Holland America Cruise Line,,,26.5,142557.0,0,2.0,100.0,
Carrier_Vessel_Type_Specialization,,,General Cargo,HBGO - Held Bereederungs Gmbh & Co Kg,,,793.47,7109000.0,10,2.0,100.0,
Carrier_Vessel_Type_Specialization,,,Bulk Carrier,HCLE - Helvetia Container Line,,,2350.69,16248160.0,14,5.0,5.897848143124601,
Carrier_Vessel_Type_Specialization,,,Container Ship,HCLE - Helvetia Container Line,,,644.5699999999999,9575280.0,9,15.0,1.6172170629108151,
Carrier_Vessel_Type_Specialization,,,General Cargo,HCLE - Helvetia Container Line,,,23236.37,295562300.0,24,27.0,58.2997254667592,
Carrier_Vessel_Type_Specialization,,,RoRo,HCLE - Helvetia Container Line,,,2532.89,65465300.0,89,7.0,6.354985380138968,
Carrier_Vessel_Type_Specialization,,,Tanker (Other),HCLE - Helvetia Container Line,,,13.06,284100.0,5,3.0,0.03276735628654025,
Carrier_Vessel_Type_Specialization,,,Unknown,HCLE - Helvetia Container Line,,,8057.51,92815000.0,19,24.0,20.21617924596944,
Carrier_Vessel_Type_Specialization,,,Vehicle Carrier,HCLE - Helvetia Container Line,,,3021.65,38119800.0,30,28.0,7.581277344810439,
Carrier_Vessel_Type_Specialization,,,Container Ship,HCLL - Hanseatic Container Line Ltd,,,0.62,5700.0,0,1.0,52.10084033613446,
Carrier_Vessel_Type_Specialization,,,Unknown,HCLL - Hanseatic Container Line Ltd,,,0.57,18800.0,0,1.0,47.89915966386554,
Carrier_Vessel_Type_Specialization,,,Bulk Carrier,HCPP - Hanson Carriers Pte Ltd,,,60441.450000000004,111164700.0,0,2.0,100.0,
Carrier_Vessel_Type_Specialization,,,Bulk Carrier,HDGL - Hyundai Glovis Co Ltd,,,42937.41,400182600.0,194,1.0,0.9606765228134153,
Carrier_Vessel_Type_Specialization,,,General Cargo,HDGL - Hyundai Glovis Co Ltd,,,19728.86,233483400.0,52,1.0,0.44141117556631093,
Carrier_Vessel_Type_Specialization,,,LPG Tanker,HDGL - Hyundai Glovis Co Ltd,,,3900.0,51296000.0,0,1.0,0.08725813780971697,
Carrier_Vessel_Type_Specialization,,,Other,HDGL - Hyundai Glovis Co Ltd,,,1748.2,24582000.0,2,1.0,0.03911401962024288,
Carrier_Vessel_Type_Specialization,,,RoRo,HDGL - Hyundai Glovis Co Ltd,,,140.96,4279200.0,10,4.0,0.003153822334784027,
Carrier_Vessel_Type_Specialization,,,Unknown,HDGL - Hyundai Glovis Co Ltd,,,126267.17,1372116500.0,260,7.0,2.8250866976161437,
Carrier_Vessel_Type_Specialization,,,Vehicle Carrier,HDGL - Hyundai Glovis Co Ltd,,,4274774.57,47864545680.0,8838,112.0,95.6432996242394,
Carrier_Vessel_Type_Specialization,,,Bulk Carrier,HDMU - Hyundai Merchant Marine,,,363416.27,538678300.0,421,13.0,54.020987537036135,
Carrier_Vessel_Type_Specialization,,,Container Ship,HDMU - Hyundai Merchant Marine,,,937.87,305900.0,4,4.0,0.13941220513148758,
Carrier_Vessel_Type_Specialization,,,General Cargo,HDMU - Hyundai Merchant Marine,,,177766.66,405347700.0,115,6.0,26.424602630918365,
Carrier_Vessel_Type_Specialization,,,Tanker (Other),HDMU - Hyundai Merchant Marine,,,39129.34,38794000.0,2,1.0,5.816485839977526,
Carrier_Vessel_Type_Specialization,,,Unknown,HDMU - Hyundai Merchant Marine,,,91481.49,154353930.0,139,4.0,13.598511786936493,
Carrier_Vessel_Type_Specialization,,,Tanker (Other),HDRM - Heidmar Inc,,,883479.23,638078800.0,23,5.0,100.0,
Carrier_Vessel_Type_Specialization,,,General Cargo,HECS - Hansaeng Express Co Ltd,,,1966.32,22548000.0,0,1.0,100.0,
Carrier_Vessel_Type_Specialization,,,Vehicle Carrier,HEIC - Hankyu Hanshin Express Co Ltd,,,10.71,231000.0,1,1.0,100.0,
Carrier_Vessel_Type_Specialization,,,Tanker (Other),HEOB - Heng Hui Shipping Company Limited,,,31744.48,28316000.0,8,1.0,100.0,
Carrier_Vessel_Type_Specialization,,,Tanker (Other),HEUI - Hesheng Industrial Ltd,,,33709.0,4854000.0,0,1.0,100.0,
Carrier_Vessel_Type_Specialization,,,Unknown,HFCM - H. Folmer & Co. I/S,,,9.43,70900.0,1,1.0,100.0,
Carrier_Vessel_Type_Specialization,,,Tanker (Other),HFZI - Hn Five Zero Four Six,,,0.03,224.0,0,1.0,100.0,
Carrier_Vessel_Type_Specialization,,,Tanker (Other),HFZO - Hn Five Zero Five One,,,0.0,42.0,0,1.0,,
Carrier_Vessel_Type_Specialization,,,Tanker (Other),HFZT - Hn Five Zero Five Two,,,0.59,6100.0,0,1.0,100.0,
Carrier_Vessel_Type_Specialization,,,LPG Tanker,HGCH - Harpaingas Gmbh & Co Kg,,,0.73,7502.0,6,1.0,9.012345679012345,
Carrier_Vessel_Type_Specialization,,,Unknown,HGCH - Harpaingas Gmbh & Co Kg,,,7.370000000000001,117180.0,14,4.0,90.98765432098766,
Carrier_Vessel_Type_Specialization,,,Bulk Carrier,HGLV - Helka Global Logistics Ltd,,,89.27,328000.0,1,1.0,100.0,
Carrier_Vessel_Type_Specialization,,,Container Ship,HITP - Hankyu Hanshin Express,,,0.91,12100.0,1,1.0,100.0,
Carrier_Vessel_Type_Specialization,,,Unknown,HKNT - Harken Towing Co Ltd,,,13095.43,1054800.0,0,1.0,100.0,
Carrier_Vessel_Type_Specialization,,,Vehicle Carrier,HLBH - Hitrans Logistics Co Ltd,,,1.26,34000.0,0,1.0,100.0,
Carrier_Vessel_Type_Specialization,,,Bulk Carrier,HLCU - Hapag Lloyd A G,,,269.46000000000004,1033308.0,8,2.0,0.3645648289781551,
Carrier_Vessel_Type_Specialization,,,Container Ship,HLCU - Hapag Lloyd A G,,,60283.79,230524065.0,1169,161.0,81.56071250465752,
Carrier_Vessel_Type_Specialization,,,RoRo,HLCU - Hapag Lloyd A G,,,130.0,145000.0,1,1.0,0.17588297991226956,
Carrier_Vessel_Type_Specialization,,,Unknown,HLCU - Hapag Lloyd A G,,,10725.65,24693400.0,167,21.0,14.5112252576618,
Carrier_Vessel_Type_Specialization,,,Vehicle Carrier,HLCU - Hapag Lloyd A G,,,2503.88,2553100.0,18,1.0,3.387614428790258,
Carrier_Vessel_Type_Specialization,,,Bulk Carrier,HMCM - Hmc Shipmanament Co Ltd,,,44737.29,30606900.0,50,1.0,100.0,
Carrier_Vessel_Type_Specialization,,,Tanker (Other),HMEH - Hera Maritime Enterprises Co,,,16045.0,12531000.0,0,1.0,100.0,
Carrier_Vessel_Type_Specialization,,,General Cargo,HMLQ - Honolulu Marine Llc,,,108.04,1414000.0,0,1.0,100.0,
Carrier_Vessel_Type_Specialization,,,Unknown,HOEG - Hoegh Autoliners As,,,109396.65,1347789860.0,8129,6.0,12.338701223727602,
Carrier_Vessel_Type_Specialization,,,Vehicle Carrier,HOEG - Hoegh Autoliners As,,,777217.33,8822585410.0,14856,26.0,87.66129877627239,
Carrier_Vessel_Type_Specialization,,,Tanker (Other),HOMP - Holger Navigation Corp,,,20040.55,50242000.0,1,1.0,100.0,
Carrier_Vessel_Type_Specialization,,,Bulk Carrier,HONW - Hong Glory International Shipping Company Limited,,,191261.96,1616901000.0,2,3.0,100.0,
Carrier_Vessel_Type_Specialization,,,Unknown,HOSC - Hornbeck Offshore Services Llc,,,505.13,6867300.0,0,3.0,100.0,
Carrier_Vessel_Type_Specialization,,,Tanker (Other),HPPB - Hafnia Middle East Dmcc,,,1176839.05,1288433460.0,0,23.0,91.33608783837246,
Carrier_Vessel_Type_Specialization,,,Unknown,HPPB - Hafnia Middle East Dmcc,,,111632.0,106897000.0,0,3.0,8.663912161627534,
Carrier_Vessel_Type_Specialization,,,Container Ship,HPPG - Hippo Logistics Co Ltd,,,7.12,273100.0,2,2.0,100.0,
Carrier_Vessel_Type_Specialization,,,Bulk Carrier,HPPW - Hafnia Pools Pte Ltd,,,146956.0,125008000.0,0,2.0,1.4814124999436744,
Carrier_Vessel_Type_Specialization,,,Tanker (Other),HPPW - Hafnia Pools Pte Ltd,,,9093527.6,10278833612.0,0,59.0,91.66869985045048,
Carrier_Vessel_Type_Specialization,,,Unknown,HPPW - Hafnia Pools Pte Ltd,,,679508.3,559617360.0,0,6.0,6.849887649605843,
Carrier_Vessel_Type_Specialization,,,Bulk Carrier,HRMA - Heerema Marine Contractors,,,1961.0,22669000.0,0,1.0,25.722721912584724,
Carrier_Vessel_Type_Specialization,,,Unknown,HRMA - Heerema Marine Contractors,,,5662.61,76994400.0,0,9.0,74.27727808741528,
Carrier_Vessel_Type_Specialization,,,Unknown,HRSJ - Harbor Bunkering Corporation,,,20800.0,4898000.0,0,1.0,100.0,
Carrier_Vessel_Type_Specialization,,,General Cargo,"HSCP - Huanji Supply Chain Management Co.,Ltd",,,65.34,101200.0,0,2.0,16.565257073319135,
Carrier_Vessel_Type_Specialization,,,Unknown,"HSCP - Huanji Supply Chain Management Co.,Ltd",,,329.1,2084000.0,0,3.0,83.43474292668085,
Carrier_Vessel_Type_Specialization,,,Tanker (Other),HSCW - Highlink Shipping Company Ltd,,,125497.64,136714000.0,16,1.0,100.0,
Carrier_Vessel_Type_Specialization,,,Tanker (Other),HSLC - Hansa Linie Co,,,0.47,1300.0,0,1.0,100.0,
Carrier_Vessel_Type_Specialization,,,Bulk Carrier,HSLE - Hudson Shipping Lines Inc,,,126261.2,84323000.0,0,5.0,100.0,
Carrier_Vessel_Type_Specialization,,,Tanker (Other),HTKR - Handytankers K/S,,,21124.54,23068000.0,0,1.0,9.229205415610327,
Carrier_Vessel_Type_Specialization,,,Unknown,HTKR - Handytankers K/S,,,207763.42,268544200.0,16,3.0,90.77079458438966,
Carrier_Vessel_Type_Specialization,,,Tanker (Other),HTQH - Hendricks Tanker Company Llc,,,278625.4,166064000.0,3,1.0,100.0,
Carrier_Vessel_Type_Specialization,,,Bulk Carrier,HUAB - Hanseatic Unity Handysize Pool,,,30000.0,8535000.0,2,1.0,52.17391304347826,
Carrier_Vessel_Type_Specialization,,,Unknown,HUAB - Hanseatic Unity Handysize Pool,,,27500.0,26785000.0,1,1.0,47.82608695652174,
Carrier_Vessel_Type_Specialization,,,Other,HUGR - Hx Cruises Ltd,,,0.060000000000000005,832.0,0,1.0,100.0,
Carrier_Vessel_Type_Specialization,,,General Cargo,HYBU - Hybur Ltd,,,35.660000000000004,1044653.0,0,1.0,35.25108738631871,
Carrier_Vessel_Type_Specialization,,,Unknown,HYBU - Hybur Ltd,,,65.5,506910.0,0,3.0,64.7489126136813,
Carrier_Vessel_Type_Specialization,,,Bulk Carrier,HYHC - H Y H Container Line,,,0.0,5.0,0,1.0,0.0,
Carrier_Vessel_Type_Specialization,,,Container Ship,HYHC - H Y H Container Line,,,85.07000000000001,583271.0,0,31.0,75.40998138462902,
Carrier_Vessel_Type_Specialization,,,Unknown,HYHC - H Y H Container Line,,,25.560000000000002,171537.0,0,10.0,22.6575658186331,
Carrier_Vessel_Type_Specialization,,,Vehicle Carrier,HYHC - H Y H Container Line,,,2.18,10300.0,0,1.0,1.9324527967378775,
Carrier_Vessel_Type_Specialization,,,Container Ship,HYSL - Hecny Shipping Limited,,,105.07,677100.0,0,7.0,88.30895948898974,
Carrier_Vessel_Type_Specialization,,,Unknown,HYSL - Hecny Shipping Limited,,,13.91,101000.0,0,1.0,11.691040511010256,
Carrier_Vessel_Type_Specialization,,,Tanker (Other),IBAI - Ibaizabal Tankers S L,,,601386.26,371286000.0,13,3.0,100.0,
Carrier_Vessel_Type_Specialization,,,Bulk Carrier,IBAS - Integrity Bulk Aps,,,56124.0,16497000.0,0,2.0,62.97293658273866,
Carrier_Vessel_Type_Specialization,,,Tanker (Other),IBAS - Integrity Bulk Aps,,,33000.0,12045000.0,0,1.0,37.02706341726134,
Carrier_Vessel_Type_Specialization,,,Container Ship,IBCV - International Bonded Couriers Inc,,,0.02,24.0,0,1.0,100.0,
Carrier_Vessel_Type_Specialization,,,Vehicle Carrier,ICFF - Inter Continental Freight Pte Ltd,,,460.56,5154000.0,6,1.0,100.0,
Carrier_Vessel_Type_Specialization,,,Bulk Carrier,ICLD - Intergis Co Ltd,,,35000.0,26425000.0,6,1.0,100.0,
Carrier_Vessel_Type_Specialization,,,General Cargo,ICLG - Intermarine Carriers Llc,,,61020.27,394615472.0,463,12.0,63.239043459290954,
Carrier_Vessel_Type_Specialization,,,Unknown,ICLG - Intermarine Carriers Llc,,,35471.18,320758580.0,241,8.0,36.76095654070905,
Carrier_Vessel_Type_Specialization,,,General Cargo,IDCL - Itiro Dmcc,,,38400.0,11750000.0,2,1.0,100.0,
Carrier_Vessel_Type_Specialization,,,General Cargo,IDMC - Industrial Maritime Carriers Llc,,,42463.159999999996,310052020.0,162,6.0,70.37367696643412,
Carrier_Vessel_Type_Specialization,,,Unknown,IDMC - Industrial Maritime Carriers Llc,,,17876.39,157904138.0,139,9.0,29.626323033565882,
Carrier_Vessel_Type_Specialization,,,RoRo,"IFTC - International Freight Transport, Inc",,,40.82,231000.0,1,1.0,100.0,
Carrier_Vessel_Type_Specialization,,,Tanker (Other),IHMK - Icechem Tankers Ltd,,,65267.94,324650800.0,4,5.0,100.0,
Carrier_Vessel_Type_Specialization,,,Container Ship,IILU - Independent Container Line Ltd,,,1524.02,2841400.0,69,4.0,100.0,
Carrier_Vessel_Type_Specialization,,,General Cargo,"IINO - Iino Kaiun Kaisha, Ltd.",,,55477.0,27892000.0,1,2.0,63.219123656706145,
Carrier_Vessel_Type_Specialization,,,LPG Tanker,"IINO - Iino Kaiun Kaisha, Ltd.",,,100.03999999999999,1614130.0,0,1.0,0.11400113796017958,
Carrier_Vessel_Type_Specialization,,,Tanker (Other),"IINO - Iino Kaiun Kaisha, Ltd.",,,32176.47,31322000.0,17,3.0,36.66687520533367,
Carrier_Vessel_Type_Specialization,,,General Cargo,ILGJ - Itochu Logistics Corp,,,901.4200000000001,10837000.0,0,3.0,88.63955946703378,
Carrier_Vessel_Type_Specialization,,,Vehicle Carrier,ILGJ - Itochu Logistics Corp,,,115.53,1107000.0,0,1.0,11.360440532966223,
Carrier_Vessel_Type_Specialization,,,Unknown,ILSC - Interlake Logistic Solutions,,,33363.44,90186000.0,0,1.0,100.0,
Carrier_Vessel_Type_Specialization,,,Bulk Carrier,IMSC - Interorient Marine Services,,,0.14,430.0,0,1.0,93.33333333333333,
Carrier_Vessel_Type_Specialization,,,Tanker (Other),IMSC - Interorient Marine Services,,,0.01,140.0,0,1.0,6.666666666666665,
Carrier_Vessel_Type_Specialization,,,LPG Tanker,IMSD - Iino Marine Service Co Ltd,,,0.01,200.0,0,1.0,100.0,
Carrier_Vessel_Type_Specialization,,,Tanker (Other),IMSD - Iino Marine Service Co Ltd,,,0.0,64.0,1,1.0,0.0,
Carrier_Vessel_Type_Specialization,,,Tanker (Other),IMTO - Idemitsu Tanker Co Ltd,,,80958.72,75777000.0,0,1.0,55.78484789017487,
Carrier_Vessel_Type_Specialization,,,Unknown,IMTO - Idemitsu Tanker Co Ltd,,,64168.0,54919000.0,0,3.0,44.21515210982513,
Carrier_Vessel_Type_Specialization,,,Unknown,INPA - International Pacific Halibut Commission,,,65.52000000000001,90400.0,0,2.0,100.0,
Carrier_Vessel_Type_Specialization,,,Bulk Carrier,INUI - Inui Global Logistics Co Ltd,,,189899.0,94516000.0,15,4.0,49.44556106191815,
Carrier_Vessel_Type_Specialization,,,General Cargo,INUI - Inui Global Logistics Co Ltd,,,194157.72,156141000.0,12,6.0,50.55443893808186,
Carrier_Vessel_Type_Specialization,,,Tanker (Other),IONK - Ionic Tankers,,,1880902.99,950000876.0,33,3.0,100.0,
Carrier_Vessel_Type_Specialization,,,Unknown,"ISCH - Interlake Steamship Company, The",,,277969.6,299687400.0,0,4.0,100.0,
Carrier_Vessel_Type_Specialization,,,Tanker (Other),ISEW - International Seaways Inc,,,1890571.56,2052284461.0,21,11.0,86.6266976758192,
Carrier_Vessel_Type_Specialization,,,Unknown,ISEW - International Seaways Inc,,,291863.66,179127000.0,8,2.0,13.37330232418078,
Carrier_Vessel_Type_Specialization,,,Unknown,ISLT - Island Tug And Barge Co.,,,307732.2,341023000.0,0,7.0,100.0,
Carrier_Vessel_Type_Specialization,,,Bulk Carrier,ISWN - Isewan Usa Inc,,,22.23,78700.0,0,1.0,1.2086974015452623,
Carrier_Vessel_Type_Specialization,,,Vehicle Carrier,ISWN - Isewan Usa Inc,,,1816.94,35009900.0,0,16.0,98.79130259845473,
Carrier_Vessel_Type_Specialization,,,Unknown,ITGB - Interglobo North America Inc,,,99.06,1746000.0,0,1.0,100.0,
Carrier_Vessel_Type_Specialization,,,Container Ship,ITIF - Iti Lines Limited,,,1.24,3200.0,1,1.0,100.0,
Carrier_Vessel_Type_Specialization,,,Unknown,ITNW - I.T. International Telecom Marine Srl,,,15575.01,276144905.0,0,2.0,100.0,
Carrier_Vessel_Type_Specialization,,,Container Ship,ITWF - Interworld Freight Inc,,,40.0,656000.0,0,1.0,100.0,
Carrier_Vessel_Type_Specialization,,,General Cargo,IUMC - Interunity Management Corporation Sa,,,0.71,4973.0,5,1.0,9.334020404878515e-05,
Carrier_Vessel_Type_Specialization,,,Tanker (Other),IUMC - Interunity Management Corporation Sa,,,633033.39,798802091.0,49,15.0,83.22178280604817,
Carrier_Vessel_Type_Specialization,,,Unknown,IUMC - Interunity Management Corporation Sa,,,127624.19,900175805.0,28,6.0,16.778123853747783,
Carrier_Vessel_Type_Specialization,,,Container Ship,IUSI - Interlog Usa Inc,,,0.25,4100.0,1,1.0,100.0,
Carrier_Vessel_Type_Specialization,,,Unknown,JAPA - Japan Tuna Fisheries Corporation,,,39.66,441700.0,0,3.0,100.0,
Carrier_Vessel_Type_Specialization,,,Bulk Carrier,JAPT - Japan Trust Co Ltd,,,136.14,178000.0,0,1.0,20.507953723788866,
Carrier_Vessel_Type_Specialization,,,General Cargo,JAPT - Japan Trust Co Ltd,,,331.94,3389000.0,0,2.0,50.00301277416246,
Carrier_Vessel_Type_Specialization,,,Unknown,JAPT - Japan Trust Co Ltd,,,29.14,510000.0,0,1.0,4.389611954687877,
Carrier_Vessel_Type_Specialization,,,Vehicle Carrier,JAPT - Japan Trust Co Ltd,,,166.62,3536100.0,0,5.0,25.099421547360812,
Carrier_Vessel_Type_Specialization,,,Bulk Carrier,JASR - Jade Alliance Shipping Pte Ltd,,,100068.92,473526000.0,2,1.0,100.0,
Carrier_Vessel_Type_Specialization,,,Unknown,JDNR - Jan De Nul Us Llc,,,21771.57,37371320.0,0,3.0,100.0,
Carrier_Vessel_Type_Specialization,,,Bulk Carrier,JELW - Jasper Exporting Ltd,,,104275.0,52033000.0,0,1.0,100.0,
Carrier_Vessel_Type_Specialization,,,Tanker (Other),JERS - Ernst Jacob,,,6148.01,6928170.0,0,2.0,99.78899563545588,
Carrier_Vessel_Type_Specialization,,,Unknown,JERS - Ernst Jacob,,,13.0,17700.0,0,1.0,0.21100436454412505,
Carrier_Vessel_Type_Specialization,,,Unknown,JFSW - Jiangsu Fanzhou Shipping Co Ltd,,,1534.0900000000001,6838000.0,2,1.0,100.0,
Carrier_Vessel_Type_Specialization,,,Unknown,"JHVA - Jones, Harvey Vessel Agents Inc",,,23570.63,62080000.0,0,3.0,100.0,
Carrier_Vessel_Type_Specialization,,,Bulk Carrier,JMLY - Just Marine Logistics Llc,,,1.87,5952.0,0,8.0,11.94125159642401,
Carrier_Vessel_Type_Specialization,,,General Cargo,JMLY - Just Marine Logistics Llc,,,12.879999999999999,1170240.0,0,2.0,82.24776500638569,
Carrier_Vessel_Type_Specialization,,,Tanker (Other),JMLY - Just Marine Logistics Llc,,,0.06,149.0,0,2.0,0.38314176245210724,
Carrier_Vessel_Type_Specialization,,,Unknown,JMLY - Just Marine Logistics Llc,,,0.85,2810.0,0,3.0,5.427841634738186,
Carrier_Vessel_Type_Specialization,,,General Cargo,JMSG - Jiangsu Maoshun Shipping Inc,,,1266.54,15899000.0,0,1.0,100.0,
Carrier_Vessel_Type_Specialization,,,Unknown,JOBE - Jones Marine Group Ltd,,,63185.85,7575000.0,0,4.0,100.0,
Carrier_Vessel_Type_Specialization,,,Unknown,JOLM - Jupiter One,,,36718.42,28200000.0,1,1.0,100.0,
Carrier_Vessel_Type_Specialization,,,Container Ship,JRRD - J R Roadlines Pvt Ltd,,,39.43,66000.0,0,1.0,100.0,
Carrier_Vessel_Type_Specialization,,,Tanker (Other),JSLN - Jupiter Sixteen,,,35800.98,44438000.0,0,1.0,100.0,
Carrier_Vessel_Type_Specialization,,,Bulk Carrier,JTPB - Jera Global Markets Pte. Ltd,,,146687.0,30067000.0,2,2.0,100.0,
Carrier_Vessel_Type_Specialization,,,Unknown,JUMB - Jumbo Shipping Contractors Bv,,,492.81000000000006,2990000.0,0,1.0,100.0,
Carrier_Vessel_Type_Specialization,,,Unknown,KEOM - Kemor Shipping Inc,,,53.650000000000006,265700.0,6,1.0,100.0,
Carrier_Vessel_Type_Specialization,,,Bulk Carrier,KEZG - Keyun Shipping Pte Ltd,,,87754.0,70514000.0,16,3.0,100.0,
Carrier_Vessel_Type_Specialization,,,Container Ship,KFUN - Kln Freight,,,69.41,766600.0,0,6.0,100.0,
Carrier_Vessel_Type_Specialization,,,Bulk Carrier,KFZL - Koch Fertilizer Llc,,,55000.0,40865000.0,0,1.0,100.0,
Carrier_Vessel_Type_Specialization,,,Container Ship,KIGS - Kig Solutions,,,7.7,25200.0,0,1.0,100.0,
Carrier_Vessel_Type_Specialization,,,Tanker (Other),KKAW - Koyo Kaiun Co Ltd,,,18999.68,17628000.0,4,1.0,100.0,
Carrier_Vessel_Type_Specialization,,,Bulk Carrier,KKLU - Kawasaki Kisen Kaisha Ltd,,,919802.51,2154076500.0,407,18.0,20.37958366560664,
Carrier_Vessel_Type_Specialization,,,General Cargo,KKLU - Kawasaki Kisen Kaisha Ltd,,,172510.68,438801000.0,262,2.0,3.822229008997479,
Carrier_Vessel_Type_Specialization,,,Other,KKLU - Kawasaki Kisen Kaisha Ltd,,,13790.84,95826000.0,12,1.0,0.30555643689099593,
Carrier_Vessel_Type_Specialization,,,Unknown,KKLU - Kawasaki Kisen Kaisha Ltd,,,133453.28,415625400.0,66,4.0,2.9568546026359823,
Carrier_Vessel_Type_Specialization,,,Vehicle Carrier,KKLU - Kawasaki Kisen Kaisha Ltd,,,3273795.49,38902556720.0,19960,72.0,72.53577628586889,
Carrier_Vessel_Type_Specialization,,,LNG Tanker,KLCP - Korea Line Corporation,,,0.01,89.0,0,1.0,100.0,
Carrier_Vessel_Type_Specialization,,,Vehicle Carrier,KLLM - K Line Logistics Ltd,,,49.160000000000004,577000.0,0,2.0,100.0,
Carrier_Vessel_Type_Specialization,,,Tanker (Other),KLTM - Kyrakatingo Ltd,,,0.01,890.0,0,1.0,100.0,
Carrier_Vessel_Type_Specialization,,,General Cargo,KMGM - Kamigumi Co Ltd,,,187.66000000000003,2090000.0,0,2.0,8.263829562368445,
Carrier_Vessel_Type_Specialization,,,Unknown,KMGM - Kamigumi Co Ltd,,,95.6,1457000.0,0,1.0,4.209858820006518,
Carrier_Vessel_Type_Specialization,,,Vehicle Carrier,KMGM - Kamigumi Co Ltd,,,1987.6,44197200.0,0,9.0,87.52631161762505,
Carrier_Vessel_Type_Specialization,,,Tanker (Other),KOEC - Kmarin Ocean Services Corporation,,,415168.27,286403000.0,0,3.0,100.0,
Carrier_Vessel_Type_Specialization,,,Tanker (Other),KOSA - Kokuka Sangyo Co Ltd,,,234032.0,90379000.0,0,3.0,100.0,
Carrier_Vessel_Type_Specialization,,,Container Ship,KOSL - King Ocean Services Limited Inc,,,124.97,1154400.0,0,4.0,14.115162193909821,
Carrier_Vessel_Type_Specialization,,,RoRo,KOSL - King Ocean Services Limited Inc,,,100.66,982972.0,0,1.0,11.369386464263124,
Carrier_Vessel_Type_Specialization,,,Tanker (Other),KOSL - King Ocean Services Limited Inc,,,84.87,703070.0,0,1.0,9.58593114665221,
Carrier_Vessel_Type_Specialization,,,Unknown,KOSL - King Ocean Services Limited Inc,,,574.86,7701591.0,0,10.0,64.92952019517485,
Carrier_Vessel_Type_Specialization,,,Unknown,KPML - Kpm America Corp,,,23.96,13800.0,0,1.0,100.0,
Carrier_Vessel_Type_Specialization,,,Tanker (Other),KRLN - Karlin Navigation Ltd,,,37409.020000000004,31426200.0,0,1.0,100.0,
Carrier_Vessel_Type_Specialization,,,Tanker (Other),"KRPH - Kronos Shipping Co., Limited",,,33498.0,32127000.0,20,1.0,100.0,
Carrier_Vessel_Type_Specialization,,,Unknown,KSEA - Kirby Offshore Marine,,,385461.0,265718000.0,0,3.0,100.0,
Carrier_Vessel_Type_Specialization,,,LNG Tanker,KSEN - Knutsen O A S Shipping A/S,,,369046.93,192538667.0,16,14.0,78.73909087543855,
Carrier_Vessel_Type_Specialization,,,Unknown,KSEN - Knutsen O A S Shipping A/S,,,99649.01999999999,639355085.0,3,2.0,21.260909124561454,
Carrier_Vessel_Type_Specialization,,,General Cargo,KSHV - King Shipping Company,,,19.5,418000.0,1,1.0,1.7101512826134617,
Carrier_Vessel_Type_Specialization,,,RoRo,KSHV - King Shipping Company,,,369.98,1549400.0,6,3.0,32.44727033545276,
Carrier_Vessel_Type_Specialization,,,Tanker (Other),KSHV - King Shipping Company,,,74.8,1304800.0,3,1.0,6.55996491997369,
Carrier_Vessel_Type_Specialization,,,Vehicle Carrier,KSHV - King Shipping Company,,,675.97,3617000.0,13,4.0,59.282613461960096,
Carrier_Vessel_Type_Specialization,,,Unknown,KSIF - Kanaway Seafoods Inc,,,1.37,14200.0,0,1.0,100.0,
Carrier_Vessel_Type_Specialization,,,Tanker (Other),KSLW - Kaio Shipping Limited,,,103381.01,88804077.0,0,1.0,100.0,
Carrier_Vessel_Type_Specialization,,,Unknown,KSMW - Klaveness Ship Mgmt As,,,430506.8,1562610014.0,27,6.0,100.0,
Carrier_Vessel_Type_Specialization,,,Tanker (Other),KSPB - Koch Shipping Pte Ltd,,,966650.16,680714000.0,0,7.0,100.0,
Carrier_Vessel_Type_Specialization,,,Unknown,KSTL - Kestrel Marine Corp,,,199182.0,118770000.0,0,1.0,100.0,
Carrier_Vessel_Type_Specialization,,,Tanker (Other),KTOE - Kanaris Twenty One,,,0.0,16.0,0,1.0,,
Carrier_Vessel_Type_Specialization,,,Vehicle Carrier,KWCH - Kawanishi Warehouse Co Ltd,,,65.72,1137000.0,0,2.0,100.0,
Carrier_Vessel_Type_Specialization,,,Container Ship,KWEO - Kintetsu World Express Inc.,,,0.64,18000.0,1,1.0,0.007235497349999096,
Carrier_Vessel_Type_Specialization,,,RoRo,KWEO - Kintetsu World Express Inc.,,,12.48,149000.0,0,1.0,0.14109219832498238,
Carrier_Vessel_Type_Specialization,,,Tanker (Other),KWEO - Kintetsu World Express Inc.,,,668.01,50783000.0,0,1.0,7.5521634137076505,
Carrier_Vessel_Type_Specialization,,,Unknown,KWEO - Kintetsu World Express Inc.,,,19.34,1746800.0,0,2.0,0.2186476855452852,
Carrier_Vessel_Type_Specialization,,,Vehicle Carrier,KWEO - Kintetsu World Express Inc.,,,8144.8099999999995,233829700.0,0,16.0,92.0808612050721,
Carrier_Vessel_Type_Specialization,,,Container Ship,KWII - Kw International Inc,,,21.15,50300.0,0,1.0,100.0,
Carrier_Vessel_Type_Specialization,,,Bulk Carrier,KWKL - Kawasaki Kinkai Kisen Kaisha Ltd Tokyo,,,26120.0,993000.0,0,1.0,100.0,
Carrier_Vessel_Type_Specialization,,,Bulk Carrier,KWLD - Kingwood Logistics Ltd,,,25.79,152500.0,3,1.0,6.2299200425151575,
Carrier_Vessel_Type_Specialization,,,Container Ship,KWLD - Kingwood Logistics Ltd,,,109.79,1009000.0,1,1.0,26.521245500881708,
Carrier_Vessel_Type_Specialization,,,RoRo,KWLD - Kingwood Logistics Ltd,,,170.39,6286800.0,17,4.0,41.15998743870328,
Carrier_Vessel_Type_Specialization,,,Vehicle Carrier,KWLD - Kingwood Logistics Ltd,,,108.0,1827000.0,3,2.0,26.088847017899848,
Carrier_Vessel_Type_Specialization,,,Tanker (Other),KYKL - Kyklades Maritime Corporation,,,260341.0,186354000.0,0,2.0,100.0,
Carrier_Vessel_Type_Specialization,,,Container Ship,KYSI - Kaiyuan Shipping Co Ltd,,,1.35,7300.0,0,1.0,100.0,
Carrier_Vessel_Type_Specialization,,,Bulk Carrier,LBUL - Lauritzen Bulkers A/S,,,758668.71,1506630990.0,78,28.0,61.807672562212026,
Carrier_Vessel_Type_Specialization,,,General Cargo,LBUL - Lauritzen Bulkers A/S,,,226312.66,137499700.0,8,9.0,18.437374049554805,
Carrier_Vessel_Type_Specialization,,,Unknown,LBUL - Lauritzen Bulkers A/S,,,242485.51,642183000.0,17,10.0,19.754953388233172,
Carrier_Vessel_Type_Specialization,,,Unknown,LCIR - Linchuang International Supply Chain,,,201950.0,224166000.0,0,4.0,100.0,
Carrier_Vessel_Type_Specialization,,,Container Ship,LCQI - Limco Logistics Inc,,,2920.0,2985100.0,0,5.0,90.3104886972712,
Carrier_Vessel_Type_Specialization,,,Vehicle Carrier,LCQI - Limco Logistics Inc,,,313.28999999999996,4431600.0,3,2.0,9.689511302728798,
Carrier_Vessel_Type_Specialization,,,Bulk Carrier,LDCH - Louis Dreyfus Company Suisse Sa,,,502668.62,292730000.0,13,12.0,88.73927669744013,
Carrier_Vessel_Type_Specialization,,,Unknown,LDCH - Louis Dreyfus Company Suisse Sa,,,63787.0,180108000.0,0,2.0,11.260723302559871,
Carrier_Vessel_Type_Specialization,,,Bulk Carrier,LDCS - Louis Dreyfus Company Freight Asia Pte Ltd,,,953260.11,383962100.0,36,19.0,63.36071393317598,
Carrier_Vessel_Type_Specialization,,,General Cargo,LDCS - Louis Dreyfus Company Freight Asia Pte Ltd,,,115500.0,27769000.0,9,4.0,7.676983839470454,
Carrier_Vessel_Type_Specialization,,,Unknown,LDCS - Louis Dreyfus Company Freight Asia Pte Ltd,,,435737.0,485118100.0,48,5.0,28.962302227353565,
Carrier_Vessel_Type_Specialization,,,Unknown,LDED - Lindblad Expeditions Inc,,,0.66,2000.0,0,1.0,100.0,
Carrier_Vessel_Type_Specialization,,,Unknown,LDKE - Louis Dreyfus Company Suisse S A,,,41017.6,37467000.0,12,2.0,100.0,
Carrier_Vessel_Type_Specialization,,,RoRo,LDOM - Ld Freight Solutions,,,840.4,17024900.0,1,2.0,100.0,
Carrier_Vessel_Type_Specialization,,,Unknown,LFIS - Lund Fishng Co Ltd,,,9.07,37900.0,0,1.0,100.0,
Carrier_Vessel_Type_Specialization,,,General Cargo,LGBG - Lotte Global Logistics Co Ltd,,,2565.0,43079000.0,0,1.0,100.0,
Carrier_Vessel_Type_Specialization,,,Container Ship,LGFR - Logfret Inc.,,,1.9,28300.0,0,1.0,2.2485207100591715,
Carrier_Vessel_Type_Specialization,,,RoRo,LGFR - Logfret Inc.,,,82.6,218000.0,2,1.0,97.75147928994082,
Carrier_Vessel_Type_Specialization,,,RoRo,LGLT - Liberty Global Logistics Inc,,,10246.85,303527750.0,416,1.0,24.476834929554318,
Carrier_Vessel_Type_Specialization,,,Unknown,LGLT - Liberty Global Logistics Inc,,,20.38,19700.0,1,1.0,0.04868207262371529,
Carrier_Vessel_Type_Specialization,,,Vehicle Carrier,LGLT - Liberty Global Logistics Inc,,,31596.23,782092450.0,720,5.0,75.47448299782197,
Carrier_Vessel_Type_Specialization,,,Vehicle Carrier,LGLV - Leo Global Logistics Public Company Limited,,,32.48,159600.0,2,1.0,100.0,
Carrier_Vessel_Type_Specialization,,,LPG Tanker,LGSW - Latgas Sa,,,0.22999999999999998,1074.0,5,1.0,100.0,
Carrier_Vessel_Type_Specialization,,,Container Ship,LGWD - Logisteed Express Ltd,,,152.7,8183000.0,2,2.0,6.3968832474550705,
Carrier_Vessel_Type_Specialization,,,General Cargo,LGWD - Logisteed Express Ltd,,,1645.83,25389650.0,5,5.0,68.94683926102803,
Carrier_Vessel_Type_Specialization,,,Unknown,LGWD - Logisteed Express Ltd,,,344.15,20226000.0,5,5.0,14.41707511206066,
Carrier_Vessel_Type_Specialization,,,Vehicle Carrier,LGWD - Logisteed Express Ltd,,,244.42,3192200.0,3,5.0,10.239202379456245,
Carrier_Vessel_Type_Specialization,,,Container Ship,LIST - Leman A/S,,,0.66,26700.0,1,1.0,100.0,
Carrier_Vessel_Type_Specialization,,,Bulk Carrier,LJIT - Lei Teng Enterprise Limited,,,81789.4,74372000.0,0,2.0,100.0,
Carrier_Vessel_Type_Specialization,,,Unknown,LLKT - Lower Lakes Towing Ltd,,,1340860.0,1227699100.0,0,5.0,100.0,
Carrier_Vessel_Type_Specialization,,,Bulk Carrier,LLME - Load Line Marine Sa,,,0.98,2400.0,0,1.0,100.0,
Carrier_Vessel_Type_Specialization,,,LNG Tanker,LLMG - Latsco Lng Marine Management Inc,,,85.33,377720.0,0,2.0,100.0,
Carrier_Vessel_Type_Specialization,,,Tanker (Other),LMLE - Leo Maritime Ltd,,,39043.78,34007000.0,1,1.0,100.0,
Carrier_Vessel_Type_Specialization,,,LPG Tanker,LMMA - Latsco Marine Management Inc,,,521.84,7761053.0,0,3.0,0.11795288367269802,
Carrier_Vessel_Type_Specialization,,,Tanker (Other),LMMA - Latsco Marine Management Inc,,,270087.05,160702931.0,0,3.0,61.048494538847486,
Carrier_Vessel_Type_Specialization,,,Unknown,LMMA - Latsco Marine Management Inc,,,171805.05,358917300.0,0,3.0,38.833552577479814,
Carrier_Vessel_Type_Specialization,,,Tanker (Other),LMPR - Lmcs Maritime Pvt Ltd,,,308622.0,203690000.0,0,1.0,100.0,
Carrier_Vessel_Type_Specialization,,,Bulk Carrier,LNAS - Lighthouse Navigation As,,,601940.21,1249619400.0,220,14.0,88.72335066917096,
Carrier_Vessel_Type_Specialization,,,Unknown,LNAS - Lighthouse Navigation As,,,76506.0,255660500.0,94,3.0,11.276649330829043,
Carrier_Vessel_Type_Specialization,,,Unknown,LOWK - Lower Lakes Transportation Company,,,441800.0,426132000.0,0,6.0,100.0,
Carrier_Vessel_Type_Specialization,,,General Cargo,LPCV - Logistics Plus China Limited,,,1027.27,5824000.0,0,5.0,53.33087601623906,
Carrier_Vessel_Type_Specialization,,,RoRo,LPCV - Logistics Plus China Limited,,,117.33,228500.0,0,2.0,6.091204535307494,
Carrier_Vessel_Type_Specialization,,,Unknown,LPCV - Logistics Plus China Limited,,,781.62,4415000.0,0,3.0,40.57791944845345,
Carrier_Vessel_Type_Specialization,,,Tanker (Other),LPLC - Loop Llc,,,1784242.42,995440000.0,0,21.0,71.54770692244138,
Carrier_Vessel_Type_Specialization,,,Unknown,LPLC - Loop Llc,,,709537.6,403272000.0,0,5.0,28.452293077558622,
Carrier_Vessel_Type_Specialization,,,Container Ship,LPLM - Logistics Plus,,,1085.56,2345000.0,14,7.0,70.64872182016973,
Carrier_Vessel_Type_Specialization,,,General Cargo,LPLM - Logistics Plus,,,451.0,1748000.0,2,3.0,29.35127817983027,
Carrier_Vessel_Type_Specialization,,,General Cargo,LPUS - Linea Peninsular Inc,,,18.79,258900.0,0,1.0,85.60364464692482,
Carrier_Vessel_Type_Specialization,,,Unknown,LPUS - Linea Peninsular Inc,,,3.16,43300.0,0,1.0,14.39635535307517,
Carrier_Vessel_Type_Specialization,,,Vehicle Carrier,LRVS - Locher Evers International,,,53.08,427800.0,4,2.0,100.0,
Carrier_Vessel_Type_Specialization,,,Vehicle Carrier,LSKH - Logimark Shipping Line Limited,,,90.0,892000.0,0,1.0,100.0,
Carrier_Vessel_Type_Specialization,,,Container Ship,LUCN - Longsail Usa Corporation,,,16.12,24500.0,0,1.0,100.0,
Carrier_Vessel_Type_Specialization,,,Unknown,LULM - Landbridge Universal Limited,,,138223.0,86251000.0,0,1.0,100.0,
Carrier_Vessel_Type_Specialization,,,LNG Tanker,MAAV - Maran Gas Maritime Inc,,,1.71,17300.0,1,11.0,100.0,
Carrier_Vessel_Type_Specialization,,,Bulk Carrier,MACY - Macs Maritime Carrier Shipping Pte. Ltd.,,,506498.4,895683400.0,380,13.0,73.44280604199707,
Carrier_Vessel_Type_Specialization,,,General Cargo,MACY - Macs Maritime Carrier Shipping Pte. Ltd.,,,90891.28,127814100.0,106,2.0,13.179332151787342,
Carrier_Vessel_Type_Specialization,,,Tanker (Other),MACY - Macs Maritime Carrier Shipping Pte. Ltd.,,,27353.239999999998,27603000.0,11,1.0,3.9662488567391243,
Carrier_Vessel_Type_Specialization,,,Unknown,MACY - Macs Maritime Carrier Shipping Pte. Ltd.,,,64907.2,87130000.0,48,2.0,9.411612949476469,
Carrier_Vessel_Type_Specialization,,,Container Ship,MAEI - Maersk Line Limited,,,1284.25,22446640.0,186,17.0,87.40021369411798,
Carrier_Vessel_Type_Specialization,,,Unknown,MAEI - Maersk Line Limited,,,185.14,5241080.0,4,2.0,12.599786305882033,
Carrier_Vessel_Type_Specialization,,,Tanker (Other),MAET - Maersk Tankers,,,4556180.24,4791016560.0,130,42.0,85.66598331381408,
Carrier_Vessel_Type_Specialization,,,Unknown,MAET - Maersk Tankers,,,762360.52,688412220.0,6,6.0,14.334016686185933,
Carrier_Vessel_Type_Specialization,,,Bulk Carrier,MAEU - Maersk Line,,,1027.6499999999999,4127100.0,7,3.0,1.1572115171852073,
Carrier_Vessel_Type_Specialization,,,Container Ship,MAEU - Maersk Line,,,52189.43,220525305.0,662,111.0,58.76923998572586,
Carrier_Vessel_Type_Specialization,,,General Cargo,MAEU - Maersk Line,,,1205.98,3758400.0,8,2.0,1.3580245662385213,
Carrier_Vessel_Type_Specialization,,,Tanker (Other),MAEU - Maersk Line,,,1080.0,1289000.0,4,1.0,1.216161571118595,
Carrier_Vessel_Type_Specialization,,,Unknown,MAEU - Maersk Line,,,33300.93,142287375.0,366,60.0,37.499362359731805,
Carrier_Vessel_Type_Specialization,,,LNG Tanker,MALA - Malaysia International Shipping Corporation,,,0.01,449.0,0,1.0,100.0,
Carrier_Vessel_Type_Specialization,,,Unknown,MALY - Mallory Transportation,,,129.16,879000.0,1,1.0,21.98580353039304,
Carrier_Vessel_Type_Specialization,,,Vehicle Carrier,MALY - Mallory Transportation,,,458.31000000000006,11670000.0,1,2.0,78.01419646960697,
Carrier_Vessel_Type_Specialization,,,Container Ship,MATS - Matson Navigation Co,,,32.65,107700.0,2,2.0,2.5837032816592673,
Carrier_Vessel_Type_Specialization,,,Unknown,MATS - Matson Navigation Co,,,1231.04,15988070.0,141,4.0,97.41629671834072,
Carrier_Vessel_Type_Specialization,,,Bulk Carrier,MAXR - Marmor Shipping Ltd,,,34981.0,107264000.0,0,1.0,100.0,
Carrier_Vessel_Type_Specialization,,,Unknown,"MBCL - Mailboat Company Ltd, The",,,70.91,1183730.0,0,2.0,100.0,
Carrier_Vessel_Type_Specialization,,,Container Ship,MBEL - Marubeni Logistics Corporation,,,835.1999999999999,6738700.0,28,4.0,31.485614331383072,
Carrier_Vessel_Type_Specialization,,,General Cargo,MBEL - Marubeni Logistics Corporation,,,122.59,4941000.0,0,1.0,4.621433741480186,
Carrier_Vessel_Type_Specialization,,,Unknown,MBEL - Marubeni Logistics Corporation,,,1657.05,7356500.0,31,6.0,62.46795645093191,
Carrier_Vessel_Type_Specialization,,,Vehicle Carrier,MBEL - Marubeni Logistics Corporation,,,37.8,1484000.0,2,1.0,1.4249954762048374,
Carrier_Vessel_Type_Specialization,,,Bulk Carrier,MBSP - Marbulk Shipping And Trading Ltd,,,21455.0,33770700.0,23,1.0,30.743988765655,
Carrier_Vessel_Type_Specialization,,,Unknown,MBSP - Marbulk Shipping And Trading Ltd,,,48331.0,91370680.0,42,2.0,69.256011234345,
Carrier_Vessel_Type_Specialization,,,Bulk Carrier,MBVV - Marla Trading Inc.,,,228379.0,22563000.0,5,5.0,100.0,
Carrier_Vessel_Type_Specialization,,,Tanker (Other),MCGQ - Mitsui & Co Global Logistics Ltd,,,2551.5099999999998,47544000.0,114,1.0,11.725198992137736,
Carrier_Vessel_Type_Specialization,,,Vehicle Carrier,MCGQ - Mitsui & Co Global Logistics Ltd,,,19209.4,390199720.0,1141,12.0,88.27480100786227,
Carrier_Vessel_Type_Specialization,,,Bulk Carrier,MCKR - Mckeil Marine Limited,,,1631581.67,5093216000.0,0,1.0,46.43600114211761,
Carrier_Vessel_Type_Specialization,,,General Cargo,MCKR - Mckeil Marine Limited,,,460689.68,1251483200.0,0,2.0,13.111563398871597,
Carrier_Vessel_Type_Specialization,,,Unknown,MCKR - Mckeil Marine Limited,,,1421342.29,2723960800.0,0,9.0,40.45243545901081,
Carrier_Vessel_Type_Specialization,,,Container Ship,MCPV - Mac Supply Chain Solutions Pvt Ltd,,,0.79,27900.0,1,1.0,100.0,
Carrier_Vessel_Type_Specialization,,,Tanker (Other),MDIA - Mediterranea Di Navigazione S.P.A.,,,5833.0,5804000.0,0,1.0,100.0,
Carrier_Vessel_Type_Specialization,,,General Cargo,MDNC - Manta Denizcilik Nakliyat Ve Ti Ltd Sti,,,36302.0,22870000.0,0,1.0,100.0,
Carrier_Vessel_Type_Specialization,,,Bulk Carrier,MDOQ - Mcdermott Inc,,,9.790000000000001,55030.0,0,1.0,0.17132577096596935,
Carrier_Vessel_Type_Specialization,,,Unknown,MDOQ - Mcdermott Inc,,,5704.47,44624159.0,0,9.0,99.82867422903404,
Carrier_Vessel_Type_Specialization,,,Bulk Carrier,MEDU - Msc Meditterranean Shipping Company Sa,,,64.93,352000.0,1,1.0,0.05262846049554402,
Carrier_Vessel_Type_Specialization,,,Container Ship,MEDU - Msc Meditterranean Shipping Company Sa,,,71485.89,277476705.0,687,161.0,57.94228150090566,
Carrier_Vessel_Type_Specialization,,,Tanker (Other),MEDU - Msc Meditterranean Shipping Company Sa,,,1924.08,8832000.0,4,1.0,1.5595467160059497,
Carrier_Vessel_Type_Specialization,,,Unknown,MEDU - Msc Meditterranean Shipping Company Sa,,,49899.409999999996,133284780.0,367,99.0,40.44554332259285,
Carrier_Vessel_Type_Specialization,,,Bulk Carrier,METR - Mertech Grace Shipping B.V.,,,1497.45,8447000.0,0,1.0,100.0,
Carrier_Vessel_Type_Specialization,,,Tanker (Other),MEYW - Mercuria Energy Trading Sa,,,896731.0,480173000.0,0,1.0,100.0,
Carrier_Vessel_Type_Specialization,,,Bulk Carrier,MFGT - Mainfreight Inc,,,16026.49,523161900.0,8,6.0,24.469320843663443,
Carrier_Vessel_Type_Specialization,,,Container Ship,MFGT - Mainfreight Inc,,,174.08,2272140.0,78,31.0,0.2657861685537465,
Carrier_Vessel_Type_Specialization,,,General Cargo,MFGT - Mainfreight Inc,,,26340.0,1198775000.0,12,6.0,40.216036763015175,
Carrier_Vessel_Type_Specialization,,,RoRo,MFGT - Mainfreight Inc,,,19.07,609500.0,4,3.0,0.029116166327665123,
Carrier_Vessel_Type_Specialization,,,Tanker (Other),MFGT - Mainfreight Inc,,,8.46,119800.0,6,1.0,0.012916768071947929,
Carrier_Vessel_Type_Specialization,,,Unknown,MFGT - Mainfreight Inc,,,22676.96,826902410.0,46,9.0,34.62328994052485,
Carrier_Vessel_Type_Specialization,,,Vehicle Carrier,MFGT - Mainfreight Inc,,,251.20000000000002,1650400.0,15,4.0,0.38353334984318194,
Carrier_Vessel_Type_Specialization,,,Tanker (Other),MFQO - Mercury Pool Limited,,,965989.9199999999,550856232.0,3,8.0,77.39824696429449,
Carrier_Vessel_Type_Specialization,,,Unknown,MFQO - Mercury Pool Limited,,,282087.34,191209000.0,6,2.0,22.6017530357055,
Carrier_Vessel_Type_Specialization,,,Bulk Carrier,MFUS - Marfret Container Lines,,,64.31,292200.0,3,1.0,5.926533470952522,
Carrier_Vessel_Type_Specialization,,,Container Ship,MFUS - Marfret Container Lines,,,695.3,14359024.0,40,7.0,64.07586257741079,
Carrier_Vessel_Type_Specialization,,,Unknown,MFUS - Marfret Container Lines,,,325.51,4432900.0,17,5.0,29.997603951636687,
Carrier_Vessel_Type_Specialization,,,Tanker (Other),MFWS - Maryam Shipping S A,,,306245.18,300817000.0,0,6.0,100.0,
Carrier_Vessel_Type_Specialization,,,Unknown,MFYD - Margaritaville At Sea,,,62.45,833732.0,0,2.0,100.0,
Carrier_Vessel_Type_Specialization,,,Bulk Carrier,MGBK - Minship Shipmanagement Gmbh & Co Kg,,,313102.0,489445000.0,0,4.0,86.60854074807615,
Carrier_Vessel_Type_Specialization,,,Unknown,MGBK - Minship Shipmanagement Gmbh & Co Kg,,,48412.0,295725000.0,0,1.0,13.391459251923854,
Carrier_Vessel_Type_Specialization,,,Bulk Carrier,MGSC - Mid Gulf Shipping Co Inc,,,0.9400000000000001,8200.0,0,2.0,17.60299625468165,
Carrier_Vessel_Type_Specialization,,,LNG Tanker,MGSC - Mid Gulf Shipping Co Inc,,,0.74,9351.0,0,1.0,13.857677902621724,
Carrier_Vessel_Type_Specialization,,,LPG Tanker,MGSC - Mid Gulf Shipping Co Inc,,,0.14,1920.0,0,1.0,2.6217228464419478,
Carrier_Vessel_Type_Specialization,,,Tanker (Other),MGSC - Mid Gulf Shipping Co Inc,,,3.42,75229.0,0,8.0,64.04494382022472,
Carrier_Vessel_Type_Specialization,,,Unknown,MGSC - Mid Gulf Shipping Co Inc,,,0.1,1800.0,0,1.0,1.8726591760299627,
Carrier_Vessel_Type_Specialization,,,Tanker (Other),MGYA - Miklagard S Gemi Isletmeciligi Ve Ticaret A S,,,141220.68,282890100.0,15,2.0,100.0,
Carrier_Vessel_Type_Specialization,,,Bulk Carrier,MHCK - Mohawk Global Logistics Corp,,,110.0,1406000.0,2,1.0,74.22402159244264,
Carrier_Vessel_Type_Specialization,,,RoRo,MHCK - Mohawk Global Logistics Corp,,,38.2,777000.0,2,2.0,25.77597840755736,
Carrier_Vessel_Type_Specialization,,,Tanker (Other),MILW - Myra Investments Ltd,,,152729.11,145952200.0,0,1.0,100.0,
Carrier_Vessel_Type_Specialization,,,LNG Tanker,MIMA - Minerva Marine Inc,,,3.8899999999999997,96800.0,0,4.0,9.517275516303755e-05,
Carrier_Vessel_Type_Specialization,,,LPG Tanker,MIMA - Minerva Marine Inc,,,0.19,14900.0,0,1.0,4.648540740611089e-06,
Carrier_Vessel_Type_Specialization,,,Tanker (Other),MIMA - Minerva Marine Inc,,,4087300.1,2356337869.0,43,19.0,99.9999001787041,
Carrier_Vessel_Type_Specialization,,,Bulk Carrier,MIPR - Minimich Corporation,,,30000.0,12540000.0,2,1.0,100.0,
Carrier_Vessel_Type_Specialization,,,Bulk Carrier,MIQO - Miq Logistics,,,752.5699999999999,3416400.0,0,2.0,10.628649065472038,
Carrier_Vessel_Type_Specialization,,,Container Ship,MIQO - Miq Logistics,,,458.52000000000004,4564270.0,0,13.0,6.475740687909748,
Carrier_Vessel_Type_Specialization,,,General Cargo,MIQO - Miq Logistics,,,697.97,1962700.0,0,7.0,9.857525795909375,
Carrier_Vessel_Type_Specialization,,,RoRo,MIQO - Miq Logistics,,,984.46,7375500.0,0,4.0,13.903663259224528,
Carrier_Vessel_Type_Specialization,,,Tanker (Other),MIQO - Miq Logistics,,,78.8,742000.0,0,1.0,1.1129031802479457,
Carrier_Vessel_Type_Specialization,,,Unknown,MIQO - Miq Logistics,,,4069.26,16350500.0,0,8.0,57.47071567583447,
Carrier_Vessel_Type_Specialization,,,Vehicle Carrier,MIQO - Miq Logistics,,,39.0,1103000.0,0,1.0,0.5508023354019022,
Carrier_Vessel_Type_Specialization,,,Tanker (Other),MKMQ - Maran Tankers Management Inc,,,828946.61,509271604.0,0,9.0,100.0,
Carrier_Vessel_Type_Specialization,,,Container Ship,MLAA - Mol Chemical Tankers Pte Ltd,,,61292.7,156294000.0,24,1.0,1.0758673839488013,
Carrier_Vessel_Type_Specialization,,,Tanker (Other),MLAA - Mol Chemical Tankers Pte Ltd,,,5527403.16,12044218276.0,1235,52.0,97.02220293411024,
Carrier_Vessel_Type_Specialization,,,Unknown,MLAA - Mol Chemical Tankers Pte Ltd,,,108353.88,454213200.0,68,6.0,1.9019296819409548,
Carrier_Vessel_Type_Specialization,,,General Cargo,MLBG - Mlb Gmbh & Co Kg,,,510.81,2895000.0,3,2.0,47.41400115098298,
Carrier_Vessel_Type_Specialization,,,Unknown,MLBG - Mlb Gmbh & Co Kg,,,566.53,3717100.0,4,1.0,52.585998849017024,
Carrier_Vessel_Type_Specialization,,,Bulk Carrier,MLCW - Mclean Cargo Specialists,,,134.4,8566000.0,2,1.0,2.672409164931788,
Carrier_Vessel_Type_Specialization,,,Container Ship,MLCW - Mclean Cargo Specialists,,,660.9399999999999,10065300.0,2,11.0,13.142128820461426,
Carrier_Vessel_Type_Specialization,,,General Cargo,MLCW - Mclean Cargo Specialists,,,1914.97,36705600.0,0,6.0,38.07725728102251,
Carrier_Vessel_Type_Specialization,,,RoRo,MLCW - Mclean Cargo Specialists,,,517.47,6081700.0,0,7.0,10.289371804890271,
Carrier_Vessel_Type_Specialization,,,Tanker (Other),MLCW - Mclean Cargo Specialists,,,46.96,178800.0,0,1.0,0.9337524879850949,
Carrier_Vessel_Type_Specialization,,,Unknown,MLCW - Mclean Cargo Specialists,,,1031.45,15126400.0,0,10.0,20.509348461078073,
Carrier_Vessel_Type_Specialization,,,Vehicle Carrier,MLCW - Mclean Cargo Specialists,,,722.98,7068900.0,0,12.0,14.375731979630835,
Carrier_Vessel_Type_Specialization,,,Container Ship,MLGD - Mol Logistics,,,0.24,1200.0,1,1.0,100.0,
Carrier_Vessel_Type_Specialization,,,Bulk Carrier,MLIJ - Meridian Limited,,,113000.0,89400000.0,0,1.0,100.0,
Carrier_Vessel_Type_Specialization,,,Container Ship,MLIL - Maxwide Logistics Inc,,,166.0,600000.0,2,1.0,100.0,
Carrier_Vessel_Type_Specialization,,,Container Ship,MLOV - Mol Logistics Co Ltd,,,0.87,19800.0,1,1.0,2.2267724596877403,
Carrier_Vessel_Type_Specialization,,,Tanker (Other),MLOV - Mol Logistics Co Ltd,,,38.2,784000.0,2,1.0,97.77322754031226,
Carrier_Vessel_Type_Specialization,,,Unknown,MLTD - Mercury Launch & Tug Ltd,,,834873.0,1213078400.0,0,9.0,100.0,
Carrier_Vessel_Type_Specialization,,,LNG Tanker,MMSM - Mms Company Ltd,,,0.43000000000000005,8390.0,4,1.0,0.0001367888704503147,
Carrier_Vessel_Type_Specialization,,,Tanker (Other),MMSM - Mms Company Ltd,,,237061.87,191683200.0,10,6.0,75.41261726544033,
Carrier_Vessel_Type_Specialization,,,Unknown,MMSM - Mms Company Ltd,,,77290.76000000001,68557000.0,0,1.0,24.587245945689222,
Carrier_Vessel_Type_Specialization,,,Unknown,MMTY - Mmt Us Inc,,,1.31,39221.0,0,2.0,100.0,
Carrier_Vessel_Type_Specialization,,,Unknown,MMUR - Marco Marine Llc,,,163.53,1130277.0,14,2.0,100.0,
Carrier_Vessel_Type_Specialization,,,Bulk Carrier,MNCC - Mainline Chartering Inc,,,146079.65,58608500.0,2,4.0,100.0,
Carrier_Vessel_Type_Specialization,,,Bulk Carrier,MNTJ - Minchart Gmbh & Co Kg,,,129507.0,769587000.0,0,5.0,100.0,
Carrier_Vessel_Type_Specialization,,,Bulk Carrier,MNWE - Marine Trans Usa Llc,,,18.99,475660.0,0,15.0,0.21302611504980706,
Carrier_Vessel_Type_Specialization,,,Container Ship,MNWE - Marine Trans Usa Llc,,,43.72,286484.0,2,19.0,0.4904424302252536,
Carrier_Vessel_Type_Specialization,,,General Cargo,MNWE - Marine Trans Usa Llc,,,3.56,32254.0,0,6.0,0.03993538544377636,
Carrier_Vessel_Type_Specialization,,,LNG Tanker,MNWE - Marine Trans Usa Llc,,,2.0,48916.0,0,6.0,0.02243560979987436,
Carrier_Vessel_Type_Specialization,,,LPG Tanker,MNWE - Marine Trans Usa Llc,,,2.0,20848.0,0,10.0,0.02243560979987436,
Carrier_Vessel_Type_Specialization,,,Tanker (Other),MNWE - Marine Trans Usa Llc,,,8774.25,60739302.0,0,59.0,98.42782464327381,
Carrier_Vessel_Type_Specialization,,,Unknown,MNWE - Marine Trans Usa Llc,,,65.78,1041290.0,0,40.0,0.7379072063178678,
Carrier_Vessel_Type_Specialization,,,Vehicle Carrier,MNWE - Marine Trans Usa Llc,,,4.1,94750.0,0,5.0,0.04599300008974244,
Carrier_Vessel_Type_Specialization,,,Tanker (Other),MNXV - Mistral Navigator Inc,,,209141.0,138033030.0,0,1.0,100.0,
Carrier_Vessel_Type_Specialization,,,Unknown,MOBJ - Mobro Marine Inc,,,169.51999999999998,1925000.0,0,2.0,100.0,
Carrier_Vessel_Type_Specialization,,,Tanker (Other),MOGW - Metrostar Management,,,0.3,4000.0,0,1.0,100.0,
Carrier_Vessel_Type_Specialization,,,Bulk Carrier,MOLU - Mitsui O S K Lines Ltd,,,2036393.16,329579400.0,51,18.0,40.54927955024286,
Carrier_Vessel_Type_Specialization,,,Container Ship,MOLU - Mitsui O S K Lines Ltd,,,0.8999999999999999,6680.0,0,2.0,1.7921073549087434e-05,
Carrier_Vessel_Type_Specialization,,,General Cargo,MOLU - Mitsui O S K Lines Ltd,,,293894.0,96026000.0,10,3.0,5.852106655150558,
Carrier_Vessel_Type_Specialization,,,LNG Tanker,MOLU - Mitsui O S K Lines Ltd,,,63.56,959588.0,12,9.0,0.0012656260386444415,
Carrier_Vessel_Type_Specialization,,,LPG Tanker,MOLU - Mitsui O S K Lines Ltd,,,38102.64,88157900.0,35,10.0,0.758711348727112,
Carrier_Vessel_Type_Specialization,,,Tanker (Other),MOLU - Mitsui O S K Lines Ltd,,,699194.72,619819586.0,55,9.0,13.92257778028177,
Carrier_Vessel_Type_Specialization,,,Unknown,MOLU - Mitsui O S K Lines Ltd,,,140929.96,437414400.0,207,4.0,2.8062401982555,
Carrier_Vessel_Type_Specialization,,,Vehicle Carrier,MOLU - Mitsui O S K Lines Ltd,,,1813441.63,24089047780.0,5144,64.0,36.10980092022999,
Carrier_Vessel_Type_Specialization,,,Bulk Carrier,MOSJ - Multimodal Ocean Services Company International Limited,,,9937.26,15973000.0,13,3.0,80.44104207157989,
Carrier_Vessel_Type_Specialization,,,Container Ship,MOSJ - Multimodal Ocean Services Company International Limited,,,113.62,3172000.0,2,2.0,0.9197415786819412,
Carrier_Vessel_Type_Specialization,,,General Cargo,MOSJ - Multimodal Ocean Services Company International Limited,,,76.6,766000.0,1,1.0,0.6200686932497508,
Carrier_Vessel_Type_Specialization,,,RoRo,MOSJ - Multimodal Ocean Services Company International Limited,,,592.96,14611000.0,16,3.0,4.799946897511387,
Carrier_Vessel_Type_Specialization,,,Unknown,MOSJ - Multimodal Ocean Services Company International Limited,,,58.0,956000.0,1,1.0,0.469503710293545,
Carrier_Vessel_Type_Specialization,,,Vehicle Carrier,MOSJ - Multimodal Ocean Services Company International Limited,,,1575.03,41912200.0,27,7.0,12.749697048683487,
Carrier_Vessel_Type_Specialization,,,Container Ship,MOXR - Morrison Express Corporation,,,3.58,198400.0,2,2.0,48.11827956989247,
Carrier_Vessel_Type_Specialization,,,RoRo,MOXR - Morrison Express Corporation,,,3.8600000000000003,28000.0,2,2.0,51.88172043010753,
Carrier_Vessel_Type_Specialization,,,Container Ship,MPLR - Masterpiece International Limited,,,2.87,1097000.0,1,1.0,100.0,
Carrier_Vessel_Type_Specialization,,,Unknown,MPRW - Mcasphalt Marine Transportation Limited,,,54546.0,56309000.0,0,2.0,100.0,
Carrier_Vessel_Type_Specialization,,,LPG Tanker,MQKP - Mol Energia Pte Ltd,,,0.75,1835.0,0,2.0,7.048649856495128e-05,
Carrier_Vessel_Type_Specialization,,,Tanker (Other),MQKP - Mol Energia Pte Ltd,,,1064032.81,666153000.0,24,1.0,99.99992951350144,
Carrier_Vessel_Type_Specialization,,,Bulk Carrier,MQRW - Millenary Shipping Ltd,,,142346.2,54153000.0,1,4.0,100.0,
Carrier_Vessel_Type_Specialization,,,Container Ship,MRAD - Mare Logistics Llc,,,876.25,679000.0,0,2.0,100.0,
Carrier_Vessel_Type_Specialization,,,Tanker (Other),MRDG - Mrc Denizcilik Turizm Ve Petrol Urunleri Tic. Ltd,,,107564.75,82591000.0,0,2.0,100.0,
Carrier_Vessel_Type_Specialization,,,Bulk Carrier,MSAI - Martrade Shipping And Transport Gmbh,,,97120.53000000001,92771800.0,17,2.0,54.59646060362938,
Carrier_Vessel_Type_Specialization,,,Unknown,MSAI - Martrade Shipping And Transport Gmbh,,,80767.43,66131100.0,18,1.0,45.403539396370604,
Carrier_Vessel_Type_Specialization,,,Tanker (Other),MSBY - Mission Shipping Co Ltd,,,36223.36,34014549.0,0,1.0,100.0,
Carrier_Vessel_Type_Specialization,,,Other,MSCU - Msc Mediterranean Shipping Company S A,,,20589.96,248541888.0,0,7.0,99.12687301529223,
Carrier_Vessel_Type_Specialization,,,Unknown,MSCU - Msc Mediterranean Shipping Company S A,,,181.35999999999999,1631799.0,0,5.0,0.8731269847077604,
Carrier_Vessel_Type_Specialization,,,Bulk Carrier,MSDK - Mercuria Shipping Sarl,,,124406.0,79313000.0,0,2.0,4.933257494370023,
Carrier_Vessel_Type_Specialization,,,General Cargo,MSDK - Mercuria Shipping Sarl,,,36367.0,28876000.0,0,1.0,1.4421151334964122,
Carrier_Vessel_Type_Specialization,,,Tanker (Other),MSDK - Mercuria Shipping Sarl,,,2303311.01,1393591000.0,0,9.0,91.33664213902453,
Carrier_Vessel_Type_Specialization,,,Unknown,MSDK - Mercuria Shipping Sarl,,,57698.0,62833000.0,0,1.0,2.2879852331090267,
Carrier_Vessel_Type_Specialization,,,Bulk Carrier,MTMA - Mt Maritime Management,,,223967.0,1259400000.0,0,6.0,18.53611325512479,
Carrier_Vessel_Type_Specialization,,,Tanker (Other),MTMA - Mt Maritime Management,,,740790.8,842342034.0,130,19.0,61.30984550025003,
Carrier_Vessel_Type_Specialization,,,Unknown,MTMA - Mt Maritime Management,,,243516.0,265372000.0,0,9.0,20.15404124462518,
Carrier_Vessel_Type_Specialization,,,Tanker (Other),MTPB - Montfort Trading Fze,,,54487.0,46892000.0,0,2.0,100.0,
Carrier_Vessel_Type_Specialization,,,Tanker (Other),MUIK - Mitsui Soko Co Ltd,,,762.87,7733000.0,9,2.0,15.791892389826051,
Carrier_Vessel_Type_Specialization,,,Vehicle Carrier,MUIK - Mitsui Soko Co Ltd,,,4067.9,158158700.0,35,11.0,84.20810761017394,
Carrier_Vessel_Type_Specialization,,,Bulk Carrier,MURG - Mur Shipping Bv,,,1086254.55,1906656300.0,200,37.0,86.93435950741666,
Carrier_Vessel_Type_Specialization,,,Unknown,MURG - Mur Shipping Bv,,,163256.63999999998,176849000.0,28,4.0,13.065640492583345,
Carrier_Vessel_Type_Specialization,,,Tanker (Other),MVSW - Marwave Shipmanagement Bv,,,55411.9,68148000.0,12,1.0,100.0,
Carrier_Vessel_Type_Specialization,,,RoRo,MWQT - Midwest Transatlantic Lines Inc,,,2.68,33400.0,2,1.0,100.0,
Carrier_Vessel_Type_Specialization,,,Other,MXRS - Marine Express Inc,,,4819.96,45452924.0,0,2.0,76.58923991699056,
Carrier_Vessel_Type_Specialization,,,RoRo,MXRS - Marine Express Inc,,,1221.3,14686204.0,0,2.0,19.406476134785468,
Carrier_Vessel_Type_Specialization,,,Unknown,MXRS - Marine Express Inc,,,252.0,577400.0,0,1.0,4.004283948223973,
Carrier_Vessel_Type_Specialization,,,Container Ship,MZLM - Merzario Limited,,,0.43,6400.0,2,2.0,100.0,
Carrier_Vessel_Type_Specialization,,,Bulk Carrier,MZLY - Maersk Logistics & Services Intl A/S,,,0.72,2000.0,1,1.0,0.003527946974956966,
Carrier_Vessel_Type_Specialization,,,Container Ship,MZLY - Maersk Logistics & Services Intl A/S,,,195.52,6358400.0,21,10.0,0.9580336007549807,
Carrier_Vessel_Type_Specialization,,,General Cargo,MZLY - Maersk Logistics & Services Intl A/S,,,1519.8,10397000.0,0,1.0,7.446908072971663,
Carrier_Vessel_Type_Specialization,,,RoRo,MZLY - Maersk Logistics & Services Intl A/S,,,16300.65,111613400.0,4,7.0,79.87198452407259,
Carrier_Vessel_Type_Specialization,,,Unknown,MZLY - Maersk Logistics & Services Intl A/S,,,168.18,1103980.0,36,7.0,0.8240696142336981,
Carrier_Vessel_Type_Specialization,,,Vehicle Carrier,MZLY - Maersk Logistics & Services Intl A/S,,,2223.6,14449000.0,1,2.0,10.895476240992096,
Carrier_Vessel_Type_Specialization,,,Tanker (Other),NACS - New Activity Shipping Inc,,,410243.0,278845000.0,0,1.0,100.0,
Carrier_Vessel_Type_Specialization,,,Reefer,NAMW - North American General Agents Inc,,,0.24,1760.0,2,1.0,100.0,
Carrier_Vessel_Type_Specialization,,,Container Ship,NAQA - Naca,,,13.61,48600.0,3,2.0,100.0,
Carrier_Vessel_Type_Specialization,,,Tanker (Other),NATH - Nordic American Tankers,,,664342.62,392879000.0,1,4.0,100.0,
Carrier_Vessel_Type_Specialization,,,Tanker (Other),NBHL - Nat Bermuda Holdings Limited,,,90138.0,51469000.0,0,1.0,100.0,
Carrier_Vessel_Type_Specialization,,,Tanker (Other),NCBB - North Caribbean Shipping Co Ltd,,,0.03,81.0,0,1.0,100.0,
Carrier_Vessel_Type_Specialization,,,Unknown,NCCD - Nacc Capri Limited,,,6000.0,5484000.0,0,1.0,100.0,
Carrier_Vessel_Type_Specialization,,,Container Ship,NCIO - Norvik Cargo International,,,3.18,72800.0,1,1.0,70.98214285714285,
Carrier_Vessel_Type_Specialization,,,RoRo,NCIO - Norvik Cargo International,,,1.3,17800.0,1,1.0,29.01785714285714,
Carrier_Vessel_Type_Specialization,,,Container Ship,NCLI - Nvo Consolidation Lines,,,5.7,70900.0,2,1.0,100.0,
Carrier_Vessel_Type_Specialization,,,General Cargo,NCOE - Navi Corp,,,105477.3,29327000.0,0,1.0,100.0,
Carrier_Vessel_Type_Specialization,,,Container Ship,NCSW - Nexus Logistics S A,,,161.55,98900.0,0,3.0,100.0,
Carrier_Vessel_Type_Specialization,,,General Cargo,NEDF - Nippon Express Co Ltd,,,2178.85,45025300.0,32,4.0,36.58065675109842,
Carrier_Vessel_Type_Specialization,,,Tanker (Other),NEDF - Nippon Express Co Ltd,,,260.98,8790000.0,5,2.0,4.3815865244976315,
Carrier_Vessel_Type_Specialization,,,Unknown,NEDF - Nippon Express Co Ltd,,,86.25,1373300.0,5,2.0,1.4480490372362662,
Carrier_Vessel_Type_Specialization,,,Vehicle Carrier,NEDF - Nippon Express Co Ltd,,,3430.21,90196900.0,53,14.0,57.58970768716768,
Carrier_Vessel_Type_Specialization,,,Tanker (Other),NEYI - New Alliance Shipping & Trading Inc.,,,58549.0,40574000.0,0,1.0,100.0,
Carrier_Vessel_Type_Specialization,,,Unknown,NFFA - Nffca Zengyoren,,,957.0,9624000.0,0,1.0,100.0,
Carrier_Vessel_Type_Specialization,,,Bulk Carrier,NFGK - Newcastle Shipping Dmcc,,,44362.0,107289000.0,3,1.0,100.0,
Carrier_Vessel_Type_Specialization,,,LNG Tanker,NFNG - Nfenergia Llc,,,1168449.09,1002769000.0,95,2.0,64.9989407242131,
Carrier_Vessel_Type_Specialization,,,Unknown,NFNG - Nfenergia Llc,,,629194.19,577924000.0,121,2.0,35.00105927578691,
Carrier_Vessel_Type_Specialization,,,LPG Tanker,NGML - Navigator Gas,,,28118.48,31314347.0,14,6.0,83.48350488161448,
Carrier_Vessel_Type_Specialization,,,Unknown,NGML - Navigator Gas,,,5563.0,11421000.0,1,1.0,16.516495118385535,
Carrier_Vessel_Type_Specialization,,,Unknown,NGTH - Nautilus Gas Tankers Inc,,,61410.0,57971000.0,0,1.0,100.0,
Carrier_Vessel_Type_Specialization,,,General Cargo,NGTL - Naigai Trans Lines Ltd,,,109.7,4008000.0,0,1.0,15.946621700197698,
Carrier_Vessel_Type_Specialization,,,Vehicle Carrier,NGTL - Naigai Trans Lines Ltd,,,578.22,26388000.0,0,1.0,84.05337829980229,
Carrier_Vessel_Type_Specialization,,,Tanker (Other),NGZO - Navigazione Montanari Spa,,,6.84,34827.0,4,4.0,0.019600673529576958,
Carrier_Vessel_Type_Specialization,,,Unknown,NGZO - Navigazione Montanari Spa,,,34889.92,16363083.0,0,1.0,99.98039932647043,
Carrier_Vessel_Type_Specialization,,,RoRo,NIAV - Ningbo Bonded Area Xinlianda Logistics Co Ltd,,,58.0,617000.0,0,1.0,100.0,
Carrier_Vessel_Type_Specialization,,,Unknown,"NISN - Nissin International Transport U.S.A., Inc.",,,438.0,5193000.0,0,1.0,78.13196810503219,
Carrier_Vessel_Type_Specialization,,,Vehicle Carrier,"NISN - Nissin International Transport U.S.A., Inc.",,,122.59,1538000.0,1,2.0,21.868031894967803,
Carrier_Vessel_Type_Specialization,,,Tanker (Other),NJGP - Nanjing Petroleum Transportation,,,338732.7,402683000.0,0,6.0,100.0,
Carrier_Vessel_Type_Specialization,,,Tanker (Other),NKSL - Northern King Shipping Co Ltd,,,52252.6,29470000.0,0,1.0,100.0,
Carrier_Vessel_Type_Specialization,,,Container Ship,NLCH - Nosta Logistics Corporation,,,15.8,263900.0,0,3.0,100.0,
Carrier_Vessel_Type_Specialization,,,Bulk Carrier,NLIR - Norton Lilly International,,,2.65,15356.0,1,5.0,1.9573085161385628,
Carrier_Vessel_Type_Specialization,,,Container Ship,NLIR - Norton Lilly International,,,14.899999999999999,81700.0,0,13.0,11.005244109609277,
Carrier_Vessel_Type_Specialization,,,General Cargo,NLIR - Norton Lilly International,,,1.28,10415.0,1,10.0,0.945416943644287,
Carrier_Vessel_Type_Specialization,,,LNG Tanker,NLIR - Norton Lilly International,,,38.14,256405.0,0,23.0,28.17047049265086,
Carrier_Vessel_Type_Specialization,,,LPG Tanker,NLIR - Norton Lilly International,,,13.5,143242.0,0,9.0,9.97119432749834,
Carrier_Vessel_Type_Specialization,,,RoRo,NLIR - Norton Lilly International,,,1.4300000000000002,8604.0,0,2.0,1.056207991727602,
Carrier_Vessel_Type_Specialization,,,Tanker (Other),NLIR - Norton Lilly International,,,23.06,86396.0,2,17.0,17.032277125341608,
Carrier_Vessel_Type_Specialization,,,Unknown,NLIR - Norton Lilly International,,,35.73,282820.0,2,17.0,26.390427653445602,
Carrier_Vessel_Type_Specialization,,,Vehicle Carrier,NLIR - Norton Lilly International,,,4.7,80009.0,5,10.0,3.471452839943866,
Carrier_Vessel_Type_Specialization,,,Bulk Carrier,NMBG - Navigation Maritime Bulgare,,,173659.67,275526407.0,20,8.0,100.0,
Carrier_Vessel_Type_Specialization,,,Unknown,NMCC - Nissan Motor Car Carrier Co Ltd,,,22009.7,351432800.0,552,3.0,8.04529846234376,
Carrier_Vessel_Type_Specialization,,,Vehicle Carrier,NMCC - Nissan Motor Car Carrier Co Ltd,,,251562.5,2972593200.0,17156,60.0,91.95470153765623,
Carrier_Vessel_Type_Specialization,,,Container Ship,NMCL - Nmc Logistics International Co Ltd,,,111.8,2008000.0,1,1.0,100.0,
Carrier_Vessel_Type_Specialization,,,Container Ship,NMCO - New Marine Consolidator Co Ltd,,,40.0,264000.0,1,1.0,100.0,
Carrier_Vessel_Type_Specialization,,,Bulk Carrier,NMCV - Nova Marine Carriers Sa,,,95608.0,101786000.0,4,4.0,46.85445694641533,
Carrier_Vessel_Type_Specialization,,,Unknown,NMCV - Nova Marine Carriers Sa,,,108445.16,160175220.0,25,3.0,53.14554305358467,
Carrier_Vessel_Type_Specialization,,,Unknown,NMCW - Nieves Maritime Corp,,,263597.16,1476925700.0,0,1.0,100.0,
Carrier_Vessel_Type_Specialization,,,Bulk Carrier,NMTE - Nmt Lines,,,5041.26,54793000.0,0,2.0,7.152027000666079,
Carrier_Vessel_Type_Specialization,,,Other,NMTE - Nmt Lines,,,69.95,1251000.0,0,1.0,0.09923794620721652,
Carrier_Vessel_Type_Specialization,,,RoRo,NMTE - Nmt Lines,,,17540.18,224631000.0,0,7.0,24.884223578340166,
Carrier_Vessel_Type_Specialization,,,Tanker (Other),NMTE - Nmt Lines,,,397.14,4561400.0,0,4.0,0.5634218435558822,
Carrier_Vessel_Type_Specialization,,,Unknown,NMTE - Nmt Lines,,,739.51,12092200.0,0,6.0,1.0491415811250704,
Carrier_Vessel_Type_Specialization,,,Vehicle Carrier,NMTE - Nmt Lines,,,46699.11,530185100.0,0,103.0,66.2519480501056,
Carrier_Vessel_Type_Specialization,,,Container Ship,"NNRG - Nishi Nippon Rail Road Co. ,Ltd.",,,0.2,2100.0,0,1.0,0.6259780907668232,
Carrier_Vessel_Type_Specialization,,,Vehicle Carrier,"NNRG - Nishi Nippon Rail Road Co. ,Ltd.",,,31.75,955400.0,0,3.0,99.37402190923318,
Carrier_Vessel_Type_Specialization,,,Other,NOCL - Norwegian Cruise Lines,,,270977.02,486292087.0,0,17.0,100.0,
Carrier_Vessel_Type_Specialization,,,LNG Tanker,NOUS - Noteworthy Shipping Limited,,,65072.0,61103000.0,0,1.0,100.0,
Carrier_Vessel_Type_Specialization,,,Bulk Carrier,NOXH - Norwegian Bulk Carriers As,,,278946.02,596441300.0,45,8.0,80.58066862543508,
Carrier_Vessel_Type_Specialization,,,General Cargo,NOXH - Norwegian Bulk Carriers As,,,34115.5,143483100.0,63,1.0,9.855131829774916,
Carrier_Vessel_Type_Specialization,,,Unknown,NOXH - Norwegian Bulk Carriers As,,,33108.38,130355200.0,50,1.0,9.564199544789998,
Carrier_Vessel_Type_Specialization,,,Vehicle Carrier,NPKP - Nippon Konpo Unyu Soko Co Ltd,,,9.3,81800.0,0,1.0,100.0,
Carrier_Vessel_Type_Specialization,,,Tanker (Other),NPLW - Navig8 Pte Ltd,,,2023384.99,2605657669.0,0,32.0,98.25109424119766,
Carrier_Vessel_Type_Specialization,,,Unknown,NPLW - Navig8 Pte Ltd,,,36017.0,35837000.0,0,1.0,1.7489057588023407,
Carrier_Vessel_Type_Specialization,,,Container Ship,NQSH - Network Shipping Ltd,,,6188.14,6746152.0,101,6.0,1.3503264036912395,
Carrier_Vessel_Type_Specialization,,,Reefer,NQSH - Network Shipping Ltd,,,452081.8,210578494.0,1738,3.0,98.64967359630876,
Carrier_Vessel_Type_Specialization,,,Unknown,NSAJ - Northcliffe Ocean Shipping & Trading Inc,,,108041.24,1161568000.0,3,1.0,100.0,
Carrier_Vessel_Type_Specialization,,,RoRo,"NSAU - National Shipping Co Of Saudi Arabia, The",,,84053.89,612616650.0,898,5.0,99.46207765185223,
Carrier_Vessel_Type_Specialization,,,Unknown,"NSAU - National Shipping Co Of Saudi Arabia, The",,,454.59,1577000.0,1,1.0,0.5379223481477835,
Carrier_Vessel_Type_Specialization,,,General Cargo,NSAW - Navesco S A,,,91005.63,54783700.0,0,6.0,100.0,
Carrier_Vessel_Type_Specialization,,,Bulk Carrier,NSCS - National Shipping Company Of Saudi Arabia,,,347955.85,179177000.0,0,6.0,30.00025951792777,
Carrier_Vessel_Type_Specialization,,,Tanker (Other),NSCS - National Shipping Company Of Saudi Arabia,,,679811.0,811488000.0,0,14.0,58.6123395342886,
Carrier_Vessel_Type_Specialization,,,Unknown,NSCS - National Shipping Company Of Saudi Arabia,,,132075.95,129247000.0,0,4.0,11.387400947783615,
Carrier_Vessel_Type_Specialization,,,Bulk Carrier,NSDS - Nord Sud Shipping Inc,,,0.41,4200.0,0,1.0,0.05730018308107277,
Carrier_Vessel_Type_Specialization,,,LNG Tanker,NSDS - Nord Sud Shipping Inc,,,1.21,5930.0,0,4.0,0.16910541836121476,
Carrier_Vessel_Type_Specialization,,,Tanker (Other),NSDS - Nord Sud Shipping Inc,,,37.75,109300.0,0,1.0,5.275809539781701,
Carrier_Vessel_Type_Specialization,,,Unknown,NSDS - Nord Sud Shipping Inc,,,676.16,11618510.0,0,5.0,94.49778485877601,
Carrier_Vessel_Type_Specialization,,,General Cargo,NSGG - Nsc Shipping Gmbh & Cie. Kg,,,473268.76999999996,1739621490.0,19,4.0,100.0,
Carrier_Vessel_Type_Specialization,,,Unknown,NSHA - National Shipping Of America Llc,,,5.0,10600.0,1,1.0,100.0,
Carrier_Vessel_Type_Specialization,,,Unknown,NSOM - Nexans Subsea Operations As,,,7427.57,18494357.0,0,4.0,100.0,
Carrier_Vessel_Type_Specialization,,,LNG Tanker,NSQL - Nakilat Shipping,,,4.35,34040.0,0,4.0,91.77215189873418,
Carrier_Vessel_Type_Specialization,,,LPG Tanker,NSQL - Nakilat Shipping,,,0.32,3600.0,2,1.0,6.751054852320676,
Carrier_Vessel_Type_Specialization,,,Unknown,NSQL - Nakilat Shipping,,,0.07,3499.0,3,2.0,1.476793248945148,
Carrier_Vessel_Type_Specialization,,,General Cargo,NSQP - Nissin Corporation,,,1291.38,53986000.0,0,3.0,99.48461947352608,
Carrier_Vessel_Type_Specialization,,,Unknown,NSQP - Nissin Corporation,,,0.84,55100.0,0,1.0,0.06471145623887771,
Carrier_Vessel_Type_Specialization,,,Vehicle Carrier,NSQP - Nissin Corporation,,,5.85,13600.0,0,1.0,0.4506690702350412,
Carrier_Vessel_Type_Specialization,,,Tanker (Other),NSUD - Norbulk Shipping Uk Ltd,,,342.93,154845.0,6,4.0,100.0,
Carrier_Vessel_Type_Specialization,,,Bulk Carrier,NSUH - Norlat Shipping Ltd As,,,170615.95,136485670.0,187,8.0,48.561823483685686,
Carrier_Vessel_Type_Specialization,,,General Cargo,NSUH - Norlat Shipping Ltd As,,,50569.34,37028900.0,41,3.0,14.393375078745482,
Carrier_Vessel_Type_Specialization,,,Unknown,NSUH - Norlat Shipping Ltd As,,,130152.31999999999,87459670.0,108,4.0,37.044801437568836,
Carrier_Vessel_Type_Specialization,,,Bulk Carrier,NSUK - Ns United Kaiun Kaisha Ltd,,,436184.35,698643640.0,1,20.0,71.35094580609628,
Carrier_Vessel_Type_Specialization,,,General Cargo,NSUK - Ns United Kaiun Kaisha Ltd,,,110221.81,162577800.0,0,4.0,18.030060895031745,
Carrier_Vessel_Type_Specialization,,,Unknown,NSUK - Ns United Kaiun Kaisha Ltd,,,64916.29,84806370.0,0,3.0,10.61899329887198,
Carrier_Vessel_Type_Specialization,,,Bulk Carrier,NTMN - Navios Tankers Management Inc,,,12.62,10400.0,0,2.0,0.017032034395532154,
Carrier_Vessel_Type_Specialization,,,Tanker (Other),NTMN - Navios Tankers Management Inc,,,74064.05,62214670.0,0,2.0,99.95732544155415,
Carrier_Vessel_Type_Specialization,,,Unknown,NTMN - Navios Tankers Management Inc,,,19.0,16992.0,0,2.0,0.025642524050325747,
Carrier_Vessel_Type_Specialization,,,Tanker (Other),NTWY - N Two,,,11680787.54,6280664342.0,0,7.0,98.69480593256323,
Carrier_Vessel_Type_Specialization,,,Unknown,NTWY - N Two,,,154473.12,85114000.0,0,1.0,1.3051940674367877,
Carrier_Vessel_Type_Specialization,,,Bulk Carrier,NULG - Naviera Ultranav Chile Limitada,,,14005.9,6678000.0,0,1.0,8.83021678128924,
Carrier_Vessel_Type_Specialization,,,Tanker (Other),NULG - Naviera Ultranav Chile Limitada,,,109172.98999999999,78594000.0,6,1.0,68.82964810269402,
Carrier_Vessel_Type_Specialization,,,Unknown,NULG - Naviera Ultranav Chile Limitada,,,35434.43,30474000.0,1,1.0,22.34013511601674,
Carrier_Vessel_Type_Specialization,,,Unknown,NVAM - Navalmar,,,28100.02,173244000.0,24,4.0,100.0,
Carrier_Vessel_Type_Specialization,,,Bulk Carrier,NVHI - Norvic Shipping International Ltd,,,348329.18,221656100.0,18,9.0,100.0,
Carrier_Vessel_Type_Specialization,,,Unknown,NVSP - Nova Ship Tech S A,,,166541.63,358621400.0,26,2.0,100.0,
Carrier_Vessel_Type_Specialization,,,Bulk Carrier,NVSQ - Navision Shipping A/S,,,213458.06,304545500.0,0,4.0,74.2932971216637,
Carrier_Vessel_Type_Specialization,,,Tanker (Other),NVSQ - Navision Shipping A/S,,,33775.0,31933000.0,0,1.0,11.755265227671382,
Carrier_Vessel_Type_Specialization,,,Unknown,NVSQ - Navision Shipping A/S,,,40085.0,42530000.0,0,1.0,13.95143765066491,
Carrier_Vessel_Type_Specialization,,,General Cargo,NVYP - Novum Energy Trading Corp,,,34226.02,29400000.0,0,1.0,4.136660555630322,
Carrier_Vessel_Type_Specialization,,,Tanker (Other),NVYP - Novum Energy Trading Corp,,,488939.75,1000842000.0,6,5.0,59.09474072371695,
Carrier_Vessel_Type_Specialization,,,Unknown,NVYP - Novum Energy Trading Corp,,,304217.08,267692000.0,8,3.0,36.76859872065272,
Carrier_Vessel_Type_Specialization,,,Container Ship,NWBJ - Noble Worldwide Logistics Llc,,,49.73,243000.0,0,2.0,100.0,
Carrier_Vessel_Type_Specialization,,,Bulk Carrier,NWPA - Newport S A,,,35000.0,9135000.0,0,1.0,100.0,
Carrier_Vessel_Type_Specialization,,,Container Ship,NXGW - Nx Global Ocean Network Pte.Ltd.,,,89.05,1001660.0,10,4.0,0.17535302472645029,
Carrier_Vessel_Type_Specialization,,,General Cargo,NXGW - Nx Global Ocean Network Pte.Ltd.,,,2246.83,45252900.0,31,4.0,4.424350775363619,
Carrier_Vessel_Type_Specialization,,,RoRo,NXGW - Nx Global Ocean Network Pte.Ltd.,,,38304.61,338219000.0,30,7.0,75.42761622085385,
Carrier_Vessel_Type_Specialization,,,Tanker (Other),NXGW - Nx Global Ocean Network Pte.Ltd.,,,295.92,6817000.0,3,1.0,0.582711589860204,
Carrier_Vessel_Type_Specialization,,,Unknown,NXGW - Nx Global Ocean Network Pte.Ltd.,,,226.73,3186600.0,12,5.0,0.44646593257976497,
Carrier_Vessel_Type_Specialization,,,Vehicle Carrier,NXGW - Nx Global Ocean Network Pte.Ltd.,,,9620.130000000001,229525600.0,103,14.0,18.94350245661613,
Carrier_Vessel_Type_Specialization,,,Tanker (Other),NYKA - Nyk Bulkship,,,81673.47,85950000.0,7,2.0,100.0,
Carrier_Vessel_Type_Specialization,,,Bulk Carrier,NYKB - Nyk Bulk & Projects Carriers Ltd,,,925880.88,207494700.0,32,22.0,74.15491505106354,
Carrier_Vessel_Type_Specialization,,,General Cargo,NYKB - Nyk Bulk & Projects Carriers Ltd,,,169173.66999999998,122306300.0,8,6.0,13.549323027090326,
Carrier_Vessel_Type_Specialization,,,Unknown,NYKB - Nyk Bulk & Projects Carriers Ltd,,,153522.0,12169000.0,5,4.0,12.295761921846122,
Carrier_Vessel_Type_Specialization,,,Container Ship,NYKC - Nyk Line,,,1.98,27400.0,0,1.0,9.77777777777778,
Carrier_Vessel_Type_Specialization,,,LNG Tanker,NYKC - Nyk Line,,,17.709999999999997,254080.0,30,12.0,87.4567901234568,
Carrier_Vessel_Type_Specialization,,,LPG Tanker,NYKC - Nyk Line,,,0.54,16277.0,0,3.0,2.666666666666667,
Carrier_Vessel_Type_Specialization,,,Unknown,NYKC - Nyk Line,,,0.02,330.0,0,1.0,0.09876543209876545,
Carrier_Vessel_Type_Specialization,,,Container Ship,NYKS - Nyk Group Americas Inc,,,47969.83,659372400.0,517,1.0,1.2978478135771396,
Carrier_Vessel_Type_Specialization,,,Unknown,NYKS - Nyk Group Americas Inc,,,138469.23,2197012100.0,489,7.0,3.746354477454059,
Carrier_Vessel_Type_Specialization,,,Vehicle Carrier,NYKS - Nyk Group Americas Inc,,,3509666.87,45206507980.0,14046,95.0,94.9557977089688,
Carrier_Vessel_Type_Specialization,,,Vehicle Carrier,OAFH - Oceanair Forwarding Inc,,,1429.13,9171200.0,0,11.0,100.0,
Carrier_Vessel_Type_Specialization,,,Container Ship,OATJ - Oriental Air Transport Service Inc,,,38.769999999999996,185700.0,4,3.0,94.35385738622536,
Carrier_Vessel_Type_Specialization,,,Unknown,OATJ - Oriental Air Transport Service Inc,,,2.32,4700.0,1,1.0,5.646142613774641,
Carrier_Vessel_Type_Specialization,,,Container Ship,OBLA - Onboard Logistics Usa Inc.,,,15.639999999999999,12340.0,4,3.0,31.06873261819626,
Carrier_Vessel_Type_Specialization,,,Unknown,OBLA - Onboard Logistics Usa Inc.,,,34.7,420700.0,4,4.0,68.93126738180374,
Carrier_Vessel_Type_Specialization,,,Container Ship,"OBLM - Ocean Bridges Logistics Co., Limited",,,11.13,104000.0,1,1.0,100.0,
Carrier_Vessel_Type_Specialization,,,General Cargo,OBUK - Oslo Caribbean Carrier As,,,400137.11,296600250.0,143,17.0,93.79546950123839,
Carrier_Vessel_Type_Specialization,,,Unknown,OBUK - Oslo Caribbean Carrier As,,,26468.9,8273000.0,4,1.0,6.20453049876161,
Carrier_Vessel_Type_Specialization,,,Tanker (Other),OCCA - Oman Charter Company Saoc,,,571865.02,329544000.0,0,3.0,100.0,
Carrier_Vessel_Type_Specialization,,,Other,OCCQ - Oceania Cruises Inc,,,4142.33,15039617.0,0,6.0,100.0,
Carrier_Vessel_Type_Specialization,,,Container Ship,OEIA - O E I International Inc,,,39.0,1003000.0,1,1.0,100.0,
Carrier_Vessel_Type_Specialization,,,Bulk Carrier,OFCW - Oldendorff Carriers,,,10874953.78,9742087540.0,395,110.0,80.81303742365937,
Carrier_Vessel_Type_Specialization,,,General Cargo,OFCW - Oldendorff Carriers,,,557340.12,650589600.0,95,11.0,4.141658795653917,
Carrier_Vessel_Type_Specialization,,,LPG Tanker,OFCW - Oldendorff Carriers,,,95002.0,114224000.0,0,1.0,0.7059708332224736,
Carrier_Vessel_Type_Specialization,,,Other,OFCW - Oldendorff Carriers,,,107066.0,63918000.0,0,1.0,0.7956198104229105,
Carrier_Vessel_Type_Specialization,,,RoRo,OFCW - Oldendorff Carriers,,,91540.0,52452000.0,2,1.0,0.6802443114164463,
Carrier_Vessel_Type_Specialization,,,Tanker (Other),OFCW - Oldendorff Carriers,,,60858.0,15884000.0,0,1.0,0.45224282613264244,
Carrier_Vessel_Type_Specialization,,,Unknown,OFCW - Oldendorff Carriers,,,1670169.98,1372050000.0,13,19.0,12.411225999492242,
Carrier_Vessel_Type_Specialization,,,LPG Tanker,OGTC - Oceangold Tankers Inc,,,0.17,11300.0,0,1.0,100.0,
Carrier_Vessel_Type_Specialization,,,LPG Tanker,OGTK - Olympus Gas Tankers Inc,,,17944.42,10871000.0,0,1.0,100.0,
Carrier_Vessel_Type_Specialization,,,Bulk Carrier,OIAG - Oia Global Logistics,,,187.10000000000002,2817600.0,7,1.0,9.565146263407055,
Carrier_Vessel_Type_Specialization,,,Container Ship,OIAG - Oia Global Logistics,,,345.88,1329200.0,9,9.0,17.682484177376974,
Carrier_Vessel_Type_Specialization,,,RoRo,OIAG - Oia Global Logistics,,,493.79,4686060.0,16,7.0,25.244113166262792,
Carrier_Vessel_Type_Specialization,,,Tanker (Other),OIAG - Oia Global Logistics,,,7.58,288000.0,1,1.0,0.38751367544962834,
Carrier_Vessel_Type_Specialization,,,Unknown,OIAG - Oia Global Logistics,,,176.69,1188300.0,7,4.0,9.032953999366072,
Carrier_Vessel_Type_Specialization,,,Vehicle Carrier,OIAG - Oia Global Logistics,,,745.02,11272400.0,38,17.0,38.08778871813748,
Carrier_Vessel_Type_Specialization,,,Bulk Carrier,OILW - Olam Maritime Freight Pte Ltd,,,57633.69,66913000.0,1,1.0,100.0,
Carrier_Vessel_Type_Specialization,,,Container Ship,OLLI - Omtrans Logistics Ltd,,,2.77,13100.0,1,1.0,100.0,
Carrier_Vessel_Type_Specialization,,,Unknown,OMCI - Orion Marine Construction Inc,,,379.74,4530000.0,0,2.0,100.0,
Carrier_Vessel_Type_Specialization,,,Unknown,OMIW - Olson Marine Inc,,,285077.78,459650000.0,0,1.0,100.0,
Carrier_Vessel_Type_Specialization,,,General Cargo,ONEG - Onego Shipping And Chartering B V,,,503978.8,1251059580.0,998,13.0,40.77497986003432,
Carrier_Vessel_Type_Specialization,,,Unknown,ONEG - Onego Shipping And Chartering B V,,,732021.32,5253352700.0,367,8.0,59.22502013996568,
Carrier_Vessel_Type_Specialization,,,Bulk Carrier,ONEY - Ocean Network Express Pte Ltd,,,218.99,2091000.0,2,1.0,3.8480056229133726,
Carrier_Vessel_Type_Specialization,,,Container Ship,ONEY - Ocean Network Express Pte Ltd,,,5198.66,32355300.0,81,60.0,91.34879634510631,
Carrier_Vessel_Type_Specialization,,,LPG Tanker,ONEY - Ocean Network Express Pte Ltd,,,73.82,1035000.0,2,1.0,1.2971358285011418,
Carrier_Vessel_Type_Specialization,,,Unknown,ONEY - Ocean Network Express Pte Ltd,,,199.53,1481400.0,6,4.0,3.5060622034791775,
Carrier_Vessel_Type_Specialization,,,Unknown,ONNG - Onn Denizcilik Ve Danismanlik Limited Sirketi,,,37305.52,102627000.0,0,1.0,100.0,
Carrier_Vessel_Type_Specialization,,,Container Ship,OOCO - Oocl Logistics Line Limited,,,23.92,55400.0,0,2.0,100.0,
Carrier_Vessel_Type_Specialization,,,Container Ship,OOLU - Orient Overseas Container Line Ltd,,,32.12,269500.0,4,4.0,8.385547201336674,
Carrier_Vessel_Type_Specialization,,,Unknown,OOLU - Orient Overseas Container Line Ltd,,,350.92,313900.0,10,2.0,91.61445279866332,
Carrier_Vessel_Type_Specialization,,,Bulk Carrier,ORSR - Orient Shipping Rotterdam,,,51502.94,66971000.0,3,2.0,99.94385998412245,
Carrier_Vessel_Type_Specialization,,,Unknown,ORSR - Orient Shipping Rotterdam,,,28.93,4760.0,0,1.0,0.05614001587755306,
Carrier_Vessel_Type_Specialization,,,Bulk Carrier,OSMH - Osm Ship Management As,,,0.2,510.0,0,1.0,0.0026707012059551303,
Carrier_Vessel_Type_Specialization,,,General Cargo,OSMH - Osm Ship Management As,,,7488.4,4231410.0,14,4.0,99.99639455337197,
Carrier_Vessel_Type_Specialization,,,Tanker (Other),OSMH - Osm Ship Management As,,,0.02,549.0,1,2.0,0.00026707012059551296,
Carrier_Vessel_Type_Specialization,,,Unknown,OSMH - Osm Ship Management As,,,0.05,432.0,3,4.0,0.0006676753014887826,
Carrier_Vessel_Type_Specialization,,,Tanker (Other),OSMR - Osg Ship Management Inc,,,103556.68,88832400.0,5,1.0,100.0,
Carrier_Vessel_Type_Specialization,,,Tanker (Other),OSMY - Oman Ship Management Company Llc,,,274537.14,225044052.0,0,8.0,100.0,
Carrier_Vessel_Type_Specialization,,,General Cargo,OSPJ - Ocean Seven,,,20266.82,41645100.0,77,9.0,60.26751437042236,
Carrier_Vessel_Type_Specialization,,,Tanker (Other),OSPJ - Ocean Seven,,,56.2,777000.0,2,1.0,0.167122138925482,
Carrier_Vessel_Type_Specialization,,,Unknown,OSPJ - Ocean Seven,,,13305.08,16503700.0,44,1.0,39.56536349065217,
Carrier_Vessel_Type_Specialization,,,General Cargo,OSTI - Orient Star Transport Intl Ltd,,,36.64,194000.0,0,1.0,100.0,
Carrier_Vessel_Type_Specialization,,,Tanker (Other),OTNB - Olympic Tug & Barge,,,50885.009999999995,35392000.0,0,1.0,9.32367450804915,
Carrier_Vessel_Type_Specialization,,,Unknown,OTNB - Olympic Tug & Barge,,,494876.32,352920200.0,0,4.0,90.67632549195086,
Carrier_Vessel_Type_Specialization,,,Container Ship,OTUS - Odfjell Tankers As,,,87282.0,110480000.0,30,1.0,2.0668894168908354,
Carrier_Vessel_Type_Specialization,,,Tanker (Other),OTUS - Odfjell Tankers As,,,4085043.11,8821805289.0,1292,44.0,96.73623853259349,
Carrier_Vessel_Type_Specialization,,,Unknown,OTUS - Odfjell Tankers As,,,50542.32,110092000.0,14,2.0,1.196872050515685,
Carrier_Vessel_Type_Specialization,,,General Cargo,OVOC - Overoceans Inc,,,1404.19,25247600.0,0,3.0,99.58582441508337,
Carrier_Vessel_Type_Specialization,,,Unknown,OVOC - Overoceans Inc,,,5.84,19000.0,0,1.0,0.414175584916633,
Carrier_Vessel_Type_Specialization,,,Container Ship,OWLQ - Ocean Wide Logistics Inc,,,21.45,368000.0,1,1.0,14.352626296420206,
Carrier_Vessel_Type_Specialization,,,General Cargo,OWLQ - Ocean Wide Logistics Inc,,,48.0,638000.0,1,1.0,32.11776513884242,
Carrier_Vessel_Type_Specialization,,,Unknown,OWLQ - Ocean Wide Logistics Inc,,,80.0,1664000.0,1,1.0,53.52960856473737,
Carrier_Vessel_Type_Specialization,,,Bulk Carrier,PATO - Seacon Ship Management Pte Ltd,,,56748.38,444964000.0,1,1.0,100.0,
Carrier_Vessel_Type_Specialization,,,Bulk Carrier,PBIH - Pacific Basin Handysize Ltd,,,3690763.21,8189387286.0,14,60.0,76.56878760180223,
Carrier_Vessel_Type_Specialization,,,General Cargo,PBIH - Pacific Basin Handysize Ltd,,,496364.82,898704028.0,0,10.0,10.297613342576588,
Carrier_Vessel_Type_Specialization,,,Tanker (Other),PBIH - Pacific Basin Handysize Ltd,,,45455.24,53366200.0,0,1.0,0.9430170452330223,
Carrier_Vessel_Type_Specialization,,,Unknown,PBIH - Pacific Basin Handysize Ltd,,,587609.5599999999,1523904630.0,0,10.0,12.190582010388159,
Carrier_Vessel_Type_Specialization,,,Bulk Carrier,PBIM - Pacific Basin Supramax Limited,,,4723631.32,6892599900.0,51,74.0,91.0233967272261,
Carrier_Vessel_Type_Specialization,,,RoRo,PBIM - Pacific Basin Supramax Limited,,,46800.0,60512000.0,0,1.0,0.9018263023190771,
Carrier_Vessel_Type_Specialization,,,Tanker (Other),PBIM - Pacific Basin Supramax Limited,,,82867.54,19046000.0,0,2.0,1.5968403243691924,
Carrier_Vessel_Type_Specialization,,,Unknown,PBIM - Pacific Basin Supramax Limited,,,336170.54000000004,556290000.0,0,7.0,6.477936646085629,
Carrier_Vessel_Type_Specialization,,,Bulk Carrier,PBSM - Primebulk Shipmanagement Ltd,,,0.62,10400.0,0,1.0,100.0,
Carrier_Vessel_Type_Specialization,,,Unknown,PCMV - Port City Marine Services,,,570417.78,475244000.0,0,5.0,100.0,
Carrier_Vessel_Type_Specialization,,,Unknown,PCNY - Paradise Cruise Line Operator Ltd,,,0.16,584.0,0,1.0,100.0,
Carrier_Vessel_Type_Specialization,,,Bulk Carrier,PCSJ - Prima Corporation S A,,,52250.0,17765000.0,0,1.0,65.51724137931035,
Carrier_Vessel_Type_Specialization,,,General Cargo,PCSJ - Prima Corporation S A,,,27500.0,11523000.0,1,1.0,34.48275862068966,
Carrier_Vessel_Type_Specialization,,,LPG Tanker,PCST - Pcs Nitrogen Trinidad Ltd,,,411550.07,762327000.0,54,5.0,100.0,
Carrier_Vessel_Type_Specialization,,,Tanker (Other),PCUP - Pcl Tankers Pte Ltd,,,374293.0,550235000.0,0,3.0,100.0,
Carrier_Vessel_Type_Specialization,,,Bulk Carrier,PCXS - Cargo Marketing Services Limited,,,8.2,114000.0,0,1.0,23.624315759147215,
Carrier_Vessel_Type_Specialization,,,Container Ship,PCXS - Cargo Marketing Services Limited,,,12.11,146440.0,0,4.0,34.889080956496684,
Carrier_Vessel_Type_Specialization,,,RoRo,PCXS - Cargo Marketing Services Limited,,,12.23,398500.0,0,2.0,35.234802650532984,
Carrier_Vessel_Type_Specialization,,,Unknown,PCXS - Cargo Marketing Services Limited,,,2.17,60600.0,0,1.0,6.251800633823105,
Carrier_Vessel_Type_Specialization,,,Bulk Carrier,PDEK - Pegasus Denizcilik,,,98748.59,185938800.0,66,4.0,37.839137876100054,
Carrier_Vessel_Type_Specialization,,,General Cargo,PDEK - Pegasus Denizcilik,,,85129.6,81066300.0,30,3.0,32.62052320683513,
Carrier_Vessel_Type_Specialization,,,Unknown,PDEK - Pegasus Denizcilik,,,77091.26,130066000.0,79,3.0,29.540338917064812,
Carrier_Vessel_Type_Specialization,,,LPG Tanker,PDPB - Petredec Pte Limited,,,1299032.93,784883855.0,0,8.0,99.9211573595032,
Carrier_Vessel_Type_Specialization,,,Unknown,PDPB - Petredec Pte Limited,,,1025.0,588000.0,0,1.0,0.07884264049679694,
Carrier_Vessel_Type_Specialization,,,Tanker (Other),PDTV - Pakoil Denizcilik Ticaret Ve Sanayi Limited Sirketi,,,48325.0,399899700.0,0,4.0,100.0,
Carrier_Vessel_Type_Specialization,,,LPG Tanker,PDZS - Pascogas Deniz Isletmeleri Anonim Sirketi,,,0.23,2356.0,0,2.0,100.0,
Carrier_Vessel_Type_Specialization,,,Tanker (Other),PEMY - Pemont Ltd,,,93942.35,53849229.0,0,3.0,100.0,
Carrier_Vessel_Type_Specialization,,,Bulk Carrier,PFKD - Perfect Bulk Pte Limited,,,220864.89,235229220.0,67,5.0,82.81767727918869,
Carrier_Vessel_Type_Specialization,,,Tanker (Other),PFKD - Perfect Bulk Pte Limited,,,45823.21,44964600.0,0,1.0,17.182322720811314,
Carrier_Vessel_Type_Specialization,,,Container Ship,PGAA - Pegasus Logistics Group,,,17.77,43500.0,2,2.0,100.0,
Carrier_Vessel_Type_Specialization,,,Bulk Carrier,PGDH - Parisi Grand Smooth Logistics Ltd,,,240.0,2381000.0,0,1.0,100.0,
Carrier_Vessel_Type_Specialization,,,Tanker (Other),PGGW - Pritchard Gordon Tankers Ltd,,,29205.09,69956000.0,10,1.0,100.0,
Carrier_Vessel_Type_Specialization,,,Tanker (Other),PGMR - Petrochem General Management S.A.,,,52817.0,27183000.0,0,2.0,41.472089983057664,
Carrier_Vessel_Type_Specialization,,,Unknown,PGMR - Petrochem General Management S.A.,,,74538.53,509576100.0,2,1.0,58.52791001694233,
Carrier_Vessel_Type_Specialization,,,Unknown,PGXC - Prologix Corp,,,6.46,141000.0,0,1.0,100.0,
Carrier_Vessel_Type_Specialization,,,Bulk Carrier,PIBA - Pioneer Navigation Llc,,,38500.0,2503000.0,2,1.0,51.11098012539581,
Carrier_Vessel_Type_Specialization,,,General Cargo,PIBA - Pioneer Navigation Llc,,,36826.28,23676000.0,0,1.0,48.88901987460419,
Carrier_Vessel_Type_Specialization,,,Bulk Carrier,PICJ - Pactra International Co Ltd,,,236.15,2526000.0,2,1.0,2.7401249910074235,
Carrier_Vessel_Type_Specialization,,,General Cargo,PICJ - Pactra International Co Ltd,,,3153.13,23513000.0,17,8.0,36.586789383422555,
Carrier_Vessel_Type_Specialization,,,Tanker (Other),PICJ - Pactra International Co Ltd,,,278.42,954000.0,2,1.0,3.23059750157225,
Carrier_Vessel_Type_Specialization,,,Unknown,PICJ - Pactra International Co Ltd,,,4950.52,72988000.0,12,4.0,57.44248812399776,
Carrier_Vessel_Type_Specialization,,,Unknown,PIFL - Pinnacle International Freight Ltd,,,11.46,276000.0,2,1.0,54.41595441595442,
Carrier_Vessel_Type_Specialization,,,Vehicle Carrier,PIFL - Pinnacle International Freight Ltd,,,9.6,194000.0,1,1.0,45.584045584045576,
Carrier_Vessel_Type_Specialization,,,General Cargo,PJOG - Project One Logistics,,,39.85,37500.0,0,1.0,100.0,
Carrier_Vessel_Type_Specialization,,,Container Ship,PLLU - Polynesia Line Ltd,,,63.0,244000.0,1,1.0,93.84775808133473,
Carrier_Vessel_Type_Specialization,,,Unknown,PLLU - Polynesia Line Ltd,,,4.13,45200.0,0,1.0,6.152241918665276,
Carrier_Vessel_Type_Specialization,,,Bulk Carrier,PLPE - Pacc Line Pte Ltd,,,279182.23,192988690.0,844,11.0,40.98044047295084,
Carrier_Vessel_Type_Specialization,,,General Cargo,PLPE - Pacc Line Pte Ltd,,,360036.09,627207600.0,2483,10.0,52.84877033312247,
Carrier_Vessel_Type_Specialization,,,Unknown,PLPE - Pacc Line Pte Ltd,,,42038.95,74586700.0,325,1.0,6.170789193926693,
Carrier_Vessel_Type_Specialization,,,Tanker (Other),PMBH - Polembros Shipping,,,896413.24,508920700.0,24,2.0,100.0,
Carrier_Vessel_Type_Specialization,,,Tanker (Other),PMCW - Pyxis Maritime Corp.,,,36003.0,27694240.0,0,2.0,100.0,
Carrier_Vessel_Type_Specialization,,,Tanker (Other),PMMD - Pacifica Maritime Limited,,,257567.11000000002,155571000.0,5,1.0,100.0,
Carrier_Vessel_Type_Specialization,,,Tanker (Other),PMNM - Proman Shipping Ag,,,487808.21,6314911500.0,139,7.0,100.0,
Carrier_Vessel_Type_Specialization,,,LPG Tanker,PMSO - Purus Marine Tech Pte. Ltd.,,,236515.36,619131000.0,0,2.0,100.0,
Carrier_Vessel_Type_Specialization,,,Tanker (Other),PMTE - Pmi Trading Limited,,,4853.0,8428000.0,0,2.0,44.2267383577873,
Carrier_Vessel_Type_Specialization,,,Unknown,PMTE - Pmi Trading Limited,,,6120.0,5257000.0,0,1.0,55.7732616422127,
Carrier_Vessel_Type_Specialization,,,Bulk Carrier,PNCP - Pancoast Trading,,,0.46,250.0,0,1.0,100.0,
Carrier_Vessel_Type_Specialization,,,Bulk Carrier,PNFN - Penfield Marine Llc,,,284404.14,247072000.0,14,1.0,0.6968130238207233,
Carrier_Vessel_Type_Specialization,,,LPG Tanker,PNFN - Penfield Marine Llc,,,1683738.47,1031256000.0,41,2.0,4.125294711265378,
Carrier_Vessel_Type_Specialization,,,Tanker (Other),PNFN - Penfield Marine Llc,,,32096310.7,20309009100.0,844,72.0,78.63854342048761,
Carrier_Vessel_Type_Specialization,,,Unknown,PNFN - Penfield Marine Llc,,,6750532.96,4449133000.0,192,14.0,16.539348844426307,
Carrier_Vessel_Type_Specialization,,,Unknown,PNMT - Penn Maritime Inc,,,34291.0,27418000.0,0,2.0,100.0,
Carrier_Vessel_Type_Specialization,,,Tanker (Other),PNSJ - Pns Networks Co Ltd,,,224.7,2284000.0,0,1.0,7.688254454876413,
Carrier_Vessel_Type_Specialization,,,Vehicle Carrier,PNSJ - Pns Networks Co Ltd,,,2697.94,48808000.0,0,6.0,92.31174554512359,
Carrier_Vessel_Type_Specialization,,,Other,PNSS - Princess Cruises,,,718.6899999999999,8903339.0,0,14.0,95.26517410956906,
Carrier_Vessel_Type_Specialization,,,Unknown,PNSS - Princess Cruises,,,35.72,601067.0,0,10.0,4.734825890430932,
Carrier_Vessel_Type_Specialization,,,Tanker (Other),PNVI - Petro Nav Inc,,,12054.0,9595000.0,0,1.0,10.308255669369585,
Carrier_Vessel_Type_Specialization,,,Unknown,PNVI - Petro Nav Inc,,,104881.4,130868000.0,0,3.0,89.69174433063041,
Carrier_Vessel_Type_Specialization,,,Bulk Carrier,POBU - Pan Ocean Co Ltd,,,3665294.47,6792049282.0,11380,59.0,53.30279364023316,
Carrier_Vessel_Type_Specialization,,,General Cargo,POBU - Pan Ocean Co Ltd,,,2004810.42,1571671400.0,1263,10.0,29.155091624889057,
Carrier_Vessel_Type_Specialization,,,RoRo,POBU - Pan Ocean Co Ltd,,,26825.72,44107500.0,91,1.0,0.390114854103571,
Carrier_Vessel_Type_Specialization,,,Tanker (Other),POBU - Pan Ocean Co Ltd,,,400955.04,786657200.0,286,5.0,5.830915887129645,
Carrier_Vessel_Type_Specialization,,,Unknown,POBU - Pan Ocean Co Ltd,,,778479.02,2193108660.0,1948,11.0,11.321083993644567,
Carrier_Vessel_Type_Specialization,,,General Cargo,POVM - Portos International Sa De Cv,,,660.0,13552000.0,0,2.0,100.0,
Carrier_Vessel_Type_Specialization,,,Tanker (Other),POYD - Posidonia Shipping & Trading Ltda,,,69766.0,60557000.0,0,1.0,77.21577828935719,
Carrier_Vessel_Type_Specialization,,,Unknown,POYD - Posidonia Shipping & Trading Ltda,,,20586.0,19083000.0,0,1.0,22.784221710642818,
Carrier_Vessel_Type_Specialization,,,Tanker (Other),PPDP - Pleiades Shipping Agents Sa,,,3357487.69,2357612229.0,149,10.0,100.0,
Carrier_Vessel_Type_Specialization,,,Unknown,PPIL - Pudong Prime Intl Logistics Inc,,,14.99,0.0,1,1.0,100.0,
Carrier_Vessel_Type_Specialization,,,Bulk Carrier,PRDQ - Productivity Co Ltd,,,0.0,6.0,0,1.0,,
Carrier_Vessel_Type_Specialization,,,Tanker (Other),PRMD - Premuda Spa,,,1141245.8800000001,650813000.0,30,1.0,97.0194002435827,
Carrier_Vessel_Type_Specialization,,,Unknown,PRMD - Premuda Spa,,,35061.0,25875000.0,0,1.0,2.9805997564173046,
Carrier_Vessel_Type_Specialization,,,Tanker (Other),PSAN - Product Shipping And Trading,,,103716.0,77399000.0,0,2.0,100.0,
Carrier_Vessel_Type_Specialization,,,Bulk Carrier,PSBF - Pyramos Shipping Ltd,,,23556.5,47462100.0,0,1.0,100.0,
Carrier_Vessel_Type_Specialization,,,Container Ship,PSEA - Pacific Star Express,,,5.91,186900.0,0,2.0,100.0,
Carrier_Vessel_Type_Specialization,,,Bulk Carrier,PSFK - Pasifik Gemi Isletmeciligi,,,35.0,957000.0,1,1.0,100.0,
Carrier_Vessel_Type_Specialization,,,Unknown,"PSGP - Pasha Group, The",,,1014.09,0.0,394,1.0,24.27795068230788,
Carrier_Vessel_Type_Specialization,,,Vehicle Carrier,"PSGP - Pasha Group, The",,,3162.91,0.0,1220,3.0,75.72204931769213,
Carrier_Vessel_Type_Specialization,,,Unknown,PSHA - Proton Shipmanagement Sa,,,6033.42,7887000.0,0,1.0,100.0,
Carrier_Vessel_Type_Specialization,,,Unknown,PSHW - Polaris Shipping Co Ltd,,,9450.0,3090000.0,0,1.0,100.0,
Carrier_Vessel_Type_Specialization,,,Tanker (Other),PSKM - Ps Tanker One Limited,,,1864744.77,1064550000.0,42,2.0,100.0,
Carrier_Vessel_Type_Specialization,,,Bulk Carrier,"PSNL - Poseidon International Maritime, Inc.",,,0.9,2200.0,0,1.0,58.82352941176471,
Carrier_Vessel_Type_Specialization,,,Tanker (Other),"PSNL - Poseidon International Maritime, Inc.",,,0.63,1140.0,0,1.0,41.17647058823529,
Carrier_Vessel_Type_Specialization,,,Tanker (Other),PSPJ - Premium Shipping Company Limited,,,0.03,4005.0,0,1.0,100.0,
Carrier_Vessel_Type_Specialization,,,Bulk Carrier,PSPR - Propel Shipping Pte Ltd,,,36032.32,208613200.0,10,1.0,100.0,
Carrier_Vessel_Type_Specialization,,,Bulk Carrier,PSYD - Polsteam Shipping Company Ltd,,,148229.36,298324900.0,103,5.0,36.6398101276946,
Carrier_Vessel_Type_Specialization,,,General Cargo,PSYD - Polsteam Shipping Company Ltd,,,157827.97,517698938.0,244,5.0,39.012425430693895,
Carrier_Vessel_Type_Specialization,,,Unknown,PSYD - Polsteam Shipping Company Ltd,,,98500.88,44210000.0,3,2.0,24.34776444161151,
Carrier_Vessel_Type_Specialization,,,Bulk Carrier,PTBR - Petrobras America Inc,,,97564.92,84266000.0,3,1.0,5.462042237909568,
Carrier_Vessel_Type_Specialization,,,Tanker (Other),PTBR - Petrobras America Inc,,,1504848.07,1114383000.0,29,23.0,84.24691702690572,
Carrier_Vessel_Type_Specialization,,,Unknown,PTBR - Petrobras America Inc,,,183822.19,156672000.0,5,4.0,10.291040735184714,
Carrier_Vessel_Type_Specialization,,,Tanker (Other),PTKP - Palace Tankers Pte Ltd,,,68080.67,37649000.0,0,1.0,100.0,
Carrier_Vessel_Type_Specialization,,,Unknown,PTKQ - Prime Tanker Management Inc,,,73642.0,64478009.0,0,1.0,100.0,
Carrier_Vessel_Type_Specialization,,,Tanker (Other),PTKS - Pantheon Tankers Management Ltd,,,2063898.01,1342125750.0,0,15.0,100.0,
Carrier_Vessel_Type_Specialization,,,Unknown,PTYE - Pacific Tug Company Llc,,,420058.87,38030450.0,0,1.0,100.0,
Carrier_Vessel_Type_Specialization,,,Unknown,PURV - Purvis Marine Ltd.,,,157681.4,377912400.0,0,3.0,100.0,
Carrier_Vessel_Type_Specialization,,,Bulk Carrier,PUSJ - Pelorus Shipping Line Limited,,,318.77,3349500.0,41,3.0,16.690315250456827,
Carrier_Vessel_Type_Specialization,,,Container Ship,PUSJ - Pelorus Shipping Line Limited,,,484.06,2380810.0,36,37.0,25.344649747893875,
Carrier_Vessel_Type_Specialization,,,RoRo,PUSJ - Pelorus Shipping Line Limited,,,896.35,7206250.0,152,4.0,46.93153080511647,
Carrier_Vessel_Type_Specialization,,,Tanker (Other),PUSJ - Pelorus Shipping Line Limited,,,6.03,244000.0,0,1.0,0.31572168322067534,
Carrier_Vessel_Type_Specialization,,,Unknown,PUSJ - Pelorus Shipping Line Limited,,,24.77,548520.0,14,7.0,1.2969197501452947,
Carrier_Vessel_Type_Specialization,,,Vehicle Carrier,PUSJ - Pelorus Shipping Line Limited,,,179.93,6567000.0,2,12.0,9.420862763166852,
Carrier_Vessel_Type_Specialization,,,Container Ship,PWTD - Pinnacle World Transport Pte Ltd,,,1727.96,2370000.0,6,5.0,100.0,
Carrier_Vessel_Type_Specialization,,,Bulk Carrier,PXBC - Phoenix Bulk Carriers,,,11414395.06,11602950400.0,353,73.0,92.04086915679224,
Carrier_Vessel_Type_Specialization,,,Tanker (Other),PXBC - Phoenix Bulk Carriers,,,88000.0,9592000.0,2,1.0,0.7095948969018527,
Carrier_Vessel_Type_Specialization,,,Unknown,PXBC - Phoenix Bulk Carriers,,,899047.0,1820740000.0,34,10.0,7.249535946305909,
Carrier_Vessel_Type_Specialization,,,Unknown,PXGE - Pxgeo Us Inc,,,875.28,7026645.0,0,13.0,100.0,
Carrier_Vessel_Type_Specialization,,,Unknown,PXGK - Pxgeo Asia Pte Ltd,,,84.1,2313781.0,0,1.0,100.0,
Carrier_Vessel_Type_Specialization,,,Container Ship,PYMN - Pyramid Lines Singapore Pte Ltd,,,550.26,10370011.0,0,26.0,11.310725312131291,
Carrier_Vessel_Type_Specialization,,,General Cargo,PYMN - Pyramid Lines Singapore Pte Ltd,,,1563.6299999999999,16038700.0,0,3.0,32.14078693673509,
Carrier_Vessel_Type_Specialization,,,RoRo,PYMN - Pyramid Lines Singapore Pte Ltd,,,442.13,7124000.0,2,4.0,9.088087417316554,
Carrier_Vessel_Type_Specialization,,,Tanker (Other),PYMN - Pyramid Lines Singapore Pte Ltd,,,80.11,4720000.0,0,1.0,1.6466801234958706,
Carrier_Vessel_Type_Specialization,,,Unknown,PYMN - Pyramid Lines Singapore Pte Ltd,,,1913.76,24023700.0,1,11.0,39.33779244964995,
Carrier_Vessel_Type_Specialization,,,Vehicle Carrier,PYMN - Pyramid Lines Singapore Pte Ltd,,,315.05,10783000.0,2,3.0,6.4759277606712535,
Carrier_Vessel_Type_Specialization,,,Other,PYRR - Priority Ro Ro Services Llc,,,477.3,3528256.0,0,2.0,1.9679147030811288,
Carrier_Vessel_Type_Specialization,,,RoRo,PYRR - Priority Ro Ro Services Llc,,,19103.07,84226653.0,0,3.0,78.76222989102874,
Carrier_Vessel_Type_Specialization,,,Unknown,PYRR - Priority Ro Ro Services Llc,,,4673.73,3587700.0,0,1.0,19.269855405890137,
Carrier_Vessel_Type_Specialization,,,Tanker (Other),QAGA - Asiatic Lloyd Maritime Llp,,,129534.0,124910000.0,29,2.0,100.0,
Carrier_Vessel_Type_Specialization,,,Tanker (Other),QAJM - Safesea Transport Inc,,,66000.0,43251000.0,0,1.0,100.0,
Carrier_Vessel_Type_Specialization,,,Container Ship,QEAS - Seashell Logistics Private Limited,,,111.46,1024000.0,1,1.0,35.53982526624577,
Carrier_Vessel_Type_Specialization,,,Unknown,QEAS - Seashell Logistics Private Limited,,,202.16,1687000.0,4,2.0,64.46017473375423,
Carrier_Vessel_Type_Specialization,,,Container Ship,QEBQ - Seaspan Ship Management Ltd,,,6.97,46640.0,0,4.0,90.8735332464146,
Carrier_Vessel_Type_Specialization,,,Unknown,QEBQ - Seaspan Ship Management Ltd,,,0.7000000000000001,4300.0,0,1.0,9.126466753585397,
Carrier_Vessel_Type_Specialization,,,Tanker (Other),QEBY - Seastar Maritime Co Ltd,,,15992.1,3606000.0,2,1.0,100.0,
Carrier_Vessel_Type_Specialization,,,RoRo,QLND - Q Line Limited,,,679.27,9231000.0,0,3.0,50.18544240203322,
Carrier_Vessel_Type_Specialization,,,Vehicle Carrier,QLND - Q Line Limited,,,674.25,8106000.0,0,7.0,49.81455759796678,
Carrier_Vessel_Type_Specialization,,,Container Ship,QRSM - Quality Red Shipping Line Limited,,,19.549999999999997,323100.0,0,6.0,100.0,
Carrier_Vessel_Type_Specialization,,,Tanker (Other),QSHA - Shandong Shipping Tanker Co Ltd,,,68395.0,58871000.0,0,2.0,99.99970758181861,
Carrier_Vessel_Type_Specialization,,,Unknown,QSHA - Shandong Shipping Tanker Co Ltd,,,0.2,4600.0,0,1.0,0.0002924181813928463,
Carrier_Vessel_Type_Specialization,,,Container Ship,QWJA - Swire Shipping Pte Ltd,,,0.02,87.0,1,1.0,100.0,
Carrier_Vessel_Type_Specialization,,,Container Ship,RAMD - Raminatrans Sl,,,4.43,30470.0,6,4.0,100.0,
Carrier_Vessel_Type_Specialization,,,Bulk Carrier,RAOW - Range Shipping Ltd,,,44102.0,6968000.0,0,1.0,100.0,
Carrier_Vessel_Type_Specialization,,,Tanker (Other),RBEV - Rubis Eastern Caribben Srl,,,124.63,107000.0,0,1.0,100.0,
Carrier_Vessel_Type_Specialization,,,Bulk Carrier,RBMA - Rubicon Maritime Uk Limited,,,46970.0,39654000.0,3,1.0,100.0,
Carrier_Vessel_Type_Specialization,,,Tanker (Other),RCCP - Rain Cii Carbon Llc,,,29556.42,55219000.0,2,2.0,100.0,
Carrier_Vessel_Type_Specialization,,,Other,RCCU - Royal Caribbean Cruise Line,,,167452.02,1324620210.0,0,26.0,96.17754441961873,
Carrier_Vessel_Type_Specialization,,,Unknown,RCCU - Royal Caribbean Cruise Line,,,6655.17,66061095.0,0,1.0,3.822455580381258,
Carrier_Vessel_Type_Specialization,,,RoRo,RCGD - Robinsons Cargo & Logistics P.Ltd,,,28.0,223000.0,1,1.0,100.0,
Carrier_Vessel_Type_Specialization,,,Other,"RCYK - Ritz Carlton Yacht Collection, The",,,8.95,137044.0,0,2.0,100.0,
Carrier_Vessel_Type_Specialization,,,Unknown,RGLW - Regency Global Logistics,,,0.45,1100.0,1,1.0,100.0,
Carrier_Vessel_Type_Specialization,,,Unknown,RLCL - Ramses Logistics Co Ltd,,,301.24,2364600.0,0,1.0,72.89005032907473,
Carrier_Vessel_Type_Specialization,,,Vehicle Carrier,RLCL - Ramses Logistics Co Ltd,,,112.03999999999999,586800.0,0,1.0,27.109949670925282,
Carrier_Vessel_Type_Specialization,,,Bulk Carrier,RLUS - Rohlig Usa Llc,,,6.76,175600.0,2,1.0,0.09781323748793613,
Carrier_Vessel_Type_Specialization,,,Container Ship,RLUS - Rohlig Usa Llc,,,50.550000000000004,1524952.0,27,17.0,0.7314288690850845,
Carrier_Vessel_Type_Specialization,,,RoRo,RLUS - Rohlig Usa Llc,,,115.56,5506400.0,5,4.0,1.672085462145843,
Carrier_Vessel_Type_Specialization,,,Unknown,RLUS - Rohlig Usa Llc,,,147.02,7464100.0,4,3.0,2.127293221224315,
Carrier_Vessel_Type_Specialization,,,Vehicle Carrier,RLUS - Rohlig Usa Llc,,,6591.24,104566800.0,321,23.0,95.37137921005682,
Carrier_Vessel_Type_Specialization,,,Tanker (Other),RNBV - Reederei Nord B V,,,169103.02000000002,93838463.0,0,2.0,100.0,
Carrier_Vessel_Type_Specialization,,,Bulk Carrier,RNKO - Reederei Nord Gmbh,,,29016.18,14246917.0,5,2.0,100.0,
Carrier_Vessel_Type_Specialization,,,Unknown,ROUP - Rose Cay Maritime Llc,,,18895.0,16230000.0,0,1.0,100.0,
Carrier_Vessel_Type_Specialization,,,Unknown,RRAM - Rame Rubis Asphalt Middle East Dmcc,,,39999.729999999996,18760000.0,2,1.0,100.0,
Carrier_Vessel_Type_Specialization,,,Unknown,RSBW - Rolldock Shipping Bv,,,21598.06,217854040.0,13,5.0,100.0,
Carrier_Vessel_Type_Specialization,,,RoRo,RSEC - Rose Containerline Inc,,,53.4,6870000.0,2,1.0,100.0,
Carrier_Vessel_Type_Specialization,,,Bulk Carrier,RSIA - Rg Shipping International,,,46104.67,102675000.0,15,3.0,28.237224516664117,
Carrier_Vessel_Type_Specialization,,,General Cargo,RSIA - Rg Shipping International,,,71123.24,142724200.0,653,2.0,43.56007528592193,
Carrier_Vessel_Type_Specialization,,,Unknown,RSIA - Rg Shipping International,,,46048.3,92007330.0,297,5.0,28.20270019741394,
Carrier_Vessel_Type_Specialization,,,Tanker (Other),RSMV - Red Sea Marine Services,,,38261.01,33472000.0,0,1.0,100.0,
Carrier_Vessel_Type_Specialization,,,Other,RSSC - Regent Seven Seas Cruises Inc,,,1674.55,17934034.0,0,5.0,100.0,
Carrier_Vessel_Type_Specialization,,,Bulk Carrier,RSUY - Raffles Shipping International Pte Ltd,,,52709.25,28630000.0,0,2.0,48.688311212058764,
Carrier_Vessel_Type_Specialization,,,Tanker (Other),RSUY - Raffles Shipping International Pte Ltd,,,55549.28,62380000.0,0,3.0,51.311688787941236,
Carrier_Vessel_Type_Specialization,,,Tanker (Other),RTCE - Roswell Tankers Corp,,,163494.0,149830000.0,0,2.0,100.0,
Carrier_Vessel_Type_Specialization,,,Container Ship,RWPL - Rif Worldwide Plc,,,1.81,99300.0,2,2.0,5.790147152911068,
Carrier_Vessel_Type_Specialization,,,RoRo,RWPL - Rif Worldwide Plc,,,6.9,23700.0,5,3.0,22.072936660268713,
Carrier_Vessel_Type_Specialization,,,Vehicle Carrier,RWPL - Rif Worldwide Plc,,,22.55,328600.0,1,3.0,72.13691618682022,
Carrier_Vessel_Type_Specialization,,,Container Ship,RWRD - Round The World Logistics,,,94.0,2900000.0,2,2.0,100.0,
Carrier_Vessel_Type_Specialization,,,Bulk Carrier,RYMG - Roymar Shipping Llc,,,1821305.9,1081638500.0,102,3.0,17.177114960771814,
Carrier_Vessel_Type_Specialization,,,General Cargo,RYMG - Roymar Shipping Llc,,,8760591.56,6461140300.0,121,7.0,82.62296210125234,
Carrier_Vessel_Type_Specialization,,,Unknown,RYMG - Roymar Shipping Llc,,,21198.02,75534000.0,18,1.0,0.19992293797584476,
Carrier_Vessel_Type_Specialization,,,Unknown,SAAV - Suisse Atlantique Societe De Navigation Maritime Sa,,,175271.41,64669000.0,3,4.0,100.0,
Carrier_Vessel_Type_Specialization,,,Container Ship,SABC - Star Asia International Inc,,,134.07,900400.0,7,6.0,65.45108377270064,
Carrier_Vessel_Type_Specialization,,,Unknown,SABC - Star Asia International Inc,,,70.77,439300.0,5,4.0,34.54891622729936,
Carrier_Vessel_Type_Specialization,,,Vehicle Carrier,SAGI - Southport Agencies Inc,,,2.34,45600.0,1,1.0,100.0,
Carrier_Vessel_Type_Specialization,,,Bulk Carrier,SAIJ - South American Independent Line,,,176.87,1372800.0,0,1.0,8.188236383417053,
Carrier_Vessel_Type_Specialization,,,Container Ship,SAIJ - South American Independent Line,,,6.16,15140.0,0,5.0,0.28517858382907807,
Carrier_Vessel_Type_Specialization,,,General Cargo,SAIJ - South American Independent Line,,,224.88,3766000.0,0,3.0,10.410870118747253,
Carrier_Vessel_Type_Specialization,,,RoRo,SAIJ - South American Independent Line,,,1733.77,15452300.0,0,5.0,80.26527163723063,
Carrier_Vessel_Type_Specialization,,,Unknown,SAIJ - South American Independent Line,,,18.37,57080.0,0,7.0,0.8504432767760007,
Carrier_Vessel_Type_Specialization,,,Tanker (Other),SAMO - Samos Steamship Co,,,1932960.57,1330428100.0,0,8.0,93.37116963590708,
Carrier_Vessel_Type_Specialization,,,Unknown,SAMO - Samos Steamship Co,,,137229.38,83849426.0,0,1.0,6.628830364092917,
Carrier_Vessel_Type_Specialization,,,RoRo,SASM - Sas Compagnie Maritime Nantaise  Mn,,,429.76,1381800.0,5,2.0,100.0,
Carrier_Vessel_Type_Specialization,,,Unknown,SBBL - Salmon Bay Barge Line Inc,,,128253.0,29907000.0,0,2.0,100.0,
Carrier_Vessel_Type_Specialization,,,Unknown,SBCG - Seabridge Marine Services Ltd,,,514280.0,300372000.0,0,2.0,100.0,
Carrier_Vessel_Type_Specialization,,,Bulk Carrier,SBCN - Supreme Bulk Carriers Ltd,,,65840.42,19379000.0,0,2.0,100.0,
Carrier_Vessel_Type_Specialization,,,Tanker (Other),SBEM - Sunbeam Marine Co S A,,,235504.0,149920000.0,0,1.0,100.0,
Carrier_Vessel_Type_Specialization,,,Tanker (Other),SBKA - Stena Bulk Ab,,,1262670.19,761175000.0,0,5.0,100.0,
Carrier_Vessel_Type_Specialization,,,Bulk Carrier,SBKO - Star Bulk Carriers Corp,,,92555.4,30005200.0,0,3.0,46.38080452846678,
Carrier_Vessel_Type_Specialization,,,Unknown,SBKO - Star Bulk Carriers Corp,,,107000.0,39123000.0,0,2.0,53.61919547153322,
Carrier_Vessel_Type_Specialization,,,Tanker (Other),SBMJ - Seacomber Limited,,,71706.0,40013000.0,0,1.0,100.0,
Carrier_Vessel_Type_Specialization,,,Unknown,SBOT - Sause Bros Inc,,,96011.79,77684000.0,0,1.0,100.0,
Carrier_Vessel_Type_Specialization,,,Tanker (Other),SBWQ - Seabulk Tankers Inc,,,21365.06,42730000.0,0,1.0,21.239620922792085,
Carrier_Vessel_Type_Specialization,,,Unknown,SBWQ - Seabulk Tankers Inc,,,79225.53,48130000.0,0,1.0,78.76037907720792,
Carrier_Vessel_Type_Specialization,,,RoRo,SBXM - Seabox Limited,,,87.28999999999999,8162800.0,9,2.0,77.42593578144402,
Carrier_Vessel_Type_Specialization,,,Vehicle Carrier,SBXM - Seabox Limited,,,25.45,427000.0,0,1.0,22.57406421855597,
Carrier_Vessel_Type_Specialization,,,Container Ship,SBZY - Sbs Toshiba Logistics Corporation,,,943.57,21281000.0,24,5.0,48.92030755032948,
Carrier_Vessel_Type_Specialization,,,Unknown,SBZY - Sbs Toshiba Logistics Corporation,,,985.22,20766600.0,39,6.0,51.079692449670524,
Carrier_Vessel_Type_Specialization,,,General Cargo,SCAB - Sal Heavy Lift Gmbh & Co. Kg,,,90161.15,1692190300.0,26,4.0,22.34375462726788,
Carrier_Vessel_Type_Specialization,,,Unknown,SCAB - Sal Heavy Lift Gmbh & Co. Kg,,,313357.2,71095000.0,2,2.0,77.65624537273213,
Carrier_Vessel_Type_Specialization,,,Bulk Carrier,SCBL - Seabourn Cruise Line,,,3.7,57464.0,0,1.0,12.54237288135593,
Carrier_Vessel_Type_Specialization,,,Other,SCBL - Seabourn Cruise Line,,,16.55,213461.0,0,4.0,56.10169491525424,
Carrier_Vessel_Type_Specialization,,,Unknown,SCBL - Seabourn Cruise Line,,,9.25,190360.0,0,6.0,31.35593220338983,
Carrier_Vessel_Type_Specialization,,,Unknown,SCFS - Sky2 C Freight Systems Inc,,,1.3,107000.0,1,1.0,1.1565836298932386,
Carrier_Vessel_Type_Specialization,,,Vehicle Carrier,SCFS - Sky2 C Freight Systems Inc,,,111.1,1574000.0,2,1.0,98.84341637010677,
Carrier_Vessel_Type_Specialization,,,Container Ship,SCQH - Scanwell Container Line Ltd,,,1.01,7300.0,1,1.0,7.599699021820918,
Carrier_Vessel_Type_Specialization,,,Vehicle Carrier,SCQH - Scanwell Container Line Ltd,,,12.280000000000001,102000.0,3,2.0,92.40030097817909,
Carrier_Vessel_Type_Specialization,,,RoRo,SCYE - Siem Car Carriers As,,,1312.34,15589000.0,0,1.0,15.098390229086323,
Carrier_Vessel_Type_Specialization,,,Vehicle Carrier,SCYE - Siem Car Carriers As,,,7379.58,99298000.0,0,2.0,84.90160977091368,
Carrier_Vessel_Type_Specialization,,,Container Ship,SDBJ - Savino Del Bene Usa Inc,,,5.63,23100.0,0,1.0,2.464650002188854,
Carrier_Vessel_Type_Specialization,,,General Cargo,SDBJ - Savino Del Bene Usa Inc,,,62.24,1826000.0,0,2.0,27.246858994002537,
Carrier_Vessel_Type_Specialization,,,RoRo,SDBJ - Savino Del Bene Usa Inc,,,9.08,167000.0,0,1.0,3.974959506194458,
Carrier_Vessel_Type_Specialization,,,Unknown,SDBJ - Savino Del Bene Usa Inc,,,80.04,808600.0,0,2.0,35.03918049293,
Carrier_Vessel_Type_Specialization,,,Vehicle Carrier,SDBJ - Savino Del Bene Usa Inc,,,71.44,1593200.0,0,2.0,31.27435100468415,
Carrier_Vessel_Type_Specialization,,,Container Ship,"SDPS - Seodo Commercial & Shipping Co.,Ltd.",,,138.0,10848000.0,0,2.0,100.0,
Carrier_Vessel_Type_Specialization,,,Container Ship,SDZH - Shanghai Lead Trans Intl Logistics Co Ltd,,,0.32,2600.0,1,1.0,100.0,
Carrier_Vessel_Type_Specialization,,,Unknown,"SEBT - Seajacks Uk, Ltd",,,6.0600000000000005,29334.0,0,1.0,100.0,
Carrier_Vessel_Type_Specialization,,,Unknown,SECV - Seacat Line,,,11986.11,29772310.0,47,2.0,100.0,
Carrier_Vessel_Type_Specialization,,,Container Ship,"SEIN - Seino Logix Co.,Ltd.",,,63.769999999999996,1880000.0,0,3.0,30.8589402371159,
Carrier_Vessel_Type_Specialization,,,Unknown,"SEIN - Seino Logix Co.,Ltd.",,,142.88,3670000.0,0,3.0,69.14105976288411,
Carrier_Vessel_Type_Specialization,,,Vehicle Carrier,SEJG - Se Jung Shipping Co Ltd,,,2640.56,37819300.0,34,8.0,100.0,
Carrier_Vessel_Type_Specialization,,,Vehicle Carrier,SETF - Airschott Inc,,,8.92,169000.0,1,1.0,100.0,
Carrier_Vessel_Type_Specialization,,,Bulk Carrier,SEUK - Shell International Trading And Shipping,,,109704.74,121004000.0,2,1.0,0.735618652605738,
Carrier_Vessel_Type_Specialization,,,LNG Tanker,SEUK - Shell International Trading And Shipping,,,1002311.04,1152238914.0,8,9.0,6.7209374611949855,
Carrier_Vessel_Type_Specialization,,,Tanker (Other),SEUK - Shell International Trading And Shipping,,,11411601.31,8540633378.0,297,53.0,76.51981837554214,
Carrier_Vessel_Type_Specialization,,,Unknown,SEUK - Shell International Trading And Shipping,,,2389645.32,1455874900.0,39,5.0,16.023625510657126,
Carrier_Vessel_Type_Specialization,,,General Cargo,SFCR - Saga Welco As,,,1999088.75,2332958340.0,1772,21.0,51.00520025321747,
Carrier_Vessel_Type_Specialization,,,Unknown,SFCR - Saga Welco As,,,1920293.47,2330074820.0,2037,16.0,48.99479974678255,
Carrier_Vessel_Type_Specialization,,,General Cargo,SFFV - Spliethoff Transport B V,,,1080137.02,4189190712.0,5431,34.0,34.9558846192172,
Carrier_Vessel_Type_Specialization,,,Other,SFFV - Spliethoff Transport B V,,,33450.479999999996,102024000.0,16,1.0,1.0825396201469257,
Carrier_Vessel_Type_Specialization,,,RoRo,SFFV - Spliethoff Transport B V,,,74136.86,173516800.0,803,3.0,2.3992507211641154,
Carrier_Vessel_Type_Specialization,,,Unknown,SFFV - Spliethoff Transport B V,,,1902276.17,7767226980.0,12176,20.0,61.56232503947175,
Carrier_Vessel_Type_Specialization,,,Unknown,SFNG - Seaway 7 Us Inc,,,36.53,584330.0,0,3.0,100.0,
Carrier_Vessel_Type_Specialization,,,Tanker (Other),SGBO - Sumisho Global Logistics Co Ltd,,,768.99,4788000.0,0,1.0,66.95194894521013,
Carrier_Vessel_Type_Specialization,,,Vehicle Carrier,SGBO - Sumisho Global Logistics Co Ltd,,,379.58,2519200.0,0,4.0,33.048051054789866,
Carrier_Vessel_Type_Specialization,,,Bulk Carrier,SGGH - Segang Shipping Co Ltd,,,380066.16,494574260.0,977,8.0,77.35382326360516,
Carrier_Vessel_Type_Specialization,,,General Cargo,SGGH - Segang Shipping Co Ltd,,,33011.93,53234900.0,193,1.0,6.71882758204652,
Carrier_Vessel_Type_Specialization,,,Unknown,SGGH - Segang Shipping Co Ltd,,,78256.59,125577480.0,195,2.0,15.927349154348317,
Carrier_Vessel_Type_Specialization,,,Tanker (Other),SGIQ - Scot Gemi Isletmeciligi A S,,,23682.010000000002,34981700.0,0,2.0,100.0,
Carrier_Vessel_Type_Specialization,,,Bulk Carrier,SGLS - Sgl Express Line,,,1502.27,11567400.0,50,1.0,18.284399102740583,
Carrier_Vessel_Type_Specialization,,,General Cargo,SGLS - Sgl Express Line,,,1299.77,27472000.0,1,1.0,15.819735082088524,
Carrier_Vessel_Type_Specialization,,,RoRo,SGLS - Sgl Express Line,,,4441.52,32194400.0,137,5.0,54.05854094324213,
Carrier_Vessel_Type_Specialization,,,Tanker (Other),SGLS - Sgl Express Line,,,0.5,27400.0,1,1.0,0.006085590174449527,
Carrier_Vessel_Type_Specialization,,,Unknown,SGLS - Sgl Express Line,,,22.520000000000003,563110.0,2,2.0,0.27409498145720673,
Carrier_Vessel_Type_Specialization,,,Vehicle Carrier,SGLS - Sgl Express Line,,,949.55,19062000.0,7,4.0,11.557144300297097,
Carrier_Vessel_Type_Specialization,,,Reefer,SGNV - Seatrade Group N V,,,94794.91,125804400.0,781,11.0,95.81704794061126,
Carrier_Vessel_Type_Specialization,,,Unknown,SGNV - Seatrade Group N V,,,4138.33,4733400.0,57,1.0,4.182952059388735,
Carrier_Vessel_Type_Specialization,,,Container Ship,SGOI - Seafrigo Usa Inc,,,22.080000000000002,126000.0,13,4.0,39.25333333333334,
Carrier_Vessel_Type_Specialization,,,RoRo,SGOI - Seafrigo Usa Inc,,,27.1,212000.0,2,1.0,48.17777777777778,
Carrier_Vessel_Type_Specialization,,,Unknown,SGOI - Seafrigo Usa Inc,,,7.069999999999999,50392.0,13,2.0,12.568888888888887,
Carrier_Vessel_Type_Specialization,,,Unknown,SGTY - Seaspan Energy Limited,,,3302.0,143947000.0,0,1.0,100.0,
Carrier_Vessel_Type_Specialization,,,Tanker (Other),SGVJ - Signal Maritime Services Ltd,,,2379686.96,1319462360.0,51,8.0,98.5601524102755,
Carrier_Vessel_Type_Specialization,,,Unknown,SGVJ - Signal Maritime Services Ltd,,,34764.42,26652000.0,3,1.0,1.4398475897245029,
Carrier_Vessel_Type_Specialization,,,Container Ship,SHBV - Steam Harbour Logistics Private Limited,,,21.5,38900.0,1,1.0,50.0,
Carrier_Vessel_Type_Specialization,,,Unknown,SHBV - Steam Harbour Logistics Private Limited,,,21.5,36000.0,1,1.0,50.0,
Carrier_Vessel_Type_Specialization,,,Unknown,SHPT - Shipco Transport Inc,,,1.17,16100.0,0,2.0,100.0,
Carrier_Vessel_Type_Specialization,,,Bulk Carrier,SHRA - Share Logistics Inc,,,3.84,226000.0,0,1.0,3.6613272311212817,
Carrier_Vessel_Type_Specialization,,,Vehicle Carrier,SHRA - Share Logistics Inc,,,101.03999999999999,2141200.0,0,3.0,96.33867276887872,
Carrier_Vessel_Type_Specialization,,,Unknown,SHTE - Shanghai Wizway International Logistics Co Ltd,,,307.34,345000.0,0,1.0,100.0,
Carrier_Vessel_Type_Specialization,,,Tanker (Other),SHXT - Scorpio Handymax Tanker Pool Ltd,,,124734.11000000002,103710000.0,3,3.0,100.0,
Carrier_Vessel_Type_Specialization,,,Tanker (Other),SHYH - Searhythm Tanker Limited,,,0.0,68.0,0,1.0,,
Carrier_Vessel_Type_Specialization,,,Container Ship,SHYI - Shenzhen Hyunyoung International Transportation Co Ltd,,,4.19,36700.0,0,1.0,100.0,
Carrier_Vessel_Type_Specialization,,,General Cargo,SILJ - Seacor Island Lines,,,22.27,994000.0,0,1.0,6.466130484016143,
Carrier_Vessel_Type_Specialization,,,RoRo,SILJ - Seacor Island Lines,,,14.67,136227.0,0,1.0,4.259458203884904,
Carrier_Vessel_Type_Specialization,,,Tanker (Other),SILJ - Seacor Island Lines,,,12.290000000000001,219510.0,0,1.0,3.568421358264859,
Carrier_Vessel_Type_Specialization,,,Unknown,SILJ - Seacor Island Lines,,,295.18,4721990.0,0,6.0,85.70598995383409,
Carrier_Vessel_Type_Specialization,,,General Cargo,SISJ - Somers Isles Shipping Limited,,,12.5,260800.0,5,1.0,100.0,
Carrier_Vessel_Type_Specialization,,,Tanker (Other),SIVA - Singfar Atlantic Pte Ltd,,,706388.0,394202000.0,0,1.0,100.0,
Carrier_Vessel_Type_Specialization,,,Container Ship,SIXL - Scarbrough International Express Lines Ltd,,,0.77,16200.0,2,2.0,1.1020466580792903,
Carrier_Vessel_Type_Specialization,,,RoRo,SIXL - Scarbrough International Express Lines Ltd,,,69.1,984000.0,3,2.0,98.89795334192073,
Carrier_Vessel_Type_Specialization,,,LPG Tanker,SKBK - Solvang Asa,,,17036.76,38648810.0,30,14.0,99.97341750536492,
Carrier_Vessel_Type_Specialization,,,Unknown,SKBK - Solvang Asa,,,4.53,133357.0,12,4.0,0.02658249463508925,
Carrier_Vessel_Type_Specialization,,,Bulk Carrier,SKKE - Shield Shipping & Trading Llc,,,28832.0,25720000.0,0,1.0,100.0,
Carrier_Vessel_Type_Specialization,,,Tanker (Other),SKMC - Sinokor Maritime Co Ltd,,,3365314.12,3116800100.0,101,25.0,93.93210209862242,
Carrier_Vessel_Type_Specialization,,,Unknown,SKMC - Sinokor Maritime Co Ltd,,,217395.14,126389410.0,1,4.0,6.067897901377574,
Carrier_Vessel_Type_Specialization,,,Tanker (Other),SKQK - Sokana Shipping & Trading Ltd,,,69523.43,66483000.0,3,3.0,61.8091532065917,
Carrier_Vessel_Type_Specialization,,,Unknown,SKQK - Sokana Shipping & Trading Ltd,,,42957.37,33943000.0,5,3.0,38.190846793408305,
Carrier_Vessel_Type_Specialization,,,Tanker (Other),SKSH - Second Katsura Tanker Corporation,,,522794.51,291361000.0,5,1.0,100.0,
Carrier_Vessel_Type_Specialization,,,Bulk Carrier,SKSM - Sk Shipping Co Ltd,,,1427265.95,1958619100.0,4663,40.0,75.386046985373,
Carrier_Vessel_Type_Specialization,,,General Cargo,SKSM - Sk Shipping Co Ltd,,,120784.94,161666700.0,342,4.0,6.3796793876890705,
Carrier_Vessel_Type_Specialization,,,LNG Tanker,SKSM - Sk Shipping Co Ltd,,,1.78,35295.0,0,4.0,9.401693050546322e-05,
Carrier_Vessel_Type_Specialization,,,Tanker (Other),SKSM - Sk Shipping Co Ltd,,,12.209999999999999,86100.0,0,2.0,0.0006449138884672505,
Carrier_Vessel_Type_Specialization,,,Unknown,SKSM - Sk Shipping Co Ltd,,,345211.14,523933700.0,1137,11.0,18.23353469611895,
Carrier_Vessel_Type_Specialization,,,Bulk Carrier,SLCM - Seacape Logistics And Management Services Inc,,,74852.0,42455800.0,0,3.0,1.556044397523077,
Carrier_Vessel_Type_Specialization,,,General Cargo,SLCM - Seacape Logistics And Management Services Inc,,,35000.0,275730000.0,0,1.0,0.727589829440866,
Carrier_Vessel_Type_Specialization,,,Unknown,SLCM - Seacape Logistics And Management Services Inc,,,4700550.59,7674875000.0,0,2.0,97.71636577303605,
Carrier_Vessel_Type_Specialization,,,Tanker (Other),SLEW - Sunoco Llc,,,525234.52,3985245200.0,0,2.0,100.0,
Carrier_Vessel_Type_Specialization,,,Container Ship,SLPK - Shikhar Logistics Private Limited,,,5.62,31600.0,0,1.0,100.0,
Carrier_Vessel_Type_Specialization,,,Tanker (Other),SLRM - Scorpio Lr Two,,,224813.84000000003,170614243.0,2,3.0,100.0,
Carrier_Vessel_Type_Specialization,,,Other,SLSD - Sallaum Lines Switzerland Sa,,,12669.11,172401100.0,27,2.0,39.08887218676105,
Carrier_Vessel_Type_Specialization,,,Vehicle Carrier,SLSD - Sallaum Lines Switzerland Sa,,,19741.93,280866600.0,42,3.0,60.91112781323894,
Carrier_Vessel_Type_Specialization,,,Tanker (Other),SMKI - Scorpio Mr Pool Ltd,,,4734980.6,6881958010.0,217,40.0,86.06863436948561,
Carrier_Vessel_Type_Specialization,,,Unknown,SMKI - Scorpio Mr Pool Ltd,,,766420.27,743935884.0,51,13.0,13.9313656305144,
Carrier_Vessel_Type_Specialization,,,Container Ship,SMLU - Seaboard Marine Ltd,,,952.98,8191500.0,28,13.0,95.4851508957557,
Carrier_Vessel_Type_Specialization,,,General Cargo,SMLU - Seaboard Marine Ltd,,,22.59,102000.0,1,1.0,2.2634363352170257,
Carrier_Vessel_Type_Specialization,,,Unknown,SMLU - Seaboard Marine Ltd,,,22.47,55800.0,3,1.0,2.2514127690272936,
Carrier_Vessel_Type_Specialization,,,Container Ship,SMMB - Seamaster Logistics Inc,,,7.7,25400.0,1,1.0,100.0,
Carrier_Vessel_Type_Specialization,,,LNG Tanker,SMOY - Seapeak Maritime Limited,,,22.33,345249.0,0,11.0,0.038941889736728054,
Carrier_Vessel_Type_Specialization,,,LPG Tanker,SMOY - Seapeak Maritime Limited,,,0.53,3081.0,2,2.0,0.0009242813058874103,
Carrier_Vessel_Type_Specialization,,,Unknown,SMOY - Seapeak Maritime Limited,,,57318.99,24074000.0,0,1.0,99.96013382895738,
Carrier_Vessel_Type_Specialization,,,Tanker (Other),SMSF - Southwind Marine S A,,,133229.0,78381000.0,0,1.0,100.0,
Carrier_Vessel_Type_Specialization,,,Bulk Carrier,SMTH - Smt Shipping,,,482829.55,562770600.0,0,3.0,8.142913917148215,
Carrier_Vessel_Type_Specialization,,,General Cargo,SMTH - Smt Shipping,,,4490350.37,18723507118.0,0,17.0,75.72969906407891,
Carrier_Vessel_Type_Specialization,,,Unknown,SMTH - Smt Shipping,,,956264.4400000001,2411532016.0,0,3.0,16.12738701877287,
Carrier_Vessel_Type_Specialization,,,Bulk Carrier,SMWM - Spring Marine Management Sa,,,33532.0,15894000.0,2,1.0,9.486446097270361,
Carrier_Vessel_Type_Specialization,,,Tanker (Other),SMWM - Spring Marine Management Sa,,,239574.46000000002,714837000.0,8,6.0,67.77735300825046,
Carrier_Vessel_Type_Specialization,,,Unknown,SMWM - Spring Marine Management Sa,,,80366.26999999999,581984000.0,3,2.0,22.736200894479186,
Carrier_Vessel_Type_Specialization,,,Tanker (Other),SNHI - Sonangol Shipping Holding Limited,,,1261311.86,741337000.0,0,3.0,100.0,
Carrier_Vessel_Type_Specialization,,,Unknown,SNHP - Sanco Holding As,,,5.33,37590.0,0,3.0,100.0,
Carrier_Vessel_Type_Specialization,,,General Cargo,SNSG - Scan Shipping Inc,,,96.0,4232000.0,0,1.0,100.0,
Carrier_Vessel_Type_Specialization,,,Vehicle Carrier,SNSS - Seven Seals Co Ltd,,,30020.969999999998,253007700.0,0,1.0,100.0,
Carrier_Vessel_Type_Specialization,,,Unknown,SOFO - Sea Og Offshore Llc,,,17.6,189000.0,0,1.0,100.0,
Carrier_Vessel_Type_Specialization,,,Bulk Carrier,SOKF - South Ocean Ship Management Co Ltd,,,107282.36,144787610.0,71,2.0,100.0,
Carrier_Vessel_Type_Specialization,,,Bulk Carrier,SOUS - Sounion Special Maritime Enterprise,,,139019.1,84941000.0,1,1.0,100.0,
Carrier_Vessel_Type_Specialization,,,Bulk Carrier,SOVL - Seaboard Overseas Ltd,,,20000.0,22666000.0,0,4.0,100.0,
Carrier_Vessel_Type_Specialization,,,Unknown,SQHA - Spanaco Six Ltd,,,50058.25,17669000.0,0,1.0,100.0,
Carrier_Vessel_Type_Specialization,,,Container Ship,SSBF - Swire Shipping Pte Ltd,,,1384.84,27926300.0,42,6.0,1.3228773508980796,
Carrier_Vessel_Type_Specialization,,,Unknown,SSBF - Swire Shipping Pte Ltd,,,103299.09,174325380.0,638,6.0,98.67712264910192,
Carrier_Vessel_Type_Specialization,,,Bulk Carrier,SSDH - Starboard Shipping & Trading S A,,,43490.0,3436000.0,1,1.0,100.0,
Carrier_Vessel_Type_Specialization,,,Container Ship,SSLL - Saco Shipping Line Limited,,,3.85,37800.0,0,1.0,5.764335978439887,
Carrier_Vessel_Type_Specialization,,,RoRo,SSLL - Saco Shipping Line Limited,,,39.44,556700.0,0,1.0,59.05075610121276,
Carrier_Vessel_Type_Specialization,,,Vehicle Carrier,SSLL - Saco Shipping Line Limited,,,23.5,3507000.0,0,1.0,35.184907920347364,
Carrier_Vessel_Type_Specialization,,,Tanker (Other),SSLM - Spm Shipping Dmcc,,,14651.0,6681000.0,0,1.0,100.0,
Carrier_Vessel_Type_Specialization,,,Tanker (Other),SSMV - Scorpio Ship Management Sam,,,30970.42,19059803.0,0,4.0,100.0,
Carrier_Vessel_Type_Specialization,,,Container Ship,SSNF - Shanghai Supreme International Freight Forwarding Co Ltd,,,38.04,80500.0,2,2.0,66.69004207573633,
Carrier_Vessel_Type_Specialization,,,Unknown,SSNF - Shanghai Supreme International Freight Forwarding Co Ltd,,,19.0,140000.0,1,1.0,33.30995792426368,
Carrier_Vessel_Type_Specialization,,,Unknown,SSPB - Sbl Usa Inc,,,302690.0,514356000.0,0,6.0,100.0,
Carrier_Vessel_Type_Specialization,,,General Cargo,STIN - Hugo Stinnes Schiffahrt Gmbh,,,55907.26,318406030.0,315,3.0,100.0,
Carrier_Vessel_Type_Specialization,,,Bulk Carrier,STSO - St Shipping Transport Pte Ltd,,,384099.32,197649000.0,1,7.0,24.258676185212902,
Carrier_Vessel_Type_Specialization,,,Tanker (Other),STSO - St Shipping Transport Pte Ltd,,,886349.0,636045200.0,15,9.0,55.97941016424416,
Carrier_Vessel_Type_Specialization,,,Unknown,STSO - St Shipping Transport Pte Ltd,,,312899.91,236856000.0,3,6.0,19.761913650542937,
Carrier_Vessel_Type_Specialization,,,Container Ship,STSW - Sumisho Global Logistics,,,132.7,1272200.0,0,1.0,0.12267684764321321,
Carrier_Vessel_Type_Specialization,,,Tanker (Other),STSW - Sumisho Global Logistics,,,13489.75,99468500.0,0,5.0,12.470836514657387,
Carrier_Vessel_Type_Specialization,,,Vehicle Carrier,STSW - Sumisho Global Logistics,,,94547.92,624181740.0,0,49.0,87.4064866376994,
Carrier_Vessel_Type_Specialization,,,Tanker (Other),STZW - Stolt Tankers Bv,,,5197687.27,11803937736.0,211,75.0,100.0,
Carrier_Vessel_Type_Specialization,,,Unknown,SUBS - Subsea Seven 7,,,8362.38,160047766.0,0,15.0,100.0,
Carrier_Vessel_Type_Specialization,,,Other,SUGD - Sp Cruises Opco Limited,,,163.83,2585159.0,0,2.0,100.0,
Carrier_Vessel_Type_Specialization,,,Container Ship,SVDL - Savino Del Bene S P A,,,121.19,3111500.0,0,3.0,7.523777595669125,
Carrier_Vessel_Type_Specialization,,,General Cargo,SVDL - Savino Del Bene S P A,,,204.76999999999998,1232900.0,0,3.0,12.712632546127292,
Carrier_Vessel_Type_Specialization,,,RoRo,SVDL - Savino Del Bene S P A,,,497.36,8440000.0,0,4.0,30.877349822444067,
Carrier_Vessel_Type_Specialization,,,Unknown,SVDL - Savino Del Bene S P A,,,328.32,2471100.0,0,4.0,20.38292483051479,
Carrier_Vessel_Type_Specialization,,,Vehicle Carrier,SVDL - Savino Del Bene S P A,,,459.12,6706200.0,0,2.0,28.50331520524473,
Carrier_Vessel_Type_Specialization,,,Bulk Carrier,SVIV - Shanghai Everest International Logistics Co Ltd,,,16.35,185000.0,1,1.0,4.100005015296655,
Carrier_Vessel_Type_Specialization,,,Container Ship,SVIV - Shanghai Everest International Logistics Co Ltd,,,91.25,127000.0,4,4.0,22.882290987511915,
Carrier_Vessel_Type_Specialization,,,General Cargo,SVIV - Shanghai Everest International Logistics Co Ltd,,,204.52,1372000.0,4,1.0,51.28642359195547,
Carrier_Vessel_Type_Specialization,,,RoRo,SVIV - Shanghai Everest International Logistics Co Ltd,,,68.41,611200.0,3,2.0,17.154822207733588,
Carrier_Vessel_Type_Specialization,,,Unknown,SVIV - Shanghai Everest International Logistics Co Ltd,,,18.25,25000.0,1,1.0,4.576458197502382,
Carrier_Vessel_Type_Specialization,,,Other,SVSC - Silversea Cruises Ltd,,,67.8,965515.0,0,6.0,100.0,
Carrier_Vessel_Type_Specialization,,,Tanker (Other),SVWH - Skyview Marine Co S A,,,87307.0,52829000.0,0,1.0,100.0,
Carrier_Vessel_Type_Specialization,,,Tanker (Other),SWAF - Stena Weco A/S,,,864222.0599999999,1051019500.0,0,16.0,95.94266900207793,
Carrier_Vessel_Type_Specialization,,,Unknown,SWAF - Stena Weco A/S,,,36547.19,32418000.0,0,1.0,4.057330997922054,
Carrier_Vessel_Type_Specialization,,,Container Ship,SWKF - Seahawk Container Line,,,2.1,6400.0,1,1.0,48.61111111111111,
Carrier_Vessel_Type_Specialization,,,Unknown,SWKF - Seahawk Container Line,,,2.22,12320.0,4,1.0,51.38888888888889,
Carrier_Vessel_Type_Specialization,,,Bulk Carrier,SWLD - Seaworld Management & Trading Inc,,,229671.0,129053000.0,0,1.0,37.488789281586065,
Carrier_Vessel_Type_Specialization,,,Tanker (Other),SWLD - Seaworld Management & Trading Inc,,,160754.15,124078602.0,0,9.0,26.239614298237385,
Carrier_Vessel_Type_Specialization,,,Unknown,SWLD - Seaworld Management & Trading Inc,,,222214.0,141747000.0,0,1.0,36.27159642017654,
Carrier_Vessel_Type_Specialization,,,Bulk Carrier,SWMN - Swissmarine Services S A,,,1689663.46,6645036000.0,14,26.0,94.36780255762326,
Carrier_Vessel_Type_Specialization,,,General Cargo,SWMN - Swissmarine Services S A,,,28.970000000000002,491700.0,0,1.0,0.0016179761856803994,
Carrier_Vessel_Type_Specialization,,,Unknown,SWMN - Swissmarine Services S A,,,100816.0,126360000.0,2,2.0,5.630579466191064,
Carrier_Vessel_Type_Specialization,,,Bulk Carrier,SXBW - Swire Bulk Pte Ltd,,,3435168.0,3589524200.0,10,56.0,77.96531580572945,
Carrier_Vessel_Type_Specialization,,,General Cargo,SXBW - Swire Bulk Pte Ltd,,,265275.0,254629000.0,0,6.0,6.020738767467814,
Carrier_Vessel_Type_Specialization,,,Tanker (Other),SXBW - Swire Bulk Pte Ltd,,,62944.0,6860000.0,0,1.0,1.428590636055015,
Carrier_Vessel_Type_Specialization,,,Unknown,SXBW - Swire Bulk Pte Ltd,,,642633.76,394838880.0,4,12.0,14.585354790747743,
Carrier_Vessel_Type_Specialization,,,Container Ship,SXCO - Sinpex Connection Logistics Ltd,,,2.53,7500.0,1,1.0,100.0,
Carrier_Vessel_Type_Specialization,,,Bulk Carrier,SXUQ - Sea Bridge Shipping Management Co Ltd,,,71122.61,122371000.0,152,1.0,100.0,
Carrier_Vessel_Type_Specialization,,,Bulk Carrier,SXWR - Seawind Far East Ltd,,,73252.0,4542000.0,0,1.0,100.0,
Carrier_Vessel_Type_Specialization,,,Bulk Carrier,SYGR - Synergy Group,,,3.02,87903.0,0,7.0,0.11978708044773395,
Carrier_Vessel_Type_Specialization,,,Container Ship,SYGR - Synergy Group,,,0.01,110.0,1,1.0,0.00039664596174746335,
Carrier_Vessel_Type_Specialization,,,LPG Tanker,SYGR - Synergy Group,,,0.02,296.0,1,2.0,0.0007932919234949267,
Carrier_Vessel_Type_Specialization,,,Tanker (Other),SYGR - Synergy Group,,,14.48,146069.0,13,16.0,0.574343352610327,
Carrier_Vessel_Type_Specialization,,,Unknown,SYGR - Synergy Group,,,2503.61,30595506.0,9,10.0,99.3046796290567,
Carrier_Vessel_Type_Specialization,,,Bulk Carrier,SYLC - Suzhou Yun Logistics Technology Co Ltd,,,468.24,1467000.0,0,2.0,62.82402189663501,
Carrier_Vessel_Type_Specialization,,,Container Ship,SYLC - Suzhou Yun Logistics Technology Co Ltd,,,61.059999999999995,261860.0,0,2.0,8.192454247839855,
Carrier_Vessel_Type_Specialization,,,General Cargo,SYLC - Suzhou Yun Logistics Technology Co Ltd,,,62.6,141000.0,0,1.0,8.399076906563623,
Carrier_Vessel_Type_Specialization,,,Vehicle Carrier,SYLC - Suzhou Yun Logistics Technology Co Ltd,,,153.42,544000.0,0,1.0,20.58444694896152,
Carrier_Vessel_Type_Specialization,,,Bulk Carrier,SYLF - Schuyler Line Navigation Company Llc,,,18.349999999999998,96700.0,0,1.0,0.5529190207156308,
Carrier_Vessel_Type_Specialization,,,General Cargo,SYLF - Schuyler Line Navigation Company Llc,,,3300.4,43455500.0,0,2.0,99.44708097928438,
Carrier_Vessel_Type_Specialization,,,Unknown,SYMQ - St Marys Cement Inc,,,1018549.72,265365000.0,76,4.0,100.0,
Carrier_Vessel_Type_Specialization,,,Tanker (Other),SYNY - Stenersen Chartering As,,,58649.0,35514800.0,0,3.0,100.0,
Carrier_Vessel_Type_Specialization,,,Container Ship,SYXO - Sar Transport Systems Private Limited,,,500.19,762500.0,6,3.0,67.2723360187215,
Carrier_Vessel_Type_Specialization,,,RoRo,SYXO - Sar Transport Systems Private Limited,,,84.3,854000.0,0,1.0,11.3378074859118,
Carrier_Vessel_Type_Specialization,,,Unknown,SYXO - Sar Transport Systems Private Limited,,,159.04,387000.0,1,1.0,21.389856495366697,
Carrier_Vessel_Type_Specialization,,,Container Ship,SZCR - Shenzhen China Progress International Forwarding Co Ltd,,,6.04,11900.0,1,1.0,100.0,
Carrier_Vessel_Type_Specialization,,,Unknown,SZHE - Shanghai Zhenhua Shipping Co Ltd,,,39199.98,260735000.0,11,6.0,100.0,
Carrier_Vessel_Type_Specialization,,,Bulk Carrier,SZMW - Sagitta Marine S A,,,243182.9,866883000.0,3,5.0,83.12393368198848,
Carrier_Vessel_Type_Specialization,,,Tanker (Other),SZMW - Sagitta Marine S A,,,49371.71,369942000.0,0,1.0,16.876066318011535,
Carrier_Vessel_Type_Specialization,,,Container Ship,SZNG - Shenzhen Perways Logistics Co Ltd,,,12.170000000000002,26700.0,2,2.0,100.0,
Carrier_Vessel_Type_Specialization,,,Container Ship,SZNQ - Shenzhen Shining Ocean International Logistics Co Ltd,,,4.17,106000.0,0,1.0,100.0,
Carrier_Vessel_Type_Specialization,,,Tanker (Other),TAMT - Tarant Marine,,,33671.0,31785000.0,0,1.0,100.0,
Carrier_Vessel_Type_Specialization,,,Tanker (Other),TAQH - Tts Tanker Transport Services Bv,,,36975.89,52420000.0,0,1.0,100.0,
Carrier_Vessel_Type_Specialization,,,Tanker (Other),TAWK - Talos Shipping Ltd,,,736959.02,432991310.0,21,1.0,100.0,
Carrier_Vessel_Type_Specialization,,,Bulk Carrier,TBPN - Tma Bulk Pool Inc,,,863110.1,603545000.0,12,2.0,100.0,
Carrier_Vessel_Type_Specialization,,,Bulk Carrier,TBPY - T Bulk,,,149226.44,288540600.0,77,5.0,100.0,
Carrier_Vessel_Type_Specialization,,,Unknown,TBUF - Offshore Marine Towing,,,0.5,20200.0,0,1.0,100.0,
Carrier_Vessel_Type_Specialization,,,Unknown,TCCQ - Transatlantic Cement Carriers Inc,,,419199.97,40124513.0,51,3.0,100.0,
Carrier_Vessel_Type_Specialization,,,Unknown,TCFQ - Transintercargo Logistics Llc,,,194.95,1412000.0,1,1.0,91.48716504763246,
Carrier_Vessel_Type_Specialization,,,Vehicle Carrier,TCFQ - Transintercargo Logistics Llc,,,18.14,62600.0,2,1.0,8.512834952367546,
Carrier_Vessel_Type_Specialization,,,Container Ship,TCQV - Toc Logistics International Llc,,,11.98,139600.0,2,2.0,99.66722129783695,
Carrier_Vessel_Type_Specialization,,,Unknown,TCQV - Toc Logistics International Llc,,,0.04,460.0,1,1.0,0.33277870216306155,
Carrier_Vessel_Type_Specialization,,,RoRo,TDGO - Tvs Scs Global Freight Solutions Limited,,,1088.65,6995000.0,8,5.0,66.917662968313,
Carrier_Vessel_Type_Specialization,,,Vehicle Carrier,TDGO - Tvs Scs Global Freight Solutions Limited,,,538.2,3364000.0,2,1.0,33.082337031687004,
Carrier_Vessel_Type_Specialization,,,Vehicle Carrier,TDGT - Tandem Global Logistics,,,19.6,394000.0,0,1.0,100.0,
Carrier_Vessel_Type_Specialization,,,Container Ship,TECB - Triple Eagle Container Line Ltd,,,69.1,430000.0,0,1.0,100.0,
Carrier_Vessel_Type_Specialization,,,Container Ship,TEUG - Trade Expeditors Usa Inc,,,34.8,226000.0,0,1.0,77.85234899328859,
Carrier_Vessel_Type_Specialization,,,Vehicle Carrier,TEUG - Trade Expeditors Usa Inc,,,9.9,126800.0,0,1.0,22.147651006711413,
Carrier_Vessel_Type_Specialization,,,Container Ship,TFAO - Tropical Fruit Americas Llc,,,14.15,274060.0,23,4.0,97.72099447513813,
Carrier_Vessel_Type_Specialization,,,Tanker (Other),TFAO - Tropical Fruit Americas Llc,,,0.03,572.0,3,1.0,0.20718232044198895,
Carrier_Vessel_Type_Specialization,,,Unknown,TFAO - Tropical Fruit Americas Llc,,,0.3,1559.0,8,3.0,2.071823204419889,
Carrier_Vessel_Type_Specialization,,,Vehicle Carrier,TFKK - Toyofuji Shipping Co Ltd,,,50978.9,494875400.0,0,2.0,100.0,
Carrier_Vessel_Type_Specialization,,,Bulk Carrier,TFMA - Tfmarine Inc,,,0.08,3020.0,0,1.0,0.1356391997287216,
Carrier_Vessel_Type_Specialization,,,Container Ship,TFMA - Tfmarine Inc,,,12.2,74908.0,13,15.0,20.68497795863004,
Carrier_Vessel_Type_Specialization,,,General Cargo,TFMA - Tfmarine Inc,,,0.11,940.0,0,1.0,0.18650389962699218,
Carrier_Vessel_Type_Specialization,,,LNG Tanker,TFMA - Tfmarine Inc,,,0.04,210.0,0,1.0,0.0678195998643608,
Carrier_Vessel_Type_Specialization,,,LPG Tanker,TFMA - Tfmarine Inc,,,0.36000000000000004,1060.0,0,3.0,0.6103763987792473,
Carrier_Vessel_Type_Specialization,,,RoRo,TFMA - Tfmarine Inc,,,2.84,30800.0,0,1.0,4.815191590369617,
Carrier_Vessel_Type_Specialization,,,Tanker (Other),TFMA - Tfmarine Inc,,,0.19,2176.0,4,4.0,0.3221430993557138,
Carrier_Vessel_Type_Specialization,,,Unknown,TFMA - Tfmarine Inc,,,43.160000000000004,292441.0,20,11.0,73.1773482536453,
Carrier_Vessel_Type_Specialization,,,Reefer,TFPM - Tropical Fruit Europe Llc,,,322638.08,191014232.0,796,6.0,83.95828291486656,
Carrier_Vessel_Type_Specialization,,,Unknown,TFPM - Tropical Fruit Europe Llc,,,61645.72,36145000.0,142,1.0,16.041717085133435,
Carrier_Vessel_Type_Specialization,,,RoRo,TGFD - Trans Global Freight Management Ltd,,,8.9,94200.0,0,2.0,100.0,
Carrier_Vessel_Type_Specialization,,,Bulk Carrier,TGFH - Toll Global Forwarding,,,1678.3200000000002,9307000.0,12,1.0,41.325106001585716,
Carrier_Vessel_Type_Specialization,,,Container Ship,TGFH - Toll Global Forwarding,,,17.71,290800.0,7,6.0,0.4360715639973802,
Carrier_Vessel_Type_Specialization,,,General Cargo,TGFH - Toll Global Forwarding,,,805.1,2138000.0,2,1.0,19.82389701718186,
Carrier_Vessel_Type_Specialization,,,RoRo,TGFH - Toll Global Forwarding,,,1343.2,4661000.0,15,6.0,33.07347965902208,
Carrier_Vessel_Type_Specialization,,,Unknown,TGFH - Toll Global Forwarding,,,2.13,16500.0,1,1.0,0.05244677760104006,
Carrier_Vessel_Type_Specialization,,,Vehicle Carrier,TGFH - Toll Global Forwarding,,,214.8,1412000.0,4,2.0,5.288998980611928,
Carrier_Vessel_Type_Specialization,,,Bulk Carrier,TGRA - Trafigura Maritime Ventures Ltd,,,621702.0,4832918000.0,4,6.0,3.040647518170393,
Carrier_Vessel_Type_Specialization,,,General Cargo,TGRA - Trafigura Maritime Ventures Ltd,,,73894.0,65988000.0,0,1.0,0.361404029113117,
Carrier_Vessel_Type_Specialization,,,LPG Tanker,TGRA - Trafigura Maritime Ventures Ltd,,,102376.0,92659000.0,0,3.0,0.5007050489144513,
Carrier_Vessel_Type_Specialization,,,Tanker (Other),TGRA - Trafigura Maritime Ventures Ltd,,,16101243.62,11080280823.0,0,67.0,78.74867131296003,
Carrier_Vessel_Type_Specialization,,,Unknown,TGRA - Trafigura Maritime Ventures Ltd,,,3485637.0,2505177000.0,0,13.0,17.047706929192596,
Carrier_Vessel_Type_Specialization,,,Vehicle Carrier,TGRA - Trafigura Maritime Ventures Ltd,,,61516.0,41042000.0,0,1.0,0.3008651616494235,
Carrier_Vessel_Type_Specialization,,,LPG Tanker,TGSI - Transgas Shipping Lines,,,0.07,120.0,0,1.0,100.0,
Carrier_Vessel_Type_Specialization,,,Bulk Carrier,THBD - Trithorn Bulk A/S,,,265434.76,1504157000.0,0,8.0,70.60136237997678,
Carrier_Vessel_Type_Specialization,,,General Cargo,THBD - Trithorn Bulk A/S,,,27520.9,1245898000.0,0,1.0,7.3201152476152815,
Carrier_Vessel_Type_Specialization,,,Tanker (Other),THBD - Trithorn Bulk A/S,,,23981.6,12302000.0,0,1.0,6.3787185674236895,
Carrier_Vessel_Type_Specialization,,,Unknown,THBD - Trithorn Bulk A/S,,,59025.4,87973000.0,0,2.0,15.69980380498425,
Carrier_Vessel_Type_Specialization,,,Container Ship,THGL - T H I Logistics Co Ltd,,,1.62,9000.0,1,1.0,100.0,
Carrier_Vessel_Type_Specialization,,,Bulk Carrier,THJF - Thomas Marine Launch Services,,,34.75,157854.0,0,10.0,6.368551269128562,
Carrier_Vessel_Type_Specialization,,,Container Ship,THJF - Thomas Marine Launch Services,,,0.05,140.0,0,1.0,0.009163383121048292,
Carrier_Vessel_Type_Specialization,,,General Cargo,THJF - Thomas Marine Launch Services,,,0.6,4900.0,0,1.0,0.1099605974525795,
Carrier_Vessel_Type_Specialization,,,LNG Tanker,THJF - Thomas Marine Launch Services,,,0.11,958.0,0,1.0,0.02015944286630624,
Carrier_Vessel_Type_Specialization,,,LPG Tanker,THJF - Thomas Marine Launch Services,,,5.37,90943.0,0,11.0,0.9841473472005865,
Carrier_Vessel_Type_Specialization,,,Tanker (Other),THJF - Thomas Marine Launch Services,,,93.83,763279.0,0,30.0,17.196004764959223,
Carrier_Vessel_Type_Specialization,,,Unknown,THJF - Thomas Marine Launch Services,,,410.94,3774710.0,1,10.0,75.3120131952717,
Carrier_Vessel_Type_Specialization,,,Bulk Carrier,THNO - Technip Uk Limited,,,2048.66,8469900.0,77,1.0,33.88399133325614,
Carrier_Vessel_Type_Specialization,,,Unknown,THNO - Technip Uk Limited,,,3997.44,43599579.0,0,12.0,66.11600866674385,
Carrier_Vessel_Type_Specialization,,,Bulk Carrier,THRS - Thoresen & Co,,,658149.0,735715000.0,17,10.0,87.99383380417649,
Carrier_Vessel_Type_Specialization,,,Unknown,THRS - Thoresen & Co,,,89800.0,58568000.0,2,2.0,12.006166195823512,
Carrier_Vessel_Type_Specialization,,,Unknown,"TIDM - Tidewater Marine, L.L.C.",,,1.38,7600.0,0,1.0,100.0,
Carrier_Vessel_Type_Specialization,,,Container Ship,"TIHF - Tplogix, Inc",,,25.42,109000.0,0,1.0,100.0,
Carrier_Vessel_Type_Specialization,,,Bulk Carrier,TIXV - Solar Gulf Shipping Dmcc,,,4482460.85,2134104000.0,111,14.0,95.23813656826131,
Carrier_Vessel_Type_Specialization,,,General Cargo,TIXV - Solar Gulf Shipping Dmcc,,,96900.0,32659000.0,9,3.0,2.058818970714384,
Carrier_Vessel_Type_Specialization,,,Unknown,TIXV - Solar Gulf Shipping Dmcc,,,127221.0,54409000.0,19,3.0,2.7030444610242994,
Carrier_Vessel_Type_Specialization,,,Vehicle Carrier,TKAS - Takase Add System Inc,,,75.6,2288000.0,0,1.0,100.0,
Carrier_Vessel_Type_Specialization,,,Bulk Carrier,TKBT - T K B Shipping A/S,,,21697.0,14299000.0,0,1.0,52.93819550460858,
Carrier_Vessel_Type_Specialization,,,General Cargo,TKBT - T K B Shipping A/S,,,19288.53,12115800.0,0,1.0,47.06180449539142,
Carrier_Vessel_Type_Specialization,,,Tanker (Other),TKSD - Tsakos Shipping And Trading S A Of Panama,,,2509193.64,2029584098.0,0,23.0,88.34911351252941,
Carrier_Vessel_Type_Specialization,,,Unknown,TKSD - Tsakos Shipping And Trading S A Of Panama,,,330895.57,194122490.0,0,2.0,11.650886487470583,
Carrier_Vessel_Type_Specialization,,,Bulk Carrier,TKSH - Teekay Tankers Ltd,,,320869.78,247996000.0,6,1.0,1.1648172883744563,
Carrier_Vessel_Type_Specialization,,,LNG Tanker,TKSH - Teekay Tankers Ltd,,,6.4,145462.0,0,1.0,2.32331964873617e-05,
Carrier_Vessel_Type_Specialization,,,Tanker (Other),TKSH - Teekay Tankers Ltd,,,23129004.64,13279125121.0,83,30.0,83.96261083722194,
Carrier_Vessel_Type_Specialization,,,Unknown,TKSH - Teekay Tankers Ltd,,,4096909.84,2602228010.0,46,9.0,14.87254864120712,
Carrier_Vessel_Type_Specialization,,,Container Ship,TLRJ - Tlr Total Logistics Resource Inc,,,59.17,213400.0,3,1.0,100.0,
Carrier_Vessel_Type_Specialization,,,Unknown,TLSW - Talos Production Llc,,,3272.46,22334520.0,0,14.0,100.0,
Carrier_Vessel_Type_Specialization,,,Container Ship,TLVH - Transcon Logistics Services Inc,,,19.7,41800.0,0,1.0,100.0,
Carrier_Vessel_Type_Specialization,,,Bulk Carrier,TMAY - Teegrus Management & Agency Inc,,,37021.24,51346353.0,0,3.0,100.0,
Carrier_Vessel_Type_Specialization,,,LNG Tanker,TMDL - Tms Cardiff Gas Ltd,,,47150.91,14956396.0,57,12.0,99.99792161035326,
Carrier_Vessel_Type_Specialization,,,Unknown,TMDL - Tms Cardiff Gas Ltd,,,0.98,8445.0,1,3.0,0.002078389646735263,
Carrier_Vessel_Type_Specialization,,,Container Ship,TMGB - Team Global Logistics Pvt Ltd,,,19.5,20700.0,0,1.0,100.0,
Carrier_Vessel_Type_Specialization,,,RoRo,TMGT - Tote Maritime Puerto Rico Llc,,,204.65,2883300.0,0,1.0,100.0,
Carrier_Vessel_Type_Specialization,,,Tanker (Other),TMMD - Transportacion Maritima Mexicana S A De C V,,,51274.51,118793400.0,16,2.0,100.0,
Carrier_Vessel_Type_Specialization,,,Tanker (Other),TMZK - Tms Tankers Ltd,,,414331.76,356376570.0,5,5.0,84.10225481910794,
Carrier_Vessel_Type_Specialization,,,Unknown,TMZK - Tms Tankers Ltd,,,78320.62,74405000.0,1,1.0,15.89774518089205,
Carrier_Vessel_Type_Specialization,,,LNG Tanker,TNAR - Thenamaris,,,3.87,39717.0,0,3.0,0.0002224773461867369,
Carrier_Vessel_Type_Specialization,,,Reefer,TNAR - Thenamaris,,,1.06,61620.0,0,1.0,6.09369475343517e-05,
Carrier_Vessel_Type_Specialization,,,Tanker (Other),TNAR - Thenamaris,,,1694073.38,1154785375.0,65,18.0,97.38835912868099,
Carrier_Vessel_Type_Specialization,,,Unknown,TNAR - Thenamaris,,,45424.64,27140672.0,0,3.0,2.611357457025296,
Carrier_Vessel_Type_Specialization,,,Tanker (Other),TNKP - Tankerska Plovidba,,,652256.89,438506000.0,13,4.0,100.0,
Carrier_Vessel_Type_Specialization,,,Bulk Carrier,TNSV - Tn Shipping Gmbh & Co Kg,,,13200.0,7300000.0,1,1.0,100.0,
Carrier_Vessel_Type_Specialization,,,Unknown,TNYP - Trident Navigation Ltd,,,123534.0,67861000.0,0,1.0,100.0,
Carrier_Vessel_Type_Specialization,,,Bulk Carrier,TOBO - Tma Bulk & Logistics Inc. C/O Tma Bulk Gmbh & Co.Kg,,,203756.23,498146100.0,24,13.0,72.509028921873,
Carrier_Vessel_Type_Specialization,,,General Cargo,TOBO - Tma Bulk & Logistics Inc. C/O Tma Bulk Gmbh & Co.Kg,,,77251.85,60588000.0,12,4.0,27.490971078127007,
Carrier_Vessel_Type_Specialization,,,Unknown,TOCC - Tocat Transportation Llc,,,28.099999999999998,433856.0,0,4.0,100.0,
Carrier_Vessel_Type_Specialization,,,Unknown,TODW - Transocean Deepwater Drilling Inc,,,1538.28,20669000.0,0,10.0,100.0,
Carrier_Vessel_Type_Specialization,,,Bulk Carrier,TOKO - Toko Kaiun Kaisha Ltd,,,558510.78,1604582730.0,0,32.0,64.5228384431643,
Carrier_Vessel_Type_Specialization,,,General Cargo,TOKO - Toko Kaiun Kaisha Ltd,,,220188.56,616510400.0,0,11.0,25.437630557306328,
Carrier_Vessel_Type_Specialization,,,Unknown,TOKO - Toko Kaiun Kaisha Ltd,,,86902.35,271092840.0,0,7.0,10.039530999529356,
Carrier_Vessel_Type_Specialization,,,Tanker (Other),TOTE - Tote Maritime Alaska Inc,,,0.5,3170.0,3,1.0,43.859649122807014,
Carrier_Vessel_Type_Specialization,,,Unknown,TOTE - Tote Maritime Alaska Inc,,,0.07,1668.0,1,1.0,6.140350877192982,
Carrier_Vessel_Type_Specialization,,,Vehicle Carrier,TOTE - Tote Maritime Alaska Inc,,,0.5700000000000001,11361.0,7,3.0,50.0,
Carrier_Vessel_Type_Specialization,,,Bulk Carrier,TPQW - Topsheen Shipping Limited,,,57648.48,89282000.0,23,3.0,100.0,
Carrier_Vessel_Type_Specialization,,,Tanker (Other),TQHI - Taihua Shipping Pte Ltd,,,18599.8,16721000.0,0,1.0,100.0,
Carrier_Vessel_Type_Specialization,,,Bulk Carrier,TRGR - Termare Shipmanagement Gmbh & Co Kg,,,83896.15,157782000.0,30,2.0,100.0,
Carrier_Vessel_Type_Specialization,,,Container Ship,TRKU - Turkon Container Transportation & Shipping,,,62.53,1478586.0,7,4.0,100.0,
Carrier_Vessel_Type_Specialization,,,LPG Tanker,TRNV - Trammo Navigation Ltd,,,25280.760000000002,53014000.0,0,1.0,100.0,
Carrier_Vessel_Type_Specialization,,,Bulk Carrier,TRXS - Transeas Express,,,54.64,511400.0,0,1.0,16.1332231014527,
Carrier_Vessel_Type_Specialization,,,RoRo,TRXS - Transeas Express,,,284.04,1485900.0,0,3.0,83.8667768985473,
Carrier_Vessel_Type_Specialization,,,Container Ship,TSCW - Tropical Shipping & Construction Co,,,47.3,347150.0,5,2.0,21.97138610182088,
Carrier_Vessel_Type_Specialization,,,Unknown,TSCW - Tropical Shipping & Construction Co,,,167.98000000000002,514900.0,15,6.0,78.02861389817912,
Carrier_Vessel_Type_Specialization,,,Tanker (Other),TSPN - Transpetrol Maritime Bv,,,0.02,68.0,0,1.0,1.797833287278837e-05,
Carrier_Vessel_Type_Specialization,,,Unknown,TSPN - Transpetrol Maritime Bv,,,111245.0,109126000.0,0,3.0,99.99998202166712,
Carrier_Vessel_Type_Specialization,,,Container Ship,TSUS - Tmt Usa Inc,,,424.12,249900.0,0,4.0,56.752127602633415,
Carrier_Vessel_Type_Specialization,,,Unknown,TSUS - Tmt Usa Inc,,,323.2,1196000.0,0,1.0,43.24787239736659,
Carrier_Vessel_Type_Specialization,,,Bulk Carrier,TSVC - Trans Service Line,,,822.5799999999999,25942200.0,42,2.0,5.261245818595816,
Carrier_Vessel_Type_Specialization,,,Container Ship,TSVC - Trans Service Line,,,10345.89,346074387.0,834,101.0,66.17261603996239,
Carrier_Vessel_Type_Specialization,,,General Cargo,TSVC - Trans Service Line,,,355.0,473000.0,1,1.0,2.270590417468836,
Carrier_Vessel_Type_Specialization,,,RoRo,TSVC - Trans Service Line,,,1582.4,73574456.0,122,7.0,10.121076835500523,
Carrier_Vessel_Type_Specialization,,,Tanker (Other),TSVC - Trans Service Line,,,95.00999999999999,2425000.0,5,2.0,0.6076867480668001,
Carrier_Vessel_Type_Specialization,,,Unknown,TSVC - Trans Service Line,,,2239.13,90648930.0,176,35.0,14.321541187230968,
Carrier_Vessel_Type_Specialization,,,Vehicle Carrier,TSVC - Trans Service Line,,,194.69,6363500.0,6,8.0,1.2452429531746694,
Carrier_Vessel_Type_Specialization,,,Container Ship,TTOG - Tt Ocean Logistics Llc,,,20.99,146700.0,15,5.0,47.63958238765319,
Carrier_Vessel_Type_Specialization,,,RoRo,TTOG - Tt Ocean Logistics Llc,,,9.37,131000.0,1,1.0,21.26645483431684,
Carrier_Vessel_Type_Specialization,,,Unknown,TTOG - Tt Ocean Logistics Llc,,,13.700000000000001,69800.0,4,1.0,31.09396277802996,
Carrier_Vessel_Type_Specialization,,,General Cargo,TUAW - Transoceanic Wind Transport,,,155146.56,1698371400.0,71,1.0,100.0,
Carrier_Vessel_Type_Specialization,,,Other,TUIC - Tui Cruises Gmbh,,,1.32,6700.0,0,1.0,100.0,
Carrier_Vessel_Type_Specialization,,,Unknown,TUSY - Tuscor Lloyds Uk Ltd,,,155.56,778600.0,3,1.0,25.76819228411933,
Carrier_Vessel_Type_Specialization,,,Vehicle Carrier,TUSY - Tuscor Lloyds Uk Ltd,,,448.13,4626400.0,12,3.0,74.23180771588066,
Carrier_Vessel_Type_Specialization,,,RoRo,TVQC - Synergie Canada Inc,,,22.0,346000.0,0,1.0,100.0,
Carrier_Vessel_Type_Specialization,,,Bulk Carrier,TWMF - Taewoong Logistics Co Ltd,,,608.34,5408000.0,0,1.0,100.0,
Carrier_Vessel_Type_Specialization,,,Unknown,TWNA - Tidewater Transportation Canada Inc,,,43195.92,29220000.0,0,1.0,100.0,
Carrier_Vessel_Type_Specialization,,,RoRo,TWUD - Transworld Shipping,,,47.28,768400.0,0,3.0,100.0,
Carrier_Vessel_Type_Specialization,,,Bulk Carrier,TXSL - Taicang Xintai International Shipping Agency Co Ltd,,,122.65,435000.0,0,1.0,5.266480024732919,
Carrier_Vessel_Type_Specialization,,,Container Ship,TXSL - Taicang Xintai International Shipping Agency Co Ltd,,,90.0,304000.0,0,1.0,3.8645185668647586,
Carrier_Vessel_Type_Specialization,,,General Cargo,TXSL - Taicang Xintai International Shipping Agency Co Ltd,,,446.98,2823600.0,0,4.0,19.19291676685789,
Carrier_Vessel_Type_Specialization,,,RoRo,TXSL - Taicang Xintai International Shipping Agency Co Ltd,,,832.99,3304500.0,0,4.0,35.767836900140836,
Carrier_Vessel_Type_Specialization,,,Unknown,TXSL - Taicang Xintai International Shipping Agency Co Ltd,,,762.8199999999999,2507100.0,0,4.0,32.754800590841946,
Carrier_Vessel_Type_Specialization,,,Vehicle Carrier,TXSL - Taicang Xintai International Shipping Agency Co Ltd,,,73.44,940000.0,0,6.0,3.153447150561643,
Carrier_Vessel_Type_Specialization,,,Tanker (Other),TZJN - Triton Mr Chemical Pool Ltd,,,44117.7,41382000.0,0,1.0,55.12269875411459,
Carrier_Vessel_Type_Specialization,,,Unknown,TZJN - Triton Mr Chemical Pool Ltd,,,35917.75,30243000.0,0,1.0,44.87730124588542,
Carrier_Vessel_Type_Specialization,,,Container Ship,TZWH - Twth Express,,,0.0,6.0,0,1.0,,
Carrier_Vessel_Type_Specialization,,,RoRo,UABS - United Abaco Shipping,,,38.75,780720.0,11,1.0,100.0,
Carrier_Vessel_Type_Specialization,,,Tanker (Other),UACW - United Overseas Management,,,115619.45,93914000.0,0,1.0,100.0,
Carrier_Vessel_Type_Specialization,,,General Cargo,UALB - Universal Africa Lines B V,,,33087.25,135171628.0,130,9.0,87.74392132569305,
Carrier_Vessel_Type_Specialization,,,Other,UALB - Universal Africa Lines B V,,,1814.8300000000002,5152000.0,3,1.0,4.8127390683573745,
Carrier_Vessel_Type_Specialization,,,Unknown,UALB - Universal Africa Lines B V,,,2806.8,7248180.0,11,2.0,7.443339605949581,
Carrier_Vessel_Type_Specialization,,,Container Ship,UASI - Ups Asia Group Pte Ltd,,,237.29,2053440.0,106,47.0,49.95473779499379,
Carrier_Vessel_Type_Specialization,,,Unknown,UASI - Ups Asia Group Pte Ltd,,,45.51,371800.0,12,6.0,9.580850929454117,
Carrier_Vessel_Type_Specialization,,,Vehicle Carrier,UASI - Ups Asia Group Pte Ltd,,,192.21,3995400.0,5,4.0,40.464411275552095,
Carrier_Vessel_Type_Specialization,,,Bulk Carrier,UBAS - Union Bulk A/S,,,73502.65,410711000.0,0,3.0,100.0,
Carrier_Vessel_Type_Specialization,,,Bulk Carrier,UBCA - United Bulk Carriers,,,115245.52,317272000.0,0,2.0,26.001209571398125,
Carrier_Vessel_Type_Specialization,,,General Cargo,UBCA - United Bulk Carriers,,,134663.45,46164500.0,0,3.0,30.382201278257874,
Carrier_Vessel_Type_Specialization,,,Unknown,UBCA - United Bulk Carriers,,,193322.41,421641000.0,0,4.0,43.616589150344005,
Carrier_Vessel_Type_Specialization,,,Container Ship,UBVO - Ubv Ocean & Air Srl,,,73.3,1884000.0,0,1.0,43.45763917709136,
Carrier_Vessel_Type_Specialization,,,RoRo,UBVO - Ubv Ocean & Air Srl,,,95.37,2474000.0,0,2.0,56.542360822908634,
Carrier_Vessel_Type_Specialization,,,Bulk Carrier,UCGO - Unicargo Transport,,,45375.0,74426400.0,56,3.0,87.93604651162791,
Carrier_Vessel_Type_Specialization,,,Unknown,UCGO - Unicargo Transport,,,6225.0,14240200.0,35,1.0,12.063953488372094,
Carrier_Vessel_Type_Specialization,,,Bulk Carrier,UCMI - United Cargo Management Inc,,,15412.22,53714100.0,34,3.0,99.58002793783379,
Carrier_Vessel_Type_Specialization,,,Vehicle Carrier,UCMI - United Cargo Management Inc,,,65.0,965000.0,1,1.0,0.419972062166203,
Carrier_Vessel_Type_Specialization,,,Bulk Carrier,UEUR - Ups Europe Sprl,,,38.31,342400.0,18,1.0,15.310526736471907,
Carrier_Vessel_Type_Specialization,,,Container Ship,UEUR - Ups Europe Sprl,,,69.38,1574410.0,78,52.0,27.72759971225322,
Carrier_Vessel_Type_Specialization,,,RoRo,UEUR - Ups Europe Sprl,,,129.60999999999999,3874680.0,53,4.0,51.79841739269443,
Carrier_Vessel_Type_Specialization,,,Unknown,UEUR - Ups Europe Sprl,,,12.92,307400.0,9,6.0,5.16345615858045,
Carrier_Vessel_Type_Specialization,,,Unknown,UHLF - United Heavy Lift,,,58002.63,639473900.0,16,8.0,100.0,
Carrier_Vessel_Type_Specialization,,,Reefer,ULGO - Ucc Logistics Group,,,3114.73,7615200.0,83,8.0,51.946537959283056,
Carrier_Vessel_Type_Specialization,,,Unknown,ULGO - Ucc Logistics Group,,,2881.2999999999997,7157200.0,76,5.0,48.05346204071694,
Carrier_Vessel_Type_Specialization,,,Bulk Carrier,ULTH - Ultrabulk,,,6026918.71,7446234810.0,1380,90.0,78.15212185166001,
Carrier_Vessel_Type_Specialization,,,General Cargo,ULTH - Ultrabulk,,,823691.42,1032297400.0,386,18.0,10.68095246036708,
Carrier_Vessel_Type_Specialization,,,Unknown,ULTH - Ultrabulk,,,861168.6,818741800.0,383,18.0,11.166925687972896,
Carrier_Vessel_Type_Specialization,,,Tanker (Other),ULTY - Ultratank Shipping Inc,,,334588.84,1396658200.0,68,16.0,90.56676193456515,
Carrier_Vessel_Type_Specialization,,,Unknown,ULTY - Ultratank Shipping Inc,,,34850.05,980821000.0,6,2.0,9.433238065434855,
Carrier_Vessel_Type_Specialization,,,General Cargo,ULUI - Unico Logistics Usa Inc,,,309.46,3200000.0,0,1.0,49.05367276416321,
Carrier_Vessel_Type_Specialization,,,Vehicle Carrier,ULUI - Unico Logistics Usa Inc,,,321.4,4687000.0,0,2.0,50.9463272358368,
Carrier_Vessel_Type_Specialization,,,Bulk Carrier,ULXL - Ultimar Dmcc,,,216838.47,102948000.0,10,4.0,87.9442806349213,
Carrier_Vessel_Type_Specialization,,,Unknown,ULXL - Ultimar Dmcc,,,29725.0,15249000.0,3,1.0,12.055719365078696,
Carrier_Vessel_Type_Specialization,,,Unknown,UMED - Usa Maritime Enterprises Inc,,,9.08,72900.0,0,3.0,100.0,
Carrier_Vessel_Type_Specialization,,,Bulk Carrier,UMLE - Union Maritime Limited,,,39935.1,55773000.0,4,1.0,15.827377191988159,
Carrier_Vessel_Type_Specialization,,,Tanker (Other),UMLE - Union Maritime Limited,,,212381.5,175630500.0,11,6.0,84.17262280801184,
Carrier_Vessel_Type_Specialization,,,Unknown,UMMS - Union Marine Management Services Pte Ltd,,,32323.0,238221000.0,0,1.0,100.0,
Carrier_Vessel_Type_Specialization,,,LPG Tanker,UNGI - Unigas International,,,1455.4299999999998,7958000.0,0,2.0,100.0,
Carrier_Vessel_Type_Specialization,,,Bulk Carrier,UNLD - Unit Maritime Inc,,,0.7,5900.0,0,1.0,100.0,
Carrier_Vessel_Type_Specialization,,,Container Ship,UNQL - Unique Logistics International,,,68.74000000000001,223200.0,4,2.0,100.0,
Carrier_Vessel_Type_Specialization,,,Container Ship,UNSA - Unistar Line,,,11.02,52400.0,1,1.0,0.9305860496537746,
Carrier_Vessel_Type_Specialization,,,General Cargo,UNSA - Unistar Line,,,220.04,4800000.0,2,1.0,18.58132072285087,
Carrier_Vessel_Type_Specialization,,,RoRo,UNSA - Unistar Line,,,392.75,7971600.0,11,4.0,33.16585036311434,
Carrier_Vessel_Type_Specialization,,,Vehicle Carrier,UNSA - Unistar Line,,,560.39,5004200.0,13,9.0,47.32224286438102,
Carrier_Vessel_Type_Specialization,,,Tanker (Other),UOTM - Unitized Ocean Transport Limited,,,876014.21,494810000.0,0,1.0,94.30409390468488,
Carrier_Vessel_Type_Specialization,,,Unknown,UOTM - Unitized Ocean Transport Limited,,,52910.689999999995,36095401.0,0,3.0,5.695906095315133,
Carrier_Vessel_Type_Specialization,,,Container Ship,UPOF - Ups Ocean Freight Services Inc,,,70.3,748407.0,16,11.0,88.74021711688968,
Carrier_Vessel_Type_Specialization,,,Unknown,UPOF - Ups Ocean Freight Services Inc,,,8.92,85800.0,8,6.0,11.259782883110326,
Carrier_Vessel_Type_Specialization,,,General Cargo,USCE - Us Ocean Llc,,,18290.67,193145560.0,120,4.0,88.81518378097006,
Carrier_Vessel_Type_Specialization,,,Unknown,USCE - Us Ocean Llc,,,752.86,25987404.0,19,2.0,3.6557107673661564,
Carrier_Vessel_Type_Specialization,,,Vehicle Carrier,USCE - Us Ocean Llc,,,1550.55,12360800.0,22,1.0,7.52910545166378,
Carrier_Vessel_Type_Specialization,,,Container Ship,USGR - U. S. Group Consolidator Inc.,,,1.08,2100.0,1,1.0,100.0,
Carrier_Vessel_Type_Specialization,,,Tanker (Other),USLA - Unisea Shipping Ltd,,,1057414.01,914842306.0,0,6.0,100.0,
Carrier_Vessel_Type_Specialization,,,Tanker (Other),UTNK - Uni Tankers,,,74902.13,262155660.0,17,10.0,85.50849221306923,
Carrier_Vessel_Type_Specialization,,,Unknown,UTNK - Uni Tankers,,,12694.0,45693000.0,3,2.0,14.491507786930768,
Carrier_Vessel_Type_Specialization,,,Container Ship,UWLD - Uwl Inc,,,0.72,26300.0,2,2.0,100.0,
Carrier_Vessel_Type_Specialization,,,General Cargo,VARB - Varamar Shipping Dmcc,,,7357.24,21319000.0,10,1.0,100.0,
Carrier_Vessel_Type_Specialization,,,Unknown,VCLP - Victoria Clipper,,,0.02,140.0,0,1.0,100.0,
Carrier_Vessel_Type_Specialization,,,Unknown,"VEDA - Veder, Anthony Chartering B V",,,44.54,389740.0,0,1.0,100.0,
Carrier_Vessel_Type_Specialization,,,Unknown,VETB - Vanenkevort Tug & Barge Inc,,,223834.9,217555000.0,0,3.0,100.0,
Carrier_Vessel_Type_Specialization,,,Container Ship,VGAO - Vgl Global Logistics,,,224.5,6129000.0,0,2.0,76.23089983022071,
Carrier_Vessel_Type_Specialization,,,RoRo,VGAO - Vgl Global Logistics,,,45.7,1023000.0,0,2.0,15.517826825127335,
Carrier_Vessel_Type_Specialization,,,Vehicle Carrier,VGAO - Vgl Global Logistics,,,24.299999999999997,370600.0,0,3.0,8.251273344651953,
Carrier_Vessel_Type_Specialization,,,Unknown,VHFL - Logisteed Express Ltd F/K/A Vantec Hts Forwarding Ltd,,,86.22,268000.0,0,1.0,100.0,
Carrier_Vessel_Type_Specialization,,,LPG Tanker,VITO - Vitol International Shipping Pte,,,138220.0,83624000.0,0,1.0,1.888232308387576,
Carrier_Vessel_Type_Specialization,,,Tanker (Other),VITO - Vitol International Shipping Pte,,,6246737.8,5092986720.0,0,39.0,85.33708678907487,
Carrier_Vessel_Type_Specialization,,,Unknown,VITO - Vitol International Shipping Pte,,,935116.08,686292202.0,0,9.0,12.774680902537558,
Carrier_Vessel_Type_Specialization,,,General Cargo,VLCE - Vantage Logistics Corporation,,,74.84,427000.0,0,1.0,100.0,
Carrier_Vessel_Type_Specialization,,,Container Ship,"VLJA - Van Cargoes And Foreign Trade Logistics Joint Stock Company, The",,,100.0,169000.0,0,1.0,100.0,
Carrier_Vessel_Type_Specialization,,,Bulk Carrier,VLSQ - Viking Life Saving Equipment,,,29.830000000000002,472061.0,0,68.0,18.03397618040022,
Carrier_Vessel_Type_Specialization,,,Container Ship,VLSQ - Viking Life Saving Equipment,,,37.64,391748.0,0,63.0,22.75557705096427,
Carrier_Vessel_Type_Specialization,,,General Cargo,VLSQ - Viking Life Saving Equipment,,,7.68,72854.0,0,21.0,4.643008282449671,
Carrier_Vessel_Type_Specialization,,,LNG Tanker,VLSQ - Viking Life Saving Equipment,,,4.12,50407.0,0,11.0,2.490780484855813,
Carrier_Vessel_Type_Specialization,,,LPG Tanker,VLSQ - Viking Life Saving Equipment,,,4.85,52070.0,0,12.0,2.932108095036576,
Carrier_Vessel_Type_Specialization,,,Other,VLSQ - Viking Life Saving Equipment,,,3.75,27100.0,0,3.0,2.2670938879148785,
Carrier_Vessel_Type_Specialization,,,RoRo,VLSQ - Viking Life Saving Equipment,,,0.35,3600.0,0,1.0,0.21159542953872196,
Carrier_Vessel_Type_Specialization,,,Tanker (Other),VLSQ - Viking Life Saving Equipment,,,37.77,644843.0,0,80.0,22.834169639078656,
Carrier_Vessel_Type_Specialization,,,Unknown,VLSQ - Viking Life Saving Equipment,,,36.74,449546.0,0,63.0,22.2114745178647,
Carrier_Vessel_Type_Specialization,,,Vehicle Carrier,VLSQ - Viking Life Saving Equipment,,,2.68,52700.0,0,4.0,1.6202164318964998,
Carrier_Vessel_Type_Specialization,,,Tanker (Other),VMMG,,,595914.39,433626113.0,0,2.0,80.9625160482676,
Carrier_Vessel_Type_Specialization,,,Unknown,VMMG,,,140123.0,129894000.0,0,1.0,19.037483951732398,
Carrier_Vessel_Type_Specialization,,,Tanker (Other),VMSC - Valero Marketing & Supply Company,,,1376858.0,844013700.0,0,5.0,84.26221040675244,
Carrier_Vessel_Type_Specialization,,,Unknown,VMSC - Valero Marketing & Supply Company,,,257158.0,220153000.0,0,3.0,15.737789593247555,
Carrier_Vessel_Type_Specialization,,,Other,VNVG - Virgin Cruises Intermediate Limited,,,5535.17,27269498.0,0,3.0,100.0,
Carrier_Vessel_Type_Specialization,,,Other,VOCS - Viking Cruises Usa Ltd,,,1043.63,3670461.0,0,7.0,100.0,
Carrier_Vessel_Type_Specialization,,,Other,VOCV - Viking Ocean Cruises Or Viking Cruises,,,0.07,2212.0,0,1.0,100.0,
Carrier_Vessel_Type_Specialization,,,Tanker (Other),VRON - Vroon B V,,,15361211.24,10884215340.0,0,6.0,95.63027319994943,
Carrier_Vessel_Type_Specialization,,,Unknown,VRON - Vroon B V,,,701914.72,1179057000.0,0,1.0,4.369726800050567,
Carrier_Vessel_Type_Specialization,,,Bulk Carrier,VSAS - Valhalla Ship Agency,,,0.02,320.0,1,1.0,100.0,
Carrier_Vessel_Type_Specialization,,,Bulk Carrier,VSIL - Virgo Shipholdings Inc,,,66045.08,59784000.0,0,1.0,100.0,
Carrier_Vessel_Type_Specialization,,,Tanker (Other),VSSP - Valls Ship Agencies Lp,,,7.5,93300.0,0,1.0,100.0,
Carrier_Vessel_Type_Specialization,,,Container Ship,VSTA - Vista Lines,,,238.71,870700.0,0,8.0,100.0,
Carrier_Vessel_Type_Specialization,,,Bulk Carrier,VSUS,,,0.14,2220.0,2,2.0,100.0,
Carrier_Vessel_Type_Specialization,,,General Cargo,VUBV - Vertom Bojen Bereederungs Gmbh & Co Kg,,,2090.2799999999997,10134000.0,0,1.0,100.0,
Carrier_Vessel_Type_Specialization,,,Unknown,VULI - Vulica Shipping Company Limited,,,3292589.33,4315370333.0,89,4.0,100.0,
Carrier_Vessel_Type_Specialization,,,General Cargo,VWTG - Volkswagen Konzernlogistik Gmbh & Co Ohg,,,34589.2,493517200.0,86,1.0,1.7432989696748877,
Carrier_Vessel_Type_Specialization,,,Vehicle Carrier,VWTG - Volkswagen Konzernlogistik Gmbh & Co Ohg,,,1949534.04,27839683316.0,1787,17.0,98.2567010303251,
Carrier_Vessel_Type_Specialization,,,Bulk Carrier,WBAS - Weco Bulk A/S,,,311303.21,1240069100.0,62,13.0,62.25760009365943,
Carrier_Vessel_Type_Specialization,,,General Cargo,WBAS - Weco Bulk A/S,,,128356.22,559248600.0,2,5.0,25.669989764300116,
Carrier_Vessel_Type_Specialization,,,Tanker (Other),WBAS - Weco Bulk A/S,,,32.0,29200.0,0,1.0,0.006399687311277971,
Carrier_Vessel_Type_Specialization,,,Unknown,WBAS - Weco Bulk A/S,,,60333.0,37314200.0,0,3.0,12.06601045472918,
Carrier_Vessel_Type_Specialization,,,Bulk Carrier,WBCP - Western Bulk Carriers As,,,985830.24,2397992130.0,32,22.0,66.68100848326456,
Carrier_Vessel_Type_Specialization,,,General Cargo,WBCP - Western Bulk Carriers As,,,136225.76,311108000.0,15,4.0,9.214234550361493,
Carrier_Vessel_Type_Specialization,,,Tanker (Other),WBCP - Western Bulk Carriers As,,,72137.23,49871000.0,3,2.0,4.879322068259142,
Carrier_Vessel_Type_Specialization,,,Unknown,WBCP - Western Bulk Carriers As,,,284234.08,566105000.0,24,7.0,19.22543489811481,
Carrier_Vessel_Type_Specialization,,,Container Ship,"WBLC - Worldbridge Logistics, Inc.",,,0.14,1600.0,1,1.0,0.10580411124546556,
Carrier_Vessel_Type_Specialization,,,RoRo,"WBLC - Worldbridge Logistics, Inc.",,,47.78,592000.0,4,2.0,36.10943168077389,
Carrier_Vessel_Type_Specialization,,,Vehicle Carrier,"WBLC - Worldbridge Logistics, Inc.",,,84.4,1778000.0,2,1.0,63.78476420798066,
Carrier_Vessel_Type_Specialization,,,Bulk Carrier,WBPE - Western Bulk Pte Ltd,,,639706.93,378065100.0,25,17.0,77.88294912468646,
Carrier_Vessel_Type_Specialization,,,Unknown,WBPE - Western Bulk Pte Ltd,,,181662.75,459690000.0,11,4.0,22.117050875313534,
Carrier_Vessel_Type_Specialization,,,Tanker (Other),WECF - Weco Tankers A/S,,,1282918.3,1124924100.0,24,16.0,92.05932781331596,
Carrier_Vessel_Type_Specialization,,,Unknown,WECF - Weco Tankers A/S,,,110659.44,94614000.0,0,1.0,7.940672186684039,
Carrier_Vessel_Type_Specialization,,,Unknown,WEST - West Coast Shipping,,,4.16,34100.0,0,1.0,100.0,
Carrier_Vessel_Type_Specialization,,,Bulk Carrier,WETB - Western Towboat Company,,,210246.0,153174000.0,0,1.0,24.50487240143029,
Carrier_Vessel_Type_Specialization,,,Unknown,WETB - Western Towboat Company,,,647730.31,855726000.0,0,6.0,75.49512759856971,
Carrier_Vessel_Type_Specialization,,,Bulk Carrier,WEZB - Western Maritime Services Llc,,,65360.0,4772000.0,2,1.0,68.80724286767028,
Carrier_Vessel_Type_Specialization,,,General Cargo,WEZB - Western Maritime Services Llc,,,29630.0,3082000.0,1,1.0,31.192757132329717,
Carrier_Vessel_Type_Specialization,,,Tanker (Other),WFLM - Westfal Larsen Management As,,,234358.0,301727000.0,38,4.0,100.0,
Carrier_Vessel_Type_Specialization,,,General Cargo,WGBG - Wagenborg Shipping B V,,,2518602.26,6172000674.0,2102,42.0,89.7425523440266,
Carrier_Vessel_Type_Specialization,,,RoRo,WGBG - Wagenborg Shipping B V,,,167985.02,353749900.0,136,1.0,5.985623331554684,
Carrier_Vessel_Type_Specialization,,,Unknown,WGBG - Wagenborg Shipping B V,,,119887.68,123865600.0,49,3.0,4.2718243244187,
Carrier_Vessel_Type_Specialization,,,RoRo,"WGEI - Woodland Group Express, Inc.",,,135.16,3821000.0,5,2.0,100.0,
Carrier_Vessel_Type_Specialization,,,Container Ship,WHLC - Wan Hai Lines Ltd,,,51.209999999999994,214400.0,3,3.0,100.0,
Carrier_Vessel_Type_Specialization,,,Bulk Carrier,WHOI - Woods Hole Oceanographic Institution,,,17.790000000000003,2495670.0,11,1.0,75.38135593220339,
Carrier_Vessel_Type_Specialization,,,Unknown,WHOI - Woods Hole Oceanographic Institution,,,5.8100000000000005,37500.0,3,1.0,24.61864406779661,
Carrier_Vessel_Type_Specialization,,,Bulk Carrier,WIFW - Westar International Forwarders Lp,,,2151.59,4933800.0,0,2.0,87.9920334040839,
Carrier_Vessel_Type_Specialization,,,RoRo,WIFW - Westar International Forwarders Lp,,,235.12,3556600.0,0,4.0,9.615534044110731,
Carrier_Vessel_Type_Specialization,,,Unknown,WIFW - Westar International Forwarders Lp,,,58.5,448000.0,0,1.0,2.392432551805366,
Carrier_Vessel_Type_Specialization,,,General Cargo,"WIPI - Winners Trans Co., Ltd.",,,2356.4,25450000.0,0,1.0,100.0,
Carrier_Vessel_Type_Specialization,,,Bulk Carrier,WKMW - Wah Kwong Maritime Agency Company Limited,,,235926.31,197127700.0,0,2.0,100.0,
Carrier_Vessel_Type_Specialization,,,Bulk Carrier,WLHW - W L Shipping Ltd,,,107889.18,32932800.0,1,4.0,60.23866619222796,
Carrier_Vessel_Type_Specialization,,,General Cargo,WLHW - W L Shipping Ltd,,,38500.0,11781000.0,0,1.0,21.496026278082535,
Carrier_Vessel_Type_Specialization,,,Unknown,WLHW - W L Shipping Ltd,,,32713.690000000002,17695000.0,0,1.0,18.265307529689505,
Carrier_Vessel_Type_Specialization,,,Unknown,WLSI - Whale Logistics,,,130.23,901000.0,1,1.0,100.0,
Carrier_Vessel_Type_Specialization,,,Bulk Carrier,WLWH - Wallenius Wilhelmsen Logistics Americas Llc,,,46890.06,662623280.0,680,2.0,1.078601124174206,
Carrier_Vessel_Type_Specialization,,,Tanker (Other),WLWH - Wallenius Wilhelmsen Logistics Americas Llc,,,391959.03,4332683910.0,6278,7.0,9.016142235438203,
Carrier_Vessel_Type_Specialization,,,Unknown,WLWH - Wallenius Wilhelmsen Logistics Americas Llc,,,115969.87,1731411000.0,1296,2.0,2.6676278970924017,
Carrier_Vessel_Type_Specialization,,,Vehicle Carrier,WLWH - Wallenius Wilhelmsen Logistics Americas Llc,,,3792484.13,47445541488.0,52615,95.0,87.23762874329519,
Carrier_Vessel_Type_Specialization,,,Tanker (Other),WMAV - Wave Marine Corporation,,,0.0,37.0,1,1.0,,
Carrier_Vessel_Type_Specialization,,,Tanker (Other),WMSD - Westwind Marine S A,,,136467.0,81791000.0,0,1.0,100.0,
Carrier_Vessel_Type_Specialization,,,Unknown,WMSV - Wainwright Marine Services Ltd,,,166.64,1293000.0,0,2.0,100.0,
Carrier_Vessel_Type_Specialization,,,Other,WNRT - Windstar Cruises,,,1.48,11372.0,0,1.0,100.0,
Carrier_Vessel_Type_Specialization,,,Bulk Carrier,WOMA - Womar Logistics Pte Ltd,,,23759.91,13568000.0,7,1.0,3.3837811054473073,
Carrier_Vessel_Type_Specialization,,,General Cargo,WOMA - Womar Logistics Pte Ltd,,,65814.8,144171000.0,10,1.0,9.373052200062773,
Carrier_Vessel_Type_Specialization,,,Tanker (Other),WOMA - Womar Logistics Pte Ltd,,,596477.38,1015060200.0,88,23.0,84.94766555389788,
Carrier_Vessel_Type_Specialization,,,Unknown,WOMA - Womar Logistics Pte Ltd,,,16118.33,7839700.0,3,2.0,2.295501140592052,
Carrier_Vessel_Type_Specialization,,,Bulk Carrier,WOSH - World Shipping Inc,,,1.1,24300.0,1,9.0,0.0053394507258497865,
Carrier_Vessel_Type_Specialization,,,General Cargo,WOSH - World Shipping Inc,,,0.27,8100.0,1,3.0,0.001310592450890402,
Carrier_Vessel_Type_Specialization,,,Unknown,WOSH - World Shipping Inc,,,20600.0,11396000.0,0,1.0,99.99334995682327,
Carrier_Vessel_Type_Specialization,,,Other,"WRHL - World Resident Holdings Ltd, The",,,0.3,2500.0,0,1.0,100.0,
Carrier_Vessel_Type_Specialization,,,Tanker (Other),WSCL - Waterfront Shipping Company Limited,,,1839530.02,4227377000.0,56,21.0,88.39055326590893,
Carrier_Vessel_Type_Specialization,,,Unknown,WSCL - Waterfront Shipping Company Limited,,,241608.69,1119954600.0,12,2.0,11.609446734091069,
Carrier_Vessel_Type_Specialization,,,Unknown,WSGA - Wallem Gmbh & Co Kg,,,85022.0,58155000.0,0,1.0,100.0,
Carrier_Vessel_Type_Specialization,,,Bulk Carrier,WSSQ - Wilhelmsen Port Services Inc,,,95690.95,27126675.0,9,7.0,52.41192416674002,
Carrier_Vessel_Type_Specialization,,,Tanker (Other),WSSQ - Wilhelmsen Port Services Inc,,,42084.79,27446100.0,4,2.0,23.050715057726762,
Carrier_Vessel_Type_Specialization,,,Unknown,WSSQ - Wilhelmsen Port Services Inc,,,44799.03,16042550.0,47,3.0,24.537360775533223,
Carrier_Vessel_Type_Specialization,,,Tanker (Other),WSUK - Winter Shipping Services Limited,,,147775.0,98117000.0,0,1.0,100.0,
Carrier_Vessel_Type_Specialization,,,Tanker (Other),WTFL - Winter Transport Llc,,,162567.0,198679000.0,28,3.0,100.0,
Carrier_Vessel_Type_Specialization,,,General Cargo,WTKM - World Tankers Management Pte Ltd,,,42077.0,20040000.0,0,1.0,3.2745504178154965,
Carrier_Vessel_Type_Specialization,,,Tanker (Other),WTKM - World Tankers Management Pte Ltd,,,1242893.29,777911409.0,0,8.0,96.72544958218451,
Carrier_Vessel_Type_Specialization,,,Container Ship,"WWOL - Worldwide Logistics, Inc",,,0.8,11350.0,3,3.0,35.08771929824561,
Carrier_Vessel_Type_Specialization,,,Unknown,"WWOL - Worldwide Logistics, Inc",,,1.48,16380.0,3,3.0,64.91228070175438,
Carrier_Vessel_Type_Specialization,,,Bulk Carrier,"WYGS - Wooyang Shipping Co., Ltd.",,,37622.25,86570700.0,103,2.0,26.4955479648136,
Carrier_Vessel_Type_Specialization,,,Unknown,"WYGS - Wooyang Shipping Co., Ltd.",,,104372.36,275003300.0,260,4.0,73.50445203518642,
Carrier_Vessel_Type_Specialization,,,Container Ship,WZLT - Wiz Logtec India Private Limited,,,99.06,184000.0,1,1.0,100.0,
Carrier_Vessel_Type_Specialization,,,Unknown,XIBH - Xiamen Jinxuxiang Shipping Co Ltd,,,3861.5400000000004,36259200.0,0,2.0,100.0,
Carrier_Vessel_Type_Specialization,,,Bulk Carrier,XSAW - Xo Shipping A/S,,,607049.48,756700000.0,14,13.0,86.42116050798573,
Carrier_Vessel_Type_Specialization,,,Tanker (Other),XSAW - Xo Shipping A/S,,,47890.0,81174000.0,1,1.0,6.817746350309759,
Carrier_Vessel_Type_Specialization,,,Unknown,XSAW - Xo Shipping A/S,,,47492.05,20451400.0,1,2.0,6.761093141704502,
Carrier_Vessel_Type_Specialization,,,LPG Tanker,YARS - Yaraship A.S.,,,70282.84,263880000.0,5,2.0,100.0,
Carrier_Vessel_Type_Specialization,,,Container Ship,YASV - Yusen Logistics,,,24.02,448300.0,19,17.0,16.267100094812406,
Carrier_Vessel_Type_Specialization,,,RoRo,YASV - Yusen Logistics,,,55.17,2789600.0,6,3.0,37.36286062576189,
Carrier_Vessel_Type_Specialization,,,Unknown,YASV - Yusen Logistics,,,7.49,218400.0,2,2.0,5.072463768115942,
Carrier_Vessel_Type_Specialization,,,Vehicle Carrier,YASV - Yusen Logistics,,,60.98,6114200.0,9,7.0,41.297575511309766,
Carrier_Vessel_Type_Specialization,,,Bulk Carrier,YATI - Yamato Transport Usa Inc,,,82.5,4568000.0,0,1.0,1.8399776972400335,
Carrier_Vessel_Type_Specialization,,,Container Ship,YATI - Yamato Transport Usa Inc,,,1.1400000000000001,126100.0,2,2.0,0.025425146361862282,
Carrier_Vessel_Type_Specialization,,,Tanker (Other),YATI - Yamato Transport Usa Inc,,,434.58,7388100.0,22,1.0,9.6923334262615,
Carrier_Vessel_Type_Specialization,,,Unknown,YATI - Yamato Transport Usa Inc,,,41.89,568000.0,1,1.0,0.9342626149986062,
Carrier_Vessel_Type_Specialization,,,Vehicle Carrier,YATI - Yamato Transport Usa Inc,,,3923.64,56117500.0,120,15.0,87.50800111513799,
Carrier_Vessel_Type_Specialization,,,Bulk Carrier,YDAH - Ye Gemi Isletmeciligi A.S.,,,73359.0,96864000.0,0,2.0,100.0,
Carrier_Vessel_Type_Specialization,,,Container Ship,YESL - Yes Logistics Corp,,,665.0,11526000.0,9,6.0,100.0,
Carrier_Vessel_Type_Specialization,,,General Cargo,YLGA - Ym Everest Shipping Limited,,,14947.94,60838000.0,1,1.0,100.0,
Carrier_Vessel_Type_Specialization,,,Container Ship,YMJA - Yang Ming,,,862.84,2357300.0,39,29.0,100.0,
Carrier_Vessel_Type_Specialization,,,Unknown,YNHK - Yangtze Navigation Hk Co Ltd,,,2267.96,696000.0,0,1.0,100.0,
Carrier_Vessel_Type_Specialization,,,Bulk Carrier,YTIS - Yasa Tanker Isletmeciligi A.S.,,,0.54,3300.0,0,1.0,0.00011739217713314304,
Carrier_Vessel_Type_Specialization,,,Tanker (Other),YTIS - Yasa Tanker Isletmeciligi A.S.,,,459996.04,366862338.0,7,7.0,99.99988260782288,
Carrier_Vessel_Type_Specialization,,,Container Ship,YUGL - Yusen Logistics Co Ltd,,,43.57,281000.0,2,1.0,2.451774821617485,
Carrier_Vessel_Type_Specialization,,,General Cargo,YUGL - Yusen Logistics Co Ltd,,,27.9,133000.0,1,1.0,1.56999122155446,
Carrier_Vessel_Type_Specialization,,,Unknown,YUGL - Yusen Logistics Co Ltd,,,327.17,5027600.0,7,5.0,18.410538636414795,
Carrier_Vessel_Type_Specialization,,,Vehicle Carrier,YUGL - Yusen Logistics Co Ltd,,,1378.44,47727000.0,23,10.0,77.56769532041326,
Carrier_Vessel_Type_Specialization,,,Container Ship,ZIMU - Zim Integrated Shipping Services Ltd,,,15209.24,86794131.0,91,42.0,22.067924431936568,
Carrier_Vessel_Type_Specialization,,,General Cargo,ZIMU - Zim Integrated Shipping Services Ltd,,,326.4,400000.0,1,1.0,0.4735917465030531,
Carrier_Vessel_Type_Specialization,,,Other,ZIMU - Zim Integrated Shipping Services Ltd,,,11396.32,162569000.0,25,1.0,16.535548690280866,
Carrier_Vessel_Type_Specialization,,,Tanker (Other),ZIMU - Zim Integrated Shipping Services Ltd,,,0.01,22.0,1,1.0,1.4509551057078833e-05,
Carrier_Vessel_Type_Specialization,,,Unknown,ZIMU - Zim Integrated Shipping Services Ltd,,,5321.69,17124807.0,35,19.0,7.721533276494585,
Carrier_Vessel_Type_Specialization,,,Vehicle Carrier,ZIMU - Zim Integrated Shipping Services Ltd,,,36666.46,475099700.0,44,3.0,53.201387345233876,
Carrier_Vessel_Type_Specialization,,,Unknown,ZMIN - Zona Maritime Inc,,,137881.9,88796000.0,1,1.0,100.0,
Carrier_Vessel_Type_Specialization,,,Bulk Carrier,ZOMA - Zodiac Maritime Ltd,,,11.98,343808.0,10,2.0,8.152102111734005e-05,
Carrier_Vessel_Type_Specialization,,,Container Ship,ZOMA - Zodiac Maritime Ltd,,,0.0,44.0,2,1.0,0.0,
Carrier_Vessel_Type_Specialization,,,LPG Tanker,ZOMA - Zodiac Maritime Ltd,,,0.16,1064.0,0,3.0,1.0887615508158938e-06,
Carrier_Vessel_Type_Specialization,,,Tanker (Other),ZOMA - Zodiac Maritime Ltd,,,13157646.94,9516801246.0,2,24.0,89.53462554676499,
Carrier_Vessel_Type_Specialization,,,Unknown,ZOMA - Zodiac Maritime Ltd,,,1537937.02,902040200.0,2,4.0,10.465291843452338,
Entity_Carrier_Vessel_Type_Triangle,BP-001,BP,Tanker (Other),ADHQ - Ardmore Shipping,,,115923.0,99620000.0,0,,,
Entity_Carrier_Vessel_Type_Triangle,BP-001,BP,Tanker (Other),AETK - Aet Inc Pte Ltd,,,189106.0,114408000.0,6,,,
Entity_Carrier_Vessel_Type_Triangle,BP-001,BP,Tanker (Other),AWNC - Astra Two,,,15001.0,12691000.0,0,,,
Entity_Carrier_Vessel_Type_Triangle,BP-001,BP,Tanker (Other),BNBN - Braskem Trading And Shipping Bv,,,54604.67,47045000.0,5,,,
Entity_Carrier_Vessel_Type_Triangle,BP-001,BP,Unknown,BPSH - Bp Shipping Ltd,,,35681.53,119067000.0,0,,,
Entity_Carrier_Vessel_Type_Triangle,BP-001,BP,Tanker (Other),CHAN - Chandris,,,3154.0,2962000.0,0,,,
Entity_Carrier_Vessel_Type_Triangle,BP-001,BP,RoRo,CHSL - Christal Lines,,,82.46,528000.0,1,,,
Entity_Carrier_Vessel_Type_Triangle,BP-001,BP,Tanker (Other),CMCF - Cmb.Tech Nv,,,72702.2,39187000.0,0,,,
Entity_Carrier_Vessel_Type_Triangle,BP-001,BP,Tanker (Other),CPUV - Cpt Alliance Ltd,,,36783.59,31340000.0,1,,,
Entity_Carrier_Vessel_Type_Triangle,BP-001,BP,Unknown,CPUV - Cpt Alliance Ltd,,,3860.67,1544000.0,1,,,
Entity_Carrier_Vessel_Type_Triangle,BP-001,BP,Tanker (Other),CSPA - Clearlake Shipping Pte Ltd,,,38709.0,224838000.0,0,,,
Entity_Carrier_Vessel_Type_Triangle,BP-001,BP,Tanker (Other),DAMT - D'amico Tankers Designated Activity Company,,,16923.08,51683000.0,1,,,
Entity_Carrier_Vessel_Type_Triangle,BP-001,BP,Tanker (Other),DMNA - Dampskibsselskabet Norden Aktieselskab,,,260674.0,251702000.0,0,,,
Entity_Carrier_Vessel_Type_Triangle,BP-001,BP,Unknown,DMNA - Dampskibsselskabet Norden Aktieselskab,,,216742.0,186780000.0,0,,,
Entity_Carrier_Vessel_Type_Triangle,BP-001,BP,Tanker (Other),DPKT - Dampskibsselskabet Torm,,,135814.88,139104000.0,2,,,
Entity_Carrier_Vessel_Type_Triangle,BP-001,BP,Tanker (Other),EMML - Eastern Mediterranean Maritime Limited,,,10526.0,6610000.0,1,,,
Entity_Carrier_Vessel_Type_Triangle,BP-001,BP,Tanker (Other),ESHT - Enterprises Shipping & Trading Sa,,,84918.35,73151000.0,4,,,
Entity_Carrier_Vessel_Type_Triangle,BP-001,BP,Tanker (Other),EURN - Euronav Nv,,,246933.45,176358000.0,0,,,
Entity_Carrier_Vessel_Type_Triangle,BP-001,BP,Tanker (Other),"FKCO - Fuyo Kaiun Co.,Ltd",,,32972.35,23707000.0,0,,,
Entity_Carrier_Vessel_Type_Triangle,BP-001,BP,Tanker (Other),FLUB - Frontline Management As,,,70068.25,38608000.0,0,,,
Entity_Carrier_Vessel_Type_Triangle,BP-001,BP,Tanker (Other),HPPB - Hafnia Middle East Dmcc,,,32912.0,30904000.0,0,,,
Entity_Carrier_Vessel_Type_Triangle,BP-001,BP,Tanker (Other),HPPW - Hafnia Pools Pte Ltd,,,397596.0,318910000.0,0,,,
Entity_Carrier_Vessel_Type_Triangle,BP-001,BP,Bulk Carrier,LDCS - Louis Dreyfus Company Freight Asia Pte Ltd,,,25006.68,12928000.0,1,,,
Entity_Carrier_Vessel_Type_Triangle,BP-001,BP,Tanker (Other),MAET - Maersk Tankers,,,498976.42,653738000.0,10,,,
Entity_Carrier_Vessel_Type_Triangle,BP-001,BP,Tanker (Other),MGYA - Miklagard S Gemi Isletmeciligi Ve Ticaret A S,,,17004.0,15882000.0,1,,,
Entity_Carrier_Vessel_Type_Triangle,BP-001,BP,Tanker (Other),MMSM - Mms Company Ltd,,,35033.57,32792000.0,2,,,
Entity_Carrier_Vessel_Type_Triangle,BP-001,BP,Tanker (Other),MSBY - Mission Shipping Co Ltd,,,36223.32,34014000.0,0,,,
Entity_Carrier_Vessel_Type_Triangle,BP-001,BP,Tanker (Other),MTMA - Mt Maritime Management,,,8845.0,4546000.0,2,,,
Entity_Carrier_Vessel_Type_Triangle,BP-001,BP,Tanker (Other),NACS - New Activity Shipping Inc,,,97030.0,90626000.0,0,,,
Entity_Carrier_Vessel_Type_Triangle,BP-001,BP,Tanker (Other),NEYI - New Alliance Shipping & Trading Inc.,,,27697.0,19194000.0,0,,,
Entity_Carrier_Vessel_Type_Triangle,BP-001,BP,Tanker (Other),NPLW - Navig8 Pte Ltd,,,180235.0,148952000.0,0,,,
Entity_Carrier_Vessel_Type_Triangle,BP-001,BP,Unknown,NSCS - National Shipping Company Of Saudi Arabia,,,12721.0,14973000.0,0,,,
Entity_Carrier_Vessel_Type_Triangle,BP-001,BP,Tanker (Other),NTMN - Navios Tankers Management Inc,,,74064.0,62214000.0,0,,,
Entity_Carrier_Vessel_Type_Triangle,BP-001,BP,Tanker (Other),NYKA - Nyk Bulkship,,,40459.19,40030000.0,3,,,
Entity_Carrier_Vessel_Type_Triangle,BP-001,BP,Bulk Carrier,PBIH - Pacific Basin Handysize Ltd,,,100137.45999999999,75994000.0,0,,,
Entity_Carrier_Vessel_Type_Triangle,BP-001,BP,Unknown,PNFN - Penfield Marine Llc,,,628.0,1434000.0,2,,,
Entity_Carrier_Vessel_Type_Triangle,BP-001,BP,Tanker (Other),PTBR - Petrobras America Inc,,,414847.66,271469000.0,4,,,
Entity_Carrier_Vessel_Type_Triangle,BP-001,BP,Tanker (Other),PTKS - Pantheon Tankers Management Ltd,,,33006.0,28517000.0,0,,,
Entity_Carrier_Vessel_Type_Triangle,BP-001,BP,Tanker (Other),RTCE - Roswell Tankers Corp,,,27269.0,23042000.0,0,,,
Entity_Carrier_Vessel_Type_Triangle,BP-001,BP,Unknown,SBOT - Sause Bros Inc,,,23733.64,14494000.0,0,,,
Entity_Carrier_Vessel_Type_Triangle,BP-001,BP,Tanker (Other),SEUK - Shell International Trading And Shipping,,,156022.5,141530000.0,8,,,
Entity_Carrier_Vessel_Type_Triangle,BP-001,BP,Unknown,SGVJ - Signal Maritime Services Ltd,,,34764.42,26652000.0,3,,,
Entity_Carrier_Vessel_Type_Triangle,BP-001,BP,Tanker (Other),SMKI - Scorpio Mr Pool Ltd,,,71663.16,67650000.0,0,,,
Entity_Carrier_Vessel_Type_Triangle,BP-001,BP,Tanker (Other),SNHI - Sonangol Shipping Holding Limited,,,115870.04,68943000.0,0,,,
Entity_Carrier_Vessel_Type_Triangle,BP-001,BP,Tanker (Other),SWAF - Stena Weco A/S,,,35437.71,32426000.0,0,,,
Entity_Carrier_Vessel_Type_Triangle,BP-001,BP,Tanker (Other),TAMT - Tarant Marine,,,33671.0,31785000.0,0,,,
Entity_Carrier_Vessel_Type_Triangle,BP-001,BP,Bulk Carrier,TGRA - Trafigura Maritime Ventures Ltd,,,8948.0,5852000.0,0,,,
Entity_Carrier_Vessel_Type_Triangle,BP-001,BP,Tanker (Other),TGRA - Trafigura Maritime Ventures Ltd,,,410429.0,269073000.0,0,,,
Entity_Carrier_Vessel_Type_Triangle,BP-001,BP,Tanker (Other),TNKP - Tankerska Plovidba,,,39340.3,32141000.0,1,,,
Entity_Carrier_Vessel_Type_Triangle,BP-001,BP,Tanker (Other),UMLE - Union Maritime Limited,,,33152.6,29042000.0,0,,,
Entity_Carrier_Vessel_Type_Triangle,BP-001,BP,Tanker (Other),VITO - Vitol International Shipping Pte,,,55356.0,39746000.0,0,,,
Entity_Carrier_Vessel_Type_Triangle,BP-001,BP,Tanker (Other),WECF - Weco Tankers A/S,,,73968.84,68496000.0,2,,,
Entity_Carrier_Vessel_Type_Triangle,BP-001,BP,Tanker (Other),WSCL - Waterfront Shipping Company Limited,,,13120.0,6678000.0,0,,,
Entity_Carrier_Vessel_Type_Triangle,BP-001,BP,Tanker (Other),YTIS - Yasa Tanker Isletmeciligi A.S.,,,41920.0,39131000.0,0,,,
Entity_Carrier_Vessel_Type_Triangle,CELANESE-001,Celanese,Tanker (Other),AQCV - Ace Tankers C.V.,,,4543350.33,5818745000.0,36,,,
Entity_Carrier_Vessel_Type_Triangle,CELANESE-001,Celanese,Tanker (Other),TMMD - Transportacion Maritima Mexicana S A De C V,,,50994.51,118547400.0,16,,,
Entity_Carrier_Vessel_Type_Triangle,CELANESE-001,Celanese,Unknown,UTNK - Uni Tankers,,,2039.0,7175000.0,0,,,
Entity_Carrier_Vessel_Type_Triangle,CHEVRON-001,Chevron,Tanker (Other),ADHQ - Ardmore Shipping,,,39660.0,37121000.0,0,,,
Entity_Carrier_Vessel_Type_Triangle,CHEVRON-001,Chevron,Tanker (Other),AETK - Aet Inc Pte Ltd,,,1302784.32,735830000.0,24,,,
Entity_Carrier_Vessel_Type_Triangle,CHEVRON-001,Chevron,Tanker (Other),AHPT - Aetna Shipping Co Ltd,,,1777997.93,1013096000.0,30,,,
Entity_Carrier_Vessel_Type_Triangle,CHEVRON-001,Chevron,Tanker (Other),AMCP - Amazonas Ca Llc,,,208599.63,114517000.0,0,,,
Entity_Carrier_Vessel_Type_Triangle,CHEVRON-001,Chevron,Tanker (Other),AQCV - Ace Tankers C.V.,,,5000.98,3030000.0,0,,,
Entity_Carrier_Vessel_Type_Triangle,CHEVRON-001,Chevron,Tanker (Other),ASHI - Andriaki Shipping Co. Ltd.,,,411002.01,237299000.0,0,,,
Entity_Carrier_Vessel_Type_Triangle,CHEVRON-001,Chevron,Tanker (Other),ATKA - Almi Tankers S A,,,136234.0,77789000.0,0,,,
Entity_Carrier_Vessel_Type_Triangle,CHEVRON-001,Chevron,Tanker (Other),AWVW - Atlas Maritime Shipmanagement Ltd.,,,70989.23,37624000.0,0,,,
Entity_Carrier_Vessel_Type_Triangle,CHEVRON-001,Chevron,Vehicle Carrier,BANQ - Blue Anchor America Line,,,243.09,4274000.0,0,,,
Entity_Carrier_Vessel_Type_Triangle,CHEVRON-001,Chevron,General Cargo,BBHY - Bbc Chartering Carriers Gmbh & Co Kg,,,1742.22,24382000.0,4,,,
Entity_Carrier_Vessel_Type_Triangle,CHEVRON-001,Chevron,Bulk Carrier,CCMK - Concord Maritime Llc,,,83484.0,54766000.0,0,,,
Entity_Carrier_Vessel_Type_Triangle,CHEVRON-001,Chevron,Tanker (Other),CEPC - Chevron North America  Exploration & Production Company,,,1085.28,6029500.0,0,,,
Entity_Carrier_Vessel_Type_Triangle,CHEVRON-001,Chevron,Unknown,CEPC - Chevron North America  Exploration & Production Company,,,10520.0,58273100.0,0,,,
Entity_Carrier_Vessel_Type_Triangle,CHEVRON-001,Chevron,Tanker (Other),CGUT - Cygnus Tankers Limited,,,37449.0,35128000.0,0,,,
Entity_Carrier_Vessel_Type_Triangle,CHEVRON-001,Chevron,Tanker (Other),CHVV - Chevron Shipping Company Llc,,,21927575.22,11986755719.0,225,,,
Entity_Carrier_Vessel_Type_Triangle,CHEVRON-001,Chevron,Tanker (Other),COEB - Core Transport Llc,,,80974.44,45670000.0,0,,,
Entity_Carrier_Vessel_Type_Triangle,CHEVRON-001,Chevron,Tanker (Other),CSOM - Cosco Shipping Energy Transportation Co Ltd,,,82823.0,46878000.0,0,,,
Entity_Carrier_Vessel_Type_Triangle,CHEVRON-001,Chevron,Tanker (Other),CSPA - Clearlake Shipping Pte Ltd,,,92489.0,66993000.0,0,,,
Entity_Carrier_Vessel_Type_Triangle,CHEVRON-001,Chevron,Tanker (Other),DAMT - D'amico Tankers Designated Activity Company,,,64764.090000000004,62494000.0,2,,,
Entity_Carrier_Vessel_Type_Triangle,CHEVRON-001,Chevron,Tanker (Other),DMNA - Dampskibsselskabet Norden Aktieselskab,,,120720.0,110426000.0,0,,,
Entity_Carrier_Vessel_Type_Triangle,CHEVRON-001,Chevron,Tanker (Other),DPKT - Dampskibsselskabet Torm,,,674055.63,435226000.0,0,,,
Entity_Carrier_Vessel_Type_Triangle,CHEVRON-001,Chevron,General Cargo,DSVF - Dsv Air & Sea Inc. Dba. Dsv Ocean Transport,,,565.5,4038000.0,0,,,
Entity_Carrier_Vessel_Type_Triangle,CHEVRON-001,Chevron,Tanker (Other),ELVM - Elite Tankship Dmcc,,,23535.0,22358000.0,0,,,
Entity_Carrier_Vessel_Type_Triangle,CHEVRON-001,Chevron,Unknown,EOFF - Ensco Offshore Company,,,13.56,43100.0,0,,,
Entity_Carrier_Vessel_Type_Triangle,CHEVRON-001,Chevron,Tanker (Other),EPSJ - Eastern Pacific Shipping Pte Ltd,,,407358.0,260643000.0,0,,,
Entity_Carrier_Vessel_Type_Triangle,CHEVRON-001,Chevron,Tanker (Other),EVAC - Emirates Ship Investment Company Llc,,,35132.84,33306000.0,0,,,
Entity_Carrier_Vessel_Type_Triangle,CHEVRON-001,Chevron,Tanker (Other),FLUB - Frontline Management As,,,71592.2,40378000.0,0,,,
Entity_Carrier_Vessel_Type_Triangle,CHEVRON-001,Chevron,Tanker (Other),GLQN - Gloria Maris S.A.,,,107643.0,57158000.0,0,,,
Entity_Carrier_Vessel_Type_Triangle,CHEVRON-001,Chevron,Tanker (Other),GVWS - Gulfview Shipping Co S A,,,70521.0,38928000.0,0,,,
Entity_Carrier_Vessel_Type_Triangle,CHEVRON-001,Chevron,Tanker (Other),HDRM - Heidmar Inc,,,47275.100000000006,28992000.0,2,,,
Entity_Carrier_Vessel_Type_Triangle,CHEVRON-001,Chevron,Tanker (Other),HPPW - Hafnia Pools Pte Ltd,,,90820.0,63427000.0,0,,,
Entity_Carrier_Vessel_Type_Triangle,CHEVRON-001,Chevron,Tanker (Other),IONK - Ionic Tankers,,,999575.38,460552400.0,9,,,
Entity_Carrier_Vessel_Type_Triangle,CHEVRON-001,Chevron,Tanker (Other),ISEW - International Seaways Inc,,,180884.43,218493000.0,1,,,
Entity_Carrier_Vessel_Type_Triangle,CHEVRON-001,Chevron,Bulk Carrier,JELW - Jasper Exporting Ltd,,,104275.0,52033000.0,0,,,
Entity_Carrier_Vessel_Type_Triangle,CHEVRON-001,Chevron,Tanker (Other),KOEC - Kmarin Ocean Services Corporation,,,133311.38,76550000.0,0,,,
Entity_Carrier_Vessel_Type_Triangle,CHEVRON-001,Chevron,Tanker (Other),MAET - Maersk Tankers,,,13830.0,9224000.0,0,,,
Entity_Carrier_Vessel_Type_Triangle,CHEVRON-001,Chevron,Tanker (Other),MEYW - Mercuria Energy Trading Sa,,,732306.0,398473000.0,0,,,
Entity_Carrier_Vessel_Type_Triangle,CHEVRON-001,Chevron,Tanker (Other),MFQO - Mercury Pool Limited,,,38942.31,25234000.0,0,,,
Entity_Carrier_Vessel_Type_Triangle,CHEVRON-001,Chevron,Tanker (Other),MGYA - Miklagard S Gemi Isletmeciligi Ve Ticaret A S,,,2505.0,5155000.0,1,,,
Entity_Carrier_Vessel_Type_Triangle,CHEVRON-001,Chevron,Tanker (Other),MIMA - Minerva Marine Inc,,,1381146.55,666306000.0,9,,,
Entity_Carrier_Vessel_Type_Triangle,CHEVRON-001,Chevron,Tanker (Other),MKMQ - Maran Tankers Management Inc,,,232860.0,135756000.0,0,,,
Entity_Carrier_Vessel_Type_Triangle,CHEVRON-001,Chevron,Tanker (Other),MLAA - Mol Chemical Tankers Pte Ltd,,,29998.86,18300000.0,2,,,
Entity_Carrier_Vessel_Type_Triangle,CHEVRON-001,Chevron,General Cargo,MLCW - Mclean Cargo Specialists,,,215.2,4326000.0,0,,,
Entity_Carrier_Vessel_Type_Triangle,CHEVRON-001,Chevron,Tanker (Other),MMSM - Mms Company Ltd,,,121511.8,103514000.0,2,,,
Entity_Carrier_Vessel_Type_Triangle,CHEVRON-001,Chevron,Tanker (Other),MSDK - Mercuria Shipping Sarl,,,345869.0,198709000.0,0,,,
Entity_Carrier_Vessel_Type_Triangle,CHEVRON-001,Chevron,Tanker (Other),NATH - Nordic American Tankers,,,110133.0,55838000.0,0,,,
Entity_Carrier_Vessel_Type_Triangle,CHEVRON-001,Chevron,Tanker (Other),NKSL - Northern King Shipping Co Ltd,,,52252.6,29470000.0,0,,,
Entity_Carrier_Vessel_Type_Triangle,CHEVRON-001,Chevron,Tanker (Other),NPLW - Navig8 Pte Ltd,,,35143.0,38938000.0,0,,,
Entity_Carrier_Vessel_Type_Triangle,CHEVRON-001,Chevron,Unknown,NSDS - Nord Sud Shipping Inc,,,2.72,9600.0,0,,,
Entity_Carrier_Vessel_Type_Triangle,CHEVRON-001,Chevron,Tanker (Other),NTWY - N Two,,,452214.06,311600000.0,0,,,
Entity_Carrier_Vessel_Type_Triangle,CHEVRON-001,Chevron,Tanker (Other),OTUS - Odfjell Tankers As,,,15216.0,33364000.0,8,,,
Entity_Carrier_Vessel_Type_Triangle,CHEVRON-001,Chevron,LPG Tanker,PNFN - Penfield Marine Llc,,,995048.59,456972000.0,17,,,
Entity_Carrier_Vessel_Type_Triangle,CHEVRON-001,Chevron,Tanker (Other),PNFN - Penfield Marine Llc,,,9403298.05,5296820200.0,170,,,
Entity_Carrier_Vessel_Type_Triangle,CHEVRON-001,Chevron,Unknown,PNFN - Penfield Marine Llc,,,133918.84,73790000.0,2,,,
Entity_Carrier_Vessel_Type_Triangle,CHEVRON-001,Chevron,Tanker (Other),PSKM - Ps Tanker One Limited,,,153288.02000000002,111201000.0,3,,,
Entity_Carrier_Vessel_Type_Triangle,CHEVRON-001,Chevron,Tanker (Other),PTKS - Pantheon Tankers Management Ltd,,,794885.0,417199000.0,0,,,
Entity_Carrier_Vessel_Type_Triangle,CHEVRON-001,Chevron,Tanker (Other),SAMO - Samos Steamship Co,,,803078.0,540552110.0,0,,,
Entity_Carrier_Vessel_Type_Triangle,CHEVRON-001,Chevron,Tanker (Other),SBKA - Stena Bulk Ab,,,138352.41999999998,79276000.0,0,,,
Entity_Carrier_Vessel_Type_Triangle,CHEVRON-001,Chevron,Unknown,"SEBT - Seajacks Uk, Ltd",,,0.0,2.0,0,,,
Entity_Carrier_Vessel_Type_Triangle,CHEVRON-001,Chevron,Tanker (Other),SEUK - Shell International Trading And Shipping,,,1284765.2,859860000.0,14,,,
Entity_Carrier_Vessel_Type_Triangle,CHEVRON-001,Chevron,Unknown,SEUK - Shell International Trading And Shipping,,,304551.04000000004,183478000.0,4,,,
Entity_Carrier_Vessel_Type_Triangle,CHEVRON-001,Chevron,General Cargo,SFFV - Spliethoff Transport B V,,,136.4,1286000.0,2,,,
Entity_Carrier_Vessel_Type_Triangle,CHEVRON-001,Chevron,Tanker (Other),SGIQ - Scot Gemi Isletmeciligi A S,,,2100.0,1560000.0,0,,,
Entity_Carrier_Vessel_Type_Triangle,CHEVRON-001,Chevron,Tanker (Other),SGVJ - Signal Maritime Services Ltd,,,325080.73,172751000.0,5,,,
Entity_Carrier_Vessel_Type_Triangle,CHEVRON-001,Chevron,Tanker (Other),SIVA - Singfar Atlantic Pte Ltd,,,706388.0,394202000.0,0,,,
Entity_Carrier_Vessel_Type_Triangle,CHEVRON-001,Chevron,Tanker (Other),SKMC - Sinokor Maritime Co Ltd,,,557771.62,466115000.0,6,,,
Entity_Carrier_Vessel_Type_Triangle,CHEVRON-001,Chevron,Tanker (Other),SMKI - Scorpio Mr Pool Ltd,,,122382.63,98143000.0,2,,,
Entity_Carrier_Vessel_Type_Triangle,CHEVRON-001,Chevron,Unknown,SMKI - Scorpio Mr Pool Ltd,,,36902.2,34448000.0,3,,,
Entity_Carrier_Vessel_Type_Triangle,CHEVRON-001,Chevron,Tanker (Other),SNHI - Sonangol Shipping Holding Limited,,,371381.66000000003,221903000.0,0,,,
Entity_Carrier_Vessel_Type_Triangle,CHEVRON-001,Chevron,Tanker (Other),STSO - St Shipping Transport Pte Ltd,,,145113.92,96066000.0,2,,,
Entity_Carrier_Vessel_Type_Triangle,CHEVRON-001,Chevron,Tanker (Other),STZW - Stolt Tankers Bv,,,190591.62,235348000.0,4,,,
Entity_Carrier_Vessel_Type_Triangle,CHEVRON-001,Chevron,Tanker (Other),SYNY - Stenersen Chartering As,,,4896.0,3197000.0,0,,,
Entity_Carrier_Vessel_Type_Triangle,CHEVRON-001,Chevron,Tanker (Other),TGRA - Trafigura Maritime Ventures Ltd,,,1124174.0,659597000.0,0,,,
Entity_Carrier_Vessel_Type_Triangle,CHEVRON-001,Chevron,Tanker (Other),TKSD - Tsakos Shipping And Trading S A Of Panama,,,575456.0,359712000.0,0,,,
Entity_Carrier_Vessel_Type_Triangle,CHEVRON-001,Chevron,Tanker (Other),TKSH - Teekay Tankers Ltd,,,5342788.26,2858552000.0,2,,,
Entity_Carrier_Vessel_Type_Triangle,CHEVRON-001,Chevron,Unknown,TKSH - Teekay Tankers Ltd,,,227165.44,145170000.0,4,,,
Entity_Carrier_Vessel_Type_Triangle,CHEVRON-001,Chevron,Tanker (Other),TNAR - Thenamaris,,,621396.05,296706000.0,11,,,
Entity_Carrier_Vessel_Type_Triangle,CHEVRON-001,Chevron,General Cargo,UALB - Universal Africa Lines B V,,,1.4,2200.0,1,,,
Entity_Carrier_Vessel_Type_Triangle,CHEVRON-001,Chevron,Tanker (Other),USLA - Unisea Shipping Ltd,,,315799.0,336858000.0,0,,,
Entity_Carrier_Vessel_Type_Triangle,CHEVRON-001,Chevron,Tanker (Other),VITO - Vitol International Shipping Pte,,,648923.0,402340000.0,0,,,
Entity_Carrier_Vessel_Type_Triangle,CHEVRON-001,Chevron,Tanker (Other),WSUK - Winter Shipping Services Limited,,,82275.0,43359000.0,0,,,
Entity_Carrier_Vessel_Type_Triangle,CHEVRON-001,Chevron,Tanker (Other),ZOMA - Zodiac Maritime Ltd,,,337866.0,201828000.0,0,,,
Entity_Carrier_Vessel_Type_Triangle,CITGO-001,Citgo,Tanker (Other),ADHQ - Ardmore Shipping,,,37917.0,37355000.0,0,,,
Entity_Carrier_Vessel_Type_Triangle,CITGO-001,Citgo,Tanker (Other),AETK - Aet Inc Pte Ltd,,,350035.42,186078000.0,5,,,
Entity_Carrier_Vessel_Type_Triangle,CITGO-001,Citgo,Tanker (Other),CSPA - Clearlake Shipping Pte Ltd,,,80572.0,44395000.0,0,,,
Entity_Carrier_Vessel_Type_Triangle,CITGO-001,Citgo,Tanker (Other),DAMT - D'amico Tankers Designated Activity Company,,,22498.19,19461000.0,1,,,
Entity_Carrier_Vessel_Type_Triangle,CITGO-001,Citgo,Tanker (Other),DPKT - Dampskibsselskabet Torm,,,76520.72,62976000.0,4,,,
Entity_Carrier_Vessel_Type_Triangle,CITGO-001,Citgo,Tanker (Other),ELVM - Elite Tankship Dmcc,,,34273.0,30400000.0,0,,,
Entity_Carrier_Vessel_Type_Triangle,CITGO-001,Citgo,Tanker (Other),HPPB - Hafnia Middle East Dmcc,,,33685.0,29879000.0,0,,,
Entity_Carrier_Vessel_Type_Triangle,CITGO-001,Citgo,Tanker (Other),HPPW - Hafnia Pools Pte Ltd,,,101386.0,88369000.0,0,,,
Entity_Carrier_Vessel_Type_Triangle,CITGO-001,Citgo,Tanker (Other),KSPB - Koch Shipping Pte Ltd,,,3490.71,2007000.0,0,,,
Entity_Carrier_Vessel_Type_Triangle,CITGO-001,Citgo,Tanker (Other),MAET - Maersk Tankers,,,94758.1,57423000.0,0,,,
Entity_Carrier_Vessel_Type_Triangle,CITGO-001,Citgo,Unknown,MAET - Maersk Tankers,,,52277.4,48774000.0,0,,,
Entity_Carrier_Vessel_Type_Triangle,CITGO-001,Citgo,Tanker (Other),MIMA - Minerva Marine Inc,,,80292.35,45526000.0,0,,,
Entity_Carrier_Vessel_Type_Triangle,CITGO-001,Citgo,Tanker (Other),NATH - Nordic American Tankers,,,236644.0,144302000.0,1,,,
Entity_Carrier_Vessel_Type_Triangle,CITGO-001,Citgo,Tanker (Other),NPLW - Navig8 Pte Ltd,,,37252.0,32000000.0,0,,,
Entity_Carrier_Vessel_Type_Triangle,CITGO-001,Citgo,Tanker (Other),OTUS - Odfjell Tankers As,,,105052.0,102550000.0,14,,,
Entity_Carrier_Vessel_Type_Triangle,CITGO-001,Citgo,Tanker (Other),PNFN - Penfield Marine Llc,,,875613.8400000001,490676000.0,12,,,
Entity_Carrier_Vessel_Type_Triangle,CITGO-001,Citgo,Tanker (Other),PPDP - Pleiades Shipping Agents Sa,,,52996.38,24696000.0,1,,,
Entity_Carrier_Vessel_Type_Triangle,CITGO-001,Citgo,Tanker (Other),SAMO - Samos Steamship Co,,,73624.0,40567000.0,0,,,
Entity_Carrier_Vessel_Type_Triangle,CITGO-001,Citgo,Tanker (Other),SBKA - Stena Bulk Ab,,,104304.06,56220000.0,0,,,
Entity_Carrier_Vessel_Type_Triangle,CITGO-001,Citgo,Tanker (Other),SEUK - Shell International Trading And Shipping,,,138300.0,73300000.0,2,,,
Entity_Carrier_Vessel_Type_Triangle,CITGO-001,Citgo,Tanker (Other),SGVJ - Signal Maritime Services Ltd,,,139842.31,69355000.0,2,,,
Entity_Carrier_Vessel_Type_Triangle,CITGO-001,Citgo,Tanker (Other),SKMC - Sinokor Maritime Co Ltd,,,36721.02,31543000.0,0,,,
Entity_Carrier_Vessel_Type_Triangle,CITGO-001,Citgo,Tanker (Other),SMKI - Scorpio Mr Pool Ltd,,,164071.62,137448000.0,4,,,
Entity_Carrier_Vessel_Type_Triangle,CITGO-001,Citgo,Tanker (Other),STSO - St Shipping Transport Pte Ltd,,,151802.55,87434000.0,0,,,
Entity_Carrier_Vessel_Type_Triangle,CITGO-001,Citgo,Tanker (Other),SWAF - Stena Weco A/S,,,23255.77,21837000.0,0,,,
Entity_Carrier_Vessel_Type_Triangle,CITGO-001,Citgo,Tanker (Other),TGRA - Trafigura Maritime Ventures Ltd,,,97880.0,51876000.0,0,,,
Entity_Carrier_Vessel_Type_Triangle,CITGO-001,Citgo,Tanker (Other),TKSH - Teekay Tankers Ltd,,,1057410.0,572481000.0,0,,,
Entity_Carrier_Vessel_Type_Triangle,CITGO-001,Citgo,Unknown,TKSH - Teekay Tankers Ltd,,,45865.0,26189000.0,0,,,
Entity_Carrier_Vessel_Type_Triangle,CITGO-001,Citgo,Tanker (Other),TNAR - Thenamaris,,,75660.55,40478000.0,0,,,
Entity_Carrier_Vessel_Type_Triangle,CITGO-001,Citgo,Unknown,TSPN - Transpetrol Maritime Bv,,,35836.0,30640000.0,0,,,
Entity_Carrier_Vessel_Type_Triangle,CITGO-001,Citgo,Tanker (Other),USLA - Unisea Shipping Ltd,,,83219.0,45604000.0,0,,,
Entity_Carrier_Vessel_Type_Triangle,CITGO-001,Citgo,Tanker (Other),WECF - Weco Tankers A/S,,,164463.35,144781000.0,0,,,
Entity_Carrier_Vessel_Type_Triangle,CITGO-001,Citgo,Tanker (Other),WSCL - Waterfront Shipping Company Limited,,,83228.0,73444000.0,0,,,
Entity_Carrier_Vessel_Type_Triangle,CITGO-001,Citgo,Unknown,WSCL - Waterfront Shipping Company Limited,,,34848.0,30074000.0,0,,,
Entity_Carrier_Vessel_Type_Triangle,CITGO-001,Citgo,Tanker (Other),ZOMA - Zodiac Maritime Ltd,,,152768.0,84176000.0,0,,,
Entity_Carrier_Vessel_Type_Triangle,CITGO-001,Citgo,Unknown,ZOMA - Zodiac Maritime Ltd,,,156070.0,83654000.0,0,,,
Entity_Carrier_Vessel_Type_Triangle,ECOPETROL-001,Ecopetrol,Tanker (Other),AETK - Aet Inc Pte Ltd,,,302044.22,139994000.0,4,,,
Entity_Carrier_Vessel_Type_Triangle,ECOPETROL-001,Ecopetrol,Tanker (Other),CSPA - Clearlake Shipping Pte Ltd,,,46520.0,34425000.0,0,,,
Entity_Carrier_Vessel_Type_Triangle,ECOPETROL-001,Ecopetrol,Tanker (Other),EDVR - Endeavor Tankers Pte Ltd,,,75973.46,43001000.0,0,,,
Entity_Carrier_Vessel_Type_Triangle,ECOPETROL-001,Ecopetrol,Tanker (Other),FLUB - Frontline Management As,,,75842.0,34963000.0,0,,,
Entity_Carrier_Vessel_Type_Triangle,ECOPETROL-001,Ecopetrol,Tanker (Other),MFQO - Mercury Pool Limited,,,224215.27,109096000.0,1,,,
Entity_Carrier_Vessel_Type_Triangle,ECOPETROL-001,Ecopetrol,Tanker (Other),PNFN - Penfield Marine Llc,,,2434635.5,1305172000.0,30,,,
Entity_Carrier_Vessel_Type_Triangle,ECOPETROL-001,Ecopetrol,Unknown,PNFN - Penfield Marine Llc,,,803532.6799999999,614914000.0,22,,,
Entity_Carrier_Vessel_Type_Triangle,ECOPETROL-001,Ecopetrol,Unknown,POYD - Posidonia Shipping & Trading Ltda,,,20586.0,19083000.0,0,,,
Entity_Carrier_Vessel_Type_Triangle,ECOPETROL-001,Ecopetrol,Tanker (Other),SAMO - Samos Steamship Co,,,83363.0,47267000.0,0,,,
Entity_Carrier_Vessel_Type_Triangle,ECOPETROL-001,Ecopetrol,Tanker (Other),SBKA - Stena Bulk Ab,,,151091.07,82798000.0,0,,,
Entity_Carrier_Vessel_Type_Triangle,ECOPETROL-001,Ecopetrol,Tanker (Other),SEUK - Shell International Trading And Shipping,,,432002.08,199868000.0,2,,,
Entity_Carrier_Vessel_Type_Triangle,ECOPETROL-001,Ecopetrol,Tanker (Other),SGVJ - Signal Maritime Services Ltd,,,233299.93,129334000.0,3,,,
Entity_Carrier_Vessel_Type_Triangle,ECOPETROL-001,Ecopetrol,Tanker (Other),TGRA - Trafigura Maritime Ventures Ltd,,,347650.0,256450000.0,0,,,
Entity_Carrier_Vessel_Type_Triangle,ECOPETROL-001,Ecopetrol,Tanker (Other),TKSD - Tsakos Shipping And Trading S A Of Panama,,,75801.0,39720000.0,0,,,
Entity_Carrier_Vessel_Type_Triangle,ECOPETROL-001,Ecopetrol,Unknown,TKSD - Tsakos Shipping And Trading S A Of Panama,,,82992.0,43073000.0,0,,,
Entity_Carrier_Vessel_Type_Triangle,ECOPETROL-001,Ecopetrol,Tanker (Other),TKSH - Teekay Tankers Ltd,,,3364786.8,1792148000.0,4,,,
Entity_Carrier_Vessel_Type_Triangle,ECOPETROL-001,Ecopetrol,Unknown,TKSH - Teekay Tankers Ltd,,,756951.78,414810000.0,0,,,
Entity_Carrier_Vessel_Type_Triangle,ECOPETROL-001,Ecopetrol,Tanker (Other),USLA - Unisea Shipping Ltd,,,135870.0,76200000.0,0,,,
Entity_Carrier_Vessel_Type_Triangle,ECOPETROL-001,Ecopetrol,Tanker (Other),ZOMA - Zodiac Maritime Ltd,,,515966.0,333834000.0,0,,,
Entity_Carrier_Vessel_Type_Triangle,EMIRATES-001,Emirates Aluminium (EGA),RoRo,ACLU - Atlantic Container Line Ab,,,122.0,3088000.0,4,,,
Entity_Carrier_Vessel_Type_Triangle,EMIRATES-001,Emirates Aluminium (EGA),Unknown,ALOM - Algoma Central Corporation,,,99000.0,1602032000.0,0,,,
Entity_Carrier_Vessel_Type_Triangle,EMIRATES-001,Emirates Aluminium (EGA),Tanker (Other),AQCV - Ace Tankers C.V.,,,5997.98,1302000.0,0,,,
Entity_Carrier_Vessel_Type_Triangle,EMIRATES-001,Emirates Aluminium (EGA),Unknown,AQCV - Ace Tankers C.V.,,,6533.96,1582000.0,2,,,
Entity_Carrier_Vessel_Type_Triangle,EMIRATES-001,Emirates Aluminium (EGA),Bulk Carrier,BBSF - Bertling Bulk Services Pte Ltd,,,6064.61,16687700.0,15,,,
Entity_Carrier_Vessel_Type_Triangle,EMIRATES-001,Emirates Aluminium (EGA),Unknown,BBSF - Bertling Bulk Services Pte Ltd,,,24963.89,61563500.0,0,,,
Entity_Carrier_Vessel_Type_Triangle,EMIRATES-001,Emirates Aluminium (EGA),LPG Tanker,BGDY - Bw Gas Lpg Chartering Pte Ltd,,,0.04,29.0,1,,,
Entity_Carrier_Vessel_Type_Triangle,EMIRATES-001,Emirates Aluminium (EGA),Reefer,CCSG - Cool Carriers Ab,,,83.51,222100.0,12,,,
Entity_Carrier_Vessel_Type_Triangle,EMIRATES-001,Emirates Aluminium (EGA),Unknown,CCSG - Cool Carriers Ab,,,185.91,614200.0,10,,,
Entity_Carrier_Vessel_Type_Triangle,EMIRATES-001,Emirates Aluminium (EGA),Tanker (Other),CHVV - Chevron Shipping Company Llc,,,1.6,50800.0,0,,,
Entity_Carrier_Vessel_Type_Triangle,EMIRATES-001,Emirates Aluminium (EGA),Tanker (Other),CKLN - Chemikalien Seetransport Gmbh,,,0.01,91.0,0,,,
Entity_Carrier_Vessel_Type_Triangle,EMIRATES-001,Emirates Aluminium (EGA),Bulk Carrier,"CKWI - Cal Ixa Aggregates, Llc",,,10156.439999999999,12026000.0,2,,,
Entity_Carrier_Vessel_Type_Triangle,EMIRATES-001,Emirates Aluminium (EGA),Bulk Carrier,CLPP - Clipper Bulk Shipping Ltd,,,1275.8,5355200.0,0,,,
Entity_Carrier_Vessel_Type_Triangle,EMIRATES-001,Emirates Aluminium (EGA),Container Ship,CMDU - Cma Cgm America Llc,,,138.9,935600.0,6,,,
Entity_Carrier_Vessel_Type_Triangle,EMIRATES-001,Emirates Aluminium (EGA),Tanker (Other),COSP - Columbia Shipmanagement Ltd,,,0.11,1380.0,5,,,
Entity_Carrier_Vessel_Type_Triangle,EMIRATES-001,Emirates Aluminium (EGA),Unknown,COSP - Columbia Shipmanagement Ltd,,,0.02,380.0,2,,,
Entity_Carrier_Vessel_Type_Triangle,EMIRATES-001,Emirates Aluminium (EGA),Container Ship,CRNV - Carnival Cruise Lines,,,0.06,955.0,0,,,
Entity_Carrier_Vessel_Type_Triangle,EMIRATES-001,Emirates Aluminium (EGA),Other,CRNV - Carnival Cruise Lines,,,1.25,12200.0,0,,,
Entity_Carrier_Vessel_Type_Triangle,EMIRATES-001,Emirates Aluminium (EGA),Unknown,CRNV - Carnival Cruise Lines,,,0.08,2711.0,0,,,
Entity_Carrier_Vessel_Type_Triangle,EMIRATES-001,Emirates Aluminium (EGA),Bulk Carrier,CSSL - The Csl Group Inc,,,2140769.43,2634766003.0,0,,,
Entity_Carrier_Vessel_Type_Triangle,EMIRATES-001,Emirates Aluminium (EGA),Unknown,CSSL - The Csl Group Inc,,,4026200.0,1553441000.0,0,,,
Entity_Carrier_Vessel_Type_Triangle,EMIRATES-001,Emirates Aluminium (EGA),Bulk Carrier,CVHQ - Cobelfret Nv,,,12053.890000000001,32892200.0,24,,,
Entity_Carrier_Vessel_Type_Triangle,EMIRATES-001,Emirates Aluminium (EGA),General Cargo,CVHQ - Cobelfret Nv,,,17954.84,49261000.0,20,,,
Entity_Carrier_Vessel_Type_Triangle,EMIRATES-001,Emirates Aluminium (EGA),Container Ship,CWLQ - Crowley Caribbean Services Llc,,,12.21,174300.0,7,,,
Entity_Carrier_Vessel_Type_Triangle,EMIRATES-001,Emirates Aluminium (EGA),Unknown,CXGK - Challenger Lc Dmcc,,,25394.18,29477000.0,0,,,
Entity_Carrier_Vessel_Type_Triangle,EMIRATES-001,Emirates Aluminium (EGA),Bulk Carrier,EBLF - Enesel Bulk Logistics Dmcc,,,7915059.2,15088497000.0,17,,,
Entity_Carrier_Vessel_Type_Triangle,EMIRATES-001,Emirates Aluminium (EGA),Container Ship,EGLV - Evergreen Line,,,2.81,27020.0,4,,,
Entity_Carrier_Vessel_Type_Triangle,EMIRATES-001,Emirates Aluminium (EGA),Unknown,EGSG - Eagle Shipping Intl,,,55902.0,57300000.0,0,,,
Entity_Carrier_Vessel_Type_Triangle,EMIRATES-001,Emirates Aluminium (EGA),Bulk Carrier,EQXM - Equinox Maritime Ltd,,,46612.0,51040000.0,0,,,
Entity_Carrier_Vessel_Type_Triangle,EMIRATES-001,Emirates Aluminium (EGA),Vehicle Carrier,EUKO - Eukor Car Carriers,,,68.0,632000.0,0,,,
Entity_Carrier_Vessel_Type_Triangle,EMIRATES-001,Emirates Aluminium (EGA),Container Ship,GACM - Global Air Compass Marine Logistics Bv,,,0.42000000000000004,3463.0,3,,,
Entity_Carrier_Vessel_Type_Triangle,EMIRATES-001,Emirates Aluminium (EGA),Unknown,GACM - Global Air Compass Marine Logistics Bv,,,0.15,1400.0,1,,,
Entity_Carrier_Vessel_Type_Triangle,EMIRATES-001,Emirates Aluminium (EGA),RoRo,GDSL - Grimaldi Deep Sea S P A,,,59.12,414000.0,2,,,
Entity_Carrier_Vessel_Type_Triangle,EMIRATES-001,Emirates Aluminium (EGA),Vehicle Carrier,GOLA - The Great Ocean Line Pte. Ltd.,,,14.41,866000.0,0,,,
Entity_Carrier_Vessel_Type_Triangle,EMIRATES-001,Emirates Aluminium (EGA),General Cargo,GSSW - G2 Ocean Us Inc,,,14296.24,113230000.0,10,,,
Entity_Carrier_Vessel_Type_Triangle,EMIRATES-001,Emirates Aluminium (EGA),Unknown,GSSW - G2 Ocean Us Inc,,,8440.82,165754000.0,4,,,
Entity_Carrier_Vessel_Type_Triangle,EMIRATES-001,Emirates Aluminium (EGA),Tanker (Other),GUNG - Gungen Denizcilik Ve Ticaret A S,,,0.02,560.0,0,,,
Entity_Carrier_Vessel_Type_Triangle,EMIRATES-001,Emirates Aluminium (EGA),Container Ship,HLCU - Hapag Lloyd A G,,,41.84,63300.0,2,,,
Entity_Carrier_Vessel_Type_Triangle,EMIRATES-001,Emirates Aluminium (EGA),Unknown,HOEG - Hoegh Autoliners As,,,616.06,8168600.0,42,,,
Entity_Carrier_Vessel_Type_Triangle,EMIRATES-001,Emirates Aluminium (EGA),Vehicle Carrier,HOEG - Hoegh Autoliners As,,,1146.47,16043900.0,89,,,
Entity_Carrier_Vessel_Type_Triangle,EMIRATES-001,Emirates Aluminium (EGA),Unknown,HYHC - H Y H Container Line,,,0.0,6.0,0,,,
Entity_Carrier_Vessel_Type_Triangle,EMIRATES-001,Emirates Aluminium (EGA),General Cargo,ICLG - Intermarine Carriers Llc,,,1.0,7100.0,1,,,
Entity_Carrier_Vessel_Type_Triangle,EMIRATES-001,Emirates Aluminium (EGA),Vehicle Carrier,KKLU - Kawasaki Kisen Kaisha Ltd,,,3670.58,35456200.0,137,,,
Entity_Carrier_Vessel_Type_Triangle,EMIRATES-001,Emirates Aluminium (EGA),Tanker (Other),KSHV - King Shipping Company,,,31.0,157800.0,2,,,
Entity_Carrier_Vessel_Type_Triangle,EMIRATES-001,Emirates Aluminium (EGA),Bulk Carrier,LBUL - Lauritzen Bulkers A/S,,,26251.27,67200000.0,0,,,
Entity_Carrier_Vessel_Type_Triangle,EMIRATES-001,Emirates Aluminium (EGA),General Cargo,LBUL - Lauritzen Bulkers A/S,,,18754.03,48030000.0,0,,,
Entity_Carrier_Vessel_Type_Triangle,EMIRATES-001,Emirates Aluminium (EGA),Unknown,LLKT - Lower Lakes Towing Ltd,,,148000.0,118984000.0,0,,,
Entity_Carrier_Vessel_Type_Triangle,EMIRATES-001,Emirates Aluminium (EGA),Bulk Carrier,LNAS - Lighthouse Navigation As,,,8.0,21200.0,1,,,
Entity_Carrier_Vessel_Type_Triangle,EMIRATES-001,Emirates Aluminium (EGA),Container Ship,MAEU - Maersk Line,,,117.0,172400.0,4,,,
Entity_Carrier_Vessel_Type_Triangle,EMIRATES-001,Emirates Aluminium (EGA),Unknown,MAEU - Maersk Line,,,910.56,666000.0,4,,,
Entity_Carrier_Vessel_Type_Triangle,EMIRATES-001,Emirates Aluminium (EGA),Bulk Carrier,MCKR - Mckeil Marine Limited,,,218753.99,765515400.0,0,,,
Entity_Carrier_Vessel_Type_Triangle,EMIRATES-001,Emirates Aluminium (EGA),Unknown,MCKR - Mckeil Marine Limited,,,99900.0,232952000.0,0,,,
Entity_Carrier_Vessel_Type_Triangle,EMIRATES-001,Emirates Aluminium (EGA),Container Ship,MEDU - Msc Meditterranean Shipping Company Sa,,,360.76,432000.0,3,,,
Entity_Carrier_Vessel_Type_Triangle,EMIRATES-001,Emirates Aluminium (EGA),Container Ship,MIQO - Miq Logistics,,,0.57,7700.0,0,,,
Entity_Carrier_Vessel_Type_Triangle,EMIRATES-001,Emirates Aluminium (EGA),Unknown,MMUR - Marco Marine Llc,,,0.07,660.0,0,,,
Entity_Carrier_Vessel_Type_Triangle,EMIRATES-001,Emirates Aluminium (EGA),Bulk Carrier,MURG - Mur Shipping Bv,,,23950.09,64470400.0,41,,,
Entity_Carrier_Vessel_Type_Triangle,EMIRATES-001,Emirates Aluminium (EGA),LPG Tanker,NLIR - Norton Lilly International,,,0.01,210.0,0,,,
Entity_Carrier_Vessel_Type_Triangle,EMIRATES-001,Emirates Aluminium (EGA),Unknown,NMCC - Nissan Motor Car Carrier Co Ltd,,,2.8,40000.0,2,,,
Entity_Carrier_Vessel_Type_Triangle,EMIRATES-001,Emirates Aluminium (EGA),Vehicle Carrier,NMCC - Nissan Motor Car Carrier Co Ltd,,,101.88,1204000.0,61,,,
Entity_Carrier_Vessel_Type_Triangle,EMIRATES-001,Emirates Aluminium (EGA),Bulk Carrier,NMTE - Nmt Lines,,,76.0,768000.0,0,,,
Entity_Carrier_Vessel_Type_Triangle,EMIRATES-001,Emirates Aluminium (EGA),Vehicle Carrier,NMTE - Nmt Lines,,,5.43,865000.0,0,,,
Entity_Carrier_Vessel_Type_Triangle,EMIRATES-001,Emirates Aluminium (EGA),Other,NOCL - Norwegian Cruise Lines,,,2.8,12132.0,0,,,
Entity_Carrier_Vessel_Type_Triangle,EMIRATES-001,Emirates Aluminium (EGA),RoRo,"NSAU - National Shipping Co Of Saudi Arabia, The",,,52.3,469000.0,1,,,
Entity_Carrier_Vessel_Type_Triangle,EMIRATES-001,Emirates Aluminium (EGA),General Cargo,NSGG - Nsc Shipping Gmbh & Cie. Kg,,,211.72,7060000.0,0,,,
Entity_Carrier_Vessel_Type_Triangle,EMIRATES-001,Emirates Aluminium (EGA),Vehicle Carrier,NYKS - Nyk Group Americas Inc,,,746.46,8845600.0,56,,,
Entity_Carrier_Vessel_Type_Triangle,EMIRATES-001,Emirates Aluminium (EGA),General Cargo,OFCW - Oldendorff Carriers,,,16482.0,42639600.0,0,,,
Entity_Carrier_Vessel_Type_Triangle,EMIRATES-001,Emirates Aluminium (EGA),Bulk Carrier,PBIH - Pacific Basin Handysize Ltd,,,13358.48,33678000.0,0,,,
Entity_Carrier_Vessel_Type_Triangle,EMIRATES-001,Emirates Aluminium (EGA),General Cargo,PBIH - Pacific Basin Handysize Ltd,,,30762.34,83452000.0,0,,,
Entity_Carrier_Vessel_Type_Triangle,EMIRATES-001,Emirates Aluminium (EGA),Other,PNSS - Princess Cruises,,,1.5699999999999998,14029.0,0,,,
Entity_Carrier_Vessel_Type_Triangle,EMIRATES-001,Emirates Aluminium (EGA),Bulk Carrier,RBMA - Rubicon Maritime Uk Limited,,,46970.0,39654000.0,3,,,
Entity_Carrier_Vessel_Type_Triangle,EMIRATES-001,Emirates Aluminium (EGA),General Cargo,SFFV - Spliethoff Transport B V,,,9435.8,22360000.0,12,,,
Entity_Carrier_Vessel_Type_Triangle,EMIRATES-001,Emirates Aluminium (EGA),Unknown,SFFV - Spliethoff Transport B V,,,1718.36,7302200.0,12,,,
Entity_Carrier_Vessel_Type_Triangle,EMIRATES-001,Emirates Aluminium (EGA),Unknown,SILJ - Seacor Island Lines,,,0.32,2000.0,0,,,
Entity_Carrier_Vessel_Type_Triangle,EMIRATES-001,Emirates Aluminium (EGA),Bulk Carrier,SKSM - Sk Shipping Co Ltd,,,110.17,108000.0,1,,,
Entity_Carrier_Vessel_Type_Triangle,EMIRATES-001,Emirates Aluminium (EGA),General Cargo,SMTH - Smt Shipping,,,55000.0,56376000.0,0,,,
Entity_Carrier_Vessel_Type_Triangle,EMIRATES-001,Emirates Aluminium (EGA),Bulk Carrier,SXUQ - Sea Bridge Shipping Management Co Ltd,,,71.5,1947000.0,1,,,
Entity_Carrier_Vessel_Type_Triangle,EMIRATES-001,Emirates Aluminium (EGA),Bulk Carrier,TMAY - Teegrus Management & Agency Inc,,,5130.0,9802700.0,0,,,
Entity_Carrier_Vessel_Type_Triangle,EMIRATES-001,Emirates Aluminium (EGA),Bulk Carrier,TOKO - Toko Kaiun Kaisha Ltd,,,79.34,260900.0,0,,,
Entity_Carrier_Vessel_Type_Triangle,EMIRATES-001,Emirates Aluminium (EGA),General Cargo,TOKO - Toko Kaiun Kaisha Ltd,,,20.45,53700.0,0,,,
Entity_Carrier_Vessel_Type_Triangle,EMIRATES-001,Emirates Aluminium (EGA),Bulk Carrier,TRGR - Termare Shipmanagement Gmbh & Co Kg,,,55143.27,138031000.0,26,,,
Entity_Carrier_Vessel_Type_Triangle,EMIRATES-001,Emirates Aluminium (EGA),Container Ship,TSVC - Trans Service Line,,,0.78,20500.0,1,,,
Entity_Carrier_Vessel_Type_Triangle,EMIRATES-001,Emirates Aluminium (EGA),Reefer,ULGO - Ucc Logistics Group,,,37.86,100700.0,2,,,
Entity_Carrier_Vessel_Type_Triangle,EMIRATES-001,Emirates Aluminium (EGA),Unknown,ULGO - Ucc Logistics Group,,,52.800000000000004,140400.0,2,,,
Entity_Carrier_Vessel_Type_Triangle,EMIRATES-001,Emirates Aluminium (EGA),Unknown,VETB - Vanenkevort Tug & Barge Inc,,,88693.94,96153000.0,0,,,
Entity_Carrier_Vessel_Type_Triangle,EMIRATES-001,Emirates Aluminium (EGA),General Cargo,WBAS - Weco Bulk A/S,,,7166.92,18996600.0,0,,,
Entity_Carrier_Vessel_Type_Triangle,EMIRATES-001,Emirates Aluminium (EGA),General Cargo,WGBG - Wagenborg Shipping B V,,,223.35999999999999,1802600.0,4,,,
Entity_Carrier_Vessel_Type_Triangle,EMIRATES-001,Emirates Aluminium (EGA),Tanker (Other),WLWH - Wallenius Wilhelmsen Logistics Americas Llc,,,113.8,1774000.0,22,,,
Entity_Carrier_Vessel_Type_Triangle,EMIRATES-001,Emirates Aluminium (EGA),Vehicle Carrier,WLWH - Wallenius Wilhelmsen Logistics Americas Llc,,,252.75,3956800.0,13,,,
Entity_Carrier_Vessel_Type_Triangle,EMIRATES-001,Emirates Aluminium (EGA),Bulk Carrier,YDAH - Ye Gemi Isletmeciligi A.S.,,,46681.0,28382000.0,0,,,
Entity_Carrier_Vessel_Type_Triangle,EXXONMOBIL-001,ExxonMobil,Tanker (Other),ABMA - Alberta Shipmanagement Ltd,,,165499.0,159435000.0,0,,,
Entity_Carrier_Vessel_Type_Triangle,EXXONMOBIL-001,ExxonMobil,RoRo,ACLU - Atlantic Container Line Ab,,,375.06,6768000.0,2,,,
Entity_Carrier_Vessel_Type_Triangle,EXXONMOBIL-001,ExxonMobil,Tanker (Other),ADHQ - Ardmore Shipping,,,31500.2,27972000.0,1,,,
Entity_Carrier_Vessel_Type_Triangle,EXXONMOBIL-001,ExxonMobil,Tanker (Other),AETK - Aet Inc Pte Ltd,,,1306947.64,954942000.0,19,,,
Entity_Carrier_Vessel_Type_Triangle,EXXONMOBIL-001,ExxonMobil,Other,AQCV - Ace Tankers C.V.,,,2400.7,2136000.0,0,,,
Entity_Carrier_Vessel_Type_Triangle,EXXONMOBIL-001,ExxonMobil,Tanker (Other),AQCV - Ace Tankers C.V.,,,4776230.2700000005,3836625000.0,36,,,
Entity_Carrier_Vessel_Type_Triangle,EXXONMOBIL-001,ExxonMobil,Tanker (Other),ASOM - Astra Shipmanagement Inc,,,38091.72,34473000.0,0,,,
Entity_Carrier_Vessel_Type_Triangle,EXXONMOBIL-001,ExxonMobil,Tanker (Other),AUNK - Aurora Tankers International Limited,,,79026.83,64292000.0,3,,,
Entity_Carrier_Vessel_Type_Triangle,EXXONMOBIL-001,ExxonMobil,Unknown,CGUT - Cygnus Tankers Limited,,,37818.0,35473000.0,0,,,
Entity_Carrier_Vessel_Type_Triangle,EXXONMOBIL-001,ExxonMobil,General Cargo,CPJQ - Chinese Polish Joint Stock Shipping Co In Shanghai,,,33.48,169000.0,1,,,
Entity_Carrier_Vessel_Type_Triangle,EXXONMOBIL-001,ExxonMobil,Tanker (Other),CPUK - Cape Management Company Inc,,,46754.25,40162000.0,2,,,
Entity_Carrier_Vessel_Type_Triangle,EXXONMOBIL-001,ExxonMobil,Tanker (Other),CPUV - Cpt Alliance Ltd,,,36492.02,31675000.0,1,,,
Entity_Carrier_Vessel_Type_Triangle,EXXONMOBIL-001,ExxonMobil,Tanker (Other),CSPA - Clearlake Shipping Pte Ltd,,,235747.0,212833000.0,0,,,
Entity_Carrier_Vessel_Type_Triangle,EXXONMOBIL-001,ExxonMobil,Tanker (Other),DAMT - D'amico Tankers Designated Activity Company,,,22365.82,17311000.0,1,,,
Entity_Carrier_Vessel_Type_Triangle,EXXONMOBIL-001,ExxonMobil,General Cargo,DCAE - Dship Carriers Gmbh & Co. Kg,,,495.21,9357000.0,1,,,
Entity_Carrier_Vessel_Type_Triangle,EXXONMOBIL-001,ExxonMobil,General Cargo,DMAL - Danmar Lines Ltd,,,1400.68,14754000.0,3,,,
Entity_Carrier_Vessel_Type_Triangle,EXXONMOBIL-001,ExxonMobil,RoRo,DMAL - Danmar Lines Ltd,,,28.83,361000.0,1,,,
Entity_Carrier_Vessel_Type_Triangle,EXXONMOBIL-001,ExxonMobil,Tanker (Other),DMNA - Dampskibsselskabet Norden Aktieselskab,,,524805.32,463503000.0,0,,,
Entity_Carrier_Vessel_Type_Triangle,EXXONMOBIL-001,ExxonMobil,Unknown,DMNA - Dampskibsselskabet Norden Aktieselskab,,,250.0,232000.0,0,,,
Entity_Carrier_Vessel_Type_Triangle,EXXONMOBIL-001,ExxonMobil,Container Ship,DOTD - Deugro Ocean Transport Inc,,,226.11,2304000.0,3,,,
Entity_Carrier_Vessel_Type_Triangle,EXXONMOBIL-001,ExxonMobil,Tanker (Other),DPKT - Dampskibsselskabet Torm,,,1194095.92,1024676000.0,19,,,
Entity_Carrier_Vessel_Type_Triangle,EXXONMOBIL-001,ExxonMobil,Tanker (Other),EPSJ - Eastern Pacific Shipping Pte Ltd,,,103463.0,60836000.0,0,,,
Entity_Carrier_Vessel_Type_Triangle,EXXONMOBIL-001,ExxonMobil,Tanker (Other),ESHT - Enterprises Shipping & Trading Sa,,,16229.54,10208000.0,1,,,
Entity_Carrier_Vessel_Type_Triangle,EXXONMOBIL-001,ExxonMobil,Tanker (Other),FAJV - Fairfield Chemical Carriers Pte Ltd,,,6867.469999999999,6325000.0,0,,,
Entity_Carrier_Vessel_Type_Triangle,EXXONMOBIL-001,ExxonMobil,Tanker (Other),FKCB - Furetank Chartering Ab,,,12817.0,48193000.0,0,,,
Entity_Carrier_Vessel_Type_Triangle,EXXONMOBIL-001,ExxonMobil,Tanker (Other),FLUB - Frontline Management As,,,34823.0,20685000.0,0,,,
Entity_Carrier_Vessel_Type_Triangle,EXXONMOBIL-001,ExxonMobil,Tanker (Other),FSME - Fantasea Ship Management Pte Ltd,,,4326.74,100872000.0,2,,,
Entity_Carrier_Vessel_Type_Triangle,EXXONMOBIL-001,ExxonMobil,Tanker (Other),GMCJ - Greenheart Management Ltd,,,304017.0,250714000.0,0,,,
Entity_Carrier_Vessel_Type_Triangle,EXXONMOBIL-001,ExxonMobil,Unknown,HPPB - Hafnia Middle East Dmcc,,,19430.0,16690000.0,0,,,
Entity_Carrier_Vessel_Type_Triangle,EXXONMOBIL-001,ExxonMobil,Tanker (Other),HPPW - Hafnia Pools Pte Ltd,,,713114.0,535765400.0,0,,,
Entity_Carrier_Vessel_Type_Triangle,EXXONMOBIL-001,ExxonMobil,Unknown,HPPW - Hafnia Pools Pte Ltd,,,890.0,810000.0,0,,,
Entity_Carrier_Vessel_Type_Triangle,EXXONMOBIL-001,ExxonMobil,General Cargo,ICLG - Intermarine Carriers Llc,,,115.85,198190.0,2,,,
Entity_Carrier_Vessel_Type_Triangle,EXXONMOBIL-001,ExxonMobil,Unknown,ICLG - Intermarine Carriers Llc,,,0.08,1200.0,1,,,
Entity_Carrier_Vessel_Type_Triangle,EXXONMOBIL-001,ExxonMobil,Tanker (Other),IHMK - Icechem Tankers Ltd,,,12415.72,36862000.0,0,,,
Entity_Carrier_Vessel_Type_Triangle,EXXONMOBIL-001,ExxonMobil,Tanker (Other),ISEW - International Seaways Inc,,,97067.11,402774000.0,2,,,
Entity_Carrier_Vessel_Type_Triangle,EXXONMOBIL-001,ExxonMobil,Unknown,JOLM - Jupiter One,,,36718.42,28200000.0,1,,,
Entity_Carrier_Vessel_Type_Triangle,EXXONMOBIL-001,ExxonMobil,Unknown,KSMW - Klaveness Ship Mgmt As,,,27974.49,77405000.0,1,,,
Entity_Carrier_Vessel_Type_Triangle,EXXONMOBIL-001,ExxonMobil,Tanker (Other),KSPB - Koch Shipping Pte Ltd,,,428772.83,341029000.0,0,,,
Entity_Carrier_Vessel_Type_Triangle,EXXONMOBIL-001,ExxonMobil,Tanker (Other),LPLC - Loop Llc,,,524029.79,319003000.0,0,,,
Entity_Carrier_Vessel_Type_Triangle,EXXONMOBIL-001,ExxonMobil,Unknown,LPLC - Loop Llc,,,365487.33,221120000.0,0,,,
Entity_Carrier_Vessel_Type_Triangle,EXXONMOBIL-001,ExxonMobil,Tanker (Other),MAET - Maersk Tankers,,,186693.5,426104000.0,16,,,
Entity_Carrier_Vessel_Type_Triangle,EXXONMOBIL-001,ExxonMobil,Unknown,MAET - Maersk Tankers,,,84577.24,80190000.0,4,,,
Entity_Carrier_Vessel_Type_Triangle,EXXONMOBIL-001,ExxonMobil,Tanker (Other),MGYA - Miklagard S Gemi Isletmeciligi Ve Ticaret A S,,,3323.9,1891000.0,1,,,
Entity_Carrier_Vessel_Type_Triangle,EXXONMOBIL-001,ExxonMobil,Tanker (Other),MIMA - Minerva Marine Inc,,,540622.62,364776000.0,2,,,
Entity_Carrier_Vessel_Type_Triangle,EXXONMOBIL-001,ExxonMobil,Tanker (Other),MKMQ - Maran Tankers Management Inc,,,126579.0,83542000.0,0,,,
Entity_Carrier_Vessel_Type_Triangle,EXXONMOBIL-001,ExxonMobil,Container Ship,MLAA - Mol Chemical Tankers Pte Ltd,,,65.94,60000.0,2,,,
Entity_Carrier_Vessel_Type_Triangle,EXXONMOBIL-001,ExxonMobil,Tanker (Other),MLAA - Mol Chemical Tankers Pte Ltd,,,60.0,64600.0,2,,,
Entity_Carrier_Vessel_Type_Triangle,EXXONMOBIL-001,ExxonMobil,Tanker (Other),MMSM - Mms Company Ltd,,,13830.0,10234000.0,0,,,
Entity_Carrier_Vessel_Type_Triangle,EXXONMOBIL-001,ExxonMobil,Tanker (Other),MOLU - Mitsui O S K Lines Ltd,,,115765.82,71196000.0,2,,,
Entity_Carrier_Vessel_Type_Triangle,EXXONMOBIL-001,ExxonMobil,Tanker (Other),MQKP - Mol Energia Pte Ltd,,,87002.0,52636000.0,1,,,
Entity_Carrier_Vessel_Type_Triangle,EXXONMOBIL-001,ExxonMobil,Tanker (Other),MSDK - Mercuria Shipping Sarl,,,130278.0,84290000.0,0,,,
Entity_Carrier_Vessel_Type_Triangle,EXXONMOBIL-001,ExxonMobil,Unknown,MSDK - Mercuria Shipping Sarl,,,39671.0,43202000.0,0,,,
Entity_Carrier_Vessel_Type_Triangle,EXXONMOBIL-001,ExxonMobil,Tanker (Other),NACS - New Activity Shipping Inc,,,313213.0,188219000.0,0,,,
Entity_Carrier_Vessel_Type_Triangle,EXXONMOBIL-001,ExxonMobil,Unknown,NGZO - Navigazione Montanari Spa,,,34889.92,16363000.0,0,,,
Entity_Carrier_Vessel_Type_Triangle,EXXONMOBIL-001,ExxonMobil,Tanker (Other),NJGP - Nanjing Petroleum Transportation,,,46717.5,37694000.0,0,,,
Entity_Carrier_Vessel_Type_Triangle,EXXONMOBIL-001,ExxonMobil,Tanker (Other),NPLW - Navig8 Pte Ltd,,,88910.0,76646000.0,0,,,
Entity_Carrier_Vessel_Type_Triangle,EXXONMOBIL-001,ExxonMobil,Tanker (Other),NSCS - National Shipping Company Of Saudi Arabia,,,79936.0,68813000.0,0,,,
Entity_Carrier_Vessel_Type_Triangle,EXXONMOBIL-001,ExxonMobil,Unknown,NULG - Naviera Ultranav Chile Limitada,,,35434.43,30474000.0,1,,,
Entity_Carrier_Vessel_Type_Triangle,EXXONMOBIL-001,ExxonMobil,General Cargo,OFCW - Oldendorff Carriers,,,9546.0,9155000.0,2,,,
Entity_Carrier_Vessel_Type_Triangle,EXXONMOBIL-001,ExxonMobil,Tanker (Other),OTUS - Odfjell Tankers As,,,62768.0,50354000.0,15,,,
Entity_Carrier_Vessel_Type_Triangle,EXXONMOBIL-001,ExxonMobil,Tanker (Other),PNFN - Penfield Marine Llc,,,688458.12,590278000.0,26,,,
Entity_Carrier_Vessel_Type_Triangle,EXXONMOBIL-001,ExxonMobil,Unknown,PNFN - Penfield Marine Llc,,,360988.5,310314000.0,14,,,
Entity_Carrier_Vessel_Type_Triangle,EXXONMOBIL-001,ExxonMobil,Tanker (Other),PNVI - Petro Nav Inc,,,12054.0,9595000.0,0,,,
Entity_Carrier_Vessel_Type_Triangle,EXXONMOBIL-001,ExxonMobil,Tanker (Other),PPDP - Pleiades Shipping Agents Sa,,,996839.34,839259000.0,33,,,
Entity_Carrier_Vessel_Type_Triangle,EXXONMOBIL-001,ExxonMobil,Bulk Carrier,PTBR - Petrobras America Inc,,,45798.32,39798000.0,2,,,
Entity_Carrier_Vessel_Type_Triangle,EXXONMOBIL-001,ExxonMobil,Tanker (Other),PTBR - Petrobras America Inc,,,423777.64,344829000.0,8,,,
Entity_Carrier_Vessel_Type_Triangle,EXXONMOBIL-001,ExxonMobil,Unknown,PTBR - Petrobras America Inc,,,58884.62,51112000.0,1,,,
Entity_Carrier_Vessel_Type_Triangle,EXXONMOBIL-001,ExxonMobil,Unknown,PTKQ - Prime Tanker Management Inc,,,37184.0,32796000.0,0,,,
Entity_Carrier_Vessel_Type_Triangle,EXXONMOBIL-001,ExxonMobil,Tanker (Other),PTKS - Pantheon Tankers Management Ltd,,,89860.0,75677500.0,0,,,
Entity_Carrier_Vessel_Type_Triangle,EXXONMOBIL-001,ExxonMobil,Tanker (Other),QAGA - Asiatic Lloyd Maritime Llp,,,35282.0,30448000.0,1,,,
Entity_Carrier_Vessel_Type_Triangle,EXXONMOBIL-001,ExxonMobil,Tanker (Other),QSHA - Shandong Shipping Tanker Co Ltd,,,68395.0,58871000.0,0,,,
Entity_Carrier_Vessel_Type_Triangle,EXXONMOBIL-001,ExxonMobil,Tanker (Other),SEUK - Shell International Trading And Shipping,,,99812.16,79148000.0,4,,,
Entity_Carrier_Vessel_Type_Triangle,EXXONMOBIL-001,ExxonMobil,Unknown,SFFV - Spliethoff Transport B V,,,38706.0,465478000.0,2,,,
Entity_Carrier_Vessel_Type_Triangle,EXXONMOBIL-001,ExxonMobil,Tanker (Other),SGIQ - Scot Gemi Isletmeciligi A S,,,3013.0,1977000.0,0,,,
Entity_Carrier_Vessel_Type_Triangle,EXXONMOBIL-001,ExxonMobil,Tanker (Other),SGVJ - Signal Maritime Services Ltd,,,55087.87,36138000.0,1,,,
Entity_Carrier_Vessel_Type_Triangle,EXXONMOBIL-001,ExxonMobil,Tanker (Other),SMKI - Scorpio Mr Pool Ltd,,,161420.58000000002,127338000.0,8,,,
Entity_Carrier_Vessel_Type_Triangle,EXXONMOBIL-001,ExxonMobil,Tanker (Other),SMWM - Spring Marine Management Sa,,,81178.0,73047000.0,2,,,
Entity_Carrier_Vessel_Type_Triangle,EXXONMOBIL-001,ExxonMobil,Tanker (Other),STSO - St Shipping Transport Pte Ltd,,,457.0,339000.0,1,,,
Entity_Carrier_Vessel_Type_Triangle,EXXONMOBIL-001,ExxonMobil,Unknown,STSO - St Shipping Transport Pte Ltd,,,34813.49,30880000.0,1,,,
Entity_Carrier_Vessel_Type_Triangle,EXXONMOBIL-001,ExxonMobil,Tanker (Other),STZW - Stolt Tankers Bv,,,6378.42,1584000.0,0,,,
Entity_Carrier_Vessel_Type_Triangle,EXXONMOBIL-001,ExxonMobil,Tanker (Other),SWAF - Stena Weco A/S,,,69180.43,56233000.0,0,,,
Entity_Carrier_Vessel_Type_Triangle,EXXONMOBIL-001,ExxonMobil,Tanker (Other),SYNY - Stenersen Chartering As,,,22028.0,14200000.0,0,,,
Entity_Carrier_Vessel_Type_Triangle,EXXONMOBIL-001,ExxonMobil,Tanker (Other),TGRA - Trafigura Maritime Ventures Ltd,,,540835.0,397717000.0,0,,,
Entity_Carrier_Vessel_Type_Triangle,EXXONMOBIL-001,ExxonMobil,Tanker (Other),TKSD - Tsakos Shipping And Trading S A Of Panama,,,196544.0,136609000.0,0,,,
Entity_Carrier_Vessel_Type_Triangle,EXXONMOBIL-001,ExxonMobil,Tanker (Other),TKSH - Teekay Tankers Ltd,,,230434.0,182076000.0,0,,,
Entity_Carrier_Vessel_Type_Triangle,EXXONMOBIL-001,ExxonMobil,Tanker (Other),TMZK - Tms Tankers Ltd,,,175893.02,164209000.0,1,,,
Entity_Carrier_Vessel_Type_Triangle,EXXONMOBIL-001,ExxonMobil,Unknown,TMZK - Tms Tankers Ltd,,,78320.62,74405000.0,1,,,
Entity_Carrier_Vessel_Type_Triangle,EXXONMOBIL-001,ExxonMobil,General Cargo,UALB - Universal Africa Lines B V,,,3.21,14400.0,1,,,
Entity_Carrier_Vessel_Type_Triangle,EXXONMOBIL-001,ExxonMobil,Tanker (Other),VITO - Vitol International Shipping Pte,,,149043.0,135926000.0,0,,,
Entity_Carrier_Vessel_Type_Triangle,EXXONMOBIL-001,ExxonMobil,Unknown,VITO - Vitol International Shipping Pte,,,87768.0,59850000.0,0,,,
Entity_Carrier_Vessel_Type_Triangle,EXXONMOBIL-001,ExxonMobil,Tanker (Other),VMSC - Valero Marketing & Supply Company,,,35936.0,33708000.0,0,,,
Entity_Carrier_Vessel_Type_Triangle,EXXONMOBIL-001,ExxonMobil,Tanker (Other),WECF - Weco Tankers A/S,,,211780.72,155751000.0,3,,,
Entity_Carrier_Vessel_Type_Triangle,EXXONMOBIL-001,ExxonMobil,Tanker (Other),WSCL - Waterfront Shipping Company Limited,,,34838.0,30722000.0,0,,,
Entity_Carrier_Vessel_Type_Triangle,EXXONMOBIL-001,ExxonMobil,Unknown,WSCL - Waterfront Shipping Company Limited,,,37106.0,34917000.0,0,,,
Entity_Carrier_Vessel_Type_Triangle,EXXONMOBIL-001,ExxonMobil,Tanker (Other),YTIS - Yasa Tanker Isletmeciligi A.S.,,,66901.0,62173000.0,2,,,
Entity_Carrier_Vessel_Type_Triangle,EXXONMOBIL-001,ExxonMobil,Tanker (Other),ZOMA - Zodiac Maritime Ltd,,,243146.0,162988200.0,0,,,
Entity_Carrier_Vessel_Type_Triangle,EXXONMOBIL-001,ExxonMobil,Unknown,ZOMA - Zodiac Maritime Ltd,,,351696.0,205974000.0,0,,,
Entity_Carrier_Vessel_Type_Triangle,IRVING-001,Irving Oil,Unknown,APHL - Asphaltos Trade S A,,,148462.14,106871300.0,0,,,
Entity_Carrier_Vessel_Type_Triangle,IRVING-001,Irving Oil,Unknown,CSPA - Clearlake Shipping Pte Ltd,,,15861.0,10690000.0,0,,,
Entity_Carrier_Vessel_Type_Triangle,IRVING-001,Irving Oil,Tanker (Other),DMNA - Dampskibsselskabet Norden Aktieselskab,,,136512.0,104420000.0,0,,,
Entity_Carrier_Vessel_Type_Triangle,IRVING-001,Irving Oil,Unknown,DMNA - Dampskibsselskabet Norden Aktieselskab,,,93021.0,68031000.0,0,,,
Entity_Carrier_Vessel_Type_Triangle,IRVING-001,Irving Oil,Tanker (Other),DPKT - Dampskibsselskabet Torm,,,131962.06,80274000.0,0,,,
Entity_Carrier_Vessel_Type_Triangle,IRVING-001,Irving Oil,Unknown,GSMR - Genesis Marine Llc,,,13022.18,10066000.0,0,,,
Entity_Carrier_Vessel_Type_Triangle,IRVING-001,Irving Oil,Unknown,KSEA - Kirby Offshore Marine,,,378086.0,258881000.0,0,,,
Entity_Carrier_Vessel_Type_Triangle,IRVING-001,Irving Oil,Unknown,MAET - Maersk Tankers,,,215194.8,166118000.0,0,,,
Entity_Carrier_Vessel_Type_Triangle,IRVING-001,Irving Oil,Tanker (Other),NPLW - Navig8 Pte Ltd,,,37270.0,29630000.0,0,,,
Entity_Carrier_Vessel_Type_Triangle,IRVING-001,Irving Oil,Tanker (Other),PSAN - Product Shipping And Trading,,,31719.0,23134000.0,0,,,
Entity_Carrier_Vessel_Type_Triangle,IRVING-001,Irving Oil,Tanker (Other),SEUK - Shell International Trading And Shipping,,,44030.020000000004,37646000.0,0,,,
Entity_Carrier_Vessel_Type_Triangle,IRVING-001,Irving Oil,Unknown,TGRA - Trafigura Maritime Ventures Ltd,,,1562638.0,1135968000.0,0,,,
Entity_Carrier_Vessel_Type_Triangle,IRVING-001,Irving Oil,Unknown,VITO - Vitol International Shipping Pte,,,27332.0,19296000.0,0,,,
Entity_Carrier_Vessel_Type_Triangle,IRVING-001,Irving Oil,Tanker (Other),VMSC - Valero Marketing & Supply Company,,,156668.0,106728000.0,0,,,
Entity_Carrier_Vessel_Type_Triangle,IRVING-001,Irving Oil,Tanker (Other),VRON - Vroon B V,,,15344270.6,10871529400.0,0,,,
Entity_Carrier_Vessel_Type_Triangle,MARATHON-001,Marathon Petroleum,Tanker (Other),ADHQ - Ardmore Shipping,,,12545.0,11554000.0,1,,,
Entity_Carrier_Vessel_Type_Triangle,MARATHON-001,Marathon Petroleum,Tanker (Other),AMCP - Amazonas Ca Llc,,,423435.3,235847000.0,0,,,
Entity_Carrier_Vessel_Type_Triangle,MARATHON-001,Marathon Petroleum,Tanker (Other),AMQK - Associated Maritime Company,,,2556917.02,1439013000.0,0,,,
Entity_Carrier_Vessel_Type_Triangle,MARATHON-001,Marathon Petroleum,Tanker (Other),ASHI - Andriaki Shipping Co. Ltd.,,,135988.0,77649000.0,0,,,
Entity_Carrier_Vessel_Type_Triangle,MARATHON-001,Marathon Petroleum,Unknown,BILH - Biglift Shipping Bv,,,2717.26,54948000.0,1,,,
Entity_Carrier_Vessel_Type_Triangle,MARATHON-001,Marathon Petroleum,Vehicle Carrier,CHSL - Christal Lines,,,242.24,3356000.0,2,,,
Entity_Carrier_Vessel_Type_Triangle,MARATHON-001,Marathon Petroleum,Bulk Carrier,CINT - Cargill International S A,,,60034.0,147144000.0,0,,,
Entity_Carrier_Vessel_Type_Triangle,MARATHON-001,Marathon Petroleum,Tanker (Other),COEB - Core Transport Llc,,,93382.75,54255000.0,0,,,
Entity_Carrier_Vessel_Type_Triangle,MARATHON-001,Marathon Petroleum,Tanker (Other),CPUK - Cape Management Company Inc,,,311800.2,212052000.0,11,,,
Entity_Carrier_Vessel_Type_Triangle,MARATHON-001,Marathon Petroleum,Tanker (Other),DHBQ - Dht Bronco Inc,,,130157.0,80827000.0,0,,,
Entity_Carrier_Vessel_Type_Triangle,MARATHON-001,Marathon Petroleum,Tanker (Other),DMNA - Dampskibsselskabet Norden Aktieselskab,,,70038.0,51828000.0,0,,,
Entity_Carrier_Vessel_Type_Triangle,MARATHON-001,Marathon Petroleum,Tanker (Other),EPSJ - Eastern Pacific Shipping Pte Ltd,,,82375.0,46625000.0,0,,,
Entity_Carrier_Vessel_Type_Triangle,MARATHON-001,Marathon Petroleum,LPG Tanker,EURN - Euronav Nv,,,133898.26,83553000.0,0,,,
Entity_Carrier_Vessel_Type_Triangle,MARATHON-001,Marathon Petroleum,Tanker (Other),EURN - Euronav Nv,,,268483.87,161203000.0,0,,,
Entity_Carrier_Vessel_Type_Triangle,MARATHON-001,Marathon Petroleum,Unknown,FAJV - Fairfield Chemical Carriers Pte Ltd,,,21786.46,23834000.0,0,,,
Entity_Carrier_Vessel_Type_Triangle,MARATHON-001,Marathon Petroleum,Tanker (Other),FFCH - Fairfield Chemical Carriers Inc,,,39011.06,243800000.0,0,,,
Entity_Carrier_Vessel_Type_Triangle,MARATHON-001,Marathon Petroleum,Tanker (Other),FLUB - Frontline Management As,,,722844.7,428175000.0,0,,,
Entity_Carrier_Vessel_Type_Triangle,MARATHON-001,Marathon Petroleum,Tanker (Other),HPPW - Hafnia Pools Pte Ltd,,,141938.0,121924000.0,0,,,
Entity_Carrier_Vessel_Type_Triangle,MARATHON-001,Marathon Petroleum,Tanker (Other),HTQH - Hendricks Tanker Company Llc,,,142980.82,85217000.0,1,,,
Entity_Carrier_Vessel_Type_Triangle,MARATHON-001,Marathon Petroleum,Tanker (Other),ISEW - International Seaways Inc,,,458854.0,370522000.0,1,,,
Entity_Carrier_Vessel_Type_Triangle,MARATHON-001,Marathon Petroleum,Tanker (Other),LMMA - Latsco Marine Management Inc,,,135515.0,80632000.0,0,,,
Entity_Carrier_Vessel_Type_Triangle,MARATHON-001,Marathon Petroleum,Tanker (Other),LPLC - Loop Llc,,,967842.59,528172000.0,0,,,
Entity_Carrier_Vessel_Type_Triangle,MARATHON-001,Marathon Petroleum,Unknown,LPLC - Loop Llc,,,344050.27,182152000.0,0,,,
Entity_Carrier_Vessel_Type_Triangle,MARATHON-001,Marathon Petroleum,Unknown,LULM - Landbridge Universal Limited,,,138223.0,86251000.0,0,,,
Entity_Carrier_Vessel_Type_Triangle,MARATHON-001,Marathon Petroleum,Tanker (Other),MAET - Maersk Tankers,,,79095.4,75458000.0,2,,,
Entity_Carrier_Vessel_Type_Triangle,MARATHON-001,Marathon Petroleum,Tanker (Other),MFQO - Mercury Pool Limited,,,211722.1,113022000.0,0,,,
Entity_Carrier_Vessel_Type_Triangle,MARATHON-001,Marathon Petroleum,Tanker (Other),MKMQ - Maran Tankers Management Inc,,,336703.02,200630000.0,0,,,
Entity_Carrier_Vessel_Type_Triangle,MARATHON-001,Marathon Petroleum,Tanker (Other),MLAA - Mol Chemical Tankers Pte Ltd,,,223826.52,324636000.0,26,,,
Entity_Carrier_Vessel_Type_Triangle,MARATHON-001,Marathon Petroleum,Tanker (Other),MSDK - Mercuria Shipping Sarl,,,136229.0,75334000.0,0,,,
Entity_Carrier_Vessel_Type_Triangle,MARATHON-001,Marathon Petroleum,Tanker (Other),NEYI - New Alliance Shipping & Trading Inc.,,,30852.0,21380000.0,0,,,
Entity_Carrier_Vessel_Type_Triangle,MARATHON-001,Marathon Petroleum,Tanker (Other),NTWY - N Two,,,210169.13,114239000.0,0,,,
Entity_Carrier_Vessel_Type_Triangle,MARATHON-001,Marathon Petroleum,Tanker (Other),OCCA - Oman Charter Company Saoc,,,548082.02,307093000.0,0,,,
Entity_Carrier_Vessel_Type_Triangle,MARATHON-001,Marathon Petroleum,Tanker (Other),PCUP - Pcl Tankers Pte Ltd,,,35009.0,85829000.0,0,,,
Entity_Carrier_Vessel_Type_Triangle,MARATHON-001,Marathon Petroleum,Tanker (Other),PMMD - Pacifica Maritime Limited,,,128495.74000000002,77612000.0,3,,,
Entity_Carrier_Vessel_Type_Triangle,MARATHON-001,Marathon Petroleum,Tanker (Other),PNFN - Penfield Marine Llc,,,433447.78,268376000.0,10,,,
Entity_Carrier_Vessel_Type_Triangle,MARATHON-001,Marathon Petroleum,Tanker (Other),PPDP - Pleiades Shipping Agents Sa,,,140012.7,72416000.0,2,,,
Entity_Carrier_Vessel_Type_Triangle,MARATHON-001,Marathon Petroleum,Tanker (Other),PSKM - Ps Tanker One Limited,,,66307.73,36536000.0,1,,,
Entity_Carrier_Vessel_Type_Triangle,MARATHON-001,Marathon Petroleum,Tanker (Other),SAMO - Samos Steamship Co,,,141942.0,78211000.0,0,,,
Entity_Carrier_Vessel_Type_Triangle,MARATHON-001,Marathon Petroleum,Tanker (Other),SEUK - Shell International Trading And Shipping,,,857215.5,629188000.0,19,,,
Entity_Carrier_Vessel_Type_Triangle,MARATHON-001,Marathon Petroleum,Unknown,SEUK - Shell International Trading And Shipping,,,559988.02,322698000.0,10,,,
Entity_Carrier_Vessel_Type_Triangle,MARATHON-001,Marathon Petroleum,Tanker (Other),SGVJ - Signal Maritime Services Ltd,,,87232.16,54433000.0,4,,,
Entity_Carrier_Vessel_Type_Triangle,MARATHON-001,Marathon Petroleum,Tanker (Other),SKMC - Sinokor Maritime Co Ltd,,,981762.39,885144000.0,29,,,
Entity_Carrier_Vessel_Type_Triangle,MARATHON-001,Marathon Petroleum,Unknown,SKMC - Sinokor Maritime Co Ltd,,,181379.33000000002,107920000.0,0,,,
Entity_Carrier_Vessel_Type_Triangle,MARATHON-001,Marathon Petroleum,Tanker (Other),SKSH - Second Katsura Tanker Corporation,,,522794.51,291361000.0,5,,,
Entity_Carrier_Vessel_Type_Triangle,MARATHON-001,Marathon Petroleum,Tanker (Other),SMKI - Scorpio Mr Pool Ltd,,,173772.54,149636000.0,2,,,
Entity_Carrier_Vessel_Type_Triangle,MARATHON-001,Marathon Petroleum,Tanker (Other),SWAF - Stena Weco A/S,,,8144.67,7640000.0,0,,,
Entity_Carrier_Vessel_Type_Triangle,MARATHON-001,Marathon Petroleum,Tanker (Other),SWLD - Seaworld Management & Trading Inc,,,89926.0,69782000.0,0,,,
Entity_Carrier_Vessel_Type_Triangle,MARATHON-001,Marathon Petroleum,Tanker (Other),TGRA - Trafigura Maritime Ventures Ltd,,,1677224.02,1062371000.0,0,,,
Entity_Carrier_Vessel_Type_Triangle,MARATHON-001,Marathon Petroleum,Unknown,TKSD - Tsakos Shipping And Trading S A Of Panama,,,135006.0,74388000.0,0,,,
Entity_Carrier_Vessel_Type_Triangle,MARATHON-001,Marathon Petroleum,Tanker (Other),TKSH - Teekay Tankers Ltd,,,541064.0,305998000.0,0,,,
Entity_Carrier_Vessel_Type_Triangle,MARATHON-001,Marathon Petroleum,Unknown,TZJN - Triton Mr Chemical Pool Ltd,,,35917.75,30243000.0,0,,,
Entity_Carrier_Vessel_Type_Triangle,MARATHON-001,Marathon Petroleum,Tanker (Other),UOTM - Unitized Ocean Transport Limited,,,278436.97,147567000.0,0,,,
Entity_Carrier_Vessel_Type_Triangle,MARATHON-001,Marathon Petroleum,Tanker (Other),USLA - Unisea Shipping Ltd,,,141121.0,81215000.0,0,,,
Entity_Carrier_Vessel_Type_Triangle,MARATHON-001,Marathon Petroleum,Tanker (Other),VITO - Vitol International Shipping Pte,,,150336.0,73814000.0,0,,,
Entity_Carrier_Vessel_Type_Triangle,MARATHON-001,Marathon Petroleum,Unknown,VRON - Vroon B V,,,58101.659999999996,51612000.0,0,,,
Entity_Carrier_Vessel_Type_Triangle,MARATHON-001,Marathon Petroleum,Unknown,WOSH - World Shipping Inc,,,20600.0,11396000.0,0,,,
Entity_Carrier_Vessel_Type_Triangle,MARATHON-001,Marathon Petroleum,Tanker (Other),WTKM - World Tankers Management Pte Ltd,,,73836.0,39133000.0,0,,,
Entity_Carrier_Vessel_Type_Triangle,MARATHON-001,Marathon Petroleum,Tanker (Other),ZOMA - Zodiac Maritime Ltd,,,538382.0,330904000.0,0,,,
Entity_Carrier_Vessel_Type_Triangle,MARATHON-001,Marathon Petroleum,Unknown,ZOMA - Zodiac Maritime Ltd,,,135882.0,71474000.0,0,,,
Entity_Carrier_Vessel_Type_Triangle,MARTIN-001,Martin Marietta,Bulk Carrier,CSSL - The Csl Group Inc,,,8019070.0,7412295000.0,0,,,
Entity_Carrier_Vessel_Type_Triangle,MARTIN-001,Martin Marietta,Unknown,CSSL - The Csl Group Inc,,,462000.0,392358000.0,0,,,
Entity_Carrier_Vessel_Type_Triangle,MARTIN-001,Martin Marietta,Tanker (Other),KOSL - King Ocean Services Limited Inc,,,0.14,140.0,0,,,
Entity_Carrier_Vessel_Type_Triangle,MARTIN-001,Martin Marietta,Unknown,KOSL - King Ocean Services Limited Inc,,,3.4,17300.0,0,,,
Entity_Carrier_Vessel_Type_Triangle,MARTIN-001,Martin Marietta,Unknown,SILJ - Seacor Island Lines,,,5.63,4835.0,0,,,
Entity_Carrier_Vessel_Type_Triangle,MORTON-001,Morton Salt,Bulk Carrier,BLWR - Blue Water Shipping Co,,,148802.0,647715000.0,0,,,
Entity_Carrier_Vessel_Type_Triangle,MORTON-001,Morton Salt,Bulk Carrier,CINT - Cargill International S A,,,204650.0,538922000.0,0,,,
Entity_Carrier_Vessel_Type_Triangle,MORTON-001,Morton Salt,Bulk Carrier,CSSL - The Csl Group Inc,,,1056800.0,4820828000.0,0,,,
Entity_Carrier_Vessel_Type_Triangle,MORTON-001,Morton Salt,Unknown,CSSL - The Csl Group Inc,,,725640.0,20796000.0,0,,,
Entity_Carrier_Vessel_Type_Triangle,MORTON-001,Morton Salt,Unknown,CVHQ - Cobelfret Nv,,,34100.0,112803000.0,0,,,
Entity_Carrier_Vessel_Type_Triangle,MORTON-001,Morton Salt,Bulk Carrier,DMNA - Dampskibsselskabet Norden Aktieselskab,,,1212612.0,3175807000.0,0,,,
Entity_Carrier_Vessel_Type_Triangle,MORTON-001,Morton Salt,General Cargo,DMNA - Dampskibsselskabet Norden Aktieselskab,,,150202.0,195252000.0,0,,,
Entity_Carrier_Vessel_Type_Triangle,MORTON-001,Morton Salt,Unknown,DMNA - Dampskibsselskabet Norden Aktieselskab,,,92400.0,26088000.0,0,,,
Entity_Carrier_Vessel_Type_Triangle,MORTON-001,Morton Salt,Unknown,DWLA - Dowa Line America Co Ltd,,,15462.0,17317000.0,1,,,
Entity_Carrier_Vessel_Type_Triangle,MORTON-001,Morton Salt,Bulk Carrier,KKLU - Kawasaki Kisen Kaisha Ltd,,,54034.64,141946200.0,4,,,
Entity_Carrier_Vessel_Type_Triangle,MORTON-001,Morton Salt,General Cargo,OBUK - Oslo Caribbean Carrier As,,,7865.0,39844000.0,1,,,
Entity_Carrier_Vessel_Type_Triangle,MORTON-001,Morton Salt,Bulk Carrier,OFCW - Oldendorff Carriers,,,93504.0,229178000.0,2,,,
Entity_Carrier_Vessel_Type_Triangle,MORTON-001,Morton Salt,Bulk Carrier,PBIM - Pacific Basin Supramax Limited,,,448654.14,1674503000.0,0,,,
Entity_Carrier_Vessel_Type_Triangle,MORTON-001,Morton Salt,Unknown,PBIM - Pacific Basin Supramax Limited,,,51050.0,204251000.0,0,,,
Entity_Carrier_Vessel_Type_Triangle,MORTON-001,Morton Salt,Unknown,SILJ - Seacor Island Lines,,,0.91,6600.0,0,,,
Entity_Carrier_Vessel_Type_Triangle,MORTON-001,Morton Salt,Bulk Carrier,SWMN - Swissmarine Services S A,,,50500.0,12928000.0,0,,,
Entity_Carrier_Vessel_Type_Triangle,MORTON-001,Morton Salt,Unknown,SWMN - Swissmarine Services S A,,,41000.0,123369000.0,1,,,
Entity_Carrier_Vessel_Type_Triangle,MORTON-001,Morton Salt,Bulk Carrier,ULTH - Ultrabulk,,,202548.12,466138700.0,18,,,
Entity_Carrier_Vessel_Type_Triangle,MORTON-001,Morton Salt,Unknown,ULTH - Ultrabulk,,,97.2,3162000.0,2,,,
Entity_Carrier_Vessel_Type_Triangle,MOSAIC-001,Mosaic,Bulk Carrier,ADLP - Adm International Sarl,,,1184976.8,1553295000.0,17,,,
Entity_Carrier_Vessel_Type_Triangle,MOSAIC-001,Mosaic,Tanker (Other),ADLP - Adm International Sarl,,,59878.8,195864000.0,1,,,
Entity_Carrier_Vessel_Type_Triangle,MOSAIC-001,Mosaic,Unknown,ADLP - Adm International Sarl,,,198256.41,149602000.0,3,,,
Entity_Carrier_Vessel_Type_Triangle,MOSAIC-001,Mosaic,Bulk Carrier,BUNG - Bunge S A,,,59152.0,465999000.0,1,,,
Entity_Carrier_Vessel_Type_Triangle,MOSAIC-001,Mosaic,Bulk Carrier,CINT - Cargill International S A,,,1114864.0,4634742000.0,0,,,
Entity_Carrier_Vessel_Type_Triangle,MOSAIC-001,Mosaic,General Cargo,CINT - Cargill International S A,,,96006.0,9312000.0,0,,,
Entity_Carrier_Vessel_Type_Triangle,MOSAIC-001,Mosaic,Bulk Carrier,DMNA - Dampskibsselskabet Norden Aktieselskab,,,1027175.0,3289785000.0,0,,,
Entity_Carrier_Vessel_Type_Triangle,MOSAIC-001,Mosaic,General Cargo,DMNA - Dampskibsselskabet Norden Aktieselskab,,,92943.0,135138000.0,0,,,
Entity_Carrier_Vessel_Type_Triangle,MOSAIC-001,Mosaic,Unknown,DMNA - Dampskibsselskabet Norden Aktieselskab,,,124200.0,63466000.0,0,,,
Entity_Carrier_Vessel_Type_Triangle,MOSAIC-001,Mosaic,Unknown,EGSG - Eagle Shipping Intl,,,51113.0,361062000.0,0,,,
Entity_Carrier_Vessel_Type_Triangle,MOSAIC-001,Mosaic,Bulk Carrier,FALH - Federal Atlantic Lakes Line,,,60544.51,29546000.0,0,,,
Entity_Carrier_Vessel_Type_Triangle,MOSAIC-001,Mosaic,Bulk Carrier,GEAG - Genco Ship Management Llc,,,48920.2,40506000.0,1,,,
Entity_Carrier_Vessel_Type_Triangle,MOSAIC-001,Mosaic,Bulk Carrier,LDCH - Louis Dreyfus Company Suisse Sa,,,65999.0,109690000.0,0,,,
Entity_Carrier_Vessel_Type_Triangle,MOSAIC-001,Mosaic,Bulk Carrier,LDCS - Louis Dreyfus Company Freight Asia Pte Ltd,,,52890.0,5130000.0,0,,,
Entity_Carrier_Vessel_Type_Triangle,MOSAIC-001,Mosaic,Bulk Carrier,MURG - Mur Shipping Bv,,,27499.94,14877000.0,1,,,
Entity_Carrier_Vessel_Type_Triangle,MOSAIC-001,Mosaic,Bulk Carrier,OFCW - Oldendorff Carriers,,,110000.0,123090000.0,0,,,
Entity_Carrier_Vessel_Type_Triangle,MOSAIC-001,Mosaic,Bulk Carrier,PBIM - Pacific Basin Supramax Limited,,,50228.14,335775000.0,0,,,
Entity_Carrier_Vessel_Type_Triangle,MOSAIC-001,Mosaic,General Cargo,SLCM - Seacape Logistics And Management Services Inc,,,35000.0,275730000.0,0,,,
Entity_Carrier_Vessel_Type_Triangle,MOSAIC-001,Mosaic,Bulk Carrier,SWMN - Swissmarine Services S A,,,212467.0,912493000.0,2,,,
Entity_Carrier_Vessel_Type_Triangle,MOSAIC-001,Mosaic,Bulk Carrier,SZMW - Sagitta Marine S A,,,101330.9,737938000.0,1,,,
Entity_Carrier_Vessel_Type_Triangle,MOSAIC-001,Mosaic,Tanker (Other),SZMW - Sagitta Marine S A,,,49371.71,369942000.0,0,,,
Entity_Carrier_Vessel_Type_Triangle,MOSAIC-001,Mosaic,Bulk Carrier,ULTH - Ultrabulk,,,102878.0,28188000.0,0,,,
Entity_Carrier_Vessel_Type_Triangle,MOSAIC-001,Mosaic,Bulk Carrier,WBCP - Western Bulk Carriers As,,,113215.01999999999,846463000.0,2,,,
Entity_Carrier_Vessel_Type_Triangle,MOSAIC-001,Mosaic,Unknown,WBPE - Western Bulk Pte Ltd,,,105567.04000000001,369358000.0,2,,,
Entity_Carrier_Vessel_Type_Triangle,MOTIVA-001,Motiva Enterprises,Tanker (Other),AQCV - Ace Tankers C.V.,,,14473.829999999998,13983000.0,0,,,
Entity_Carrier_Vessel_Type_Triangle,MOTIVA-001,Motiva Enterprises,Tanker (Other),CSPA - Clearlake Shipping Pte Ltd,,,575.0,533000.0,0,,,
Entity_Carrier_Vessel_Type_Triangle,MOTIVA-001,Motiva Enterprises,Container Ship,MLAA - Mol Chemical Tankers Pte Ltd,,,6292.42,6022000.0,2,,,
Entity_Carrier_Vessel_Type_Triangle,MOTIVA-001,Motiva Enterprises,Tanker (Other),MLAA - Mol Chemical Tankers Pte Ltd,,,235589.2,226213000.0,39,,,
Entity_Carrier_Vessel_Type_Triangle,MOTIVA-001,Motiva Enterprises,Tanker (Other),OTUS - Odfjell Tankers As,,,30342.0,30230000.0,20,,,
Entity_Carrier_Vessel_Type_Triangle,MOTIVA-001,Motiva Enterprises,Tanker (Other),PNFN - Penfield Marine Llc,,,110837.34,92204000.0,6,,,
Entity_Carrier_Vessel_Type_Triangle,MOTIVA-001,Motiva Enterprises,Tanker (Other),SKMC - Sinokor Maritime Co Ltd,,,6915.0,6611000.0,0,,,
Entity_Carrier_Vessel_Type_Triangle,MOTIVA-001,Motiva Enterprises,Tanker (Other),STZW - Stolt Tankers Bv,,,58897.1,52510000.0,0,,,
Entity_Carrier_Vessel_Type_Triangle,MOTIVA-001,Motiva Enterprises,Tanker (Other),SWAF - Stena Weco A/S,,,5817.54,5457000.0,0,,,
Entity_Carrier_Vessel_Type_Triangle,MOTIVA-001,Motiva Enterprises,Tanker (Other),UTNK - Uni Tankers,,,4999.0,4749000.0,1,,,
Entity_Carrier_Vessel_Type_Triangle,PBF-001,PBF Energy,Tanker (Other),AETK - Aet Inc Pte Ltd,,,4358890.61,2491406000.0,61,,,
Entity_Carrier_Vessel_Type_Triangle,PBF-001,PBF Energy,Unknown,AETK - Aet Inc Pte Ltd,,,136523.08,77954000.0,0,,,
Entity_Carrier_Vessel_Type_Triangle,PBF-001,PBF Energy,Tanker (Other),AMCP - Amazonas Ca Llc,,,872865.29,508607000.0,0,,,
Entity_Carrier_Vessel_Type_Triangle,PBF-001,PBF Energy,Bulk Carrier,CCMK - Concord Maritime Llc,,,139279.0,78408000.0,0,,,
Entity_Carrier_Vessel_Type_Triangle,PBF-001,PBF Energy,Tanker (Other),CHVV - Chevron Shipping Company Llc,,,396698.0,226514000.0,0,,,
Entity_Carrier_Vessel_Type_Triangle,PBF-001,PBF Energy,Tanker (Other),COEB - Core Transport Llc,,,174415.11000000002,99416000.0,0,,,
Entity_Carrier_Vessel_Type_Triangle,PBF-001,PBF Energy,Tanker (Other),CPUK - Cape Management Company Inc,,,106428.18,94110000.0,3,,,
Entity_Carrier_Vessel_Type_Triangle,PBF-001,PBF Energy,Tanker (Other),CSPA - Clearlake Shipping Pte Ltd,,,74977.0,51959000.0,0,,,
Entity_Carrier_Vessel_Type_Triangle,PBF-001,PBF Energy,Tanker (Other),DPKT - Dampskibsselskabet Torm,,,146450.02000000002,80254000.0,0,,,
Entity_Carrier_Vessel_Type_Triangle,PBF-001,PBF Energy,Tanker (Other),EDVR - Endeavor Tankers Pte Ltd,,,61200.46,35925000.0,0,,,
Entity_Carrier_Vessel_Type_Triangle,PBF-001,PBF Energy,Tanker (Other),EPFE - Empresa Publica Flota Petrolera Ecuatoriana,,,66040.14,37709000.0,0,,,
Entity_Carrier_Vessel_Type_Triangle,PBF-001,PBF Energy,Tanker (Other),FLUB - Frontline Management As,,,167348.0,90200000.0,0,,,
Entity_Carrier_Vessel_Type_Triangle,PBF-001,PBF Energy,Tanker (Other),IONK - Ionic Tankers,,,790268.4,436088000.0,19,,,
Entity_Carrier_Vessel_Type_Triangle,PBF-001,PBF Energy,Tanker (Other),ISEW - International Seaways Inc,,,163549.33000000002,146782000.0,3,,,
Entity_Carrier_Vessel_Type_Triangle,PBF-001,PBF Energy,Unknown,ISEW - International Seaways Inc,,,77672.53,44630000.0,3,,,
Entity_Carrier_Vessel_Type_Triangle,PBF-001,PBF Energy,Unknown,KSTL - Kestrel Marine Corp,,,92345.0,65718000.0,0,,,
Entity_Carrier_Vessel_Type_Triangle,PBF-001,PBF Energy,Unknown,MFQO - Mercury Pool Limited,,,93373.24,54903000.0,3,,,
Entity_Carrier_Vessel_Type_Triangle,PBF-001,PBF Energy,Tanker (Other),NULG - Naviera Ultranav Chile Limitada,,,58874.79,31968000.0,5,,,
Entity_Carrier_Vessel_Type_Triangle,PBF-001,PBF Energy,Tanker (Other),PMBH - Polembros Shipping,,,868739.2,482705000.0,22,,,
Entity_Carrier_Vessel_Type_Triangle,PBF-001,PBF Energy,Tanker (Other),PNFN - Penfield Marine Llc,,,1004435.5800000001,636756000.0,24,,,
Entity_Carrier_Vessel_Type_Triangle,PBF-001,PBF Energy,Unknown,PNFN - Penfield Marine Llc,,,146950.0,71564000.0,6,,,
Entity_Carrier_Vessel_Type_Triangle,PBF-001,PBF Energy,Tanker (Other),PPDP - Pleiades Shipping Agents Sa,,,237988.97,153007000.0,5,,,
Entity_Carrier_Vessel_Type_Triangle,PBF-001,PBF Energy,Tanker (Other),PRMD - Premuda Spa,,,1141245.8800000001,650813000.0,30,,,
Entity_Carrier_Vessel_Type_Triangle,PBF-001,PBF Energy,Tanker (Other),PSKM - Ps Tanker One Limited,,,1503152.38,832034000.0,35,,,
Entity_Carrier_Vessel_Type_Triangle,PBF-001,PBF Energy,Tanker (Other),PTBR - Petrobras America Inc,,,130219.64,81258000.0,2,,,
Entity_Carrier_Vessel_Type_Triangle,PBF-001,PBF Energy,Tanker (Other),PTKS - Pantheon Tankers Management Ltd,,,18080.0,9528000.0,0,,,
Entity_Carrier_Vessel_Type_Triangle,PBF-001,PBF Energy,Tanker (Other),RNBV - Reederei Nord B V,,,64248.37,34180000.0,0,,,
Entity_Carrier_Vessel_Type_Triangle,PBF-001,PBF Energy,Tanker (Other),SAMO - Samos Steamship Co,,,65933.0,34944000.0,0,,,
Entity_Carrier_Vessel_Type_Triangle,PBF-001,PBF Energy,Unknown,SBWQ - Seabulk Tankers Inc,,,79225.53,48130000.0,0,,,
Entity_Carrier_Vessel_Type_Triangle,PBF-001,PBF Energy,Tanker (Other),SEUK - Shell International Trading And Shipping,,,996227.34,572913000.0,2,,,
Entity_Carrier_Vessel_Type_Triangle,PBF-001,PBF Energy,Unknown,SEUK - Shell International Trading And Shipping,,,1047131.02,599231000.0,19,,,
Entity_Carrier_Vessel_Type_Triangle,PBF-001,PBF Energy,Tanker (Other),SKMC - Sinokor Maritime Co Ltd,,,356018.7,203620000.0,0,,,
Entity_Carrier_Vessel_Type_Triangle,PBF-001,PBF Energy,Tanker (Other),SNHI - Sonangol Shipping Holding Limited,,,149954.5,83317000.0,0,,,
Entity_Carrier_Vessel_Type_Triangle,PBF-001,PBF Energy,Tanker (Other),TGRA - Trafigura Maritime Ventures Ltd,,,144538.0,76172000.0,0,,,
Entity_Carrier_Vessel_Type_Triangle,PBF-001,PBF Energy,Tanker (Other),TKSD - Tsakos Shipping And Trading S A Of Panama,,,103016.0,58955000.0,0,,,
Entity_Carrier_Vessel_Type_Triangle,PBF-001,PBF Energy,Tanker (Other),TKSH - Teekay Tankers Ltd,,,784576.96,446022000.0,4,,,
Entity_Carrier_Vessel_Type_Triangle,PBF-001,PBF Energy,Tanker (Other),TNAR - Thenamaris,,,93316.17,53237000.0,3,,,
Entity_Carrier_Vessel_Type_Triangle,PBF-001,PBF Energy,Unknown,TNAR - Thenamaris,,,45423.0,27117600.0,0,,,
Entity_Carrier_Vessel_Type_Triangle,PBF-001,PBF Energy,Tanker (Other),UACW - United Overseas Management,,,50514.14,43392000.0,0,,,
Entity_Carrier_Vessel_Type_Triangle,PBF-001,PBF Energy,Tanker (Other),VITO - Vitol International Shipping Pte,,,101534.0,57976000.0,0,,,
Entity_Carrier_Vessel_Type_Triangle,PBF-001,PBF Energy,Tanker (Other),WTKM - World Tankers Management Pte Ltd,,,44400.0,25930000.0,0,,,
Entity_Carrier_Vessel_Type_Triangle,PBF-001,PBF Energy,Tanker (Other),ZOMA - Zodiac Maritime Ltd,,,1010664.0,618198000.0,0,,,
Entity_Carrier_Vessel_Type_Triangle,PBF-001,PBF Energy,Unknown,ZOMA - Zodiac Maritime Ltd,,,134198.0,67904000.0,0,,,
Entity_Carrier_Vessel_Type_Triangle,PETROBRAS-001,Petrobras,Tanker (Other),DHBQ - Dht Bronco Inc,,,129379.0,80344000.0,0,,,
Entity_Carrier_Vessel_Type_Triangle,PETROBRAS-001,Petrobras,Tanker (Other),DJLD - Dht Jaguar Limited,,,319587.0,190154000.0,0,,,
Entity_Carrier_Vessel_Type_Triangle,PETROBRAS-001,Petrobras,Tanker (Other),EURN - Euronav Nv,,,134287.06,79901000.0,0,,,
Entity_Carrier_Vessel_Type_Triangle,PETROBRAS-001,Petrobras,Tanker (Other),HPPW - Hafnia Pools Pte Ltd,,,97170.0,83566000.0,0,,,
Entity_Carrier_Vessel_Type_Triangle,PETROBRAS-001,Petrobras,Tanker (Other),OTUS - Odfjell Tankers As,,,6592.0,12202000.0,2,,,
Entity_Carrier_Vessel_Type_Triangle,PETROBRAS-001,Petrobras,Tanker (Other),PTBR - Petrobras America Inc,,,206312.54,135456000.0,6,,,
Entity_Carrier_Vessel_Type_Triangle,PETROBRAS-001,Petrobras,Unknown,PTBR - Petrobras America Inc,,,72586.29999999999,62789000.0,4,,,
Entity_Carrier_Vessel_Type_Triangle,PETROBRAS-001,Petrobras,Unknown,PTKQ - Prime Tanker Management Inc,,,36458.0,31682000.0,0,,,
Entity_Carrier_Vessel_Type_Triangle,PETROBRAS-001,Petrobras,Tanker (Other),SMWM - Spring Marine Management Sa,,,36502.28,31137000.0,2,,,
Entity_Carrier_Vessel_Type_Triangle,PETROBRAS-001,Petrobras,Tanker (Other),SNHI - Sonangol Shipping Holding Limited,,,8405.33,4799000.0,0,,,
Entity_Carrier_Vessel_Type_Triangle,PETROBRAS-001,Petrobras,Tanker (Other),TKSH - Teekay Tankers Ltd,,,120376.0,68734000.0,0,,,
Entity_Carrier_Vessel_Type_Triangle,PETROBRAS-001,Petrobras,Tanker (Other),VITO - Vitol International Shipping Pte,,,77986.0,490532000.0,0,,,
Entity_Carrier_Vessel_Type_Triangle,PETROBRAS-001,Petrobras,Tanker (Other),WOMA - Womar Logistics Pte Ltd,,,3295.84,1961000.0,0,,,
Entity_Carrier_Vessel_Type_Triangle,PMI-001,PMI Trading,Tanker (Other),CSPA - Clearlake Shipping Pte Ltd,,,69985.0,54125000.0,0,,,
Entity_Carrier_Vessel_Type_Triangle,PMI-001,PMI Trading,Tanker (Other),DMNA - Dampskibsselskabet Norden Aktieselskab,,,156.0,1218000.0,0,,,
Entity_Carrier_Vessel_Type_Triangle,PMI-001,PMI Trading,Tanker (Other),GMCJ - Greenheart Management Ltd,,,98955.0,82898000.0,0,,,
Entity_Carrier_Vessel_Type_Triangle,PMI-001,PMI Trading,Tanker (Other),HPPW - Hafnia Pools Pte Ltd,,,302602.0,258460000.0,0,,,
Entity_Carrier_Vessel_Type_Triangle,PMI-001,PMI Trading,Tanker (Other),PNFN - Penfield Marine Llc,,,73760.54,46475000.0,3,,,
Entity_Carrier_Vessel_Type_Triangle,PMI-001,PMI Trading,Unknown,PNFN - Penfield Marine Llc,,,44884.04,27290000.0,2,,,
Entity_Carrier_Vessel_Type_Triangle,PMI-001,PMI Trading,Tanker (Other),TKSD - Tsakos Shipping And Trading S A Of Panama,,,114907.0,494605000.0,0,,,
Entity_Carrier_Vessel_Type_Triangle,SAUDI-REFINING-001,Saudi Refining Inc,Tanker (Other),AETK - Aet Inc Pte Ltd,,,14772771.959999999,8430789000.0,213,,,
Entity_Carrier_Vessel_Type_Triangle,SAUDI-REFINING-001,Saudi Refining Inc,Tanker (Other),CSPA - Clearlake Shipping Pte Ltd,,,67200.0,36221000.0,0,,,
Entity_Carrier_Vessel_Type_Triangle,SAUDI-REFINING-001,Saudi Refining Inc,Tanker (Other),FLUB - Frontline Management As,,,68612.0,39109000.0,1,,,
Entity_Carrier_Vessel_Type_Triangle,SAUDI-REFINING-001,Saudi Refining Inc,Tanker (Other),VMMG,,,71862.0,37871000.0,0,,,
Entity_Carrier_Vessel_Type_Triangle,TERNIUM-001,Ternium,Bulk Carrier,APBA - Ace Pacific Shipping Pte Ltd,,,153280.36,857438000.0,3,,,
Entity_Carrier_Vessel_Type_Triangle,TERNIUM-001,Ternium,Unknown,APBA - Ace Pacific Shipping Pte Ltd,,,50594.66,29851000.0,1,,,
Entity_Carrier_Vessel_Type_Triangle,TERNIUM-001,Ternium,General Cargo,BBHY - Bbc Chartering Carriers Gmbh & Co Kg,,,2209.92,11428000.0,2,,,
Entity_Carrier_Vessel_Type_Triangle,TERNIUM-001,Ternium,Bulk Carrier,CCBC - Cosco Shipping Bulk Co Ltd,,,708612.0,703211000.0,0,,,
Entity_Carrier_Vessel_Type_Triangle,TERNIUM-001,Ternium,Unknown,CCBC - Cosco Shipping Bulk Co Ltd,,,48049.0,31136000.0,0,,,
Entity_Carrier_Vessel_Type_Triangle,TERNIUM-001,Ternium,Bulk Carrier,CLPP - Clipper Bulk Shipping Ltd,,,46307.22,157490000.0,0,,,
Entity_Carrier_Vessel_Type_Triangle,TERNIUM-001,Ternium,Bulk Carrier,CLSG - Conti Lines Shipping Nv,,,252.31,165800.0,0,,,
Entity_Carrier_Vessel_Type_Triangle,TERNIUM-001,Ternium,Bulk Carrier,CSNK - Contilines Nv,,,17426.41,42872000.0,0,,,
Entity_Carrier_Vessel_Type_Triangle,TERNIUM-001,Ternium,RoRo,GDSL - Grimaldi Deep Sea S P A,,,479.0,25344000.0,2,,,
Entity_Carrier_Vessel_Type_Triangle,TERNIUM-001,Ternium,Vehicle Carrier,GESM - Grimaldi Euromed S P A,,,39.14,926000.0,2,,,
Entity_Carrier_Vessel_Type_Triangle,TERNIUM-001,Ternium,Unknown,GSSW - G2 Ocean Us Inc,,,19.4,224000.0,2,,,
Entity_Carrier_Vessel_Type_Triangle,TERNIUM-001,Ternium,Bulk Carrier,HONW - Hong Glory International Shipping Company Limited,,,143032.4,1574121000.0,2,,,
Entity_Carrier_Vessel_Type_Triangle,TERNIUM-001,Ternium,Bulk Carrier,JASR - Jade Alliance Shipping Pte Ltd,,,100068.92,473526000.0,2,,,
Entity_Carrier_Vessel_Type_Triangle,TERNIUM-001,Ternium,Bulk Carrier,MURG - Mur Shipping Bv,,,46714.14,28309000.0,1,,,
Entity_Carrier_Vessel_Type_Triangle,TERNIUM-001,Ternium,General Cargo,NSAW - Navesco S A,,,3154.0,10269000.0,0,,,
Entity_Carrier_Vessel_Type_Triangle,TERNIUM-001,Ternium,Bulk Carrier,NSUK - Ns United Kaiun Kaisha Ltd,,,10300.45,13444000.0,0,,,
Entity_Carrier_Vessel_Type_Triangle,TERNIUM-001,Ternium,Bulk Carrier,OFCW - Oldendorff Carriers,,,5336960.0,3338009000.0,59,,,
Entity_Carrier_Vessel_Type_Triangle,TERNIUM-001,Ternium,General Cargo,OFCW - Oldendorff Carriers,,,91850.0,53182000.0,4,,,
Entity_Carrier_Vessel_Type_Triangle,TERNIUM-001,Ternium,Other,OFCW - Oldendorff Carriers,,,107066.0,63918000.0,0,,,
Entity_Carrier_Vessel_Type_Triangle,TERNIUM-001,Ternium,RoRo,OFCW - Oldendorff Carriers,,,91540.0,52452000.0,2,,,
Entity_Carrier_Vessel_Type_Triangle,TERNIUM-001,Ternium,Unknown,OFCW - Oldendorff Carriers,,,763182.0,472578000.0,3,,,
Entity_Carrier_Vessel_Type_Triangle,TERNIUM-001,Ternium,Bulk Carrier,PBIH - Pacific Basin Handysize Ltd,,,84236.3,161453400.0,0,,,
Entity_Carrier_Vessel_Type_Triangle,TERNIUM-001,Ternium,Unknown,PBIH - Pacific Basin Handysize Ltd,,,59705.48,468150000.0,0,,,
Entity_Carrier_Vessel_Type_Triangle,TERNIUM-001,Ternium,Bulk Carrier,PBIM - Pacific Basin Supramax Limited,,,53267.67,255472000.0,0,,,
Entity_Carrier_Vessel_Type_Triangle,TERNIUM-001,Ternium,General Cargo,POBU - Pan Ocean Co Ltd,,,1469.8799999999999,1592600.0,4,,,
Entity_Carrier_Vessel_Type_Triangle,TERNIUM-001,Ternium,Bulk Carrier,PXBC - Phoenix Bulk Carriers,,,29616.12,18006000.0,2,,,
Entity_Carrier_Vessel_Type_Triangle,TERNIUM-001,Ternium,Bulk Carrier,RYMG - Roymar Shipping Llc,,,13195.58,12972000.0,4,,,
Entity_Carrier_Vessel_Type_Triangle,TERNIUM-001,Ternium,General Cargo,RYMG - Roymar Shipping Llc,,,38414.37,78175700.0,64,,,
Entity_Carrier_Vessel_Type_Triangle,TERNIUM-001,Ternium,Bulk Carrier,SKSM - Sk Shipping Co Ltd,,,5085.5599999999995,12759000.0,2,,,
Entity_Carrier_Vessel_Type_Triangle,TERNIUM-001,Ternium,General Cargo,SKSM - Sk Shipping Co Ltd,,,47.55,73700.0,1,,,
Entity_Carrier_Vessel_Type_Triangle,TERNIUM-001,Ternium,Bulk Carrier,SXBW - Swire Bulk Pte Ltd,,,204167.40000000002,867182000.0,4,,,
Entity_Carrier_Vessel_Type_Triangle,TERNIUM-001,Ternium,Bulk Carrier,ULTH - Ultrabulk,,,102477.14,59130000.0,0,,,
Entity_Carrier_Vessel_Type_Triangle,TERNIUM-001,Ternium,Unknown,ULTH - Ultrabulk,,,36109.74,70739400.0,88,,,
Entity_Carrier_Vessel_Type_Triangle,TERNIUM-001,Ternium,Bulk Carrier,WBAS - Weco Bulk A/S,,,50372.65,73165300.0,1,,,
Entity_Carrier_Vessel_Type_Triangle,TERNIUM-001,Ternium,General Cargo,WBAS - Weco Bulk A/S,,,19285.6,11340000.0,1,,,
Entity_Carrier_Vessel_Type_Triangle,TRAFIGURA-001,Trafigura,Tanker (Other),AEJM - Alterna Capital Partners Llc,,,2916.63,4593000.0,2,,,
Entity_Carrier_Vessel_Type_Triangle,TRAFIGURA-001,Trafigura,Tanker (Other),AQCV - Ace Tankers C.V.,,,2534.36,1502000.0,0,,,
Entity_Carrier_Vessel_Type_Triangle,TRAFIGURA-001,Trafigura,Bulk Carrier,BBHY - Bbc Chartering Carriers Gmbh & Co Kg,,,7548.42,77422000.0,12,,,
Entity_Carrier_Vessel_Type_Triangle,TRAFIGURA-001,Trafigura,General Cargo,BBHY - Bbc Chartering Carriers Gmbh & Co Kg,,,6565.22,59432000.0,8,,,
Entity_Carrier_Vessel_Type_Triangle,TRAFIGURA-001,Trafigura,Unknown,BBHY - Bbc Chartering Carriers Gmbh & Co Kg,,,6902.16,69596000.0,8,,,
Entity_Carrier_Vessel_Type_Triangle,TRAFIGURA-001,Trafigura,Tanker (Other),BXTR - Baxter Trading Inc,,,56072.0,33755000.0,0,,,
Entity_Carrier_Vessel_Type_Triangle,TRAFIGURA-001,Trafigura,Tanker (Other),CBVH - Chemship B V,,,5080.84,16279000.0,0,,,
Entity_Carrier_Vessel_Type_Triangle,TRAFIGURA-001,Trafigura,Tanker (Other),CHVV - Chevron Shipping Company Llc,,,196139.0,109683000.0,0,,,
Entity_Carrier_Vessel_Type_Triangle,TRAFIGURA-001,Trafigura,Tanker (Other),COEB - Core Transport Llc,,,70102.39,40125000.0,0,,,
Entity_Carrier_Vessel_Type_Triangle,TRAFIGURA-001,Trafigura,Tanker (Other),CSPA - Clearlake Shipping Pte Ltd,,,104726.0,62521000.0,0,,,
Entity_Carrier_Vessel_Type_Triangle,TRAFIGURA-001,Trafigura,Unknown,CVWK - Corporacion Primax Sa,,,6619.64,6136000.0,0,,,
Entity_Carrier_Vessel_Type_Triangle,TRAFIGURA-001,Trafigura,Unknown,DAMT - D'amico Tankers Designated Activity Company,,,34621.09,32336000.0,1,,,
Entity_Carrier_Vessel_Type_Triangle,TRAFIGURA-001,Trafigura,Bulk Carrier,DMNA - Dampskibsselskabet Norden Aktieselskab,,,10762.0,3918000.0,0,,,
Entity_Carrier_Vessel_Type_Triangle,TRAFIGURA-001,Trafigura,LPG Tanker,EURN - Euronav Nv,,,133898.26,79670000.0,0,,,
Entity_Carrier_Vessel_Type_Triangle,TRAFIGURA-001,Trafigura,Tanker (Other),EURN - Euronav Nv,,,209756.87,157642000.0,0,,,
Entity_Carrier_Vessel_Type_Triangle,TRAFIGURA-001,Trafigura,General Cargo,MCKR - Mckeil Marine Limited,,,6898.3,18972000.0,0,,,
Entity_Carrier_Vessel_Type_Triangle,TRAFIGURA-001,Trafigura,Unknown,MCKR - Mckeil Marine Limited,,,5497.76,15320000.0,0,,,
Entity_Carrier_Vessel_Type_Triangle,TRAFIGURA-001,Trafigura,Tanker (Other),MSDK - Mercuria Shipping Sarl,,,72384.0,41331000.0,0,,,
Entity_Carrier_Vessel_Type_Triangle,TRAFIGURA-001,Trafigura,Tanker (Other),NATH - Nordic American Tankers,,,49875.0,32618000.0,0,,,
Entity_Carrier_Vessel_Type_Triangle,TRAFIGURA-001,Trafigura,Tanker (Other),NSCS - National Shipping Company Of Saudi Arabia,,,16604.0,6127000.0,0,,,
Entity_Carrier_Vessel_Type_Triangle,TRAFIGURA-001,Trafigura,Tanker (Other),NTWY - N Two,,,146962.86,80536000.0,0,,,
Entity_Carrier_Vessel_Type_Triangle,TRAFIGURA-001,Trafigura,Tanker (Other),OTUS - Odfjell Tankers As,,,39296.0,204526000.0,12,,,
Entity_Carrier_Vessel_Type_Triangle,TRAFIGURA-001,Trafigura,Tanker (Other),SGVJ - Signal Maritime Services Ltd,,,79530.76999999999,42867000.0,2,,,
Entity_Carrier_Vessel_Type_Triangle,TRAFIGURA-001,Trafigura,Tanker (Other),TGRA - Trafigura Maritime Ventures Ltd,,,2888338.0,1955814200.0,0,,,
Entity_Carrier_Vessel_Type_Triangle,TRAFIGURA-001,Trafigura,Unknown,TGRA - Trafigura Maritime Ventures Ltd,,,447864.0,284676000.0,0,,,
Entity_Carrier_Vessel_Type_Triangle,TRAFIGURA-001,Trafigura,Tanker (Other),TKSH - Teekay Tankers Ltd,,,249398.0,146255000.0,0,,,
Entity_Carrier_Vessel_Type_Triangle,TRAFIGURA-001,Trafigura,General Cargo,UALB - Universal Africa Lines B V,,,6571.55,19965000.0,2,,,
Entity_Carrier_Vessel_Type_Triangle,TRAFIGURA-001,Trafigura,Tanker (Other),ZOMA - Zodiac Maritime Ltd,,,141536.0,76288000.0,0,,,
Entity_Carrier_Vessel_Type_Triangle,VALERO-001,Valero,Tanker (Other),ABMA - Alberta Shipmanagement Ltd,,,77284.0,37637000.0,0,,,
Entity_Carrier_Vessel_Type_Triangle,VALERO-001,Valero,Tanker (Other),ADHQ - Ardmore Shipping,,,37215.0,30628000.0,0,,,
Entity_Carrier_Vessel_Type_Triangle,VALERO-001,Valero,Tanker (Other),AETK - Aet Inc Pte Ltd,,,6175206.02,3650587000.0,116,,,
Entity_Carrier_Vessel_Type_Triangle,VALERO-001,Valero,Tanker (Other),AMCP - Amazonas Ca Llc,,,105217.64,60079000.0,0,,,
Entity_Carrier_Vessel_Type_Triangle,VALERO-001,Valero,Tanker (Other),ASHI - Andriaki Shipping Co. Ltd.,,,179303.0,103119000.0,0,,,
Entity_Carrier_Vessel_Type_Triangle,VALERO-001,Valero,Tanker (Other),ASOM - Astra Shipmanagement Inc,,,55762.0,50282000.0,0,,,
Entity_Carrier_Vessel_Type_Triangle,VALERO-001,Valero,Tanker (Other),ATKA - Almi Tankers S A,,,132552.0,109740000.0,0,,,
Entity_Carrier_Vessel_Type_Triangle,VALERO-001,Valero,Tanker (Other),BXTR - Baxter Trading Inc,,,101065.0,61426000.0,0,,,
Entity_Carrier_Vessel_Type_Triangle,VALERO-001,Valero,Tanker (Other),CHAN - Chandris,,,11143.0,9884200.0,0,,,
Entity_Carrier_Vessel_Type_Triangle,VALERO-001,Valero,Tanker (Other),CHVV - Chevron Shipping Company Llc,,,22302.0,20874000.0,0,,,
Entity_Carrier_Vessel_Type_Triangle,VALERO-001,Valero,Tanker (Other),CMCF - Cmb.Tech Nv,,,145296.32,109940000.0,0,,,
Entity_Carrier_Vessel_Type_Triangle,VALERO-001,Valero,Tanker (Other),CPUK - Cape Management Company Inc,,,318701.01,274515000.0,13,,,
Entity_Carrier_Vessel_Type_Triangle,VALERO-001,Valero,Tanker (Other),CSPA - Clearlake Shipping Pte Ltd,,,1639928.0,1236462000.0,0,,,
Entity_Carrier_Vessel_Type_Triangle,VALERO-001,Valero,Unknown,CSPA - Clearlake Shipping Pte Ltd,,,4100.0,3522000.0,0,,,
Entity_Carrier_Vessel_Type_Triangle,VALERO-001,Valero,Tanker (Other),CTNK - Champion Tankers As,,,35601.11,26736000.0,0,,,
Entity_Carrier_Vessel_Type_Triangle,VALERO-001,Valero,Tanker (Other),DAMT - D'amico Tankers Designated Activity Company,,,141256.53,946361400.0,10,,,
Entity_Carrier_Vessel_Type_Triangle,VALERO-001,Valero,Unknown,DHPE - Dht Peony Inc,,,135710.0,78440000.0,0,,,
Entity_Carrier_Vessel_Type_Triangle,VALERO-001,Valero,Tanker (Other),"DHUJ - Dht Appaloosa, Inc.",,,271089.0,138797000.0,0,,,
Entity_Carrier_Vessel_Type_Triangle,VALERO-001,Valero,Unknown,DMCW - Daniel Marine Corp,,,145958.0,79382000.0,2,,,
Entity_Carrier_Vessel_Type_Triangle,VALERO-001,Valero,Tanker (Other),DMNA - Dampskibsselskabet Norden Aktieselskab,,,532490.0,434406000.0,0,,,
Entity_Carrier_Vessel_Type_Triangle,VALERO-001,Valero,Unknown,DMNA - Dampskibsselskabet Norden Aktieselskab,,,75114.0,68744000.0,0,,,
Entity_Carrier_Vessel_Type_Triangle,VALERO-001,Valero,Tanker (Other),DPKT - Dampskibsselskabet Torm,,,72032.38,41122000.0,6,,,
Entity_Carrier_Vessel_Type_Triangle,VALERO-001,Valero,Tanker (Other),ELVM - Elite Tankship Dmcc,,,8197.0,7787000.0,0,,,
Entity_Carrier_Vessel_Type_Triangle,VALERO-001,Valero,Tanker (Other),EPSJ - Eastern Pacific Shipping Pte Ltd,,,153835.0,113426000.0,0,,,
Entity_Carrier_Vessel_Type_Triangle,VALERO-001,Valero,Tanker (Other),ESHT - Enterprises Shipping & Trading Sa,,,214478.15,173431000.0,12,,,
Entity_Carrier_Vessel_Type_Triangle,VALERO-001,Valero,Tanker (Other),EURN - Euronav Nv,,,734303.41,461032000.0,0,,,
Entity_Carrier_Vessel_Type_Triangle,VALERO-001,Valero,Tanker (Other),FLUB - Frontline Management As,,,34595.1,18785000.0,0,,,
Entity_Carrier_Vessel_Type_Triangle,VALERO-001,Valero,Tanker (Other),HDRM - Heidmar Inc,,,90553.64,71191000.0,2,,,
Entity_Carrier_Vessel_Type_Triangle,VALERO-001,Valero,Tanker (Other),HPPW - Hafnia Pools Pte Ltd,,,1417605.0,2863752000.0,0,,,
Entity_Carrier_Vessel_Type_Triangle,VALERO-001,Valero,Tanker (Other),IBAI - Ibaizabal Tankers S L,,,140372.0,84785000.0,1,,,
Entity_Carrier_Vessel_Type_Triangle,VALERO-001,Valero,Tanker (Other),IHMK - Icechem Tankers Ltd,,,10170.57,160284800.0,1,,,
Entity_Carrier_Vessel_Type_Triangle,VALERO-001,Valero,Tanker (Other),ISEW - International Seaways Inc,,,362309.99,518576000.0,2,,,
Entity_Carrier_Vessel_Type_Triangle,VALERO-001,Valero,Unknown,ISEW - International Seaways Inc,,,107543.57,75245000.0,3,,,
Entity_Carrier_Vessel_Type_Triangle,VALERO-001,Valero,Tanker (Other),KOEC - Kmarin Ocean Services Corporation,,,61624.08,41350000.0,0,,,
Entity_Carrier_Vessel_Type_Triangle,VALERO-001,Valero,Tanker (Other),KRLN - Karlin Navigation Ltd,,,37409.0,31425000.0,0,,,
Entity_Carrier_Vessel_Type_Triangle,VALERO-001,Valero,Tanker (Other),KSLW - Kaio Shipping Limited,,,103381.0,88804000.0,0,,,
Entity_Carrier_Vessel_Type_Triangle,VALERO-001,Valero,Tanker (Other),KSPB - Koch Shipping Pte Ltd,,,19660.91,17302000.0,0,,,
Entity_Carrier_Vessel_Type_Triangle,VALERO-001,Valero,Tanker (Other),KYKL - Kyklades Maritime Corporation,,,117893.0,72998000.0,0,,,
Entity_Carrier_Vessel_Type_Triangle,VALERO-001,Valero,Tanker (Other),LPLC - Loop Llc,,,132543.75,70774000.0,0,,,
Entity_Carrier_Vessel_Type_Triangle,VALERO-001,Valero,Tanker (Other),MAET - Maersk Tankers,,,52000.8,41340000.0,0,,,
Entity_Carrier_Vessel_Type_Triangle,VALERO-001,Valero,Unknown,MAET - Maersk Tankers,,,193964.58000000002,180970000.0,0,,,
Entity_Carrier_Vessel_Type_Triangle,VALERO-001,Valero,Tanker (Other),MFQO - Mercury Pool Limited,,,77107.7,37860000.0,0,,,
Entity_Carrier_Vessel_Type_Triangle,VALERO-001,Valero,Tanker (Other),MIMA - Minerva Marine Inc,,,603760.7,404122000.0,8,,,
Entity_Carrier_Vessel_Type_Triangle,VALERO-001,Valero,Tanker (Other),MLAA - Mol Chemical Tankers Pte Ltd,,,37724.1,162869000.0,5,,,
Entity_Carrier_Vessel_Type_Triangle,VALERO-001,Valero,Unknown,MLAA - Mol Chemical Tankers Pte Ltd,,,27569.38,126762000.0,2,,,
Entity_Carrier_Vessel_Type_Triangle,VALERO-001,Valero,Tanker (Other),MMSM - Mms Company Ltd,,,34162.77,23026000.0,6,,,
Entity_Carrier_Vessel_Type_Triangle,VALERO-001,Valero,Tanker (Other),MSDK - Mercuria Shipping Sarl,,,86373.0,66429000.0,0,,,
Entity_Carrier_Vessel_Type_Triangle,VALERO-001,Valero,Tanker (Other),NPLW - Navig8 Pte Ltd,,,95102.0,79597000.0,0,,,
Entity_Carrier_Vessel_Type_Triangle,VALERO-001,Valero,Tanker (Other),NTWY - N Two,,,10253118.09,5434019000.0,0,,,
Entity_Carrier_Vessel_Type_Triangle,VALERO-001,Valero,Unknown,NTWY - N Two,,,154473.12,85114000.0,0,,,
Entity_Carrier_Vessel_Type_Triangle,VALERO-001,Valero,Tanker (Other),NULG - Naviera Ultranav Chile Limitada,,,50298.2,46626000.0,1,,,
Entity_Carrier_Vessel_Type_Triangle,VALERO-001,Valero,Unknown,PGMR - Petrochem General Management S.A.,,,32.0,3100.0,1,,,
Entity_Carrier_Vessel_Type_Triangle,VALERO-001,Valero,Tanker (Other),PMMD - Pacifica Maritime Limited,,,129071.37,77959000.0,2,,,
Entity_Carrier_Vessel_Type_Triangle,VALERO-001,Valero,Tanker (Other),PNFN - Penfield Marine Llc,,,6135024.42,3997347000.0,207,,,
Entity_Carrier_Vessel_Type_Triangle,VALERO-001,Valero,Unknown,PNFN - Penfield Marine Llc,,,2013524.54,1158638000.0,54,,,
Entity_Carrier_Vessel_Type_Triangle,VALERO-001,Valero,Tanker (Other),PPDP - Pleiades Shipping Agents Sa,,,910634.0700000001,579341000.0,32,,,
Entity_Carrier_Vessel_Type_Triangle,VALERO-001,Valero,Tanker (Other),PTKS - Pantheon Tankers Management Ltd,,,66073.0,53653000.0,0,,,
Entity_Carrier_Vessel_Type_Triangle,VALERO-001,Valero,Tanker (Other),RNBV - Reederei Nord B V,,,80751.3,46835000.0,0,,,
Entity_Carrier_Vessel_Type_Triangle,VALERO-001,Valero,Tanker (Other),RTCE - Roswell Tankers Corp,,,86713.0,81857000.0,0,,,
Entity_Carrier_Vessel_Type_Triangle,VALERO-001,Valero,Tanker (Other),SBMJ - Seacomber Limited,,,71706.0,40013000.0,0,,,
Entity_Carrier_Vessel_Type_Triangle,VALERO-001,Valero,Tanker (Other),SEUK - Shell International Trading And Shipping,,,248107.38,215842000.0,2,,,
Entity_Carrier_Vessel_Type_Triangle,VALERO-001,Valero,Unknown,SEUK - Shell International Trading And Shipping,,,29872.8,18640000.0,2,,,
Entity_Carrier_Vessel_Type_Triangle,VALERO-001,Valero,Tanker (Other),SGVJ - Signal Maritime Services Ltd,,,258789.31,141573000.0,7,,,
Entity_Carrier_Vessel_Type_Triangle,VALERO-001,Valero,Tanker (Other),SKMC - Sinokor Maritime Co Ltd,,,266241.71,194892000.0,7,,,
Entity_Carrier_Vessel_Type_Triangle,VALERO-001,Valero,Tanker (Other),SMKI - Scorpio Mr Pool Ltd,,,219625.84,188988000.0,20,,,
Entity_Carrier_Vessel_Type_Triangle,VALERO-001,Valero,Tanker (Other),STSO - St Shipping Transport Pte Ltd,,,93098.68,81922000.0,0,,,
Entity_Carrier_Vessel_Type_Triangle,VALERO-001,Valero,Unknown,STSO - St Shipping Transport Pte Ltd,,,90057.0,68174000.0,2,,,
Entity_Carrier_Vessel_Type_Triangle,VALERO-001,Valero,Tanker (Other),SWAF - Stena Weco A/S,,,72631.77,65766000.0,0,,,
Entity_Carrier_Vessel_Type_Triangle,VALERO-001,Valero,Bulk Carrier,SWLD - Seaworld Management & Trading Inc,,,127041.0,72563000.0,0,,,
Entity_Carrier_Vessel_Type_Triangle,VALERO-001,Valero,Tanker (Other),TGRA - Trafigura Maritime Ventures Ltd,,,411050.0,231726000.0,0,,,
Entity_Carrier_Vessel_Type_Triangle,VALERO-001,Valero,Unknown,TGRA - Trafigura Maritime Ventures Ltd,,,198074.0,102694000.0,0,,,
Entity_Carrier_Vessel_Type_Triangle,VALERO-001,Valero,Tanker (Other),TKSD - Tsakos Shipping And Trading S A Of Panama,,,363233.0,258074000.0,0,,,
Entity_Carrier_Vessel_Type_Triangle,VALERO-001,Valero,Bulk Carrier,TKSH - Teekay Tankers Ltd,,,172963.78,171232000.0,6,,,
Entity_Carrier_Vessel_Type_Triangle,VALERO-001,Valero,Tanker (Other),TKSH - Teekay Tankers Ltd,,,1404167.0,893116000.0,4,,,
Entity_Carrier_Vessel_Type_Triangle,VALERO-001,Valero,Unknown,TKSH - Teekay Tankers Ltd,,,538037.44,411242000.0,10,,,
Entity_Carrier_Vessel_Type_Triangle,VALERO-001,Valero,Tanker (Other),TMZK - Tms Tankers Ltd,,,161179.95,120548000.0,2,,,
Entity_Carrier_Vessel_Type_Triangle,VALERO-001,Valero,Tanker (Other),TNAR - Thenamaris,,,353955.6,316944000.0,5,,,
Entity_Carrier_Vessel_Type_Triangle,VALERO-001,Valero,Tanker (Other),TNKP - Tankerska Plovidba,,,77385.01,40705000.0,1,,,
Entity_Carrier_Vessel_Type_Triangle,VALERO-001,Valero,Unknown,TSPN - Transpetrol Maritime Bv,,,35782.0,33384000.0,0,,,
Entity_Carrier_Vessel_Type_Triangle,VALERO-001,Valero,Tanker (Other),UMLE - Union Maritime Limited,,,43.2,3600.0,1,,,
Entity_Carrier_Vessel_Type_Triangle,VALERO-001,Valero,Tanker (Other),UOTM - Unitized Ocean Transport Limited,,,132383.92,71950000.0,0,,,
Entity_Carrier_Vessel_Type_Triangle,VALERO-001,Valero,Tanker (Other),USLA - Unisea Shipping Ltd,,,81105.0,47527000.0,0,,,
Entity_Carrier_Vessel_Type_Triangle,VALERO-001,Valero,Tanker (Other),VITO - Vitol International Shipping Pte,,,399534.0,271540000.0,0,,,
Entity_Carrier_Vessel_Type_Triangle,VALERO-001,Valero,Tanker (Other),VMSC - Valero Marketing & Supply Company,,,1152315.0,677176700.0,0,,,
Entity_Carrier_Vessel_Type_Triangle,VALERO-001,Valero,Unknown,VMSC - Valero Marketing & Supply Company,,,219318.0,184850000.0,0,,,
Entity_Carrier_Vessel_Type_Triangle,VALERO-001,Valero,Tanker (Other),VRON - Vroon B V,,,16940.0,12672000.0,0,,,
Entity_Carrier_Vessel_Type_Triangle,VALERO-001,Valero,Tanker (Other),WECF - Weco Tankers A/S,,,36111.62,33692000.0,0,,,
Entity_Carrier_Vessel_Type_Triangle,VALERO-001,Valero,Tanker (Other),WFLM - Westfal Larsen Management As,,,37446.0,32466000.0,2,,,
Entity_Carrier_Vessel_Type_Triangle,VALERO-001,Valero,Tanker (Other),WSCL - Waterfront Shipping Company Limited,,,88464.0,81547000.0,0,,,
Entity_Carrier_Vessel_Type_Triangle,VALERO-001,Valero,Unknown,WSCL - Waterfront Shipping Company Limited,,,10250.0,8846000.0,0,,,
Entity_Carrier_Vessel_Type_Triangle,VALERO-001,Valero,Tanker (Other),WTKM - World Tankers Management Pte Ltd,,,228459.0,175616000.0,0,,,
Entity_Carrier_Vessel_Type_Triangle,VALERO-001,Valero,Tanker (Other),ZOMA - Zodiac Maritime Ltd,,,607098.0,383728000.0,0,,,
Entity_Carrier_Vessel_Type_Triangle,VALERO-001,Valero,Unknown,ZOMA - Zodiac Maritime Ltd,,,76672.0,40636000.0,0,,,
Entity_Carrier_Vessel_Type_Triangle,VULCAN-001,Vulcan Materials,Unknown,CSSL - The Csl Group Inc,,,18000.0,702000.0,0,,,
Entity_Carrier_Vessel_Type_Triangle,VULCAN-001,Vulcan Materials,Unknown,NSUH - Norlat Shipping Ltd As,,,19.06,28600.0,1,,,
Entity_Carrier_Vessel_Type_Triangle,VULCAN-001,Vulcan Materials,Unknown,VULI - Vulica Shipping Company Limited,,,3292588.83,4315368733.0,88,,,
